stable_identity,defining_plugin,local_formid,runtime_formid,winning_plugin,editor_id,display_name,race,creature_type,sex,model,voice_type,template,placed_references,leveled_references,dialogue_references,total_references,deleted,initially_disabled,classification,classification_reason,profile_id
FalloutNV.esm|00014C50,FalloutNV.esm,00014C50,00014C50,TaleOfTwoWastelands.esm,FallsChurchSuperMutantDEAD,Super Mutant,,,unknown,Creatures\SMSpineBreakerDC\Skeleton.nif,CreatureSuperMutantDC [VTYP:06019FD9],CrSuperMutant1GunADC [CREA:0601CF93],0,0,0,1,false,false,exclude_talking,Conversational humanoid or intelligible speaking creature.,
FalloutNV.esm|00014C79,FalloutNV.esm,00014C79,00014C79,TaleOfTwoWastelands.esm,FallsChurchSuperMutantDEAD02,Super Mutant,,,unknown,Creatures\SMSpineBreakerDC\Skeleton.nif,CreatureSuperMutantDC [VTYP:06019FD9],CrSuperMutant1GunBDC [CREA:06094EC5],0,0,0,1,false,false,exclude_talking,Conversational humanoid or intelligible speaking creature.,
FalloutNV.esm|00017A03,FalloutNV.esm,00017A03,00017A03,TaleOfTwoWastelands.esm,Shakes,Shakes,,,unknown,Creatures\Protectron\skeleton.nif,RobotProtectronDC [VTYP:06019FDA],CrProtectronDC [CREA:0601CF8F],0,0,28,32,false,false,exclude_not_actor,Robot or automated turret reserved for the robot pass.,
FalloutNV.esm|0001CF6D,FalloutNV.esm,0001CF6D,0001CF6D,TaleOfTwoWastelands.esm,CrRobobrainSteel,Brotherhood Robobrain,,,unknown,Creatures\Robobrain\skeleton.nif,RobotRoboBrainDC [VTYP:06019FDE],CrRobobrainDC [CREA:0601CF89],0,1,0,1,false,false,exclude_not_actor,Robot or automated turret reserved for the robot pass.,
FalloutNV.esm|0001CF6E,FalloutNV.esm,0001CF6E,0001CF6E,TaleOfTwoWastelands.esm,CrSentryBotGLSteel,Brotherhood Sentry Bot,,,unknown,Creatures\SentryBot\Skeleton.nif,RobotSentryBotDC [VTYP:06019FDB],CrSentryBotGLDC [CREA:0601CF8A],0,1,0,3,false,false,exclude_not_actor,Robot or automated turret reserved for the robot pass.,
FalloutNV.esm|0001CF70,FalloutNV.esm,0001CF70,0001CF70,FalloutNV.esm,CrRobobrainOutcast,Robobrain,,,unknown,Creatures\Robobrain\skeleton.nif,RobotRoboBrain [VTYP:00019FDE],CrRobobrain [CREA:0001CF89],0,1,0,2,false,false,exclude_not_actor,Robot or automated turret reserved for the robot pass.,
FalloutNV.esm|0001CF71,FalloutNV.esm,0001CF71,0001CF71,TaleOfTwoWastelands.esm,CrSentryBotGLOutcast,Outcast Sentry Bot,,,unknown,Creatures\SentryBot\Skeleton.nif,RobotSentryBotDC [VTYP:06019FDB],CrSentryBotGLDC [CREA:0601CF8A],0,1,0,3,false,false,exclude_not_actor,Robot or automated turret reserved for the robot pass.,
FalloutNV.esm|0001CF72,FalloutNV.esm,0001CF72,0001CF72,TaleOfTwoWastelands.esm,CrDeathClawEnclave,Deathclaw,,,unknown,Creatures\DeathClaw\Skeleton.nif,VoiceDoNotRecordF [VTYP:00094EED],CrDeathClaw [CREA:0001CF9A],0,2,0,21,false,false,include_nonverbal,Reachable official non-verbal creature mapped to a reviewed archetype.,deathclaw
FalloutNV.esm|0001CF73,FalloutNV.esm,0001CF73,0001CF73,TaleOfTwoWastelands.esm,CrEyebotEnclave,Enclave Eyebot,,,unknown,Creatures\Eyebot\Skeleton.nif,,,0,4,0,85,false,false,exclude_not_actor,Robot or automated turret reserved for the robot pass.,
FalloutNV.esm|0001CF74,FalloutNV.esm,0001CF74,0001CF74,TaleOfTwoWastelands.esm,CrRobobrainEnclave,Enclave Robobrain,,,unknown,Creatures\Robobrain\skeleton.nif,RobotRoboBrainDC [VTYP:06019FDE],CrRobobrainDC [CREA:0601CF89],0,3,0,2,false,false,exclude_not_actor,Robot or automated turret reserved for the robot pass.,
FalloutNV.esm|0001CF75,FalloutNV.esm,0001CF75,0001CF75,TaleOfTwoWastelands.esm,CrSentryBotGLEnclave,Enclave Sentry Bot,,,unknown,Creatures\SentryBot\Skeleton.nif,RobotSentryBotDC [VTYP:06019FDB],CrSentryBotGLDC [CREA:0601CF8A],0,2,0,3,false,false,exclude_not_actor,Robot or automated turret reserved for the robot pass.,
FalloutNV.esm|0001CF77,FalloutNV.esm,0001CF77,0001CF77,TaleOfTwoWastelands.esm,CrFeralGhoul2B,Feral Ghoul Roamer,,,unknown,Creatures\Ghoul\Skeleton.nif,CreatureFeralGhoul [VTYP:0007AE96],CrFeralGhoul2A [CREA:0009FAFB],0,2,0,2,false,false,include_nonverbal,Reachable official non-verbal creature mapped to a reviewed archetype.,feral_ghoul_roamer
FalloutNV.esm|0001CF7A,FalloutNV.esm,0001CF7A,0001CF7A,TaleOfTwoWastelands.esm,CrFeralGhoul1B,Feral Ghoul,,,unknown,Creatures\Ghoul\Skeleton.nif,CreatureFeralGhoul [VTYP:0007AE96],CrFeralGhoul1A [CREA:0009FAFA],0,2,0,1,false,false,include_nonverbal,Reachable official non-verbal creature mapped to a reviewed archetype.,feral_ghoul
FalloutNV.esm|0001CF7B,FalloutNV.esm,0001CF7B,0001CF7B,TaleOfTwoWastelands.esm,CrFeralGhoulGlowingOne,Glowing One,,,unknown,Creatures\Ghoul\Skeleton.nif,CreatureFeralGhoul [VTYP:0007AE96],,0,2,0,13,false,false,include_nonverbal,Reachable official non-verbal creature mapped to a reviewed archetype.,glowing_one
FalloutNV.esm|0001CF7C,FalloutNV.esm,0001CF7C,0001CF7C,FalloutNV.esm,CrRadroach,Radroach,,,unknown,Creatures\Radroach\skeleton.nif,VoiceDoNotRecordF [VTYP:00094EED],,0,0,0,33,false,false,include_nonverbal,Reachable official non-verbal creature mapped to a reviewed archetype.,radroach
FalloutNV.esm|0001CF7F,FalloutNV.esm,0001CF7F,0001CF7F,TaleOfTwoWastelands.esm,CrAnt3Queen,Giant Ant Queen,,,unknown,Creatures\QueenAnt\skeleton.nif,VoiceDoNotRecordF [VTYP:00094EED],,0,0,0,2,false,false,include_nonverbal,Reachable official non-verbal creature mapped to a reviewed archetype.,giant_ant_queen
FalloutNV.esm|0001CF80,FalloutNV.esm,0001CF80,0001CF80,FalloutNV.esm,CrAnt2Soldier,Giant Soldier Ant,,,unknown,Creatures\GiantAnt\skeleton.nif,VoiceDoNotRecordF [VTYP:00094EED],,0,3,0,14,false,false,include_nonverbal,Reachable official non-verbal creature mapped to a reviewed archetype.,giant_soldier_ant
FalloutNV.esm|0001CF81,FalloutNV.esm,0001CF81,0001CF81,TaleOfTwoWastelands.esm,CrAnt1Worker,Giant Worker Ant,,,unknown,Creatures\GiantAnt\skeleton.nif,VoiceDoNotRecordF [VTYP:00094EED],,0,3,0,27,false,false,include_nonverbal,Reachable official non-verbal creature mapped to a reviewed archetype.,giant_worker_ant
FalloutNV.esm|0001CF83,FalloutNV.esm,0001CF83,0001CF83,TaleOfTwoWastelands.esm,CrMirelurk1,Mirelurk,,,unknown,Creatures\Mirelurk\Skeleton.nif,VoiceDoNotRecordF [VTYP:00094EED],,0,2,0,24,false,false,include_nonverbal,Reachable official non-verbal creature mapped to a reviewed archetype.,mirelurk
FalloutNV.esm|0001CF84,FalloutNV.esm,0001CF84,0001CF84,TaleOfTwoWastelands.esm,CrMirelurk2,Mirelurk Hunter,,,unknown,Creatures\Mirelurk\Skeleton.nif,VoiceDoNotRecordF [VTYP:00094EED],CrMirelurk1 [CREA:0001CF83],0,3,0,6,false,false,include_nonverbal,Reachable official non-verbal creature mapped to a reviewed archetype.,mirelurk_hunter
FalloutNV.esm|0001CF87,FalloutNV.esm,0001CF87,0001CF87,Fallout3.esm,CrDogRaider,Raider Guard Dog,,,unknown,Creatures\Dog\Skeleton.nif,VoiceDoNotRecordF [VTYP:00094EED],CrDogViciousDC [CREA:0601CFA3],0,0,0,16,false,false,exclude_unused,"Template, corpse, test, cut, or non-reachable archetype record without a distinct new roleplay profile.",
FalloutNV.esm|0001CF89,FalloutNV.esm,0001CF89,0001CF89,TaleOfTwoWastelands.esm,CrRobobrain,Robobrain,,,unknown,Creatures\Robobrain\skeleton.nif,RobotRoboBrain [VTYP:00019FDE],,0,2,0,16,false,false,exclude_not_actor,Robot or automated turret reserved for the robot pass.,
FalloutNV.esm|0001CF8A,FalloutNV.esm,0001CF8A,0001CF8A,TaleOfTwoWastelands.esm,CrSentryBotGL,Sentry Bot,,,unknown,Creatures\SentryBot\Skeleton.nif,RobotSentryBot [VTYP:00019FDB],,0,1,0,17,false,false,exclude_not_actor,Robot or automated turret reserved for the robot pass.,
FalloutNV.esm|0001CF8B,FalloutNV.esm,0001CF8B,0001CF8B,FalloutNV.esm,CrProtectronEnclave,Protectron,,,unknown,Creatures\Protectron\skeleton.nif,RobotProtectron [VTYP:00019FDA],CrProtectron [CREA:0001CF8F],0,1,0,1,false,false,exclude_not_actor,Robot or automated turret reserved for the robot pass.,
FalloutNV.esm|0001CF8D,FalloutNV.esm,0001CF8D,0001CF8D,FalloutNV.esm,CrProtectronOutcast,Protectron,,,unknown,Creatures\Protectron\skeleton.nif,RobotProtectron [VTYP:00019FDA],CrProtectron [CREA:0001CF8F],0,1,0,2,false,false,exclude_not_actor,Robot or automated turret reserved for the robot pass.,
FalloutNV.esm|0001CF8E,FalloutNV.esm,0001CF8E,0001CF8E,TaleOfTwoWastelands.esm,CrProtectronSteel,Brotherhood Protectron,,,unknown,Creatures\Protectron\skeleton.nif,RobotProtectronDC [VTYP:06019FDA],CrProtectronDC [CREA:0601CF8F],0,1,0,1,false,false,exclude_not_actor,Robot or automated turret reserved for the robot pass.,
FalloutNV.esm|0001CF8F,FalloutNV.esm,0001CF8F,0001CF8F,TaleOfTwoWastelands.esm,CrProtectron,Protectron,,,unknown,Creatures\Protectron\skeleton.nif,RobotProtectron [VTYP:00019FDA],,0,2,2,28,false,false,exclude_not_actor,Robot or automated turret reserved for the robot pass.,
FalloutNV.esm|0001CF90,FalloutNV.esm,0001CF90,0001CF90,TaleOfTwoWastelands.esm,CrCentaur,Centaur,,,unknown,Creatures\Centaur\Skeleton.nif,VoiceDoNotRecordF [VTYP:00094EED],,0,1,0,8,false,false,include_nonverbal,Reachable official non-verbal creature mapped to a reviewed archetype.,centaur
FalloutNV.esm|0001CF93,FalloutNV.esm,0001CF93,0001CF93,TaleOfTwoWastelands.esm,CrSuperMutant1GunA,Super Mutant,,,unknown,Creatures\SMSpineBreaker\Skeleton.nif,CreatureLowIntSM [VTYP:0014377C],,0,2,0,21,false,false,exclude_talking,Conversational humanoid or intelligible speaking creature.,
FalloutNV.esm|0001CF95,FalloutNV.esm,0001CF95,0001CF95,TaleOfTwoWastelands.esm,CrSuperMutantBehemoth,Super Mutant Behemoth,,,unknown,Creatures\SMBehemoth\Skeleton.nif,CreatureSupMutBehemoth [VTYP:00022429],,0,0,0,13,false,false,exclude_talking,Conversational humanoid or intelligible speaking creature.,
FalloutNV.esm|0001CF9A,FalloutNV.esm,0001CF9A,0001CF9A,TaleOfTwoWastelands.esm,CrDeathClaw,Deathclaw,,,unknown,Creatures\DeathClaw\Skeleton.nif,VoiceDoNotRecordF [VTYP:00094EED],,0,6,0,79,false,false,include_nonverbal,Reachable official non-verbal creature mapped to a reviewed archetype.,deathclaw
FalloutNV.esm|0001CF9C,FalloutNV.esm,0001CF9C,0001CF9C,YUPTTW.esm,CrDog,Dog,,,unknown,Creatures\Dog\Skeleton.nif,VoiceDoNotRecordF [VTYP:00094EED],,0,0,6,52,false,false,include_nonverbal,Reachable official non-verbal creature mapped to a reviewed archetype.,dog
FalloutNV.esm|0001CF9D,FalloutNV.esm,0001CF9D,0001CF9D,FalloutNV.esm,CrRadscorpion1Small,Radscorpion,,,unknown,Creatures\Radscorpion\Skeleton.nif,VoiceDoNotRecordF [VTYP:00094EED],,0,12,0,24,false,false,include_nonverbal,Reachable official non-verbal creature mapped to a reviewed archetype.,radscorpion
FalloutNV.esm|0001CF9E,FalloutNV.esm,0001CF9E,0001CF9E,FalloutNV.esm,CrRadscorpion2Large,Giant Radscorpion,,,unknown,Creatures\Radscorpion\Skeleton.nif,VoiceDoNotRecordF [VTYP:00094EED],CrRadscorpion1Small [CREA:0001CF9D],0,12,0,14,false,false,include_nonverbal,Reachable official non-verbal creature mapped to a reviewed archetype.,giant_radscorpion
FalloutNV.esm|0001CF9F,FalloutNV.esm,0001CF9F,0001CF9F,TaleOfTwoWastelands.esm,CrMoleRat,Mole Rat,,,unknown,Creatures\MoleRat\skeleton.nif,VoiceDoNotRecordF [VTYP:00094EED],,0,14,0,117,false,false,include_nonverbal,Reachable official non-verbal creature mapped to a reviewed archetype.,mole_rat
FalloutNV.esm|0001CFA2,FalloutNV.esm,0001CFA2,0001CFA2,FalloutNV.esm,CrBrahmin,Brahmin,,,unknown,Creatures\Brahmin\Skeleton.nif,VoiceDoNotRecordF [VTYP:00094EED],,0,0,0,55,false,false,include_nonverbal,Reachable official non-verbal creature mapped to a reviewed archetype.,brahmin
FalloutNV.esm|0001CFA3,FalloutNV.esm,0001CFA3,0001CFA3,TaleOfTwoWastelands.esm,CrDogVicious,Vicious Dog,,,unknown,Creatures\Dog\Skeleton.nif,VoiceDoNotRecordF [VTYP:00094EED],,0,6,0,27,false,false,include_nonverbal,Reachable official non-verbal creature mapped to a reviewed archetype.,vicious_dog
FalloutNV.esm|0001D3CD,FalloutNV.esm,0001D3CD,0001D3CD,TaleOfTwoWastelands.esm,DeadBrahmin,Rotting Brahmin Corpse,,,unknown,Creatures\Brahmin\Skeleton.nif,VoiceDoNotRecordF [VTYP:00094EED],CrBrahmin [CREA:0001CFA2],0,0,0,57,false,false,exclude_unused,"Template, corpse, test, cut, or non-reachable archetype record without a distinct new roleplay profile.",
FalloutNV.esm|0001E746,FalloutNV.esm,0001E746,0001E746,TaleOfTwoWastelands.esm,RCMisterBuckingham,Mister Buckingham,,,unknown,Creatures\MisterGutsy\Skeleton.nif,RobotMisterHandyDC [VTYP:06019FDC],CrMisterHandyDC [CREA:0602977A],0,0,64,70,false,false,exclude_not_actor,Robot or automated turret reserved for the robot pass.,
FalloutNV.esm|0001E747,FalloutNV.esm,0001E747,0001E747,Fallout3.esm,RCPrivateJones,Private Jones,,,unknown,Creatures\MisterGutsy\Skeleton.nif,RobotMisterGutsyDC [VTYP:06019FDD],CrMisterGutsyDC [CREA:06021EBD],0,0,25,26,false,false,exclude_not_actor,Robot or automated turret reserved for the robot pass.,
FalloutNV.esm|0001E821,FalloutNV.esm,0001E821,0001E821,TaleOfTwoWastelands.esm,AudioTemplateTurretCeiling,AudioTemplateTurretCeiling,,,unknown,,,,0,0,0,97,false,false,exclude_not_actor,Robot or automated turret reserved for the robot pass.,
FalloutNV.esm|0001EFE3,FalloutNV.esm,0001EFE3,0001EFE3,TaleOfTwoWastelands.esm,FriendshipMetroMetroRoach,Radroach,,,unknown,Creatures\Radroach\skeleton.nif,VoiceDoNotRecordF [VTYP:00094EED],CrRadroachDC [CREA:0601CF7C],0,0,0,5,false,false,include_nonverbal,Reachable official non-verbal creature mapped to a reviewed archetype.,radroach
FalloutNV.esm|0001FB34,FalloutNV.esm,0001FB34,0001FB34,FalloutNV.esm,DemoAnt1,Giant Ant,,,unknown,Creatures\GiantAnt\skeleton.nif,VoiceDoNotRecordF [VTYP:00094EED],CrAnt1Worker [CREA:0001CF81],0,0,0,1,false,false,exclude_unused,"Template, corpse, test, cut, or non-reachable archetype record without a distinct new roleplay profile.",
FalloutNV.esm|0001FEC8,FalloutNV.esm,0001FEC8,0001FEC8,TaleOfTwoWastelands.esm,SniperShackRadroach01,Fluffy,,,unknown,Creatures\Radroach\skeleton.nif,VoiceDoNotRecordF [VTYP:00094EED],CrRadroach [CREA:0001CF7C],0,0,0,2,false,false,exclude_unused,A maintained named biography already exists; do not duplicate it.,
FalloutNV.esm|0001FEC9,FalloutNV.esm,0001FEC9,0001FEC9,TaleOfTwoWastelands.esm,SniperShackRadroach02,Jitters,,,unknown,Creatures\Radroach\skeleton.nif,VoiceDoNotRecordF [VTYP:00094EED],CrRadroach [CREA:0001CF7C],0,0,0,2,false,false,exclude_unused,A maintained named biography already exists; do not duplicate it.,
FalloutNV.esm|0001FF5F,FalloutNV.esm,0001FF5F,0001FF5F,FalloutNV.esm,AudioTemplateSuperMutant,AudioTemplateSuperMutant,,,unknown,Creatures\SMSpineBreaker\Skeleton.nif,CreatureSuperMutant [VTYP:00019FD9],,0,0,0,167,false,false,exclude_unused,"Template, corpse, test, cut, or non-reachable archetype record without a distinct new roleplay profile.",
FalloutNV.esm|00020456,FalloutNV.esm,00020456,00020456,TaleOfTwoWastelands.esm,CG02Andy,Andy,,,unknown,Creatures\MisterGutsy\Skeleton.nif,RobotMisterHandyDC [VTYP:06019FDC],CrMisterHandyDC [CREA:0602977A],0,0,4,5,false,false,exclude_not_actor,Robot or automated turret reserved for the robot pass.,
FalloutNV.esm|00020AF7,FalloutNV.esm,00020AF7,00020AF7,TaleOfTwoWastelands.esm,FriendshipMetroRoach02,Radroach,,,unknown,Creatures\Radroach\skeleton.nif,VoiceDoNotRecordF [VTYP:00094EED],CrRadroachDC [CREA:0601CF7C],0,0,0,4,false,false,include_nonverbal,Reachable official non-verbal creature mapped to a reviewed archetype.,radroach
FalloutNV.esm|0002131F,FalloutNV.esm,0002131F,0002131F,Fallout3.esm,Sawbones,Sawbones,,,unknown,Creatures\MisterGutsy\Skeleton.nif,RobotMisterGutsyDC [VTYP:06019FDD],CrMisterGutsySteelDC [CREA:06021EC1],0,0,76,93,false,false,exclude_not_actor,Robot or automated turret reserved for the robot pass.,
FalloutNV.esm|00021EBD,FalloutNV.esm,00021EBD,00021EBD,TaleOfTwoWastelands.esm,CrMisterGutsy,Mister Gutsy,,,unknown,Creatures\MisterGutsy\Skeleton.nif,RobotMisterGutsy [VTYP:00019FDD],,0,12,0,24,false,false,exclude_not_actor,Robot or automated turret reserved for the robot pass.,
FalloutNV.esm|00021EBE,FalloutNV.esm,00021EBE,00021EBE,FalloutNV.esm,CrMisterGutsyEnclave,Mister Gutsy,,,unknown,Creatures\MisterGutsy\Skeleton.nif,RobotMisterGutsy [VTYP:00019FDD],CrMisterGutsy [CREA:00021EBD],0,0,0,2,false,false,exclude_not_actor,Robot or automated turret reserved for the robot pass.,
FalloutNV.esm|00021EC0,FalloutNV.esm,00021EC0,00021EC0,FalloutNV.esm,CrMisterGutsyOutcast,Mister Gutsy,,,unknown,Creatures\MisterGutsy\Skeleton.nif,RobotMisterGutsy [VTYP:00019FDD],CrMisterGutsy [CREA:00021EBD],0,0,0,2,false,false,exclude_not_actor,Robot or automated turret reserved for the robot pass.,
FalloutNV.esm|00021EC1,FalloutNV.esm,00021EC1,00021EC1,FalloutNV.esm,CrMisterGutsySteel,Mister Gutsy,,,unknown,Creatures\MisterGutsy\Skeleton.nif,RobotMisterGutsy [VTYP:00019FDD],CrMisterGutsy [CREA:00021EBD],0,1,0,4,false,false,exclude_not_actor,Robot or automated turret reserved for the robot pass.,
FalloutNV.esm|00024103,FalloutNV.esm,00024103,00024103,FalloutNV.esm,AudioTemplateSuperMutantBehemoth,AudioTemplateSuperMutantBehemoth,,,unknown,Creatures\SMBehemoth\Skeleton.nif,CreatureSupMutBehemoth [VTYP:00022429],,0,0,0,14,false,false,exclude_unused,"Template, corpse, test, cut, or non-reachable archetype record without a distinct new roleplay profile.",
FalloutNV.esm|000251A2,FalloutNV.esm,000251A2,000251A2,FalloutNV.esm,LvlTurret1024,,,,unknown,,,EncTurret [LVLC:0007D40F],0,0,0,3,false,false,exclude_not_actor,Robot or automated turret reserved for the robot pass.,
FalloutNV.esm|000251A4,FalloutNV.esm,000251A4,000251A4,FalloutNV.esm,LvlTurretCeiling768,,,,unknown,,,EncTurretCeiling [LVLC:000A8A5D],0,0,0,4,false,false,exclude_not_actor,Robot or automated turret reserved for the robot pass.,
FalloutNV.esm|000251AA,FalloutNV.esm,000251AA,000251AA,FalloutNV.esm,LvlTurretCeiling1024,,,,unknown,,,EncTurretCeiling [LVLC:000A8A5D],0,0,0,22,false,false,exclude_not_actor,Robot or automated turret reserved for the robot pass.,
FalloutNV.esm|000251B0,FalloutNV.esm,000251B0,000251B0,FalloutNV.esm,LvlTurretCeiling384Raider,,,,unknown,marker_creature.nif,,LvlTurretCeiling384 [CREA:000A8A5C],0,0,0,1,false,false,exclude_not_actor,Robot or automated turret reserved for the robot pass.,
FalloutNV.esm|000251B2,FalloutNV.esm,000251B2,000251B2,FalloutNV.esm,LvlTurretCeiling1024Raider,,,,unknown,marker_creature.nif,,LvlTurretCeiling1024 [CREA:000251AA],0,0,0,6,false,false,exclude_not_actor,Robot or automated turret reserved for the robot pass.,
FalloutNV.esm|00025DC5,FalloutNV.esm,00025DC5,00025DC5,Fallout3.esm,FFEU05Radscorpion,Giant Radscorpion,,,unknown,Creatures\Radscorpion\Skeleton.nif,VoiceDoNotRecordF [VTYP:00094EED],CrRadscorpion2LargeDC [CREA:0601CF9E],0,0,3,10,false,false,include_nonverbal,Reachable official non-verbal creature mapped to a reviewed archetype.,giant_radscorpion
FalloutNV.esm|00026135,FalloutNV.esm,00026135,00026135,TaleOfTwoWastelands.esm,DemoDeadAnt1,Giant Ant,,,unknown,Creatures\GiantAnt\skeleton.nif,VoiceDoNotRecordF [VTYP:00094EED],CrAnt1Worker [CREA:0001CF81],0,0,0,4,false,false,exclude_unused,"Template, corpse, test, cut, or non-reachable archetype record without a distinct new roleplay profile.",
FalloutNV.esm|00027053,FalloutNV.esm,00027053,00027053,TaleOfTwoWastelands.esm,AudioTemplateAnt,AudioTemplateAnt,,,unknown,Creatures\GiantAnt\skeleton.nif,VoiceDoNotRecordF [VTYP:00094EED],,0,0,0,51,false,false,exclude_unused,"Template, corpse, test, cut, or non-reachable archetype record without a distinct new roleplay profile.",
FalloutNV.esm|00027DE5,FalloutNV.esm,00027DE5,00027DE5,TaleOfTwoWastelands.esm,CaravanWolfgangBrahmin,Wolfgang's Pack Brahmin,,,unknown,Creatures\BrahminDC\Skeleton.nif,VoiceDoNotRecordF [VTYP:00094EED],CrBrahminDC [CREA:0601CFA2],0,0,0,3,false,false,exclude_unused,"Template, corpse, test, cut, or non-reachable archetype record without a distinct new roleplay profile.",
FalloutNV.esm|00027DE7,FalloutNV.esm,00027DE7,00027DE7,TaleOfTwoWastelands.esm,CaravanHarithBrahmin,Harith's Pack Brahmin,,,unknown,Creatures\BrahminDC\Skeleton.nif,VoiceDoNotRecordF [VTYP:00094EED],CrBrahminDC [CREA:0601CFA2],0,0,0,3,false,false,exclude_unused,"Template, corpse, test, cut, or non-reachable archetype record without a distinct new roleplay profile.",
FalloutNV.esm|00027DEB,FalloutNV.esm,00027DEB,00027DEB,TaleOfTwoWastelands.esm,CaravanCrowBrahmin,Crow's Pack Brahmin,,,unknown,Creatures\BrahminDC\Skeleton.nif,VoiceDoNotRecordF [VTYP:00094EED],CrBrahminDC [CREA:0601CFA2],0,0,0,3,false,false,exclude_unused,"Template, corpse, test, cut, or non-reachable archetype record without a distinct new roleplay profile.",
FalloutNV.esm|00027DED,FalloutNV.esm,00027DED,00027DED,TaleOfTwoWastelands.esm,CaravanHoffBrahmin,Hoff's Pack Brahmin,,,unknown,Creatures\BrahminDC\Skeleton.nif,VoiceDoNotRecordF [VTYP:00094EED],CrBrahminDC [CREA:0601CFA2],0,0,0,3,false,false,exclude_unused,"Template, corpse, test, cut, or non-reachable archetype record without a distinct new roleplay profile.",
FalloutNV.esm|00027FB2,FalloutNV.esm,00027FB2,00027FB2,TaleOfTwoWastelands.esm,CrSuperMutant3MinigunA,Super Mutant Master,,,unknown,Creatures\SMSpineBreaker\Skeleton.nif,CreatureLowIntSM [VTYP:0014377C],,0,6,0,4,false,false,exclude_talking,Conversational humanoid or intelligible speaking creature.,
FalloutNV.esm|00027FB3,FalloutNV.esm,00027FB3,00027FB3,TaleOfTwoWastelands.esm,CrSuperMutant2GunA,Super Mutant Brute,,,unknown,Creatures\SMSpineBreaker\Skeleton.nif,CreatureLowIntSM [VTYP:0014377C],,0,2,0,9,false,false,exclude_talking,Conversational humanoid or intelligible speaking creature.,
FalloutNV.esm|00028047,FalloutNV.esm,00028047,00028047,TaleOfTwoWastelands.esm,AudioTemplateBrahmin,AudioTemplateBrahmin,,,unknown,Creatures\Brahmin\Skeleton.nif,VoiceDoNotRecordF [VTYP:00094EED],,0,0,0,41,false,false,exclude_unused,"Template, corpse, test, cut, or non-reachable archetype record without a distinct new roleplay profile.",
FalloutNV.esm|00028FED,FalloutNV.esm,00028FED,00028FED,TaleOfTwoWastelands.esm,EvergreenMillsBehemoth,Super Mutant Behemoth,,,unknown,Creatures\SMBehemoth\Skeleton.nif,CreatureSupMutBehemoth [VTYP:00022429],CrSuperMutantBehemoth [CREA:0001CF95],0,0,0,2,false,false,exclude_talking,Conversational humanoid or intelligible speaking creature.,
FalloutNV.esm|00029035,FalloutNV.esm,00029035,00029035,Fallout3.esm,EvergreenSuperMutantGladiator,Super Mutant,,,unknown,,,VarSupermutant1MeleeDC [LVLC:06094ED0],0,0,0,1,false,false,exclude_talking,Conversational humanoid or intelligible speaking creature.,
FalloutNV.esm|00029036,FalloutNV.esm,00029036,00029036,FalloutNV.esm,EvergreenAntSoldierGladiator,Giant Soldier Ant,,,unknown,Creatures\GiantAnt\skeleton.nif,VoiceDoNotRecordF [VTYP:00094EED],CrAnt1Worker [CREA:0001CF81],0,0,0,1,false,false,include_nonverbal,Reachable official non-verbal creature mapped to a reviewed archetype.,giant_soldier_ant
FalloutNV.esm|000296C5,FalloutNV.esm,000296C5,000296C5,Fallout3.esm,TLHendersonRobot,Mr. Handy,,,unknown,Creatures\MisterGutsy\Skeleton.nif,RobotMisterHandyDC [VTYP:06019FDC],CrMisterHandyDC [CREA:0602977A],0,0,6,7,false,false,exclude_not_actor,Robot or automated turret reserved for the robot pass.,
FalloutNV.esm|0002977A,FalloutNV.esm,0002977A,0002977A,FalloutNV.esm,CrMisterHandy,Mister Handy,,,unknown,Creatures\MisterGutsy\Skeleton.nif,RobotMisterHandy [VTYP:00019FDC],,0,0,0,11,false,false,exclude_not_actor,Robot or automated turret reserved for the robot pass.,
FalloutNV.esm|0002A171,FalloutNV.esm,0002A171,0002A171,Fallout3.esm,CG04ButchRadroach,Radroach,,,unknown,Creatures\Radroach\skeleton.nif,VoiceDoNotRecordF [VTYP:00094EED],CrRadroachDC [CREA:0601CF7C],0,0,0,8,false,false,include_nonverbal,Reachable official non-verbal creature mapped to a reviewed archetype.,radroach
FalloutNV.esm|0002B8E5,FalloutNV.esm,0002B8E5,0002B8E5,Fallout3.esm,UnderworldEthyl,Ethyl,,,unknown,Creatures\Ghoul\Skeleton.nif,CreatureFeralGhoulDC [VTYP:0607AE96],CrFeralGhoulGlowingOneDC [CREA:0601CF7B],0,0,0,1,false,false,exclude_unused,A maintained named biography already exists; do not duplicate it.,
FalloutNV.esm|0002B8E7,FalloutNV.esm,0002B8E7,0002B8E7,Fallout3.esm,UnderworldMeat,Meat,,,unknown,Creatures\Ghoul\Skeleton.nif,CreatureFeralGhoulDC [VTYP:0607AE96],CrFeralGhoulGlowingOneDC [CREA:0601CF7B],0,0,0,1,false,false,exclude_unused,A maintained named biography already exists; do not duplicate it.,
FalloutNV.esm|0002D4C7,FalloutNV.esm,0002D4C7,0002D4C7,Fallout3.esm,CG04RadroachAmbushA,Radroach,,,unknown,Creatures\Radroach\skeleton.nif,,CrRadroachDC [CREA:0601CF7C],0,0,0,7,false,false,include_nonverbal,Reachable official non-verbal creature mapped to a reviewed archetype.,radroach
FalloutNV.esm|0002D6F7,FalloutNV.esm,0002D6F7,0002D6F7,TaleOfTwoWastelands.esm,robcoRoach,Radroach,,,unknown,Creatures\Radroach\skeleton.nif,VoiceDoNotRecordF [VTYP:00094EED],CrRadroachDC [CREA:0601CF7C],0,0,0,34,false,false,include_nonverbal,Reachable official non-verbal creature mapped to a reviewed archetype.,radroach
FalloutNV.esm|0002ED8C,FalloutNV.esm,0002ED8C,0002ED8C,Fallout3.esm,LvlSupermutantMinigunPotomacGuard01,,,,unknown,,,EncSuperMutantMinigunDC [LVLC:06092C53],0,0,0,1,false,false,exclude_not_actor,Ambient/scenery actor or record without a usable identity.,
FalloutNV.esm|0002ED94,FalloutNV.esm,0002ED94,0002ED94,Fallout3.esm,LvlSupermutantMissileGuardPotomac01,,,,unknown,,,EncSuperMutantMissileDC [LVLC:06092C50],0,0,0,1,false,false,exclude_not_actor,Ambient/scenery actor or record without a usable identity.,
FalloutNV.esm|0002F005,FalloutNV.esm,0002F005,0002F005,FalloutNV.esm,DemoAnt2,Giant Ant,,,unknown,Creatures\GiantAnt\skeleton.nif,VoiceDoNotRecordF [VTYP:00094EED],CrAnt1Worker [CREA:0001CF81],0,0,0,1,false,false,exclude_unused,"Template, corpse, test, cut, or non-reachable archetype record without a distinct new roleplay profile.",
FalloutNV.esm|0002F582,FalloutNV.esm,0002F582,0002F582,TaleOfTwoWastelands.esm,RHSProtectron,Dean Dewey,,,unknown,Creatures\Protectron\skeleton.nif,RobotProtectronDC [VTYP:06019FDA],CrProtectronDC [CREA:0601CF8F],0,0,11,12,false,false,exclude_not_actor,Robot or automated turret reserved for the robot pass.,
FalloutNV.esm|00030522,FalloutNV.esm,00030522,00030522,TaleOfTwoWastelands.esm,NukaColaProtectron,Nuka-Cola Security,,,unknown,Creatures\Protectron\skeleton.nif,RobotProtectronDC [VTYP:06019FDA],CrProtectronDC [CREA:0601CF8F],0,0,0,18,false,false,exclude_not_actor,Robot or automated turret reserved for the robot pass.,
FalloutNV.esm|000306CC,FalloutNV.esm,000306CC,000306CC,TaleOfTwoWastelands.esm,CG02Radroach,Radroach,,,unknown,Creatures\Radroach\skeleton.nif,VoiceDoNotRecordF [VTYP:00094EED],CrRadroachDC [CREA:0601CF7C],0,0,0,5,false,false,include_nonverbal,Reachable official non-verbal creature mapped to a reviewed archetype.,radroach
FalloutNV.esm|000307C2,FalloutNV.esm,000307C2,000307C2,FalloutNV.esm,FFER59Robot,,,,unknown,,,EncRobot [LVLC:000235A0],0,0,0,2,false,false,exclude_not_actor,Robot or automated turret reserved for the robot pass.,
FalloutNV.esm|00030D89,FalloutNV.esm,00030D89,00030D89,TaleOfTwoWastelands.esm,adamsMorganRoach,Radroach,,,unknown,Creatures\Radroach\skeleton.nif,VoiceDoNotRecordF [VTYP:00094EED],CrRadroachDC [CREA:0601CF7C],0,0,0,3,false,false,include_nonverbal,Reachable official non-verbal creature mapped to a reviewed archetype.,radroach
FalloutNV.esm|00031189,FalloutNV.esm,00031189,00031189,Fallout3.esm,GermHQSuperMutantJailer,,,,unknown,,,EncSuperMutantGunDC [LVLC:0602359F],0,0,0,1,false,false,exclude_not_actor,Ambient/scenery actor or record without a usable identity.,
FalloutNV.esm|0003118D,FalloutNV.esm,0003118D,0003118D,TaleOfTwoWastelands.esm,FFEnclaveCampTurret,Mark VI Turret,,,unknown,Creatures\SentryTurret\skeleton.nif,RobotEyebot [VTYP:00040D41],CrTurret03Enclave [CREA:00086470],0,0,0,12,false,false,exclude_not_actor,Robot or automated turret reserved for the robot pass.,
FalloutNV.esm|00031E29,FalloutNV.esm,00031E29,00031E29,Fallout3.esm,FFEU02DeathClaw,Deathclaw,,,unknown,Creatures\DeathClaw\Skeleton.nif,VoiceDoNotRecordF [VTYP:00094EED],CrDeathClaw [CREA:0001CF9A],0,0,3,21,false,false,include_nonverbal,Reachable official non-verbal creature mapped to a reviewed archetype.,deathclaw
FalloutNV.esm|0003210D,FalloutNV.esm,0003210D,0003210D,Fallout3.esm,FFEU04DeathClaw,Deathclaw,,,unknown,Creatures\DeathClaw\Skeleton.nif,VoiceDoNotRecordF [VTYP:00094EED],CrDeathClaw [CREA:0001CF9A],0,0,0,5,false,false,include_nonverbal,Reachable official non-verbal creature mapped to a reviewed archetype.,deathclaw
FalloutNV.esm|00032909,FalloutNV.esm,00032909,00032909,TaleOfTwoWastelands.esm,ShalebridgeBlackAnt,Mutated Forager Ant,,,unknown,Creatures\GiantAnt\skeleton.nif,VoiceDoNotRecordF [VTYP:00094EED],CrAnt1Worker [CREA:0001CF81],0,0,0,29,false,false,include_nonverbal,Reachable official non-verbal creature mapped to a reviewed archetype.,specialized_ant
FalloutNV.esm|00032D2A,FalloutNV.esm,00032D2A,00032D2A,FalloutNV.esm,FFER02Ant,Giant Soldier Ant,,,unknown,Creatures\GiantAnt\skeleton.nif,VoiceDoNotRecordF [VTYP:00094EED],CrAnt2Soldier [CREA:0001CF80],0,0,0,1,false,false,include_nonverbal,Reachable official non-verbal creature mapped to a reviewed archetype.,giant_soldier_ant
FalloutNV.esm|00032D2B,FalloutNV.esm,00032D2B,00032D2B,Fallout3.esm,FFER01Radscorpion,Giant Radscorpion,,,unknown,Creatures\Radscorpion\Skeleton.nif,VoiceDoNotRecordF [VTYP:00094EED],CrRadscorpion2LargeDC [CREA:0601CF9E],0,0,0,1,false,false,include_nonverbal,Reachable official non-verbal creature mapped to a reviewed archetype.,giant_radscorpion
FalloutNV.esm|00032D2C,FalloutNV.esm,00032D2C,00032D2C,TaleOfTwoWastelands.esm,FFER04Radroach,Radroach,,,unknown,Creatures\Radroach\skeleton.nif,VoiceDoNotRecordF [VTYP:00094EED],CrRadroachDC [CREA:0601CF7C],0,0,0,4,false,false,include_nonverbal,Reachable official non-verbal creature mapped to a reviewed archetype.,radroach
FalloutNV.esm|0003308A,FalloutNV.esm,0003308A,0003308A,Fallout3.esm,FFER53DeathClaw,Deathclaw,,,unknown,Creatures\DeathClaw\Skeleton.nif,VoiceDoNotRecordF [VTYP:00094EED],CrDeathClaw [CREA:0001CF9A],0,0,0,5,false,false,include_nonverbal,Reachable official non-verbal creature mapped to a reviewed archetype.,deathclaw
FalloutNV.esm|00033581,FalloutNV.esm,00033581,00033581,Fallout3.esm,FFDCworld11ServantBot,Mister Handy,,,unknown,Creatures\MisterGutsy\Skeleton.nif,RobotMisterHandyDC [VTYP:06019FDC],CrMisterHandyDC [CREA:0602977A],0,0,14,15,false,false,exclude_not_actor,Robot or automated turret reserved for the robot pass.,
FalloutNV.esm|0003358A,FalloutNV.esm,0003358A,0003358A,TaleOfTwoWastelands.esm,DeadMuffy,Muffy,,,unknown,Creatures\Dog\Skeleton.nif,VoiceDoNotRecordF [VTYP:00094EED],CrDog [CREA:0001CF9C],0,0,0,1,false,false,exclude_unused,A maintained named biography already exists; do not duplicate it.,
FalloutNV.esm|00033B70,FalloutNV.esm,00033B70,00033B70,Fallout3.esm,WastelandCraterScorpion,Radscorpion,,,unknown,Creatures\Radscorpion\Skeleton.nif,VoiceDoNotRecordF [VTYP:00094EED],CrRadscorpion1SmallDC [CREA:0601CF9D],0,0,0,5,false,false,include_nonverbal,Reachable official non-verbal creature mapped to a reviewed archetype.,radscorpion
FalloutNV.esm|00034777,FalloutNV.esm,00034777,00034777,FalloutNV.esm,ShalebridgeFFAntInvader,Invader Ant,,,unknown,Creatures\GiantAnt\skeleton.nif,VoiceDoNotRecordF [VTYP:00094EED],CrAnt1Worker [CREA:0001CF81],0,0,0,5,false,false,include_nonverbal,Reachable official non-verbal creature mapped to a reviewed archetype.,specialized_ant
FalloutNV.esm|00034785,FalloutNV.esm,00034785,00034785,TaleOfTwoWastelands.esm,ShalebridgeAntQueen,Giant Ant Queen,,,unknown,Creatures\QueenAnt\skeleton.nif,,CrAnt3QueenDC [CREA:0601CF7F],0,0,0,1,false,false,include_nonverbal,Reachable official non-verbal creature mapped to a reviewed archetype.,giant_ant_queen
FalloutNV.esm|00036F87,FalloutNV.esm,00036F87,00036F87,Fallout3.esm,FFER54Robot2,Protectron,,,unknown,Creatures\Protectron\skeleton.nif,RobotProtectronDC [VTYP:06019FDA],CrProtectronDC [CREA:0601CF8F],0,0,1,4,false,false,exclude_not_actor,Robot or automated turret reserved for the robot pass.,
FalloutNV.esm|00036F89,FalloutNV.esm,00036F89,00036F89,Fallout3.esm,FFER54Robot1,Mister Handy,,,unknown,Creatures\MisterGutsy\Skeleton.nif,RobotMisterHandyDC [VTYP:06019FDC],CrMisterHandyDC [CREA:0602977A],0,0,1,5,false,false,exclude_not_actor,Robot or automated turret reserved for the robot pass.,
FalloutNV.esm|00037B41,FalloutNV.esm,00037B41,00037B41,TaleOfTwoWastelands.esm,MS05NukaColaMireLurk1,Nukalurk,,,unknown,Creatures\Mirelurk\Skeleton.nif,VoiceDoNotRecordF [VTYP:00094EED],CrMirelurk1 [CREA:0001CF83],0,2,0,2,false,false,include_nonverbal,Reachable official non-verbal creature mapped to a reviewed archetype.,nukalurk
FalloutNV.esm|000381DF,FalloutNV.esm,000381DF,000381DF,FalloutNV.esm,FFER07Dog,Vicious Dog,,,unknown,Creatures\Dog\Skeleton.nif,VoiceDoNotRecordF [VTYP:00094EED],CrDogVicious [CREA:0001CFA3],0,0,0,1,false,false,include_nonverbal,Reachable official non-verbal creature mapped to a reviewed archetype.,vicious_dog
FalloutNV.esm|0003831C,FalloutNV.esm,0003831C,0003831C,FalloutNV.esm,FFER61Dog,Vicious Dog,,,unknown,Creatures\Dog\Skeleton.nif,VoiceDoNotRecordF [VTYP:00094EED],CrDogVicious [CREA:0001CFA3],0,0,0,2,false,false,include_nonverbal,Reachable official non-verbal creature mapped to a reviewed archetype.,vicious_dog
FalloutNV.esm|000391AE,FalloutNV.esm,000391AE,000391AE,FalloutNV.esm,genericMilitaryMrGutsy,Mister Gutsy,,,unknown,Creatures\MisterGutsy\Skeleton.nif,RobotMisterGutsy [VTYP:00019FDD],CrMisterGutsy [CREA:00021EBD],0,0,12,17,false,false,exclude_not_actor,Robot or automated turret reserved for the robot pass.,
FalloutNV.esm|000393EC,FalloutNV.esm,000393EC,000393EC,FalloutNV.esm,MS04CrAnt1Worker,Fire Ant Worker,,,unknown,Creatures\GiantAnt\skeleton.nif,VoiceDoNotRecordF [VTYP:00094EED],CrAnt1Worker [CREA:0001CF81],0,2,0,2,false,false,include_nonverbal,Reachable official non-verbal creature mapped to a reviewed archetype.,fire_ant_worker
FalloutNV.esm|000393ED,FalloutNV.esm,000393ED,000393ED,FalloutNV.esm,MS04CrAnt2Soldier,Fire Ant Soldier,,,unknown,Creatures\GiantAnt\skeleton.nif,VoiceDoNotRecordF [VTYP:00094EED],CrAnt2Soldier [CREA:0001CF80],0,2,0,4,false,false,include_nonverbal,Reachable official non-verbal creature mapped to a reviewed archetype.,fire_ant_soldier
FalloutNV.esm|0003995B,FalloutNV.esm,0003995B,0003995B,TaleOfTwoWastelands.esm,genericOfficeProtectron,Protectron,,,unknown,Creatures\Protectron\skeleton.nif,RobotProtectronDC [VTYP:06019FDA],CrProtectronDC [CREA:0601CF8F],0,0,17,23,false,false,exclude_not_actor,Robot or automated turret reserved for the robot pass.,
FalloutNV.esm|00039AF9,FalloutNV.esm,00039AF9,00039AF9,TaleOfTwoWastelands.esm,genericUtilityProtectron,Protectron,,,unknown,Creatures\Protectron\skeleton.nif,RobotProtectronDC [VTYP:06019FDA],CrProtectronDC [CREA:0601CF8F],0,0,16,20,false,false,exclude_not_actor,Robot or automated turret reserved for the robot pass.,
FalloutNV.esm|0003A147,FalloutNV.esm,0003A147,0003A147,TaleOfTwoWastelands.esm,CrSuperMutant1MeleeA,Super Mutant,,,unknown,Creatures\SMSpineBreaker\Skeleton.nif,CreatureLowIntSM [VTYP:0014377C],,0,2,0,20,false,false,exclude_talking,Conversational humanoid or intelligible speaking creature.,
FalloutNV.esm|0003A148,FalloutNV.esm,0003A148,0003A148,TaleOfTwoWastelands.esm,CrSuperMutant2MeleeA,Super Mutant Brute,,,unknown,Creatures\SMSpineBreaker\Skeleton.nif,CreatureLowIntSM [VTYP:0014377C],,0,2,0,11,false,false,exclude_talking,Conversational humanoid or intelligible speaking creature.,
FalloutNV.esm|0003A149,FalloutNV.esm,0003A149,0003A149,TaleOfTwoWastelands.esm,CrSuperMutant3MissileLauncherA,Super Mutant Master,,,unknown,Creatures\SMSpineBreaker\Skeleton.nif,CreatureLowIntSM [VTYP:0014377C],,0,6,0,9,false,false,exclude_talking,Conversational humanoid or intelligible speaking creature.,
FalloutNV.esm|0003A588,FalloutNV.esm,0003A588,0003A588,Fallout3.esm,FFER08Prey,,,,unknown,,,FFEEncHunterPrey [LVLC:0003A589],0,0,0,1,false,false,exclude_not_actor,Ambient/scenery actor or record without a usable identity.,
FalloutNV.esm|0003A6F8,FalloutNV.esm,0003A6F8,0003A6F8,FalloutNV.esm,LvlAnt,,,,unknown,,,EncAnt [LVLC:00021EBC],0,0,0,3,false,false,exclude_not_actor,Ambient/scenery actor or record without a usable identity.,
FalloutNV.esm|0003A6FA,FalloutNV.esm,0003A6FA,0003A6FA,FalloutNV.esm,LvlFeralGhoul,,,,unknown,,,EncFeralGhoul [LVLC:000235A7],0,0,0,24,false,false,exclude_not_actor,Ambient/scenery actor or record without a usable identity.,
FalloutNV.esm|0003A6FB,FalloutNV.esm,0003A6FB,0003A6FB,FalloutNV.esm,LvlMirelurk,,,,unknown,,,EncMirelurk [LVLC:000235A2],0,0,0,157,false,false,exclude_not_actor,Ambient/scenery actor or record without a usable identity.,
FalloutNV.esm|0003A6FC,FalloutNV.esm,0003A6FC,0003A6FC,FalloutNV.esm,LvlRadscorpion,,,,unknown,,,EncRadScorpion [LVLC:0002359D],0,0,0,13,false,false,exclude_not_actor,Ambient/scenery actor or record without a usable identity.,
FalloutNV.esm|0003A6FD,FalloutNV.esm,0003A6FD,0003A6FD,FalloutNV.esm,LvlSupermutantGun,,,,unknown,,,EncSuperMutantGun [LVLC:0002359F],0,0,0,1,false,false,exclude_not_actor,Ambient/scenery actor or record without a usable identity.,
FalloutNV.esm|0003A6FE,FalloutNV.esm,0003A6FE,0003A6FE,FalloutNV.esm,LvlSupermutantMelee,,,,unknown,,,EncSuperMutantMelee [LVLC:0003A14A],0,0,0,1,false,false,exclude_not_actor,Ambient/scenery actor or record without a usable identity.,
FalloutNV.esm|0003AEF7,FalloutNV.esm,0003AEF7,0003AEF7,FalloutNV.esm,AudioTemplateRadRoach,AudioTemplateRadRoach,,,unknown,,VoiceDoNotRecordF [VTYP:00094EED],,0,0,0,16,false,false,exclude_unused,"Template, corpse, test, cut, or non-reachable archetype record without a distinct new roleplay profile.",
FalloutNV.esm|0003CAC5,FalloutNV.esm,0003CAC5,0003CAC5,Fallout3.esm,RHSSuperMutantGrenadier,,,,unknown,,,VarSupermutant2MeleeDC [LVLC:06094ED2],0,0,0,1,false,false,exclude_not_actor,Ambient/scenery actor or record without a usable identity.,
FalloutNV.esm|0003D34E,FalloutNV.esm,0003D34E,0003D34E,TaleOfTwoWastelands.esm,MQ08Fawkes,Fawkes,,,unknown,Creatures\SMSpineBreakerDC\Skeleton.nif,CreatureSuperMutantDC [VTYP:06019FD9],,0,0,307,320,false,false,exclude_talking,Conversational humanoid or intelligible speaking creature.,
FalloutNV.esm|0003D807,FalloutNV.esm,0003D807,0003D807,Fallout3.esm,MisterKellerGlowingOne,Glowing One,,,unknown,Creatures\GhoulDC\Skeleton.nif,CreatureFeralGhoulDC [VTYP:0607AE96],CrFeralGhoulGlowingOneDC [CREA:0601CF7B],0,0,0,2,false,false,exclude_not_actor,Robot or automated turret reserved for the robot pass.,
FalloutNV.esm|0003E632,FalloutNV.esm,0003E632,0003E632,TaleOfTwoWastelands.esm,AudioTemplateDog,AudioTemplateDog,,,unknown,,VoiceDoNotRecordF [VTYP:00094EED],,0,0,0,174,false,false,exclude_unused,"Template, corpse, test, cut, or non-reachable archetype record without a distinct new roleplay profile.",
FalloutNV.esm|0003FB04,FalloutNV.esm,0003FB04,0003FB04,TaleOfTwoWastelands.esm,AudioTemplateYaoGuai,AudioTemplateYaoGuai,,,unknown,,VoiceDoNotRecordF [VTYP:00094EED],,0,0,0,29,false,false,exclude_unused,"Template, corpse, test, cut, or non-reachable archetype record without a distinct new roleplay profile.",
FalloutNV.esm|0003FC72,FalloutNV.esm,0003FC72,0003FC72,FalloutNV.esm,FFER67EnclaveDeathclaw,Deathclaw,,,unknown,Creatures\DeathClaw\Skeleton.nif,VoiceDoNotRecordF [VTYP:00094EED],CrDeathClawEnclave [CREA:0001CF72],0,0,0,5,false,false,include_nonverbal,Reachable official non-verbal creature mapped to a reviewed archetype.,deathclaw
FalloutNV.esm|000406AA,FalloutNV.esm,000406AA,000406AA,Fallout3.esm,FFER10Robot,,,,unknown,marker_creature.nif,,LvlRobotArmy [CREA:000A5C70],0,0,0,1,false,false,exclude_not_actor,Robot or automated turret reserved for the robot pass.,
FalloutNV.esm|00040C4A,FalloutNV.esm,00040C4A,00040C4A,Fallout3.esm,FFER62Eyebot,Enclave Eyebot,,,unknown,Creatures\Eyebot\Skeleton.nif,,CrEyebotEnclave [CREA:0001CF73],0,0,0,3,false,false,exclude_not_actor,Robot or automated turret reserved for the robot pass.,
FalloutNV.esm|00040EF9,FalloutNV.esm,00040EF9,00040EF9,Fallout3.esm,FFER63Prey,,,,unknown,,,FFEEncHunterPrey [LVLC:0003A589],0,0,0,2,false,false,exclude_not_actor,Ambient/scenery actor or record without a usable identity.,
FalloutNV.esm|00042883,FalloutNV.esm,00042883,00042883,Fallout3.esm,LDLOBEBossLvlRobot,,,,unknown,,,NtlGuardDepotEncRobot [LVLC:00094883],0,0,0,1,false,false,exclude_not_actor,Robot or automated turret reserved for the robot pass.,
FalloutNV.esm|00042884,FalloutNV.esm,00042884,00042884,Fallout3.esm,LDLOBE03GuardLvlRobot,,,,unknown,,,NtlGuardDepotEncRobot [LVLC:00094883],0,0,0,1,false,false,exclude_not_actor,Robot or automated turret reserved for the robot pass.,
FalloutNV.esm|00043EC0,FalloutNV.esm,00043EC0,00043EC0,Fallout3.esm,LDMuseumTechBossLvlSupermutantGun,,,,unknown,,,EncSuperMutantGunDC [LVLC:0602359F],0,0,0,1,false,false,exclude_not_actor,Ambient/scenery actor or record without a usable identity.,
FalloutNV.esm|00047E87,FalloutNV.esm,00047E87,00047E87,Fallout3.esm,OasisKingSniper,Mirelurk King,,,unknown,Creatures\MirelurkKing\Skeleton.nif,VoiceDoNotRecordF [VTYP:00094EED],CrMirelurk3King [CREA:0007C6EF],0,0,0,2,false,false,include_nonverbal,Reachable official non-verbal creature mapped to a reviewed archetype.,mirelurk_king
FalloutNV.esm|00047E8B,FalloutNV.esm,00047E8B,00047E8B,Fallout3.esm,OasisMirelurkAmbusher,Mirelurk,,,unknown,Creatures\Mirelurk\Skeleton.nif,VoiceDoNotRecordF [VTYP:00094EED],CrMirelurk1 [CREA:0001CF83],0,0,0,3,false,false,include_nonverbal,Reachable official non-verbal creature mapped to a reviewed archetype.,mirelurk
FalloutNV.esm|00047FAA,FalloutNV.esm,00047FAA,00047FAA,FalloutNV.esm,LvlTurret1024raider,,,,unknown,,,EncTurret [LVLC:0007D40F],0,0,0,1,false,false,exclude_not_actor,Robot or automated turret reserved for the robot pass.,
FalloutNV.esm|00049436,FalloutNV.esm,00049436,00049436,Fallout3.esm,LDMallLvlSupermutantGunPatrolWeaponDrawn,,,,unknown,,,EncSuperMutantGunDC [LVLC:0602359F],0,0,0,9,false,false,exclude_not_actor,Ambient/scenery actor or record without a usable identity.,
FalloutNV.esm|0004B03D,FalloutNV.esm,0004B03D,0004B03D,Fallout3.esm,LDGermHQSuperMutant,,,,unknown,,,EncSuperMutantGunDC [LVLC:0602359F],0,0,0,1,false,false,exclude_not_actor,Ambient/scenery actor or record without a usable identity.,
FalloutNV.esm|0004BAF4,FalloutNV.esm,0004BAF4,0004BAF4,Fallout3.esm,LDCrSuperMutantBehemothCapitolBuilding,Super Mutant Behemoth,,,unknown,Creatures\SMBehemoth\Skeleton.nif,CreatureSupMutBehemoth [VTYP:00022429],CrSuperMutantBehemoth [CREA:0001CF95],0,0,0,3,false,false,exclude_talking,Conversational humanoid or intelligible speaking creature.,
FalloutNV.esm|0004C67D,FalloutNV.esm,0004C67D,0004C67D,TaleOfTwoWastelands.esm,FEVSubject,Failed FEV Subject,,,unknown,Creatures\FailedFEVSubject\FailedFEVSubject.NIF,CreatureSuperMutantDC [VTYP:06019FD9],,0,0,0,4,false,false,exclude_unused,"Template, corpse, test, cut, or non-reachable archetype record without a distinct new roleplay profile.",
FalloutNV.esm|0004D036,FalloutNV.esm,0004D036,0004D036,TaleOfTwoWastelands.esm,AudioTemplateRobotMrHandy,AudioTemplateRobotMrHandy,,,unknown,,,,0,0,0,155,false,false,exclude_not_actor,Robot or automated turret reserved for the robot pass.,
FalloutNV.esm|0004E13D,FalloutNV.esm,0004E13D,0004E13D,Fallout3.esm,FFER68Centaur,,,,unknown,marker_creature.nif,,LvlSupermutantMeleeCentaurDC [CREA:06058771],0,0,0,2,false,false,exclude_not_actor,Ambient/scenery actor or record without a usable identity.,
FalloutNV.esm|0004E5EB,FalloutNV.esm,0004E5EB,0004E5EB,TaleOfTwoWastelands.esm,RadscorpionHunter,,,,unknown,,,EncSuperMutantMeleeDC [LVLC:0603A14A],0,0,0,1,false,false,exclude_not_actor,Ambient/scenery actor or record without a usable identity.,
FalloutNV.esm|0004E5FD,FalloutNV.esm,0004E5FD,0004E5FD,TaleOfTwoWastelands.esm,RadscorpionHunterPrey,Mole Rat,,,unknown,Creatures\MoleRat\skeleton.nif,VoiceDoNotRecordF [VTYP:00094EED],CrMoleRat [CREA:0001CF9F],0,0,0,5,false,false,include_nonverbal,Reachable official non-verbal creature mapped to a reviewed archetype.,mole_rat
FalloutNV.esm|0004EE09,FalloutNV.esm,0004EE09,0004EE09,Fallout3.esm,FFER65EnclaveDeathclaw,Deathclaw,,,unknown,Creatures\DeathClaw\Skeleton.nif,VoiceDoNotRecordF [VTYP:00094EED],CrDeathClawEnclave [CREA:0001CF72],0,0,0,5,false,false,include_nonverbal,Reachable official non-verbal creature mapped to a reviewed archetype.,deathclaw
FalloutNV.esm|0004F793,FalloutNV.esm,0004F793,0004F793,TaleOfTwoWastelands.esm,FFER66UncleLeo,Uncle Leo,,,unknown,Creatures\SMSpineBreakerDC\Skeleton.nif,CreatureSuperMutantDC [VTYP:06019FD9],CrSuperMutant3MeleeADC [CREA:06092C4E],0,0,50,54,false,false,exclude_talking,Conversational humanoid or intelligible speaking creature.,
FalloutNV.esm|00051DCE,FalloutNV.esm,00051DCE,00051DCE,Fallout3.esm,FFSuperMutantPrisoner,,,,unknown,,,EncSuperMutantMeleeDC [LVLC:0603A14A],0,0,0,1,false,false,exclude_not_actor,Ambient/scenery actor or record without a usable identity.,
FalloutNV.esm|000522DB,FalloutNV.esm,000522DB,000522DB,TaleOfTwoWastelands.esm,CG04Radroach,Radroach,,,unknown,Creatures\Radroach\skeleton.nif,VoiceDoNotRecordF [VTYP:00094EED],CrRadroachDC [CREA:0601CF7C],0,0,0,22,false,false,include_nonverbal,Reachable official non-verbal creature mapped to a reviewed archetype.,radroach
FalloutNV.esm|00053389,FalloutNV.esm,00053389,00053389,Fallout3.esm,RaiderMoleRatRace01,Mole Rat,,,unknown,Creatures\MoleRat\skeleton.nif,VoiceDoNotRecordF [VTYP:00094EED],CrMoleRat [CREA:0001CF9F],0,0,0,3,false,false,include_nonverbal,Reachable official non-verbal creature mapped to a reviewed archetype.,mole_rat
FalloutNV.esm|0005378C,FalloutNV.esm,0005378C,0005378C,Fallout3.esm,RaiderMoleRatRace02,Mole Rat,,,unknown,Creatures\MoleRat\skeleton.nif,VoiceDoNotRecordF [VTYP:00094EED],CrMoleRat [CREA:0001CF9F],0,0,0,3,false,false,include_nonverbal,Reachable official non-verbal creature mapped to a reviewed archetype.,mole_rat
FalloutNV.esm|000569B2,FalloutNV.esm,000569B2,000569B2,FalloutNV.esm,CG04RadroachGuard,Radroach,,,unknown,Creatures\Radroach\skeleton.nif,,CG04Radroach [CREA:000522DB],0,0,0,4,false,false,include_nonverbal,Reachable official non-verbal creature mapped to a reviewed archetype.,radroach
FalloutNV.esm|00058627,FalloutNV.esm,00058627,00058627,Fallout3.esm,Dunwich02FeralGhoulGlowingOne,Glowing One,,,unknown,Creatures\GhoulDC\Skeleton.nif,CreatureFeralGhoulDC [VTYP:0607AE96],CrFeralGhoulGlowingOneDC [CREA:0601CF7B],0,0,0,2,false,false,include_nonverbal,Reachable official non-verbal creature mapped to a reviewed archetype.,glowing_one
FalloutNV.esm|00058771,FalloutNV.esm,00058771,00058771,FalloutNV.esm,LvlSupermutantMeleeCentaur,,,,unknown,,,EncSuperMutantMeleeCentaur [LVLC:0005876F],0,0,0,1,false,false,exclude_not_actor,Ambient/scenery actor or record without a usable identity.,
FalloutNV.esm|00058A0C,FalloutNV.esm,00058A0C,00058A0C,Fallout3.esm,FFEU10Robot1,Mister Handy,,,unknown,Creatures\MisterGutsy\Skeleton.nif,RobotMisterHandyDC [VTYP:06019FDC],CrMisterHandyDC [CREA:0602977A],0,0,17,18,false,false,exclude_not_actor,Robot or automated turret reserved for the robot pass.,
FalloutNV.esm|00059987,FalloutNV.esm,00059987,00059987,Fallout3.esm,FFER11Eyebot,Enclave Eyebot,,,unknown,Creatures\Eyebot\Skeleton.nif,,CrEyebotEnclave [CREA:0001CF73],0,0,0,1,false,false,exclude_not_actor,Robot or automated turret reserved for the robot pass.,
FalloutNV.esm|00059BA6,FalloutNV.esm,00059BA6,00059BA6,Fallout3.esm,LD87bSMLabScare,,,,unknown,marker_creature.nif,,EncSuperMutantGunDC [LVLC:0602359F],0,0,0,1,false,false,exclude_not_actor,Ambient/scenery actor or record without a usable identity.,
FalloutNV.esm|00059BB7,FalloutNV.esm,00059BB7,00059BB7,Fallout3.esm,LD87bSuperMutantGalleyR02,,,,unknown,marker_creature.nif,,EncSuperMutantGunDC [LVLC:0602359F],0,0,0,1,false,false,exclude_not_actor,Ambient/scenery actor or record without a usable identity.,
FalloutNV.esm|00059BBA,FalloutNV.esm,00059BBA,00059BBA,Fallout3.esm,LD87bSuperMutantGalleyR01,,,,unknown,marker_creature.nif,,EncSuperMutantGunDC [LVLC:0602359F],0,0,0,1,false,false,exclude_not_actor,Ambient/scenery actor or record without a usable identity.,
FalloutNV.esm|00059BBD,FalloutNV.esm,00059BBD,00059BBD,Fallout3.esm,LD87bSuperMutantGalleyL02,,,,unknown,marker_creature.nif,,EncSuperMutantGunDC [LVLC:0602359F],0,0,0,1,false,false,exclude_not_actor,Ambient/scenery actor or record without a usable identity.,
FalloutNV.esm|00059BC0,FalloutNV.esm,00059BC0,00059BC0,Fallout3.esm,LD87bSuperMutantGalleyL01,,,,unknown,marker_creature.nif,,EncSuperMutantGunDC [LVLC:0602359F],0,0,0,1,false,false,exclude_not_actor,Ambient/scenery actor or record without a usable identity.,
FalloutNV.esm|0005AE49,FalloutNV.esm,0005AE49,0005AE49,Fallout3.esm,CrEyebotEnclaveVertibird,Enclave Eyebot,,,unknown,Creatures\Eyebot\Skeleton.nif,,CrEyebotEnclave [CREA:0001CF73],0,0,0,58,false,false,exclude_not_actor,Robot or automated turret reserved for the robot pass.,
FalloutNV.esm|0005B3BE,FalloutNV.esm,0005B3BE,0005B3BE,TaleOfTwoWastelands.esm,RadroachGoldRibbon,Radroach,,,unknown,Creatures\Radroach\skeleton.nif,VoiceDoNotRecordF [VTYP:00094EED],CrRadroachDC [CREA:0601CF7C],0,0,0,1,false,false,include_nonverbal,Reachable official non-verbal creature mapped to a reviewed archetype.,radroach
FalloutNV.esm|0005B538,FalloutNV.esm,0005B538,0005B538,TaleOfTwoWastelands.esm,germPoliceHQRadRoach,Radroach,,,unknown,Creatures\Radroach\skeleton.nif,VoiceDoNotRecordF [VTYP:00094EED],CrRadroachDC [CREA:0601CF7C],0,0,0,14,false,false,include_nonverbal,Reachable official non-verbal creature mapped to a reviewed archetype.,radroach
FalloutNV.esm|0005BB02,FalloutNV.esm,0005BB02,0005BB02,TaleOfTwoWastelands.esm,RobcoRobot,Protectron,,,unknown,Creatures\Protectron\skeleton.nif,RobotProtectronDC [VTYP:06019FDA],DeadProtectron [CREA:000A4426],0,0,0,16,false,false,exclude_not_actor,Robot or automated turret reserved for the robot pass.,
FalloutNV.esm|0005BB10,FalloutNV.esm,0005BB10,0005BB10,Fallout3.esm,RobcoMoleRat,Mole Rat,,,unknown,Creatures\MoleRat\skeleton.nif,VoiceDoNotRecordF [VTYP:00094EED],CrMoleRat [CREA:0001CF9F],0,0,0,15,false,false,include_nonverbal,Reachable official non-verbal creature mapped to a reviewed archetype.,mole_rat
FalloutNV.esm|0005BB11,FalloutNV.esm,0005BB11,0005BB11,TaleOfTwoWastelands.esm,RobcoProtectron,Protectron,,,unknown,Creatures\Protectron\skeleton.nif,RobotProtectronDC [VTYP:06019FDA],CrProtectronDC [CREA:0601CF8F],0,0,0,4,false,false,exclude_not_actor,Robot or automated turret reserved for the robot pass.,
FalloutNV.esm|0005CC51,FalloutNV.esm,0005CC51,0005CC51,TaleOfTwoWastelands.esm,AudioTemplateRobotSentrybot,AudioTemplateRobotSentrybot,,,unknown,,,,0,0,0,163,false,false,exclude_not_actor,Robot or automated turret reserved for the robot pass.,
FalloutNV.esm|0005CC52,FalloutNV.esm,0005CC52,0005CC52,TaleOfTwoWastelands.esm,AudioTemplateRobotRobobrain,AudioTemplateRobotRobobrain,,,unknown,,,,0,0,0,82,false,false,exclude_not_actor,Robot or automated turret reserved for the robot pass.,
FalloutNV.esm|0005CC80,FalloutNV.esm,0005CC80,0005CC80,TaleOfTwoWastelands.esm,DeadDogVicious,Vicious Dog,,,unknown,Creatures\Dog\Skeleton.nif,VoiceDoNotRecordF [VTYP:00094EED],,0,0,0,8,false,false,include_nonverbal,Reachable official non-verbal creature mapped to a reviewed archetype.,vicious_dog
FalloutNV.esm|0005CF6E,FalloutNV.esm,0005CF6E,0005CF6E,TaleOfTwoWastelands.esm,AudioTemplateRobotEyebot,AudioTemplateRobotEyebot,,,unknown,,,,0,0,0,34,false,false,exclude_not_actor,Robot or automated turret reserved for the robot pass.,
FalloutNV.esm|0005F22D,FalloutNV.esm,0005F22D,0005F22D,Fallout3.esm,BethesdaGhoul,,,,unknown,marker_creature.nif,,LvlFeralGhoulDC [CREA:0603A6FA],0,0,0,6,false,false,exclude_not_actor,Ambient/scenery actor or record without a usable identity.,
FalloutNV.esm|0005F9CA,FalloutNV.esm,0005F9CA,0005F9CA,TaleOfTwoWastelands.esm,CrSentryBotMG,Sentry Bot,,,unknown,Creatures\SentryBot\Skeleton.nif,RobotSentryBot [VTYP:00019FDB],CrSentryBotGLArmy [CREA:000A5C6E],0,1,0,11,false,false,exclude_not_actor,Robot or automated turret reserved for the robot pass.,
FalloutNV.esm|0005F9CB,FalloutNV.esm,0005F9CB,0005F9CB,TaleOfTwoWastelands.esm,CrSentryBotMGOutcast,Outcast Sentry Bot,,,unknown,Creatures\SentryBot\Skeleton.nif,RobotSentryBotDC [VTYP:06019FDB],CrSentryBotMGDC [CREA:0605F9CA],0,1,0,3,false,false,exclude_not_actor,Robot or automated turret reserved for the robot pass.,
FalloutNV.esm|0005F9CC,FalloutNV.esm,0005F9CC,0005F9CC,TaleOfTwoWastelands.esm,CrSentryBotMGSteel,Brotherhood Sentry Bot,,,unknown,Creatures\SentryBot\Skeleton.nif,RobotSentryBotDC [VTYP:06019FDB],CrSentryBotMGDC [CREA:0605F9CA],0,1,0,3,false,false,exclude_not_actor,Robot or automated turret reserved for the robot pass.,
FalloutNV.esm|0005F9D1,FalloutNV.esm,0005F9D1,0005F9D1,TaleOfTwoWastelands.esm,CrSentryBotMGEnclave,Enclave Sentry Bot,,,unknown,Creatures\SentryBot\Skeleton.nif,RobotSentryBotDC [VTYP:06019FDB],CrSentryBotMGDC [CREA:0605F9CA],0,2,0,3,false,false,exclude_not_actor,Robot or automated turret reserved for the robot pass.,
FalloutNV.esm|0005FCCB,FalloutNV.esm,0005FCCB,0005FCCB,TaleOfTwoWastelands.esm,AudioTemplateRobotProtectron,AudioTemplateRobotProtectron,,,unknown,,,,0,0,0,212,false,false,exclude_not_actor,Robot or automated turret reserved for the robot pass.,
FalloutNV.esm|000603AA,FalloutNV.esm,000603AA,000603AA,TaleOfTwoWastelands.esm,RobcoTurretCeiling,Mark I Turret,,,unknown,Creatures\MiniSentryTurret\Skeleton.nif,RobotEyebot [VTYP:00040D41],CrTurretCeiling01 [CREA:000A84B8],0,0,0,7,false,false,exclude_not_actor,Robot or automated turret reserved for the robot pass.,
FalloutNV.esm|00062DEA,FalloutNV.esm,00062DEA,00062DEA,Fallout3.esm,EnclaveWastelandPatrolC1,Enclave Eyebot,,,unknown,Creatures\Eyebot\Skeleton.nif,,CrEyebotEnclave [CREA:0001CF73],0,0,0,2,false,false,exclude_not_actor,Robot or automated turret reserved for the robot pass.,
FalloutNV.esm|00062EAC,FalloutNV.esm,00062EAC,00062EAC,Fallout3.esm,EnclaveWastelandPatrolD1,Enclave Eyebot,,,unknown,Creatures\Eyebot\Skeleton.nif,,CrEyebotEnclave [CREA:0001CF73],0,0,0,2,false,false,exclude_not_actor,Robot or automated turret reserved for the robot pass.,
FalloutNV.esm|0006490C,FalloutNV.esm,0006490C,0006490C,Fallout3.esm,CG04RadroachSpawn,Radroach,,,unknown,Creatures\Radroach\skeleton.nif,,CrRadroachDC [CREA:0601CF7C],0,0,0,4,false,false,include_nonverbal,Reachable official non-verbal creature mapped to a reviewed archetype.,radroach
FalloutNV.esm|00065712,FalloutNV.esm,00065712,00065712,TaleOfTwoWastelands.esm,AudioTemplateFeralGhoul,AudioTemplateFeralGhoul,,,unknown,,CreatureGhoul [VTYP:0001F97F],,0,0,0,106,false,false,exclude_unused,"Template, corpse, test, cut, or non-reachable archetype record without a distinct new roleplay profile.",
FalloutNV.esm|0006639E,FalloutNV.esm,0006639E,0006639E,TaleOfTwoWastelands.esm,MS02Protectron1,Percival,,,unknown,Creatures\Protectron\skeleton.nif,RobotProtectronDC [VTYP:06019FDA],,0,2,0,1,false,false,exclude_not_actor,Robot or automated turret reserved for the robot pass.,
FalloutNV.esm|0006639F,FalloutNV.esm,0006639F,0006639F,TaleOfTwoWastelands.esm,MS02Protectron2,Percival,,,unknown,Creatures\Protectron\skeleton.nif,RobotProtectronDC [VTYP:06019FDA],,0,2,0,1,false,false,exclude_not_actor,Robot or automated turret reserved for the robot pass.,
FalloutNV.esm|000663A4,FalloutNV.esm,000663A4,000663A4,TaleOfTwoWastelands.esm,MS02Protectron3,Percival,,,unknown,Creatures\Protectron\skeleton.nif,RobotProtectronDC [VTYP:06019FDA],,0,2,0,1,false,false,exclude_not_actor,Robot or automated turret reserved for the robot pass.,
FalloutNV.esm|000663A5,FalloutNV.esm,000663A5,000663A5,TaleOfTwoWastelands.esm,MS02Protectron4,Percival,,,unknown,Creatures\Protectron\skeleton.nif,RobotProtectronDC [VTYP:06019FDA],,0,2,0,1,false,false,exclude_not_actor,Robot or automated turret reserved for the robot pass.,
FalloutNV.esm|00067386,FalloutNV.esm,00067386,00067386,FalloutNV.esm,LvlTurret2048off,,,,unknown,,,EncTurret [LVLC:0007D40F],0,0,0,5,false,false,exclude_not_actor,Robot or automated turret reserved for the robot pass.,
FalloutNV.esm|00068646,FalloutNV.esm,00068646,00068646,TaleOfTwoWastelands.esm,Vault87aCentaur,,,,unknown,marker_creature.nif,,TTWCrCentaurLevelled [CREA:1007908D],0,0,0,3,false,false,exclude_not_actor,Ambient/scenery actor or record without a usable identity.,
FalloutNV.esm|0006B237,FalloutNV.esm,0006B237,0006B237,TaleOfTwoWastelands.esm,CG04Andy,Andy,,,unknown,Creatures\MisterGutsy\Skeleton.nif,RobotMisterHandyDC [VTYP:06019FDC],CrMisterHandyDC [CREA:0602977A],0,0,26,30,false,false,exclude_not_actor,Robot or automated turret reserved for the robot pass.,
FalloutNV.esm|0006B238,FalloutNV.esm,0006B238,0006B238,TaleOfTwoWastelands.esm,CG04RadroachStanley,Radroach,,,unknown,Creatures\Radroach\skeleton.nif,VoiceDoNotRecordF [VTYP:00094EED],CrRadroachDC [CREA:0601CF7C],0,0,0,13,false,false,include_nonverbal,Reachable official non-verbal creature mapped to a reviewed archetype.,radroach
FalloutNV.esm|0006B970,FalloutNV.esm,0006B970,0006B970,Fallout3.esm,CG04RadroachGloriaMack,Radroach,,,unknown,Creatures\Radroach\skeleton.nif,,CrRadroachDC [CREA:0601CF7C],0,0,0,3,false,false,include_nonverbal,Reachable official non-verbal creature mapped to a reviewed archetype.,radroach
FalloutNV.esm|0006C48F,FalloutNV.esm,0006C48F,0006C48F,Fallout3.esm,redRacerMonster,Stefan,,,unknown,Creatures\Ghoul\Skeleton.nif,CreatureFeralGhoulDC [VTYP:0607AE96],CrFeralGhoulGlowingOneDC [CREA:0601CF7B],0,0,0,1,false,false,exclude_unused,A maintained named biography already exists; do not duplicate it.,
FalloutNV.esm|0006C559,FalloutNV.esm,0006C559,0006C559,Fallout3.esm,redRacerFeralGhoul,,,,unknown,,,EncFeralGhoulDC [LVLC:060235A7],0,0,0,41,false,false,exclude_not_actor,Ambient/scenery actor or record without a usable identity.,
FalloutNV.esm|0006C5CB,FalloutNV.esm,0006C5CB,0006C5CB,TaleOfTwoWastelands.esm,OutcastWastelandPatrolB1,Outcast Robobrain,,,unknown,Creatures\Robobrain\skeleton.nif,RobotRoboBrainDC [VTYP:06019FDE],CrRobobrainOutcastDC [CREA:0601CF70],0,0,0,1,false,false,exclude_not_actor,Robot or automated turret reserved for the robot pass.,
FalloutNV.esm|0006C5CC,FalloutNV.esm,0006C5CC,0006C5CC,FalloutNV.esm,FFER80OutcastRobot1,,,,unknown,marker_creature.nif,,LvlRobotOutcast [CREA:000A5C72],0,0,0,2,false,false,exclude_not_actor,Robot or automated turret reserved for the robot pass.,
FalloutNV.esm|0006C5CD,FalloutNV.esm,0006C5CD,0006C5CD,FalloutNV.esm,FFER52OutcastRobot1,,,,unknown,marker_creature.nif,,LvlRobotOutcast [CREA:000A5C72],0,0,0,2,false,false,exclude_not_actor,Robot or automated turret reserved for the robot pass.,
FalloutNV.esm|0006C5CE,FalloutNV.esm,0006C5CE,0006C5CE,TaleOfTwoWastelands.esm,OutcastWastelandPatrolA1,Outcast Protectron,,,unknown,Creatures\Protectron\skeleton.nif,RobotProtectronDC [VTYP:06019FDA],CrProtectronOutcastDC [CREA:0601CF8D],0,0,0,1,false,false,exclude_not_actor,Robot or automated turret reserved for the robot pass.,
FalloutNV.esm|0006D94F,FalloutNV.esm,0006D94F,0006D94F,Fallout3.esm,DCWorld05Behemoth,Super Mutant Behemoth,,,unknown,Creatures\SMBehemoth\Skeleton.nif,CreatureSupMutBehemoth [VTYP:00022429],CrSuperMutantBehemoth [CREA:0001CF95],0,0,0,2,false,false,exclude_talking,Conversational humanoid or intelligible speaking creature.,
FalloutNV.esm|0006EE18,FalloutNV.esm,0006EE18,0006EE18,TaleOfTwoWastelands.esm,AudioTemplateCentaur,AudioTemplateCentaur,,,unknown,,VoiceDoNotRecordF [VTYP:00094EED],,0,0,0,28,false,false,exclude_unused,"Template, corpse, test, cut, or non-reachable archetype record without a distinct new roleplay profile.",
FalloutNV.esm|0006F587,FalloutNV.esm,0006F587,0006F587,TaleOfTwoWastelands.esm,FFER70Ant,,,,unknown,marker_creature.nif,,MS02Ant [CREA:0009467F],0,0,0,2,false,false,exclude_not_actor,Ambient/scenery actor or record without a usable identity.,
FalloutNV.esm|0007079D,FalloutNV.esm,0007079D,0007079D,TaleOfTwoWastelands.esm,AudioTemplateMoleRat,AudioTemplateMoleRat,,,unknown,,VoiceDoNotRecordF [VTYP:00094EED],,0,0,0,42,false,false,exclude_unused,"Template, corpse, test, cut, or non-reachable archetype record without a distinct new roleplay profile.",
FalloutNV.esm|000710A3,FalloutNV.esm,000710A3,000710A3,TaleOfTwoWastelands.esm,AudioTemplateMirelurk,AudioTemplateMirelurk,,,unknown,,VoiceDoNotRecordF [VTYP:00094EED],,0,0,0,42,false,false,exclude_unused,"Template, corpse, test, cut, or non-reachable archetype record without a distinct new roleplay profile.",
FalloutNV.esm|00071896,FalloutNV.esm,00071896,00071896,TaleOfTwoWastelands.esm,LvlRobotMilitaryTruck,,,,unknown,,,EncRobotMilitaryTruckWasteland [LVLC:00071893],0,0,0,4,false,false,exclude_not_actor,Robot or automated turret reserved for the robot pass.,
FalloutNV.esm|00073204,FalloutNV.esm,00073204,00073204,FalloutNV.esm,LvlRobotTalonCompany,,,,unknown,,,EncRobotTalon [LVLC:00070ECF],0,0,0,15,false,false,exclude_not_actor,Robot or automated turret reserved for the robot pass.,
FalloutNV.esm|0007323E,FalloutNV.esm,0007323E,0007323E,Fallout3.esm,FFER05Dog,Scavenger's Dog,,,unknown,Creatures\Dog\Skeleton.nif,VoiceDoNotRecordF [VTYP:00094EED],DogScavengerDC [CREA:060C938B],0,0,0,1,false,false,exclude_unused,"Template, corpse, test, cut, or non-reachable archetype record without a distinct new roleplay profile.",
FalloutNV.esm|00073242,FalloutNV.esm,00073242,00073242,Fallout3.esm,FFER10Dog,Scavenger's Dog,,,unknown,Creatures\Dog\Skeleton.nif,VoiceDoNotRecordF [VTYP:00094EED],DogScavengerDC [CREA:060C938B],0,0,0,1,false,false,exclude_unused,"Template, corpse, test, cut, or non-reachable archetype record without a distinct new roleplay profile.",
FalloutNV.esm|00073E07,FalloutNV.esm,00073E07,00073E07,Fallout3.esm,FFER15Dog,Scavenger's Dog,,,unknown,Creatures\Dog\Skeleton.nif,VoiceDoNotRecordF [VTYP:00094EED],DogScavengerDC [CREA:060C938B],0,0,0,1,false,false,exclude_unused,"Template, corpse, test, cut, or non-reachable archetype record without a distinct new roleplay profile.",
FalloutNV.esm|00073E10,FalloutNV.esm,00073E10,00073E10,Fallout3.esm,FFER58Dog,Scavenger's Dog,,,unknown,Creatures\Dog\Skeleton.nif,VoiceDoNotRecordF [VTYP:00094EED],DogScavengerDC [CREA:060C938B],0,0,0,2,false,false,exclude_unused,"Template, corpse, test, cut, or non-reachable archetype record without a distinct new roleplay profile.",
FalloutNV.esm|00073E1D,FalloutNV.esm,00073E1D,00073E1D,Fallout3.esm,FFER73Dog,Scavenger's Dog,,,unknown,Creatures\Dog\Skeleton.nif,VoiceDoNotRecordF [VTYP:00094EED],DogScavengerDC [CREA:060C938B],0,0,0,2,false,false,exclude_unused,"Template, corpse, test, cut, or non-reachable archetype record without a distinct new roleplay profile.",
FalloutNV.esm|0007480F,FalloutNV.esm,0007480F,0007480F,Fallout3.esm,FFMutantCamp02LvlSupermutantMinigun,,,,unknown,,,EncSuperMutantMinigunDC [LVLC:06092C53],0,0,0,1,false,false,exclude_not_actor,Ambient/scenery actor or record without a usable identity.,
FalloutNV.esm|00076926,FalloutNV.esm,00076926,00076926,FalloutNV.esm,CrDogWastelander,Dog,,,unknown,Creatures\Dog\Skeleton.nif,VoiceDoNotRecordF [VTYP:00094EED],CrDog [CREA:0001CF9C],0,0,0,3,false,false,include_nonverbal,Reachable official non-verbal creature mapped to a reviewed archetype.,dog
FalloutNV.esm|0007B235,FalloutNV.esm,0007B235,0007B235,TaleOfTwoWastelands.esm,CrTurret01,Mark II Turret,,,unknown,Creatures\SentryTurret\skeleton.nif,RobotEyebot [VTYP:00040D41],,0,3,0,15,false,false,exclude_not_actor,Robot or automated turret reserved for the robot pass.,
FalloutNV.esm|0007B23B,FalloutNV.esm,0007B23B,0007B23B,TaleOfTwoWastelands.esm,CrTurret02,Mark IV Turret,,,unknown,Creatures\SentryTurret\skeleton.nif,RobotEyebot [VTYP:00040D41],,0,3,0,9,false,false,exclude_not_actor,Robot or automated turret reserved for the robot pass.,
FalloutNV.esm|0007B23C,FalloutNV.esm,0007B23C,0007B23C,TaleOfTwoWastelands.esm,CrTurret03,Mark VI Turret,,,unknown,Creatures\SentryTurret\skeleton.nif,RobotEyebot [VTYP:00040D41],,0,3,0,13,false,false,exclude_not_actor,Robot or automated turret reserved for the robot pass.,
FalloutNV.esm|0007B861,FalloutNV.esm,0007B861,0007B861,TaleOfTwoWastelands.esm,CapitolBuildingLvlSupermutantMiniGun,,,,unknown,,,EncSuperMutantMinigunDC [LVLC:06092C53],0,0,0,2,false,false,exclude_not_actor,Ambient/scenery actor or record without a usable identity.,
FalloutNV.esm|0007BDA7,FalloutNV.esm,0007BDA7,0007BDA7,TaleOfTwoWastelands.esm,fortBMisterGutsySteel,Mister Gutsy,,,unknown,Creatures\MisterGutsy\Skeleton.nif,RobotMisterGutsyDC [VTYP:06019FDD],CrMisterGutsyDC [CREA:06021EBD],0,0,0,3,false,false,exclude_not_actor,Robot or automated turret reserved for the robot pass.,
FalloutNV.esm|0007C166,FalloutNV.esm,0007C166,0007C166,FalloutNV.esm,LvlEnclaveCompanion,,,,unknown,,,EncEnclaveCompanion [LVLC:0007C167],0,0,0,24,false,false,exclude_not_actor,Ambient/scenery actor or record without a usable identity.,
FalloutNV.esm|0007C6EF,FalloutNV.esm,0007C6EF,0007C6EF,YUPTTW.esm,CrMirelurk3King,Mirelurk King,,,unknown,Creatures\MirelurkKing\Skeleton.nif,VoiceDoNotRecordF [VTYP:00094EED],,0,2,0,9,false,false,include_nonverbal,Reachable official non-verbal creature mapped to a reviewed archetype.,mirelurk_king
FalloutNV.esm|0007D410,FalloutNV.esm,0007D410,0007D410,FalloutNV.esm,LvlTurret384,,,,unknown,,,EncTurret [LVLC:0007D40F],0,0,0,9,false,false,exclude_not_actor,Robot or automated turret reserved for the robot pass.,
FalloutNV.esm|0007DCF5,FalloutNV.esm,0007DCF5,0007DCF5,TaleOfTwoWastelands.esm,LLDog1,Hooligan,,,unknown,Creatures\Dog\Skeleton.nif,VoiceDoNotRecordF [VTYP:00094EED],CrDog [CREA:0001CF9C],0,0,0,1,false,false,exclude_unused,"Template, corpse, test, cut, or non-reachable archetype record without a distinct new roleplay profile.",
FalloutNV.esm|0007DCFB,FalloutNV.esm,0007DCFB,0007DCFB,TaleOfTwoWastelands.esm,LLDog2,Bandit,,,unknown,Creatures\Dog\Skeleton.nif,VoiceDoNotRecordF [VTYP:00094EED],CrDog [CREA:0001CF9C],0,0,0,1,false,false,exclude_unused,"Template, corpse, test, cut, or non-reachable archetype record without a distinct new roleplay profile.",
FalloutNV.esm|0007DD06,FalloutNV.esm,0007DD06,0007DD06,TaleOfTwoWastelands.esm,LLDog3,Ginger,,,unknown,Creatures\Dog\Skeleton.nif,VoiceDoNotRecordF [VTYP:00094EED],CrDog [CREA:0001CF9C],0,0,0,1,false,false,exclude_unused,"Template, corpse, test, cut, or non-reachable archetype record without a distinct new roleplay profile.",
FalloutNV.esm|0007DD0B,FalloutNV.esm,0007DD0B,0007DD0B,TaleOfTwoWastelands.esm,LLDog4,Muttface,,,unknown,Creatures\Dog\Skeleton.nif,VoiceDoNotRecordF [VTYP:00094EED],CrDog [CREA:0001CF9C],0,0,0,1,false,false,exclude_unused,"Template, corpse, test, cut, or non-reachable archetype record without a distinct new roleplay profile.",
FalloutNV.esm|0007DD0D,FalloutNV.esm,0007DD0D,0007DD0D,TaleOfTwoWastelands.esm,LLDog5,Pete,,,unknown,Creatures\Dog\Skeleton.nif,VoiceDoNotRecordF [VTYP:00094EED],CrDog [CREA:0001CF9C],0,0,0,1,false,false,exclude_unused,A maintained named biography already exists; do not duplicate it.,
FalloutNV.esm|0007DD14,FalloutNV.esm,0007DD14,0007DD14,TaleOfTwoWastelands.esm,LLDog6,Rex,,,unknown,Creatures\Dog\Skeleton.nif,VoiceDoNotRecordF [VTYP:00094EED],CrDog [CREA:0001CF9C],0,0,0,1,false,false,exclude_unused,A maintained named biography already exists; do not duplicate it.,
FalloutNV.esm|0007EA28,FalloutNV.esm,0007EA28,0007EA28,TaleOfTwoWastelands.esm,CrSuperMutant3Nightkin,Nightkin Master,,,unknown,Creatures\SMSpineBreaker\Skeleton.nif,CreatureSuperMutant [VTYP:00019FD9],CrSuperMutantNightkin [CREA:0007EA29],0,3,0,6,false,false,exclude_talking,Conversational humanoid or intelligible speaking creature.,
FalloutNV.esm|0007EA29,FalloutNV.esm,0007EA29,0007EA29,TaleOfTwoWastelands.esm,CrSuperMutantNightkin,Nightkin,,,unknown,Creatures\SMSpineBreaker\Skeleton.nif,CreatureSuperMutant [VTYP:00019FD9],CrSuperMutant1MeleeA [CREA:0003A147],0,3,0,6,false,false,exclude_talking,Conversational humanoid or intelligible speaking creature.,
FalloutNV.esm|0007EA2A,FalloutNV.esm,0007EA2A,0007EA2A,TaleOfTwoWastelands.esm,CrSuperMutant1NightkinGunA,Nightkin,,,unknown,Creatures\SMSpineBreaker\Skeleton.nif,CreatureSuperMutant [VTYP:00019FD9],CrSuperMutant1GunA [CREA:0001CF93],0,3,0,2,false,false,exclude_talking,Conversational humanoid or intelligible speaking creature.,
FalloutNV.esm|0007EA2B,FalloutNV.esm,0007EA2B,0007EA2B,TaleOfTwoWastelands.esm,CrSuperMutant2NightkinGunA,Nightkin,,,unknown,Creatures\SMSpineBreaker\Skeleton.nif,CreatureSuperMutant [VTYP:00019FD9],CrSuperMutant2GunA [CREA:00027FB3],0,3,0,3,false,false,exclude_talking,Conversational humanoid or intelligible speaking creature.,
FalloutNV.esm|0007EA2C,FalloutNV.esm,0007EA2C,0007EA2C,TaleOfTwoWastelands.esm,CrSuperMutant3NightkinGunA,Nightkin Master,,,unknown,Creatures\SMSpineBreaker\Skeleton.nif,CreatureSuperMutant [VTYP:00019FD9],CrSuperMutant3Nightkin [CREA:0007EA28],0,3,0,3,false,false,exclude_talking,Conversational humanoid or intelligible speaking creature.,
FalloutNV.esm|0007EA2D,FalloutNV.esm,0007EA2D,0007EA2D,TaleOfTwoWastelands.esm,CrSuperMutant2Nightkin,Nightkin,,,unknown,Creatures\SMSpineBreaker\Skeleton.nif,CreatureSuperMutant [VTYP:00019FD9],CrSuperMutant2MeleeA [CREA:0003A148],0,3,0,3,false,false,exclude_talking,Conversational humanoid or intelligible speaking creature.,
FalloutNV.esm|0007F8E1,FalloutNV.esm,0007F8E1,0007F8E1,TaleOfTwoWastelands.esm,Davison,Davison,,,unknown,Creatures\SMSpineBreaker\Skeleton.nif,CreatureSuperMutant [VTYP:00019FD9],CrSuperMutant3MeleeA [CREA:00092C4E],0,0,63,64,false,false,exclude_talking,Conversational humanoid or intelligible speaking creature.,
FalloutNV.esm|00080542,FalloutNV.esm,00080542,00080542,FalloutNV.esm,REPCONFeralGhoul,,,,unknown,,CreatureFeralGhoul [VTYP:0007AE96],EncFeralGhoul [LVLC:000235A7],0,0,0,11,false,false,exclude_not_actor,Ambient/scenery actor or record without a usable identity.,
FalloutNV.esm|0008078E,FalloutNV.esm,0008078E,0008078E,FalloutNV.esm,REPCONNightkin,,,,unknown,,,EncSuperMutantNightkinMelee [LVLC:0007EA2F],0,0,0,2,false,false,exclude_talking,Conversational humanoid or intelligible speaking creature.,
FalloutNV.esm|000815CD,FalloutNV.esm,000815CD,000815CD,TaleOfTwoWastelands.esm,FeralGhoulDEAD2,Feral Ghoul,,,unknown,Creatures\Ghoul\Skeleton.nif,CreatureFeralGhoul [VTYP:0007AE96],,0,0,0,3,false,false,include_nonverbal,Reachable official non-verbal creature mapped to a reviewed archetype.,feral_ghoul
FalloutNV.esm|000838B4,FalloutNV.esm,000838B4,000838B4,FalloutNV.esm,LvlTurretCeiling1024Talon,,,,unknown,marker_creature.nif,,LvlTurretCeiling1024 [CREA:000251AA],0,0,0,11,false,false,exclude_not_actor,Robot or automated turret reserved for the robot pass.,
FalloutNV.esm|00083EB5,FalloutNV.esm,00083EB5,00083EB5,FalloutNV.esm,MS04CrAnt1MarigoldWorker,Fire Ant Worker,,,unknown,Creatures\GiantAnt\skeleton.nif,VoiceDoNotRecordF [VTYP:00094EED],CrAnt1Worker [CREA:0001CF81],0,2,0,1,false,false,include_nonverbal,Reachable official non-verbal creature mapped to a reviewed archetype.,fire_ant_worker
FalloutNV.esm|00083EB6,FalloutNV.esm,00083EB6,00083EB6,FalloutNV.esm,MS04CrAnt2MarigoldSoldier,Fire Ant Soldier,,,unknown,Creatures\GiantAnt\skeleton.nif,VoiceDoNotRecordF [VTYP:00094EED],CrAnt2Soldier [CREA:0001CF80],0,2,0,1,false,false,include_nonverbal,Reachable official non-verbal creature mapped to a reviewed archetype.,fire_ant_soldier
FalloutNV.esm|000854D7,FalloutNV.esm,000854D7,000854D7,TaleOfTwoWastelands.esm,MS05NukaColaMireLurk2,Nukalurk Hunter,,,unknown,Creatures\Mirelurk\Skeleton.nif,VoiceDoNotRecordF [VTYP:00094EED],CrMirelurk2 [CREA:0001CF84],0,2,0,2,false,false,include_nonverbal,Reachable official non-verbal creature mapped to a reviewed archetype.,nukalurk_hunter
FalloutNV.esm|0008646A,FalloutNV.esm,0008646A,0008646A,FalloutNV.esm,CrTurret01Enclave,Mark II Turret,,,unknown,Creatures\SentryTurret\skeleton.nif,RobotEyebot [VTYP:00040D41],CrTurret01 [CREA:0007B235],0,3,0,2,false,false,exclude_not_actor,Robot or automated turret reserved for the robot pass.,
FalloutNV.esm|0008646B,FalloutNV.esm,0008646B,0008646B,FalloutNV.esm,CrTurret01Outcast,Mark II Turret,,,unknown,Creatures\SentryTurret\skeleton.nif,RobotEyebot [VTYP:00040D41],CrTurret01 [CREA:0007B235],0,3,0,2,false,false,exclude_not_actor,Robot or automated turret reserved for the robot pass.,
FalloutNV.esm|0008646C,FalloutNV.esm,0008646C,0008646C,FalloutNV.esm,CrTurret01Steel,Mark II Turret,,,unknown,Creatures\SentryTurret\skeleton.nif,RobotEyebot [VTYP:00040D41],CrTurret01 [CREA:0007B235],0,2,0,1,false,false,exclude_not_actor,Robot or automated turret reserved for the robot pass.,
FalloutNV.esm|0008646D,FalloutNV.esm,0008646D,0008646D,FalloutNV.esm,CrTurret02Enclave,Mark IV Turret,,,unknown,Creatures\SentryTurret\skeleton.nif,RobotEyebot [VTYP:00040D41],CrTurret02 [CREA:0007B23B],0,3,0,2,false,false,exclude_not_actor,Robot or automated turret reserved for the robot pass.,
FalloutNV.esm|0008646E,FalloutNV.esm,0008646E,0008646E,FalloutNV.esm,CrTurret02Outcast,Mark IV Turret,,,unknown,Creatures\SentryTurret\skeleton.nif,RobotEyebot [VTYP:00040D41],CrTurret02 [CREA:0007B23B],0,3,0,2,false,false,exclude_not_actor,Robot or automated turret reserved for the robot pass.,
FalloutNV.esm|0008646F,FalloutNV.esm,0008646F,0008646F,FalloutNV.esm,CrTurret02Steel,Mark IV Turret,,,unknown,Creatures\SentryTurret\skeleton.nif,RobotEyebot [VTYP:00040D41],CrTurret02 [CREA:0007B23B],0,2,0,1,false,false,exclude_not_actor,Robot or automated turret reserved for the robot pass.,
FalloutNV.esm|00086470,FalloutNV.esm,00086470,00086470,FalloutNV.esm,CrTurret03Enclave,Mark VI Turret,,,unknown,Creatures\SentryTurret\skeleton.nif,RobotEyebot [VTYP:00040D41],CrTurret03 [CREA:0007B23C],0,3,0,8,false,false,exclude_not_actor,Robot or automated turret reserved for the robot pass.,
FalloutNV.esm|00086471,FalloutNV.esm,00086471,00086471,FalloutNV.esm,CrTurret03Outcast,Mark VI Turret,,,unknown,Creatures\SentryTurret\skeleton.nif,RobotEyebot [VTYP:00040D41],CrTurret03 [CREA:0007B23C],0,3,0,2,false,false,exclude_not_actor,Robot or automated turret reserved for the robot pass.,
FalloutNV.esm|00086472,FalloutNV.esm,00086472,00086472,FalloutNV.esm,CrTurret03Steel,Mark VI Turret,,,unknown,Creatures\SentryTurret\skeleton.nif,RobotEyebot [VTYP:00040D41],CrTurret03 [CREA:0007B23C],0,2,0,3,false,false,exclude_not_actor,Robot or automated turret reserved for the robot pass.,
FalloutNV.esm|0008840C,FalloutNV.esm,0008840C,0008840C,TaleOfTwoWastelands.esm,LDDeadMolerat,Mole Rat,,,unknown,Creatures\MoleRat\skeleton.nif,VoiceDoNotRecordF [VTYP:00094EED],,0,0,0,4,false,false,include_nonverbal,Reachable official non-verbal creature mapped to a reviewed archetype.,mole_rat
FalloutNV.esm|0008E666,FalloutNV.esm,0008E666,0008E666,FalloutNV.esm,REPCONPatrolNightkin,,,,unknown,,,EncSuperMutantNightkinMelee [LVLC:0007EA2F],0,0,0,2,false,false,exclude_talking,Conversational humanoid or intelligible speaking creature.,
FalloutNV.esm|0008EF28,FalloutNV.esm,0008EF28,0008EF28,TaleOfTwoWastelands.esm,DeadBrahmin2,Rotting Brahmin Corpse,,,unknown,Creatures\Brahmin\Skeleton.nif,VoiceDoNotRecordF [VTYP:00094EED],CrBrahmin [CREA:0001CFA2],0,0,0,3,false,false,exclude_unused,"Template, corpse, test, cut, or non-reachable archetype record without a distinct new roleplay profile.",
FalloutNV.esm|0008F0CF,FalloutNV.esm,0008F0CF,0008F0CF,FalloutNV.esm,CrDogTalonCompany,Talon Company Guard Dog,,,unknown,Creatures\Dog\Skeleton.nif,VoiceDoNotRecordF [VTYP:00094EED],CrDogVicious [CREA:0001CFA3],0,0,0,8,false,false,exclude_unused,"Template, corpse, test, cut, or non-reachable archetype record without a distinct new roleplay profile.",
FalloutNV.esm|0008F7B0,FalloutNV.esm,0008F7B0,0008F7B0,TaleOfTwoWastelands.esm,RCTurret01,Mark II Turret,,,unknown,Creatures\SentryTurret\skeleton.nif,RobotEyebot [VTYP:00040D41],CrTurret01 [CREA:0007B235],0,0,2,3,false,false,exclude_not_actor,Robot or automated turret reserved for the robot pass.,
FalloutNV.esm|0009189C,FalloutNV.esm,0009189C,0009189C,TaleOfTwoWastelands.esm,CrBloatFly,Bloatfly,,,unknown,Creatures\Blowfly\Skeleton.nif,VoiceDoNotRecordF [VTYP:00094EED],,0,8,0,52,false,false,include_nonverbal,Reachable official non-verbal creature mapped to a reviewed archetype.,bloatfly
FalloutNV.esm|00092C3D,FalloutNV.esm,00092C3D,00092C3D,Fallout3.esm,AudioTemplateRobotLibertyPrime,,,,unknown,,,,0,0,0,4,false,false,exclude_not_actor,Robot or automated turret reserved for the robot pass.,
FalloutNV.esm|00092C49,FalloutNV.esm,00092C49,00092C49,TaleOfTwoWastelands.esm,CrSuperMutant2MissileLauncherA,Super Mutant Brute,,,unknown,Creatures\SMSpineBreaker\Skeleton.nif,CreatureLowIntSM [VTYP:0014377C],,0,2,0,5,false,false,exclude_talking,Conversational humanoid or intelligible speaking creature.,
FalloutNV.esm|00092C4B,FalloutNV.esm,00092C4B,00092C4B,FalloutNV.esm,LvlSupermutantMinigun,,,,unknown,,,EncSuperMutantMinigun [LVLC:00092C53],0,0,0,1,false,false,exclude_not_actor,Ambient/scenery actor or record without a usable identity.,
FalloutNV.esm|00092C4D,FalloutNV.esm,00092C4D,00092C4D,TaleOfTwoWastelands.esm,CrSuperMutant3GunA,Super Mutant Master,,,unknown,Creatures\SMSpineBreaker\Skeleton.nif,CreatureLowIntSM [VTYP:0014377C],,0,6,0,4,false,false,exclude_talking,Conversational humanoid or intelligible speaking creature.,
FalloutNV.esm|00092C4E,FalloutNV.esm,00092C4E,00092C4E,TaleOfTwoWastelands.esm,CrSuperMutant3MeleeA,Super Mutant Master,,,unknown,Creatures\SMSpineBreaker\Skeleton.nif,CreatureLowIntSM [VTYP:0014377C],,0,6,0,8,false,false,exclude_talking,Conversational humanoid or intelligible speaking creature.,
FalloutNV.esm|00092C4F,FalloutNV.esm,00092C4F,00092C4F,TaleOfTwoWastelands.esm,CrSuperMutant2MinigunA,Super Mutant Brute,,,unknown,Creatures\SMSpineBreaker\Skeleton.nif,CreatureLowIntSM [VTYP:0014377C],,0,2,0,5,false,false,exclude_talking,Conversational humanoid or intelligible speaking creature.,
FalloutNV.esm|0009426E,FalloutNV.esm,0009426E,0009426E,TaleOfTwoWastelands.esm,RL3Follower,Sergeant RL-3,,,unknown,Creatures\MisterGutsy\Skeleton.nif,RobotMisterGutsyDC [VTYP:06019FDD],CrMisterGutsyDC [CREA:06021EBD],0,0,85,94,false,false,exclude_not_actor,Robot or automated turret reserved for the robot pass.,
FalloutNV.esm|0009460A,FalloutNV.esm,0009460A,0009460A,TaleOfTwoWastelands.esm,DLC01TrogDEAD,Trog,,,unknown,DLCPitt\Creatures\StreetTrog\Skeleton.nif,,,0,0,0,6,false,false,include_nonverbal,Reachable official non-verbal creature mapped to a reviewed archetype.,trog
FalloutNV.esm|0009467F,FalloutNV.esm,0009467F,0009467F,FalloutNV.esm,MS02Ant,,,,unknown,,,EncAnt [LVLC:00021EBC],0,0,0,2,false,false,exclude_not_actor,Ambient/scenery actor or record without a usable identity.,
FalloutNV.esm|00094687,FalloutNV.esm,00094687,00094687,TaleOfTwoWastelands.esm,DLC01CrTrog2,Trog,,,unknown,DLCPitt\Creatures\StreetTrog\Skeleton.nif,DLC01UniqueTrogVoice [VTYP:0009467B],,0,5,0,4,false,false,include_nonverbal,Reachable official non-verbal creature mapped to a reviewed archetype.,trog
FalloutNV.esm|0009468D,FalloutNV.esm,0009468D,0009468D,TaleOfTwoWastelands.esm,DLC01CrTrog3,Trog Brute,,,unknown,DLCPitt\Creatures\StreetTrog\Skeleton.nif,DLC01UniqueTrogVoice [VTYP:0009467B],,0,5,0,4,false,false,include_nonverbal,Reachable official non-verbal creature mapped to a reviewed archetype.,trog_brute
FalloutNV.esm|0009468F,FalloutNV.esm,0009468F,0009468F,TaleOfTwoWastelands.esm,DLC01CrTrog4,Trog Savage,,,unknown,DLCPitt\Creatures\StreetTrog\Skeleton.nif,DLC01UniqueTrogVoice [VTYP:0009467B],,0,5,0,4,false,false,include_nonverbal,Reachable official non-verbal creature mapped to a reviewed archetype.,trog_savage
FalloutNV.esm|000946DA,FalloutNV.esm,000946DA,000946DA,TaleOfTwoWastelands.esm,DLC01CrTrog1,Trog Fledgling,,,unknown,DLCPitt\Creatures\StreetTrog\Skeleton.nif,DLC01UniqueTrogVoice [VTYP:0009467B],,0,5,0,5,false,false,include_nonverbal,Reachable official non-verbal creature mapped to a reviewed archetype.,trog_fledgling
FalloutNV.esm|00094867,FalloutNV.esm,00094867,00094867,FalloutNV.esm,NtlGuardDepotLvlRobot,,,,unknown,,,NtlGuardDepotEncRobot [LVLC:00094883],0,0,0,17,false,false,exclude_not_actor,Robot or automated turret reserved for the robot pass.,
FalloutNV.esm|00094868,FalloutNV.esm,00094868,00094868,TaleOfTwoWastelands.esm,NtlGuardDepotCrProtectron,Protectron,,,unknown,Creatures\Protectron\skeleton.nif,RobotProtectronDC [VTYP:06019FDA],CrProtectronDC [CREA:0601CF8F],0,2,0,1,false,false,exclude_not_actor,Robot or automated turret reserved for the robot pass.,
FalloutNV.esm|0009487E,FalloutNV.esm,0009487E,0009487E,TaleOfTwoWastelands.esm,NtlGuardDepotCrRobobrain,Robobrain,,,unknown,Creatures\Robobrain\skeleton.nif,RobotRoboBrainDC [VTYP:06019FDE],CrRobobrainDC [CREA:0601CF89],0,2,0,1,false,false,exclude_not_actor,Robot or automated turret reserved for the robot pass.,
FalloutNV.esm|0009487F,FalloutNV.esm,0009487F,0009487F,TaleOfTwoWastelands.esm,NtlGuardDepotCrMisterGutsy,Mister Gutsy,,,unknown,Creatures\MisterGutsy\Skeleton.nif,RobotMisterGutsyDC [VTYP:06019FDD],CrMisterGutsyDC [CREA:06021EBD],0,2,0,3,false,false,exclude_not_actor,Robot or automated turret reserved for the robot pass.,
FalloutNV.esm|00094880,FalloutNV.esm,00094880,00094880,TaleOfTwoWastelands.esm,NtlGuardDepotCrSentryBotGL,Sentry Bot,,,unknown,Creatures\SentryBot\Skeleton.nif,RobotSentryBotDC [VTYP:06019FDB],CrSentryBotGLArmyDC [CREA:060A5C6E],0,2,0,3,false,false,exclude_not_actor,Robot or automated turret reserved for the robot pass.,
FalloutNV.esm|00094881,FalloutNV.esm,00094881,00094881,TaleOfTwoWastelands.esm,NtlGuardDepotCrSentryBotMG,Sentry Bot,,,unknown,Creatures\SentryBot\Skeleton.nif,RobotSentryBotDC [VTYP:06019FDB],CrSentryBotMGArmyDC [CREA:060A5C6F],0,2,0,3,false,false,exclude_not_actor,Robot or automated turret reserved for the robot pass.,
FalloutNV.esm|00094BCE,FalloutNV.esm,00094BCE,00094BCE,YUPTTW.esm,DEADCaravanBrahmin,Pack Brahmin,,,unknown,Creatures\Brahmin\Skeleton.nif,VoiceDoNotRecordF [VTYP:00094EED],CrBrahmin [CREA:0001CFA2],0,0,0,7,false,false,include_nonverbal,Reachable official non-verbal creature mapped to a reviewed archetype.,brahmin
FalloutNV.esm|00094EC5,FalloutNV.esm,00094EC5,00094EC5,TaleOfTwoWastelands.esm,CrSuperMutant1GunB,Super Mutant,,,unknown,Creatures\SMSpineBreaker\Skeleton.nif,CreatureLowIntSM [VTYP:0014377C],CrSuperMutant1GunA [CREA:0001CF93],0,2,0,2,false,false,exclude_talking,Conversational humanoid or intelligible speaking creature.,
FalloutNV.esm|00094EC6,FalloutNV.esm,00094EC6,00094EC6,TaleOfTwoWastelands.esm,CrSuperMutant1MeleeB,Super Mutant,,,unknown,Creatures\SMSpineBreaker\Skeleton.nif,CreatureLowIntSM [VTYP:0014377C],CrSuperMutant1MeleeA [CREA:0003A147],0,2,0,1,false,false,exclude_talking,Conversational humanoid or intelligible speaking creature.,
FalloutNV.esm|00094EC7,FalloutNV.esm,00094EC7,00094EC7,TaleOfTwoWastelands.esm,CrSuperMutant2GunB,Super Mutant Brute,,,unknown,Creatures\SMSpineBreaker\Skeleton.nif,CreatureLowIntSM [VTYP:0014377C],CrSuperMutant2GunA [CREA:00027FB3],0,2,0,1,false,false,exclude_talking,Conversational humanoid or intelligible speaking creature.,
FalloutNV.esm|00094EC8,FalloutNV.esm,00094EC8,00094EC8,TaleOfTwoWastelands.esm,CrSuperMutant2MeleeB,Super Mutant Brute,,,unknown,Creatures\SMSpineBreaker\Skeleton.nif,CreatureLowIntSM [VTYP:0014377C],CrSuperMutant2MeleeA [CREA:0003A148],0,2,0,1,false,false,exclude_talking,Conversational humanoid or intelligible speaking creature.,
FalloutNV.esm|00094EC9,FalloutNV.esm,00094EC9,00094EC9,TaleOfTwoWastelands.esm,CrSuperMutant2MinigunB,Super Mutant Brute,,,unknown,Creatures\SMSpineBreaker\Skeleton.nif,CreatureLowIntSM [VTYP:0014377C],CrSuperMutant2MinigunA [CREA:00092C4F],0,2,0,1,false,false,exclude_talking,Conversational humanoid or intelligible speaking creature.,
FalloutNV.esm|00094ECA,FalloutNV.esm,00094ECA,00094ECA,TaleOfTwoWastelands.esm,CrSuperMutant2MissileLauncherB,Super Mutant Brute,,,unknown,Creatures\SMSpineBreaker\Skeleton.nif,CreatureLowIntSM [VTYP:0014377C],CrSuperMutant2MissileLauncherA [CREA:00092C49],0,2,0,1,false,false,exclude_talking,Conversational humanoid or intelligible speaking creature.,
FalloutNV.esm|00094ECB,FalloutNV.esm,00094ECB,00094ECB,TaleOfTwoWastelands.esm,CrSuperMutant3GunB,Super Mutant Master,,,unknown,Creatures\SMSpineBreaker\Skeleton.nif,CreatureLowIntSM [VTYP:0014377C],CrSuperMutant3GunA [CREA:00092C4D],0,5,0,2,false,false,exclude_talking,Conversational humanoid or intelligible speaking creature.,
FalloutNV.esm|00094ECC,FalloutNV.esm,00094ECC,00094ECC,TaleOfTwoWastelands.esm,CrSuperMutant3MeleeB,Super Mutant Master,,,unknown,Creatures\SMSpineBreaker\Skeleton.nif,CreatureLowIntSM [VTYP:0014377C],CrSuperMutant3MeleeA [CREA:00092C4E],0,5,0,2,false,false,exclude_talking,Conversational humanoid or intelligible speaking creature.,
FalloutNV.esm|00094ECD,FalloutNV.esm,00094ECD,00094ECD,TaleOfTwoWastelands.esm,CrSuperMutant3MinigunB,Super Mutant Master,,,unknown,Creatures\SMSpineBreaker\Skeleton.nif,CreatureLowIntSM [VTYP:0014377C],CrSuperMutant3MinigunA [CREA:00027FB2],0,5,0,2,false,false,exclude_talking,Conversational humanoid or intelligible speaking creature.,
FalloutNV.esm|00094ECE,FalloutNV.esm,00094ECE,00094ECE,TaleOfTwoWastelands.esm,CrSuperMutant3MissileLauncherB,Super Mutant Master,,,unknown,Creatures\SMSpineBreaker\Skeleton.nif,CreatureLowIntSM [VTYP:0014377C],CrSuperMutant3MissileLauncherA [CREA:0003A149],0,5,0,2,false,false,exclude_talking,Conversational humanoid or intelligible speaking creature.,
FalloutNV.esm|00095D25,FalloutNV.esm,00095D25,00095D25,TaleOfTwoWastelands.esm,DeadEyebotEnclave,Enclave Eyebot,,,unknown,Creatures\Eyebot\Skeleton.nif,,,0,0,0,3,false,false,exclude_not_actor,Robot or automated turret reserved for the robot pass.,
FalloutNV.esm|00097161,FalloutNV.esm,00097161,00097161,Fallout3.esm,FFSupermutantCaptiveCaptor,,,,unknown,,,FFSuperMutantRandomDC [LVLC:060A86EA],0,0,0,5,false,false,exclude_not_actor,Ambient/scenery actor or record without a usable identity.,
FalloutNV.esm|00097F30,FalloutNV.esm,00097F30,00097F30,Fallout3.esm,FFMutantCamp01Behemoth,Super Mutant Behemoth,,,unknown,Creatures\SMBehemoth\Skeleton.nif,CreatureSupMutBehemoth [VTYP:00022429],CrSuperMutantBehemoth [CREA:0001CF95],0,0,0,2,false,false,exclude_talking,Conversational humanoid or intelligible speaking creature.,
FalloutNV.esm|00099D20,FalloutNV.esm,00099D20,00099D20,FalloutNV.esm,LvlGutsy,,,,unknown,,,EncGutsy [LVLC:00099D26],0,0,0,3,false,false,exclude_not_actor,Ambient/scenery actor or record without a usable identity.,
FalloutNV.esm|00099D21,FalloutNV.esm,00099D21,00099D21,FalloutNV.esm,LvlTurretCeiling2048Robot,,,,unknown,marker_creature.nif,RobotEyebot [VTYP:00040D41],LvlTurretCeiling1024 [CREA:000251AA],0,0,0,3,false,false,exclude_not_actor,Robot or automated turret reserved for the robot pass.,
FalloutNV.esm|00099D24,FalloutNV.esm,00099D24,00099D24,TaleOfTwoWastelands.esm,CrMisterGutsyPrototype,Mister Gutsy Prototype,,,unknown,Creatures\MisterGutsy\Skeleton.nif,RobotMisterGutsy [VTYP:00019FDD],,0,3,0,3,false,false,exclude_not_actor,Robot or automated turret reserved for the robot pass.,
FalloutNV.esm|0009A252,FalloutNV.esm,0009A252,0009A252,FalloutNV.esm,LvlStasisRobot,,,,unknown,,,EncStasisRobot [LVLC:0009A255],0,0,0,5,false,false,exclude_not_actor,Robot or automated turret reserved for the robot pass.,
FalloutNV.esm|0009A253,FalloutNV.esm,0009A253,0009A253,TaleOfTwoWastelands.esm,VHeliosStasisProtectron,Protectron,,,unknown,Creatures\Protectron\skeleton.nif,RobotProtectron [VTYP:00019FDA],genericOfficeProtectron [CREA:0003995B],0,5,0,1,false,false,exclude_not_actor,Robot or automated turret reserved for the robot pass.,
FalloutNV.esm|0009B172,FalloutNV.esm,0009B172,0009B172,TaleOfTwoWastelands.esm,CG03Andy,Andy,,,unknown,Creatures\MisterGutsy\Skeleton.nif,RobotMisterHandyDC [VTYP:06019FDC],CrMisterHandyDC [CREA:0602977A],0,0,6,7,false,false,exclude_not_actor,Robot or automated turret reserved for the robot pass.,
FalloutNV.esm|0009B8DB,FalloutNV.esm,0009B8DB,0009B8DB,TaleOfTwoWastelands.esm,AudioTemplateBlowFly,AudioTemplateBlowFly,,,unknown,,VoiceDoNotRecordF [VTYP:00094EED],,0,0,0,9,false,false,exclude_unused,"Template, corpse, test, cut, or non-reachable archetype record without a distinct new roleplay profile.",
FalloutNV.esm|0009BE81,FalloutNV.esm,0009BE81,0009BE81,Fallout3.esm,ChevyChaseSchoolMutant01,,,,unknown,marker_creature.nif,,LvlSupermutantGunDC [CREA:0603A6FD],0,0,0,2,false,false,exclude_not_actor,Ambient/scenery actor or record without a usable identity.,
FalloutNV.esm|0009CBB0,FalloutNV.esm,0009CBB0,0009CBB0,Fallout3.esm,chryslus02SMBoss,,,,unknown,,,EncSuperMutantMinigunDC [LVLC:06092C53],0,0,0,1,false,false,exclude_not_actor,Ambient/scenery actor or record without a usable identity.,
FalloutNV.esm|0009E896,FalloutNV.esm,0009E896,0009E896,Fallout3.esm,LDGermHQSuperMutant3rdFloorB,,,,unknown,,,EncSuperMutantGunDC [LVLC:0602359F],0,0,6,7,false,false,exclude_not_actor,Ambient/scenery actor or record without a usable identity.,
FalloutNV.esm|0009E897,FalloutNV.esm,0009E897,0009E897,Fallout3.esm,LDGermHQSuperMutant3rdFloorA,,,,unknown,,,EncSuperMutantGunDC [LVLC:0602359F],0,0,6,7,false,false,exclude_not_actor,Ambient/scenery actor or record without a usable identity.,
FalloutNV.esm|0009E8DE,FalloutNV.esm,0009E8DE,0009E8DE,TaleOfTwoWastelands.esm,CrSuperMutant2GunC,Super Mutant Brute,,,unknown,Creatures\SMSpineBreaker\Skeleton.nif,CreatureLowIntSM [VTYP:0014377C],CrSuperMutant2GunA [CREA:00027FB3],0,2,0,1,false,false,exclude_talking,Conversational humanoid or intelligible speaking creature.,
FalloutNV.esm|0009E8E0,FalloutNV.esm,0009E8E0,0009E8E0,TaleOfTwoWastelands.esm,CrSuperMutant2MeleeC,Super Mutant Brute,,,unknown,Creatures\SMSpineBreaker\Skeleton.nif,CreatureLowIntSM [VTYP:0014377C],CrSuperMutant2MeleeA [CREA:0003A148],0,2,0,1,false,false,exclude_talking,Conversational humanoid or intelligible speaking creature.,
FalloutNV.esm|0009E8E1,FalloutNV.esm,0009E8E1,0009E8E1,TaleOfTwoWastelands.esm,CrSuperMutant2MinigunC,Super Mutant Brute,,,unknown,Creatures\SMSpineBreaker\Skeleton.nif,CreatureLowIntSM [VTYP:0014377C],CrSuperMutant2MinigunA [CREA:00092C4F],0,2,0,1,false,false,exclude_talking,Conversational humanoid or intelligible speaking creature.,
FalloutNV.esm|0009E8E2,FalloutNV.esm,0009E8E2,0009E8E2,TaleOfTwoWastelands.esm,CrSuperMutant2MissileLauncherC,Super Mutant Brute,,,unknown,Creatures\SMSpineBreaker\Skeleton.nif,CreatureLowIntSM [VTYP:0014377C],CrSuperMutant2MissileLauncherA [CREA:00092C49],0,2,0,1,false,false,exclude_talking,Conversational humanoid or intelligible speaking creature.,
FalloutNV.esm|0009E8E3,FalloutNV.esm,0009E8E3,0009E8E3,TaleOfTwoWastelands.esm,CrSuperMutant1GunC,Super Mutant,,,unknown,Creatures\SMSpineBreaker\Skeleton.nif,CreatureLowIntSM [VTYP:0014377C],CrSuperMutant1GunA [CREA:0001CF93],0,2,0,1,false,false,exclude_talking,Conversational humanoid or intelligible speaking creature.,
FalloutNV.esm|0009E8E4,FalloutNV.esm,0009E8E4,0009E8E4,TaleOfTwoWastelands.esm,CrSuperMutant1MeleeC,Super Mutant,,,unknown,Creatures\SMSpineBreaker\Skeleton.nif,CreatureLowIntSM [VTYP:0014377C],CrSuperMutant1MeleeA [CREA:0003A147],0,2,0,1,false,false,exclude_talking,Conversational humanoid or intelligible speaking creature.,
FalloutNV.esm|0009E8E5,FalloutNV.esm,0009E8E5,0009E8E5,TaleOfTwoWastelands.esm,CrSuperMutant1GunD,Super Mutant,,,unknown,Creatures\SMSpineBreaker\Skeleton.nif,CreatureLowIntSM [VTYP:0014377C],CrSuperMutant1GunA [CREA:0001CF93],0,2,0,1,false,false,exclude_talking,Conversational humanoid or intelligible speaking creature.,
FalloutNV.esm|0009E8E6,FalloutNV.esm,0009E8E6,0009E8E6,TaleOfTwoWastelands.esm,CrSuperMutant1GunE,Super Mutant,,,unknown,Creatures\SMSpineBreaker\Skeleton.nif,CreatureLowIntSM [VTYP:0014377C],CrSuperMutant1GunA [CREA:0001CF93],0,2,0,1,false,false,exclude_talking,Conversational humanoid or intelligible speaking creature.,
FalloutNV.esm|0009E8E7,FalloutNV.esm,0009E8E7,0009E8E7,TaleOfTwoWastelands.esm,CrSuperMutant1GunF,Super Mutant,,,unknown,Creatures\SMSpineBreaker\Skeleton.nif,CreatureLowIntSM [VTYP:0014377C],CrSuperMutant1GunA [CREA:0001CF93],0,2,0,1,false,false,exclude_talking,Conversational humanoid or intelligible speaking creature.,
FalloutNV.esm|0009E8E8,FalloutNV.esm,0009E8E8,0009E8E8,TaleOfTwoWastelands.esm,CrSuperMutant1MeleeD,Super Mutant,,,unknown,Creatures\SMSpineBreaker\Skeleton.nif,CreatureLowIntSM [VTYP:0014377C],CrSuperMutant1MeleeA [CREA:0003A147],0,2,0,1,false,false,exclude_talking,Conversational humanoid or intelligible speaking creature.,
FalloutNV.esm|0009E8E9,FalloutNV.esm,0009E8E9,0009E8E9,TaleOfTwoWastelands.esm,CrSuperMutant1MeleeE,Super Mutant,,,unknown,Creatures\SMSpineBreaker\Skeleton.nif,CreatureLowIntSM [VTYP:0014377C],CrSuperMutant1MeleeA [CREA:0003A147],0,2,0,1,false,false,exclude_talking,Conversational humanoid or intelligible speaking creature.,
FalloutNV.esm|0009E8EA,FalloutNV.esm,0009E8EA,0009E8EA,TaleOfTwoWastelands.esm,CrSuperMutant1MeleeF,Super Mutant,,,unknown,Creatures\SMSpineBreaker\Skeleton.nif,CreatureLowIntSM [VTYP:0014377C],CrSuperMutant1MeleeA [CREA:0003A147],0,2,0,1,false,false,exclude_talking,Conversational humanoid or intelligible speaking creature.,
FalloutNV.esm|0009EE04,FalloutNV.esm,0009EE04,0009EE04,Fallout3.esm,CapitolBuildingSupermutant,,,,unknown,,,EncSuperMutantGunDC [LVLC:0602359F],0,0,0,8,false,false,exclude_not_actor,Ambient/scenery actor or record without a usable identity.,
FalloutNV.esm|0009FAFA,FalloutNV.esm,0009FAFA,0009FAFA,TaleOfTwoWastelands.esm,CrFeralGhoul1A,Feral Ghoul,,,unknown,Creatures\Ghoul\Skeleton.nif,CreatureFeralGhoul [VTYP:0007AE96],,0,4,0,4,false,false,include_nonverbal,Reachable official non-verbal creature mapped to a reviewed archetype.,feral_ghoul
FalloutNV.esm|0009FAFB,FalloutNV.esm,0009FAFB,0009FAFB,TaleOfTwoWastelands.esm,CrFeralGhoul2A,Feral Ghoul Roamer,,,unknown,Creatures\Ghoul\Skeleton.nif,CreatureFeralGhoul [VTYP:0007AE96],,0,4,0,5,false,false,include_nonverbal,Reachable official non-verbal creature mapped to a reviewed archetype.,feral_ghoul_roamer
FalloutNV.esm|000A00E6,FalloutNV.esm,000A00E6,000A00E6,Fallout3.esm,RHSSuperMutantBoss,,,,unknown,marker_creature.nif,,LvlSupermutantMinigunDC [CREA:06092C4B],0,0,0,1,false,false,exclude_not_actor,Ambient/scenery actor or record without a usable identity.,
FalloutNV.esm|000A11FA,FalloutNV.esm,000A11FA,000A11FA,TaleOfTwoWastelands.esm,FFCorpseRoach,Radroach,,,unknown,Creatures\Radroach\skeleton.nif,VoiceDoNotRecordF [VTYP:00094EED],CrRadroachDC [CREA:0601CF7C],0,0,0,10,false,false,include_nonverbal,Reachable official non-verbal creature mapped to a reviewed archetype.,radroach
FalloutNV.esm|000A25B1,FalloutNV.esm,000A25B1,000A25B1,TaleOfTwoWastelands.esm,RadroachTravel,Radroach,,,unknown,Creatures\Radroach\skeleton.nif,VoiceDoNotRecordF [VTYP:00094EED],CrRadroach [CREA:0001CF7C],0,0,0,2,false,false,include_nonverbal,Reachable official non-verbal creature mapped to a reviewed archetype.,radroach
FalloutNV.esm|000A289F,FalloutNV.esm,000A289F,000A289F,TaleOfTwoWastelands.esm,DeadMirelurk01,Mirelurk,,,unknown,Creatures\Mirelurk\Skeleton.nif,VoiceDoNotRecordF [VTYP:00094EED],,0,0,0,5,false,false,include_nonverbal,Reachable official non-verbal creature mapped to a reviewed archetype.,mirelurk
FalloutNV.esm|000A29F4,FalloutNV.esm,000A29F4,000A29F4,TaleOfTwoWastelands.esm,DeadMirelurk02,Mirelurk,,,unknown,Creatures\Mirelurk\Skeleton.nif,VoiceDoNotRecordF [VTYP:00094EED],CrMirelurk1 [CREA:0001CF83],0,0,0,3,false,false,include_nonverbal,Reachable official non-verbal creature mapped to a reviewed archetype.,mirelurk
FalloutNV.esm|000A3D15,FalloutNV.esm,000A3D15,000A3D15,TaleOfTwoWastelands.esm,DeadMoleRat,Mole Rat Corpse,,,unknown,Creatures\MoleRat\skeleton.nif,VoiceDoNotRecordF [VTYP:00094EED],,0,0,0,26,false,false,exclude_unused,"Template, corpse, test, cut, or non-reachable archetype record without a distinct new roleplay profile.",
FalloutNV.esm|000A4426,FalloutNV.esm,000A4426,000A4426,TaleOfTwoWastelands.esm,DeadProtectron,Protectron,,,unknown,Creatures\Protectron\skeleton.nif,RobotProtectronDC [VTYP:06019FDA],CrProtectronDC [CREA:0601CF8F],0,0,0,7,false,false,exclude_not_actor,Robot or automated turret reserved for the robot pass.,
FalloutNV.esm|000A4524,FalloutNV.esm,000A4524,000A4524,FalloutNV.esm,ForgeLvlRobot,,,,unknown,,,EncRobot [LVLC:000235A0],0,0,0,4,false,false,exclude_not_actor,Robot or automated turret reserved for the robot pass.,
FalloutNV.esm|000A4527,FalloutNV.esm,000A4527,000A4527,TaleOfTwoWastelands.esm,ForgeCrProtectronDEAD,Protectron,,,unknown,Creatures\Protectron\skeleton.nif,RobotProtectronDC [VTYP:06019FDA],,0,0,0,3,false,false,exclude_not_actor,Robot or automated turret reserved for the robot pass.,
FalloutNV.esm|000A4528,FalloutNV.esm,000A4528,000A4528,TaleOfTwoWastelands.esm,ForgeCrProtectronDEAD02,Protectron,,,unknown,Creatures\Protectron\skeleton.nif,RobotProtectronDC [VTYP:06019FDA],,0,0,0,3,false,false,exclude_not_actor,Robot or automated turret reserved for the robot pass.,
FalloutNV.esm|000A4529,FalloutNV.esm,000A4529,000A4529,TaleOfTwoWastelands.esm,ForgeCrProtectronDEAD03,Protectron,,,unknown,Creatures\Protectron\skeleton.nif,RobotProtectronDC [VTYP:06019FDA],,0,0,0,4,false,false,exclude_not_actor,Robot or automated turret reserved for the robot pass.,
FalloutNV.esm|000A46F4,FalloutNV.esm,000A46F4,000A46F4,FalloutNV.esm,CrDogNCR,NCR Guard Dog,,,unknown,Creatures\Dog\Skeleton.nif,VoiceDoNotRecordF [VTYP:00094EED],CrDogVicious [CREA:0001CFA3],0,0,0,2,false,false,exclude_unused,"Template, corpse, test, cut, or non-reachable archetype record without a distinct new roleplay profile.",
FalloutNV.esm|000A46F5,FalloutNV.esm,000A46F5,000A46F5,FalloutNV.esm,CrDogNCRFollow,NCR Guard Dog,,,unknown,Creatures\Dog\Skeleton.nif,VoiceDoNotRecordF [VTYP:00094EED],CrDogNCR [CREA:000A46F4],0,0,0,4,false,false,exclude_unused,"Template, corpse, test, cut, or non-reachable archetype record without a distinct new roleplay profile.",
FalloutNV.esm|000A4E5D,FalloutNV.esm,000A4E5D,000A4E5D,YUPTTW.esm,CrBrahminPackA,Brahmin,,,unknown,Creatures\Brahmin\Skeleton.nif,VoiceDoNotRecordF [VTYP:00094EED],CrBrahmin [CREA:0001CFA2],0,2,0,6,false,false,include_nonverbal,Reachable official non-verbal creature mapped to a reviewed archetype.,brahmin
FalloutNV.esm|000A4E5E,FalloutNV.esm,000A4E5E,000A4E5E,FalloutNV.esm,CrBrahminPackB,Brahmin,,,unknown,Creatures\Brahmin\Skeleton.nif,VoiceDoNotRecordF [VTYP:00094EED],CrBrahminPackA [CREA:000A4E5D],0,2,0,2,false,false,include_nonverbal,Reachable official non-verbal creature mapped to a reviewed archetype.,brahmin
FalloutNV.esm|000A4E60,FalloutNV.esm,000A4E60,000A4E60,Fallout3.esm,FFER05Brahmin,,,,unknown,,,VarBrahminPackDC [LVLC:060A4E5F],0,0,0,3,false,false,exclude_not_actor,Ambient/scenery actor or record without a usable identity.,
FalloutNV.esm|000A5396,FalloutNV.esm,000A5396,000A5396,Fallout3.esm,FFER73Brahmin,,,,unknown,,,VarBrahminPackDC [LVLC:060A4E5F],0,0,0,6,false,false,exclude_not_actor,Ambient/scenery actor or record without a usable identity.,
FalloutNV.esm|000A592B,FalloutNV.esm,000A592B,000A592B,TaleOfTwoWastelands.esm,CrProtectronArmy,Army Protectron,,,unknown,Creatures\Protectron\skeleton.nif,RobotProtectron [VTYP:00019FDA],CrProtectron [CREA:0001CF8F],0,6,0,4,false,false,exclude_not_actor,Robot or automated turret reserved for the robot pass.,
FalloutNV.esm|000A5C6C,FalloutNV.esm,000A5C6C,000A5C6C,FalloutNV.esm,CrRobobrainArmy,Robobrain,,,unknown,Creatures\Robobrain\skeleton.nif,RobotRoboBrain [VTYP:00019FDE],CrRobobrain [CREA:0001CF89],0,6,0,4,false,false,exclude_not_actor,Robot or automated turret reserved for the robot pass.,
FalloutNV.esm|000A5C6E,FalloutNV.esm,000A5C6E,000A5C6E,FalloutNV.esm,CrSentryBotGLArmy,Sentry Bot,,,unknown,Creatures\SentryBot\Skeleton.nif,RobotSentryBot [VTYP:00019FDB],CrSentryBotGL [CREA:0001CF8A],0,3,0,12,false,false,exclude_not_actor,Robot or automated turret reserved for the robot pass.,
FalloutNV.esm|000A5C6F,FalloutNV.esm,000A5C6F,000A5C6F,FalloutNV.esm,CrSentryBotMGArmy,Sentry Bot,,,unknown,Creatures\SentryBot\Skeleton.nif,RobotSentryBot [VTYP:00019FDB],CrSentryBotMG [CREA:0005F9CA],0,3,0,5,false,false,exclude_not_actor,Robot or automated turret reserved for the robot pass.,
FalloutNV.esm|000A5C70,FalloutNV.esm,000A5C70,000A5C70,FalloutNV.esm,LvlRobotArmy,,,,unknown,,,EncRobotArmy [LVLC:000A5C75],0,0,0,47,false,false,exclude_not_actor,Robot or automated turret reserved for the robot pass.,
FalloutNV.esm|000A5C72,FalloutNV.esm,000A5C72,000A5C72,FalloutNV.esm,LvlRobotOutcast,,,,unknown,marker_creature.nif,,EncRobotOutcast [LVLC:000235A4],0,0,0,2,false,false,exclude_not_actor,Robot or automated turret reserved for the robot pass.,
FalloutNV.esm|000A5D3A,FalloutNV.esm,000A5D3A,000A5D3A,FalloutNV.esm,LvlTurretCeiling1024RobotOFF,,,,unknown,marker_creature.nif,,LvlTurretCeiling1024 [CREA:000251AA],0,0,0,16,false,false,exclude_not_actor,Robot or automated turret reserved for the robot pass.,
FalloutNV.esm|000A5D40,FalloutNV.esm,000A5D40,000A5D40,FalloutNV.esm,AudioTemplateDeathclaw,AudioTemplateDeathclaw,,,unknown,,VoiceDoNotRecordF [VTYP:00094EED],,0,0,0,65,false,false,exclude_unused,"Template, corpse, test, cut, or non-reachable archetype record without a distinct new roleplay profile.",
FalloutNV.esm|000A5D48,FalloutNV.esm,000A5D48,000A5D48,Fallout3.esm,LLMurderPassAmbush01LvlSupermutantMelee,,,,unknown,marker_creature.nif,,EncSuperMutantMeleeDC [LVLC:0603A14A],0,0,0,1,false,false,exclude_not_actor,Ambient/scenery actor or record without a usable identity.,
FalloutNV.esm|000A5D4E,FalloutNV.esm,000A5D4E,000A5D4E,Fallout3.esm,LLMurderPassAmbush02LvlSupermutantMelee,,,,unknown,marker_creature.nif,,EncSuperMutantMeleeDC [LVLC:0603A14A],0,0,0,1,false,false,exclude_not_actor,Ambient/scenery actor or record without a usable identity.,
FalloutNV.esm|000A6000,FalloutNV.esm,000A6000,000A6000,TaleOfTwoWastelands.esm,DEADDeathClaw,Deathclaw,,,unknown,Creatures\DeathClaw\Skeleton.nif,VoiceDoNotRecordF [VTYP:00094EED],CrDeathClaw [CREA:0001CF9A],0,0,0,1,false,false,include_nonverbal,Reachable official non-verbal creature mapped to a reviewed archetype.,deathclaw
FalloutNV.esm|000A6090,FalloutNV.esm,000A6090,000A6090,FalloutNV.esm,Vault92Mirelurk,,,,unknown,,,EncMirelurk [LVLC:000235A2],0,0,0,11,false,false,exclude_not_actor,Ambient/scenery actor or record without a usable identity.,
FalloutNV.esm|000A6551,FalloutNV.esm,000A6551,000A6551,Fallout3.esm,RHSSuperMutantAmbusher,,,,unknown,,,EncSuperMutantGunDC [LVLC:0602359F],0,0,0,1,false,false,exclude_not_actor,Ambient/scenery actor or record without a usable identity.,
FalloutNV.esm|000A692B,FalloutNV.esm,000A692B,000A692B,FalloutNV.esm,CrDogNCRAggressive,NCR Guard Dog,,,unknown,Creatures\Dog\Skeleton.nif,VoiceDoNotRecordF [VTYP:00094EED],CrDogNCR [CREA:000A46F4],0,0,0,3,false,false,exclude_unused,"Template, corpse, test, cut, or non-reachable archetype record without a distinct new roleplay profile.",
FalloutNV.esm|000A84B8,FalloutNV.esm,000A84B8,000A84B8,TaleOfTwoWastelands.esm,CrTurretCeiling01,Mark I Turret,,,unknown,Creatures\MiniSentryTurret\Skeleton.nif,RobotEyebot [VTYP:00040D41],,0,3,0,14,false,false,exclude_not_actor,Robot or automated turret reserved for the robot pass.,
FalloutNV.esm|000A84BA,FalloutNV.esm,000A84BA,000A84BA,TaleOfTwoWastelands.esm,CrTurretCeiling02,Mark III Turret,,,unknown,Creatures\MiniSentryTurret\Skeleton.nif,RobotEyebot [VTYP:00040D41],CrTurretCeiling01 [CREA:000A84B8],0,3,0,2,false,false,exclude_not_actor,Robot or automated turret reserved for the robot pass.,
FalloutNV.esm|000A84BB,FalloutNV.esm,000A84BB,000A84BB,TaleOfTwoWastelands.esm,CrTurretCeiling03,Mark V Turret,,,unknown,Creatures\MiniSentryTurret\Skeleton.nif,RobotEyebot [VTYP:00040D41],CrTurretCeiling01 [CREA:000A84B8],0,3,0,2,false,false,exclude_not_actor,Robot or automated turret reserved for the robot pass.,
FalloutNV.esm|000A8732,FalloutNV.esm,000A8732,000A8732,TaleOfTwoWastelands.esm,LvlMirelurkAmbush,,,,unknown,,,EncMirelurk [LVLC:000235A2],0,0,0,1,false,false,exclude_not_actor,Ambient/scenery actor or record without a usable identity.,
FalloutNV.esm|000A8A5C,FalloutNV.esm,000A8A5C,000A8A5C,FalloutNV.esm,LvlTurretCeiling384,,,,unknown,,,EncTurretCeiling [LVLC:000A8A5D],0,0,0,4,false,false,exclude_not_actor,Robot or automated turret reserved for the robot pass.,
FalloutNV.esm|000A9268,FalloutNV.esm,000A9268,000A9268,TaleOfTwoWastelands.esm,AudioTemplateBrahminPack,AudioTemplateBrahminPack,,,unknown,Creatures\Brahmin\Skeleton.nif,VoiceDoNotRecordF [VTYP:00094EED],,0,0,0,46,false,false,exclude_unused,"Template, corpse, test, cut, or non-reachable archetype record without a distinct new roleplay profile.",
FalloutNV.esm|000AB801,FalloutNV.esm,000AB801,000AB801,TaleOfTwoWastelands.esm,GenericVaultProtectron,Protectron,,,unknown,Creatures\Protectron\skeleton.nif,RobotProtectronDC [VTYP:06019FDA],CrProtectronDC [CREA:0601CF8F],0,0,18,21,false,false,exclude_not_actor,Robot or automated turret reserved for the robot pass.,
FalloutNV.esm|000ABD6F,FalloutNV.esm,000ABD6F,000ABD6F,FalloutNV.esm,LvlTurretCeiling768Raider,,,,unknown,marker_creature.nif,,LvlTurretCeiling768 [CREA:000251A4],0,0,0,7,false,false,exclude_not_actor,Robot or automated turret reserved for the robot pass.,
FalloutNV.esm|000ABD83,FalloutNV.esm,000ABD83,000ABD83,Fallout3.esm,OurLadyHopeMisterHandy,Mister Handy,,,unknown,Creatures\MisterGutsy\Skeleton.nif,RobotMisterHandyDC [VTYP:06019FDC],CrMisterHandyDC [CREA:0602977A],0,0,0,1,false,false,exclude_not_actor,Robot or automated turret reserved for the robot pass.,
FalloutNV.esm|000AC5F3,FalloutNV.esm,000AC5F3,000AC5F3,Fallout3.esm,OurLadyHopeLvlSupermutantGun01,,,,unknown,,,EncSuperMutantGunDC [LVLC:0602359F],0,0,0,1,false,false,exclude_not_actor,Ambient/scenery actor or record without a usable identity.,
FalloutNV.esm|000AE225,FalloutNV.esm,000AE225,000AE225,TaleOfTwoWastelands.esm,LDFortCDeadGhoul01,Feral Ghoul,,,unknown,Creatures\GhoulDC\Skeleton.nif,CreatureFeralGhoulDC [VTYP:0607AE96],CrFeralGhoul1ADC [CREA:0609FAFA],0,0,0,1,false,false,include_nonverbal,Reachable official non-verbal creature mapped to a reviewed archetype.,feral_ghoul
FalloutNV.esm|000AE86C,FalloutNV.esm,000AE86C,000AE86C,Fallout3.esm,HazmatMutantTraveler,,,,unknown,marker_creature.nif,,LvlSupermutantMeleeDC [CREA:0603A6FE],0,0,0,1,false,false,exclude_not_actor,Ambient/scenery actor or record without a usable identity.,
FalloutNV.esm|000AEC21,FalloutNV.esm,000AEC21,000AEC21,TaleOfTwoWastelands.esm,RavenRockCrSentryBotMGEnclave,Enclave Sentry Bot,,,unknown,Creatures\SentryBot\Skeleton.nif,RobotSentryBotDC [VTYP:06019FDB],CrSentryBotMGDC [CREA:0605F9CA],0,0,0,3,false,false,exclude_not_actor,Robot or automated turret reserved for the robot pass.,
FalloutNV.esm|000AEC22,FalloutNV.esm,000AEC22,000AEC22,TaleOfTwoWastelands.esm,RavenRockCrSentryBotGLEnclave,Enclave Sentry Bot,,,unknown,Creatures\SentryBot\Skeleton.nif,RobotSentryBotDC [VTYP:06019FDB],CrSentryBotGLDC [CREA:0601CF8A],0,0,0,3,false,false,exclude_not_actor,Robot or automated turret reserved for the robot pass.,
FalloutNV.esm|000AEC4D,FalloutNV.esm,000AEC4D,000AEC4D,FalloutNV.esm,RavenRockLvlTurretEnclave,,,,unknown,,,EncTurretEnclave [LVLC:00086476],0,0,0,4,false,false,exclude_not_actor,Robot or automated turret reserved for the robot pass.,
FalloutNV.esm|000AEC51,FalloutNV.esm,000AEC51,000AEC51,FalloutNV.esm,RavenRockLvlTurretCeiling02,,,,unknown,,,EncTurretCeiling [LVLC:000A8A5D],0,0,0,1,false,false,exclude_not_actor,Robot or automated turret reserved for the robot pass.,
FalloutNV.esm|000AF5E4,FalloutNV.esm,000AF5E4,000AF5E4,TaleOfTwoWastelands.esm,RavenRockCrSentryBotMGEnclave02,Enclave Sentry Bot,,,unknown,Creatures\SentryBot\Skeleton.nif,RobotSentryBotDC [VTYP:06019FDB],CrSentryBotMGDC [CREA:0605F9CA],0,0,0,3,false,false,exclude_not_actor,Robot or automated turret reserved for the robot pass.,
FalloutNV.esm|000AF5E5,FalloutNV.esm,000AF5E5,000AF5E5,TaleOfTwoWastelands.esm,RavenRockCrSentryBotGLEnclave02,Enclave Sentry Bot,,,unknown,Creatures\SentryBot\Skeleton.nif,RobotSentryBotDC [VTYP:06019FDB],CrSentryBotGLDC [CREA:0601CF8A],0,0,0,3,false,false,exclude_not_actor,Robot or automated turret reserved for the robot pass.,
FalloutNV.esm|000AF619,FalloutNV.esm,000AF619,000AF619,TaleOfTwoWastelands.esm,AudioTemplateRadScorpion,AudioTemplateRadScorpion,,,unknown,,VoiceDoNotRecordF [VTYP:00094EED],,0,0,0,59,false,false,exclude_unused,"Template, corpse, test, cut, or non-reachable archetype record without a distinct new roleplay profile.",
FalloutNV.esm|000AF836,FalloutNV.esm,000AF836,000AF836,TaleOfTwoWastelands.esm,RavenRockCrDeathClawEnclave01,Deathclaw,,,unknown,Creatures\DeathClaw\Skeleton.nif,VoiceDoNotRecordF [VTYP:00094EED],CrDeathClaw [CREA:0001CF9A],0,0,0,4,false,false,include_nonverbal,Reachable official non-verbal creature mapped to a reviewed archetype.,deathclaw
FalloutNV.esm|000B037F,FalloutNV.esm,000B037F,000B037F,FalloutNV.esm,AudioTemplateAntQueen,AudioTemplateAntQueen,,,unknown,,VoiceDoNotRecordF [VTYP:00094EED],,0,0,0,22,false,false,exclude_unused,"Template, corpse, test, cut, or non-reachable archetype record without a distinct new roleplay profile.",
FalloutNV.esm|000B0448,FalloutNV.esm,000B0448,000B0448,FalloutNV.esm,LvlTurretCeiling3000,,,,unknown,,,EncTurretCeiling [LVLC:000A8A5D],0,0,0,2,false,false,exclude_not_actor,Robot or automated turret reserved for the robot pass.,
FalloutNV.esm|000B15F9,FalloutNV.esm,000B15F9,000B15F9,FalloutNV.esm,LvlTurretCeiling1024Robot,,,,unknown,marker_creature.nif,,LvlTurretCeiling1024 [CREA:000251AA],0,0,0,15,false,false,exclude_not_actor,Robot or automated turret reserved for the robot pass.,
FalloutNV.esm|000B16AE,FalloutNV.esm,000B16AE,000B16AE,TaleOfTwoWastelands.esm,genericPodProtectron,Protectron,,,unknown,Creatures\Protectron\skeleton.nif,RobotProtectronDC [VTYP:06019FDA],CrProtectronDC [CREA:0601CF8F],0,0,0,2,false,false,exclude_not_actor,Robot or automated turret reserved for the robot pass.,
FalloutNV.esm|000B25A6,FalloutNV.esm,000B25A6,000B25A6,FalloutNV.esm,LvlTurretCeiling1024Outcast,,,,unknown,marker_creature.nif,,LvlTurretCeiling1024 [CREA:000251AA],0,0,0,3,false,false,exclude_not_actor,Robot or automated turret reserved for the robot pass.,
FalloutNV.esm|000B2A49,FalloutNV.esm,000B2A49,000B2A49,TaleOfTwoWastelands.esm,AudioTemplateSentryTurret,AudioTemplateSentryTurret,,,unknown,,,,0,0,0,68,false,false,exclude_not_actor,Robot or automated turret reserved for the robot pass.,
FalloutNV.esm|000B69D4,FalloutNV.esm,000B69D4,000B69D4,FalloutNV.esm,LvlTurretCeiling1024Wasteland,,,,unknown,marker_creature.nif,,LvlTurretCeiling1024 [CREA:000251AA],0,0,0,3,false,false,exclude_not_actor,Robot or automated turret reserved for the robot pass.,
FalloutNV.esm|000B9A38,FalloutNV.esm,000B9A38,000B9A38,YUPTTW.esm,LvlChupacabraNightkin,Nightkin,,,unknown,,CreatureSuperMutant [VTYP:00019FD9],EncSuperMutantNightkinGun [LVLC:0007EA2E],0,0,9,10,false,false,exclude_talking,Conversational humanoid or intelligible speaking creature.,
FalloutNV.esm|000B9B5C,FalloutNV.esm,000B9B5C,000B9B5C,Fallout3.esm,ArlingtonLibraryTurretCeilingRaider,,,,unknown,marker_creature.nif,,LvlTurretCeiling768Raider [CREA:000ABD6F],0,0,0,2,false,false,exclude_not_actor,Robot or automated turret reserved for the robot pass.,
FalloutNV.esm|000B9C16,FalloutNV.esm,000B9C16,000B9C16,TaleOfTwoWastelands.esm,NightkinGunDEAD,Nightkin,,,unknown,Creatures\SMSpineBreaker\Skeleton.nif,CreatureSuperMutant [VTYP:00019FD9],CrSuperMutant1GunA [CREA:0001CF93],0,0,0,3,false,false,exclude_talking,Conversational humanoid or intelligible speaking creature.,
FalloutNV.esm|000BAC89,FalloutNV.esm,000BAC89,000BAC89,FalloutNV.esm,REPCONPatrolNightkinGunKey,Nightkin Jailer,,,unknown,,,EncSuperMutantNightkinGun [LVLC:0007EA2E],0,0,0,1,false,false,exclude_talking,Conversational humanoid or intelligible speaking creature.,
FalloutNV.esm|000BAE92,FalloutNV.esm,000BAE92,000BAE92,TaleOfTwoWastelands.esm,GenericFactoryProtectron,Factory Protectron,,,unknown,Creatures\Protectron\skeleton.nif,RobotProtectronDC [VTYP:06019FDA],CrProtectronDC [CREA:0601CF8F],0,0,21,25,false,false,exclude_not_actor,Robot or automated turret reserved for the robot pass.,
FalloutNV.esm|000BBA30,FalloutNV.esm,000BBA30,000BBA30,TaleOfTwoWastelands.esm,CrRadroachDEAD,Radroach,,,unknown,Creatures\Radroach\skeleton.nif,VoiceDoNotRecordF [VTYP:00094EED],,0,0,0,1,false,false,include_nonverbal,Reachable official non-verbal creature mapped to a reviewed archetype.,radroach
FalloutNV.esm|000BCC4D,FalloutNV.esm,000BCC4D,000BCC4D,BrokenSteel.esm,CagedDeathclawEnclave,Deathclaw,,,unknown,Creatures\DeathClaw\Skeleton.nif,VoiceDoNotRecordF [VTYP:00094EED],CrDeathClaw [CREA:0001CF9A],0,0,0,12,false,false,include_nonverbal,Reachable official non-verbal creature mapped to a reviewed archetype.,deathclaw
FalloutNV.esm|000BE2E8,FalloutNV.esm,000BE2E8,000BE2E8,FalloutNV.esm,LvlTurretCeilingFrenzied1024,,,,unknown,,,EncTurretCeiling [LVLC:000A8A5D],0,0,0,1,false,false,exclude_not_actor,Robot or automated turret reserved for the robot pass.,
FalloutNV.esm|000BF5B8,FalloutNV.esm,000BF5B8,000BF5B8,TaleOfTwoWastelands.esm,DeadAnt1,Giant Ant,,,unknown,Creatures\GiantAnt\skeleton.nif,VoiceDoNotRecordF [VTYP:00094EED],CrAnt1Worker [CREA:0001CF81],0,0,0,5,false,false,exclude_unused,"Template, corpse, test, cut, or non-reachable archetype record without a distinct new roleplay profile.",
FalloutNV.esm|000C18D4,FalloutNV.esm,000C18D4,000C18D4,TaleOfTwoWastelands.esm,DEADDeathClawEnclave,Deathclaw,,,unknown,Creatures\DeathClaw\Skeleton.nif,VoiceDoNotRecordF [VTYP:00094EED],CrDeathClawEnclave [CREA:0001CF72],0,0,0,1,false,false,include_nonverbal,Reachable official non-verbal creature mapped to a reviewed archetype.,deathclaw
FalloutNV.esm|000C1970,FalloutNV.esm,000C1970,000C1970,Fallout3.esm,SewardSqAmbush01LvlSupermutantMelee,,,,unknown,,,EncSuperMutantMeleeDC [LVLC:0603A14A],0,0,0,1,false,false,exclude_not_actor,Ambient/scenery actor or record without a usable identity.,
FalloutNV.esm|000C1978,FalloutNV.esm,000C1978,000C1978,Fallout3.esm,SewardSqAmbush02LvlSupermutantMelee,,,,unknown,,,EncSuperMutantMeleeDC [LVLC:0603A14A],0,0,0,1,false,false,exclude_not_actor,Ambient/scenery actor or record without a usable identity.,
FalloutNV.esm|000C290A,FalloutNV.esm,000C290A,000C290A,Fallout3.esm,SewardSqLvlSupermutantMinigun01,,,,unknown,,,EncSuperMutantMinigunDC [LVLC:06092C53],0,0,0,1,false,false,exclude_not_actor,Ambient/scenery actor or record without a usable identity.,
FalloutNV.esm|000C3280,FalloutNV.esm,000C3280,000C3280,Fallout3.esm,DCSDeathClaw,Deathclaw,,,unknown,Creatures\DeathClaw\Skeleton.nif,VoiceDoNotRecordF [VTYP:00094EED],CrDeathClaw [CREA:0001CF9A],0,0,0,10,false,false,include_nonverbal,Reachable official non-verbal creature mapped to a reviewed archetype.,deathclaw
FalloutNV.esm|000C3B2E,FalloutNV.esm,000C3B2E,000C3B2E,TaleOfTwoWastelands.esm,AudioTemplateMirelurkKing,AudioTemplateMirelurkKing,,,unknown,,VoiceDoNotRecordF [VTYP:00094EED],,0,0,0,25,false,false,exclude_unused,"Template, corpse, test, cut, or non-reachable archetype record without a distinct new roleplay profile.",
FalloutNV.esm|000C3EC4,FalloutNV.esm,000C3EC4,000C3EC4,FalloutNV.esm,VaultTecHQRobot,,,,unknown,,,EncRobot [LVLC:000235A0],0,0,0,12,false,false,exclude_not_actor,Robot or automated turret reserved for the robot pass.,
FalloutNV.esm|000C3EC5,FalloutNV.esm,000C3EC5,000C3EC5,TaleOfTwoWastelands.esm,VaultTecHQTurretCeiling1024Robot,,,,unknown,marker_creature.nif,,LvlTurretCeiling1024 [CREA:000251AA],0,0,0,9,false,false,exclude_not_actor,Robot or automated turret reserved for the robot pass.,
FalloutNV.esm|000C47D1,FalloutNV.esm,000C47D1,000C47D1,Fallout3.esm,FFER15Brahmin,,,,unknown,,,VarBrahminPackDC [LVLC:060A4E5F],0,0,0,3,false,false,exclude_not_actor,Ambient/scenery actor or record without a usable identity.,
FalloutNV.esm|000C48F2,FalloutNV.esm,000C48F2,000C48F2,FalloutNV.esm,LvlWastelandMoleRat,,,,unknown,,,EncWastelandMoleRat [LVLC:000C48EF],0,0,0,2,false,false,exclude_not_actor,Ambient/scenery actor or record without a usable identity.,
FalloutNV.esm|000C58EF,FalloutNV.esm,000C58EF,000C58EF,FalloutNV.esm,MS04CrAnt3Warrior,Fire Ant Warrior,,,unknown,Creatures\GiantAnt\skeleton.nif,VoiceDoNotRecordF [VTYP:00094EED],,0,2,0,1,false,false,include_nonverbal,Reachable official non-verbal creature mapped to a reviewed archetype.,fire_ant_warrior
FalloutNV.esm|000C595E,FalloutNV.esm,000C595E,000C595E,TaleOfTwoWastelands.esm,FriendshipCaptiveRadroach,Radroach,,,unknown,Creatures\Radroach\skeleton.nif,VoiceDoNotRecordF [VTYP:00094EED],CrRadroachDC [CREA:0601CF7C],0,0,0,5,false,false,include_nonverbal,Reachable official non-verbal creature mapped to a reviewed archetype.,radroach
FalloutNV.esm|000C5BAE,FalloutNV.esm,000C5BAE,000C5BAE,FalloutNV.esm,MS04CrAnt3MarigoldWarrior,Fire Ant Warrior,,,unknown,Creatures\GiantAnt\skeleton.nif,VoiceDoNotRecordF [VTYP:00094EED],,0,2,0,1,false,false,include_nonverbal,Reachable official non-verbal creature mapped to a reviewed archetype.,fire_ant_warrior
FalloutNV.esm|000C6058,FalloutNV.esm,000C6058,000C6058,Fallout3.esm,RedRacerSupermutantGun,,,,unknown,,,EncSuperMutantGunDC [LVLC:0602359F],0,0,0,6,false,false,exclude_not_actor,Ambient/scenery actor or record without a usable identity.,
FalloutNV.esm|000C7265,FalloutNV.esm,000C7265,000C7265,Fallout3.esm,TakomaLvlSupermutantMissile01,,,,unknown,,,EncSuperMutantMissileDC [LVLC:06092C50],0,0,0,1,false,false,exclude_not_actor,Ambient/scenery actor or record without a usable identity.,
FalloutNV.esm|000C729C,FalloutNV.esm,000C729C,000C729C,FalloutNV.esm,LvlTurret2048,,,,unknown,,,EncTurret [LVLC:0007D40F],0,0,0,2,false,false,exclude_not_actor,Robot or automated turret reserved for the robot pass.,
FalloutNV.esm|000C72C9,FalloutNV.esm,000C72C9,000C72C9,Fallout3.esm,TakomaArtilleryLvlSupermutantGun,,,,unknown,,,EncSuperMutantGunDC [LVLC:0602359F],0,0,0,3,false,false,exclude_not_actor,Ambient/scenery actor or record without a usable identity.,
FalloutNV.esm|000C79DE,FalloutNV.esm,000C79DE,000C79DE,TaleOfTwoWastelands.esm,LDJuryBossPet,Pumpkin,,,unknown,Creatures\MoleRat\skeleton.nif,VoiceDoNotRecordF [VTYP:00094EED],CrMoleRat [CREA:0001CF9F],0,0,0,1,false,false,exclude_unused,A maintained named biography already exists; do not duplicate it.,
FalloutNV.esm|000C8063,FalloutNV.esm,000C8063,000C8063,TaleOfTwoWastelands.esm,DeadAnt2,Fire Ant,,,unknown,Creatures\GiantAnt\skeleton.nif,VoiceDoNotRecordF [VTYP:00094EED],MS04CrAnt2Soldier [CREA:000393ED],0,0,0,3,false,false,include_nonverbal,Reachable official non-verbal creature mapped to a reviewed archetype.,specialized_ant
FalloutNV.esm|000C8231,FalloutNV.esm,000C8231,000C8231,TaleOfTwoWastelands.esm,wastelandRoachKingRoach,Radroach,,,unknown,Creatures\Radroach\skeleton.nif,VoiceDoNotRecordF [VTYP:00094EED],CrRadroachDC [CREA:0601CF7C],0,0,0,9,false,false,include_nonverbal,Reachable official non-verbal creature mapped to a reviewed archetype.,radroach
FalloutNV.esm|000C8513,FalloutNV.esm,000C8513,000C8513,TaleOfTwoWastelands.esm,TheDevilsThroatSuperMutantDead,Super Mutant,,,unknown,Creatures\SMSpineBreaker\Skeleton.nif,CreatureLowIntSM [VTYP:0014377C],CrSuperMutant1MeleeA [CREA:0003A147],0,0,0,4,false,false,exclude_talking,Conversational humanoid or intelligible speaking creature.,
FalloutNV.esm|000C938B,FalloutNV.esm,000C938B,000C938B,FalloutNV.esm,DogScavenger,Prospector's Dog,,,unknown,Creatures\Dog\Skeleton.nif,VoiceDoNotRecordF [VTYP:00094EED],CrDog [CREA:0001CF9C],0,0,0,9,false,false,exclude_unused,"Template, corpse, test, cut, or non-reachable archetype record without a distinct new roleplay profile.",
FalloutNV.esm|000CAAC0,FalloutNV.esm,000CAAC0,000CAAC0,Fallout3.esm,PotomacGuardLurks01,,,,unknown,,,EncMirelurk [LVLC:000235A2],0,0,0,3,false,false,exclude_not_actor,Ambient/scenery actor or record without a usable identity.,
FalloutNV.esm|000CAADA,FalloutNV.esm,000CAADA,000CAADA,Fallout3.esm,SamuelFeralGhoulGlowingOne,Samuel,,,unknown,Creatures\Ghoul\Skeleton.nif,CreatureFeralGhoulDC [VTYP:0607AE96],CrFeralGhoulGlowingOneDC [CREA:0601CF7B],0,0,0,2,false,false,exclude_unused,A maintained named biography already exists; do not duplicate it.,
FalloutNV.esm|000CAFF8,FalloutNV.esm,000CAFF8,000CAFF8,FalloutNV.esm,BrahminWasteland,Brahmin,,,unknown,Creatures\Brahmin\Skeleton.nif,VoiceDoNotRecordF [VTYP:00094EED],CrBrahmin [CREA:0001CFA2],0,0,0,4,false,false,include_nonverbal,Reachable official non-verbal creature mapped to a reviewed archetype.,brahmin
FalloutNV.esm|000CD133,FalloutNV.esm,000CD133,000CD133,YUPTTW.esm,VNovacCrBrahmin,Brahmin,,,unknown,Creatures\Brahmin\Skeleton.nif,VoiceDoNotRecordF [VTYP:00094EED],,0,0,0,3,false,false,include_nonverbal,Reachable official non-verbal creature mapped to a reviewed archetype.,brahmin
FalloutNV.esm|000CD22C,FalloutNV.esm,000CD22C,000CD22C,TaleOfTwoWastelands.esm,GibsonDog01,Basura,,,unknown,Creatures\Dog\Skeleton.nif,VoiceDoNotRecordF [VTYP:00094EED],CrDog [CREA:0001CF9C],0,0,0,6,false,false,exclude_unused,A maintained named biography already exists; do not duplicate it.,
FalloutNV.esm|000CD22D,FalloutNV.esm,000CD22D,000CD22D,FalloutNV.esm,GibsonDog02,Colmillo,,,unknown,Creatures\Dog\Skeleton.nif,VoiceDoNotRecordF [VTYP:00094EED],GibsonDog01 [CREA:000CD22C],0,0,0,2,false,false,exclude_unused,A maintained named biography already exists; do not duplicate it.,
FalloutNV.esm|000CD22E,FalloutNV.esm,000CD22E,000CD22E,FalloutNV.esm,GibsonDog03,Fiel,,,unknown,Creatures\Dog\Skeleton.nif,VoiceDoNotRecordF [VTYP:00094EED],GibsonDog01 [CREA:000CD22C],0,0,0,2,false,false,exclude_unused,A maintained named biography already exists; do not duplicate it.,
FalloutNV.esm|000CD22F,FalloutNV.esm,000CD22F,000CD22F,FalloutNV.esm,GibsonDog04,Audaz,,,unknown,Creatures\Dog\Skeleton.nif,VoiceDoNotRecordF [VTYP:00094EED],GibsonDog01 [CREA:000CD22C],0,0,0,2,false,false,exclude_unused,A maintained named biography already exists; do not duplicate it.,
FalloutNV.esm|000CD230,FalloutNV.esm,000CD230,000CD230,FalloutNV.esm,GibsonDogRey,Rey,,,unknown,Creatures\Dog\Skeleton.nif,VoiceDoNotRecordF [VTYP:00094EED],GibsonDog01 [CREA:000CD22C],0,0,2,3,false,false,exclude_unused,A maintained named biography already exists; do not duplicate it.,
FalloutNV.esm|000CD231,FalloutNV.esm,000CD231,000CD231,FalloutNV.esm,GibsonDog06,Reina,,,unknown,Creatures\Dog\Skeleton.nif,VoiceDoNotRecordF [VTYP:00094EED],GibsonDog01 [CREA:000CD22C],0,0,0,1,false,false,exclude_unused,A maintained named biography already exists; do not duplicate it.,
FalloutNV.esm|000CD345,FalloutNV.esm,000CD345,000CD345,TaleOfTwoWastelands.esm,CrFeralGhoulGlowingOneDEAD,Glowing One,,,unknown,Creatures\Ghoul\Skeleton.nif,CreatureFeralGhoul [VTYP:0007AE96],,0,0,0,1,false,false,include_nonverbal,Reachable official non-verbal creature mapped to a reviewed archetype.,glowing_one
FalloutNV.esm|000CD59C,FalloutNV.esm,000CD59C,000CD59C,TaleOfTwoWastelands.esm,NightkinMeleeDEAD,Nightkin,,,unknown,Creatures\SMSpineBreaker\Skeleton.nif,CreatureSuperMutant [VTYP:00019FD9],CrSuperMutant1GunA [CREA:0001CF93],0,0,0,4,false,false,exclude_talking,Conversational humanoid or intelligible speaking creature.,
FalloutNV.esm|000CE6EA,FalloutNV.esm,000CE6EA,000CE6EA,FalloutNV.esm,CrMisterHandyNV,Crazed Mister Handy,,,unknown,Creatures\MisterGutsy\Skeleton.nif,RobotMisterHandy [VTYP:00019FDC],,0,0,0,9,false,false,exclude_not_actor,Robot or automated turret reserved for the robot pass.,
FalloutNV.esm|000DA498,FalloutNV.esm,000DA498,000DA498,TaleOfTwoWastelands.esm,NVCrTurret03Steel,Mark VI Turret,,,unknown,Creatures\SentryTurret\skeleton.nif,RobotEyebot [VTYP:00040D41],,0,0,0,5,false,false,exclude_not_actor,Robot or automated turret reserved for the robot pass.,
FalloutNV.esm|000E07D6,FalloutNV.esm,000E07D6,000E07D6,FalloutNV.esm,ARCHIMEDESTurret,,,,unknown,creatures\sentryturret\skeleton.nif,RobotEyebot [VTYP:00040D41],,0,0,0,2,false,false,exclude_not_actor,Robot or automated turret reserved for the robot pass.,
FalloutNV.esm|000E2886,FalloutNV.esm,000E2886,000E2886,YUPTTW.esm,PrimmSlim,Primm Slim,,,unknown,Creatures\Protectron\skeleton.nif,RobotProtectron [VTYP:00019FDA],,0,0,38,39,false,false,exclude_not_actor,Robot or automated turret reserved for the robot pass.,
FalloutNV.esm|000E2BFD,FalloutNV.esm,000E2BFD,000E2BFD,TaleOfTwoWastelands.esm,DLC03CrMisterGutsyEnclave,Enclave Mister Gutsy,,,unknown,Creatures\MisterGutsy\Skeleton.nif,RobotMisterGutsyDC [VTYP:06019FDD],CrMisterGutsyDC [CREA:06021EBD],0,0,0,8,false,false,exclude_not_actor,Robot or automated turret reserved for the robot pass.,
FalloutNV.esm|000E2BFE,FalloutNV.esm,000E2BFE,000E2BFE,TaleOfTwoWastelands.esm,DLC03CrProtectronEnclave,Enclave Protectron,,,unknown,Creatures\Protectron\skeleton.nif,RobotProtectronDC [VTYP:06019FDA],CrProtectronDC [CREA:0601CF8F],0,2,0,6,false,false,exclude_not_actor,Robot or automated turret reserved for the robot pass.,
FalloutNV.esm|000E2BFF,FalloutNV.esm,000E2BFF,000E2BFF,TaleOfTwoWastelands.esm,DLC03CrRobobrainEnclave,Enclave Robobrain,,,unknown,Creatures\Robobrain\skeleton.nif,RobotRoboBrainDC [VTYP:06019FDE],CrRobobrainDC [CREA:0601CF89],0,2,0,1,false,false,exclude_not_actor,Robot or automated turret reserved for the robot pass.,
FalloutNV.esm|000E2C00,FalloutNV.esm,000E2C00,000E2C00,TaleOfTwoWastelands.esm,DLC03CrSentryBotGLEnclave,Enclave Sentry Bot,,,unknown,Creatures\SentryBot\Skeleton.nif,RobotSentryBotDC [VTYP:06019FDB],CrSentryBotGLDC [CREA:0601CF8A],0,2,0,7,false,false,exclude_not_actor,Robot or automated turret reserved for the robot pass.,
FalloutNV.esm|000E2C01,FalloutNV.esm,000E2C01,000E2C01,TaleOfTwoWastelands.esm,DLC03CrSentryBotMGEnclave,Enclave Sentry Bot,,,unknown,Creatures\SentryBot\Skeleton.nif,RobotSentryBotDC [VTYP:06019FDB],CrSentryBotMGDC [CREA:0605F9CA],0,2,0,10,false,false,exclude_not_actor,Robot or automated turret reserved for the robot pass.,
FalloutNV.esm|000E2C02,FalloutNV.esm,000E2C02,000E2C02,TaleOfTwoWastelands.esm,DLC03CrTurret04,Mark VIII Turret,,,unknown,Creatures\SentryTurret\skeleton.nif,RobotEyebot [VTYP:00040D41],,0,2,0,10,false,false,exclude_not_actor,Robot or automated turret reserved for the robot pass.,
FalloutNV.esm|000E2C03,FalloutNV.esm,000E2C03,000E2C03,TaleOfTwoWastelands.esm,DLC03CrTurret04Enclave,Mark VIII Turret,,,unknown,Creatures\SentryTurret\skeleton.nif,RobotEyebot [VTYP:00040D41],DLC03CrTurret04 [CREA:000E2C02],0,2,0,1,false,false,exclude_not_actor,Robot or automated turret reserved for the robot pass.,
FalloutNV.esm|000E2C04,FalloutNV.esm,000E2C04,000E2C04,TaleOfTwoWastelands.esm,DLC03CrTurret04Outcast,Mark VIII Turret,,,unknown,Creatures\SentryTurret\skeleton.nif,RobotEyebot [VTYP:00040D41],DLC03CrTurret04 [CREA:000E2C02],0,2,0,1,false,false,exclude_not_actor,Robot or automated turret reserved for the robot pass.,
FalloutNV.esm|000E2C05,FalloutNV.esm,000E2C05,000E2C05,TaleOfTwoWastelands.esm,DLC03CrTurret04Steel,Mark VIII Turret,,,unknown,Creatures\SentryTurret\skeleton.nif,RobotEyebot [VTYP:00040D41],DLC03CrTurret04 [CREA:000E2C02],0,2,0,1,false,false,exclude_not_actor,Robot or automated turret reserved for the robot pass.,
FalloutNV.esm|000E2C06,FalloutNV.esm,000E2C06,000E2C06,TaleOfTwoWastelands.esm,DLC03CrTurretCeiling04,Mark VII Turret,,,unknown,Creatures\MiniSentryTurret\Skeleton.nif,RobotEyebot [VTYP:00040D41],CrTurretCeiling01 [CREA:000A84B8],0,2,0,8,false,false,exclude_not_actor,Robot or automated turret reserved for the robot pass.,
FalloutNV.esm|000E2C0A,FalloutNV.esm,000E2C0A,000E2C0A,TaleOfTwoWastelands.esm,DLC03MisterGutsyEnclaveBroken,Enclave Mister Gutsy,,,unknown,Creatures\MisterGutsy\Skeleton.nif,RobotMisterGutsyDC [VTYP:06019FDD],DLC03CrMisterGutsyEnclave [CREA:000E2BFD],0,0,0,2,false,false,exclude_not_actor,Robot or automated turret reserved for the robot pass.,
FalloutNV.esm|000E2C0B,FalloutNV.esm,000E2C0B,000E2C0B,TaleOfTwoWastelands.esm,DLC03MisterGutsyStiggs,Hoover,,,unknown,Creatures\MisterGutsy\Skeleton.nif,RobotMisterGutsyDC [VTYP:06019FDD],DLC03CrMisterGutsyEnclave [CREA:000E2BFD],0,0,0,3,false,false,exclude_not_actor,Robot or automated turret reserved for the robot pass.,
FalloutNV.esm|000E2C0C,FalloutNV.esm,000E2C0C,000E2C0C,TaleOfTwoWastelands.esm,DLC03PowerworksTurretHallTurret,Mark VI Turret,,,unknown,Creatures\SentryTurret\skeleton.nif,RobotEyebot [VTYP:00040D41],CrTurret03 [CREA:0007B23C],0,0,0,2,false,false,exclude_not_actor,Robot or automated turret reserved for the robot pass.,
FalloutNV.esm|000E2C0D,FalloutNV.esm,000E2C0D,000E2C0D,TaleOfTwoWastelands.esm,DLC03PresMetroDeadProtectron,Protectron,,,unknown,Creatures\Protectron\skeleton.nif,RobotProtectronDC [VTYP:06019FDA],DLC03CrProtectronEnclave [CREA:000E2BFE],0,0,0,1,false,false,exclude_not_actor,Robot or automated turret reserved for the robot pass.,
FalloutNV.esm|000E2C0E,FalloutNV.esm,000E2C0E,000E2C0E,TaleOfTwoWastelands.esm,DLC03PresMetroProtectronDEAD,Protectron,,,unknown,Creatures\Protectron\skeleton.nif,RobotProtectronDC [VTYP:06019FDA],DLC03CrProtectronEnclave [CREA:000E2BFE],0,0,0,1,false,false,exclude_not_actor,Robot or automated turret reserved for the robot pass.,
FalloutNV.esm|000E2C0F,FalloutNV.esm,000E2C0F,000E2C0F,TaleOfTwoWastelands.esm,DLC03PrimeSequenceTurret02Enclave,Mark VI Turret,,,unknown,Creatures\SentryTurret\skeleton.nif,RobotEyebot [VTYP:00040D41],CrTurret03Enclave [CREA:00086470],0,0,0,3,false,false,exclude_not_actor,Robot or automated turret reserved for the robot pass.,
FalloutNV.esm|000E2C10,FalloutNV.esm,000E2C10,000E2C10,TaleOfTwoWastelands.esm,DLC03PrimeSequenceTurret02EnclaveAlt,Mark VI Turret,,,unknown,Creatures\SentryTurret\skeleton.nif,RobotEyebot [VTYP:00040D41],CrTurret03 [CREA:0007B23C],0,0,0,4,false,false,exclude_not_actor,Robot or automated turret reserved for the robot pass.,
FalloutNV.esm|000E2C11,FalloutNV.esm,000E2C11,000E2C11,TaleOfTwoWastelands.esm,DLC03PrimeSequenceTurret02EnclaveHighHP,Mark VI Turret,,,unknown,Creatures\SentryTurret\skeleton.nif,RobotEyebot [VTYP:00040D41],CrTurret03Enclave [CREA:00086470],0,0,0,3,false,false,exclude_not_actor,Robot or automated turret reserved for the robot pass.,
FalloutNV.esm|000E2C12,FalloutNV.esm,000E2C12,000E2C12,TaleOfTwoWastelands.esm,DLC03SentryBotMGEnclaveBroken,Enclave Sentry Bot,,,unknown,Creatures\SentryBot\Skeleton.nif,RobotSentryBotDC [VTYP:06019FDB],DLC03CrSentryBotMGEnclave [CREA:000E2C01],0,0,0,3,false,false,exclude_not_actor,Robot or automated turret reserved for the robot pass.,
FalloutNV.esm|000E2C13,FalloutNV.esm,000E2C13,000E2C13,TaleOfTwoWastelands.esm,DLC03SentryBotMGEnclaveMB,Enclave Sentry Bot,,,unknown,Creatures\SentryBot\Skeleton.nif,RobotSentryBotDC [VTYP:06019FDB],DLC03CrSentryBotMGEnclave [CREA:000E2C01],0,0,0,3,false,false,exclude_not_actor,Robot or automated turret reserved for the robot pass.,
FalloutNV.esm|000E2C16,FalloutNV.esm,000E2C16,000E2C16,TaleOfTwoWastelands.esm,DLC03CrBrahminPackWater,Brahmin,,,unknown,Creatures\BrahminDC\Skeleton.nif,VoiceDoNotRecordF [VTYP:00094EED],CrBrahminDC [CREA:0601CFA2],0,0,0,14,false,false,include_nonverbal,Reachable official non-verbal creature mapped to a reviewed archetype.,brahmin
FalloutNV.esm|000E2C17,FalloutNV.esm,000E2C17,000E2C17,TaleOfTwoWastelands.esm,DLC03CrBrahminPackWaterDEAD,Brahmin,,,unknown,Creatures\BrahminDC\Skeleton.nif,VoiceDoNotRecordF [VTYP:00094EED],CrBrahminDC [CREA:0601CFA2],0,0,0,1,false,false,include_nonverbal,Reachable official non-verbal creature mapped to a reviewed archetype.,brahmin
FalloutNV.esm|000E2C18,FalloutNV.esm,000E2C18,000E2C18,TaleOfTwoWastelands.esm,DLC03CrFeralGhoul4A,Feral Ghoul Reaver,,,unknown,Creatures\GhoulDC\Skeleton.nif,CreatureFeralGhoulDC [VTYP:0607AE96],,0,2,0,6,false,false,include_nonverbal,Reachable official non-verbal creature mapped to a reviewed archetype.,feral_ghoul_reaver
FalloutNV.esm|000E2C19,FalloutNV.esm,000E2C19,000E2C19,TaleOfTwoWastelands.esm,DLC03CrSuperMutant4GatlingLaserA,Super Mutant Overlord,,,unknown,DLC03\Creatures\SMBoneCrusher\Skeleton.nif,CreatureSuperMutantDC [VTYP:06019FD9],,0,2,0,2,false,false,exclude_talking,Conversational humanoid or intelligible speaking creature.,
FalloutNV.esm|000E2C1A,FalloutNV.esm,000E2C1A,000E2C1A,TaleOfTwoWastelands.esm,DLC03CrSuperMutant4GunA,Super Mutant Overlord,,,unknown,DLC03\Creatures\SMBoneCrusher\Skeleton.nif,CreatureSuperMutantDC [VTYP:06019FD9],,0,2,0,5,false,false,exclude_talking,Conversational humanoid or intelligible speaking creature.,
FalloutNV.esm|000E2C1B,FalloutNV.esm,000E2C1B,000E2C1B,TaleOfTwoWastelands.esm,DLC03CrSuperMutant4MeleeA,Super Mutant Overlord,,,unknown,DLC03\Creatures\SMBoneCrusher\Skeleton.nif,CreatureSuperMutantDC [VTYP:06019FD9],,0,5,0,3,false,false,exclude_talking,Conversational humanoid or intelligible speaking creature.,
FalloutNV.esm|000E2C1C,FalloutNV.esm,000E2C1C,000E2C1C,TaleOfTwoWastelands.esm,DLC03CrSuperMutant4MissileLauncherA,Super Mutant Overlord,,,unknown,DLC03\Creatures\SMBoneCrusher\Skeleton.nif,CreatureSuperMutantDC [VTYP:06019FD9],,0,2,0,1,false,false,exclude_talking,Conversational humanoid or intelligible speaking creature.,
FalloutNV.esm|000E2C1D,FalloutNV.esm,000E2C1D,000E2C1D,TaleOfTwoWastelands.esm,DLC03AFBCrProtectronArmyDEAD,Army Protectron,,,unknown,Creatures\Protectron\skeleton.nif,RobotProtectronDC [VTYP:06019FDA],CrProtectronDC [CREA:0601CF8F],0,0,0,4,false,false,exclude_not_actor,Robot or automated turret reserved for the robot pass.,
FalloutNV.esm|000E2C1E,FalloutNV.esm,000E2C1E,000E2C1E,TaleOfTwoWastelands.esm,DLC03AFBCrRobobrainArmyDEAD,Army Robobrain,,,unknown,Creatures\Robobrain\skeleton.nif,RobotRoboBrainDC [VTYP:06019FDE],CrRobobrainDC [CREA:0601CF89],0,0,0,1,false,false,exclude_not_actor,Robot or automated turret reserved for the robot pass.,
FalloutNV.esm|000E2C1F,FalloutNV.esm,000E2C1F,000E2C1F,TaleOfTwoWastelands.esm,DLC03AFBCrSentryBotGLArmyDEAD,Army Sentry Bot,,,unknown,Creatures\SentryBot\Skeleton.nif,RobotSentryBotDC [VTYP:06019FDB],CrSentryBotGLArmyDC [CREA:060A5C6E],0,0,0,3,false,false,exclude_not_actor,Robot or automated turret reserved for the robot pass.,
FalloutNV.esm|000E3619,FalloutNV.esm,000E3619,000E3619,FalloutNV.esm,VMS03Python,PYTHON,,,unknown,Creatures\MisterGutsy\Skeleton.nif,RobotMisterHandy [VTYP:00019FDC],,0,0,0,1,false,false,exclude_not_actor,Robot or automated turret reserved for the robot pass.,
FalloutNV.esm|000E584D,FalloutNV.esm,000E584D,000E584D,FalloutNV.esm,NVCrCazador,Cazador,,,unknown,creatures\NVCazadores\Skeleton.nif,VoiceDoNotRecordF [VTYP:00094EED],,0,5,0,19,false,false,include_nonverbal,Reachable official non-verbal creature mapped to a reviewed archetype.,cazador
FalloutNV.esm|000E584E,FalloutNV.esm,000E584E,000E584E,FalloutNV.esm,CrCoyote,Coyote,,,unknown,Creatures\Dog\Skeleton.nif,VoiceDoNotRecordF [VTYP:00094EED],,0,6,0,30,false,false,include_nonverbal,Reachable official non-verbal creature mapped to a reviewed archetype.,coyote
FalloutNV.esm|000E584F,FalloutNV.esm,000E584F,000E584F,TaleOfTwoWastelands.esm,CrDeathClawAlpha,Deathclaw Alpha,,,unknown,Creatures\DeathClaw\Skeleton.nif,VoiceDoNotRecordF [VTYP:00094EED],,0,3,0,17,false,false,include_nonverbal,Reachable official non-verbal creature mapped to a reviewed archetype.,deathclaw_alpha
FalloutNV.esm|000E5850,FalloutNV.esm,000E5850,000E5850,TaleOfTwoWastelands.esm,CrDeathClawBaby,Young Deathclaw,,,unknown,Creatures\DeathClaw\Skeleton.nif,VoiceDoNotRecordF [VTYP:00094EED],,0,0,0,12,false,false,include_nonverbal,Reachable official non-verbal creature mapped to a reviewed archetype.,young_deathclaw
FalloutNV.esm|000E5851,FalloutNV.esm,000E5851,000E5851,TaleOfTwoWastelands.esm,CrDeathClawMother,Deathclaw Mother,,,unknown,Creatures\DeathClaw\Skeleton.nif,VoiceDoNotRecordF [VTYP:00094EED],,0,0,0,14,false,false,include_nonverbal,Reachable official non-verbal creature mapped to a reviewed archetype.,deathclaw_mother
FalloutNV.esm|000E5853,FalloutNV.esm,000E5853,000E5853,TaleOfTwoWastelands.esm,CrCentaurEvolved,Evolved Centaur,,,unknown,creatures\centaur\skeletonEvolved.nif,VoiceDoNotRecordF [VTYP:00094EED],,0,6,0,13,false,false,include_nonverbal,Reachable official non-verbal creature mapped to a reviewed archetype.,evolved_centaur
FalloutNV.esm|000E585B,FalloutNV.esm,000E585B,000E585B,YUPTTW.esm,CrLegionMongrel,Legion Mongrel,,,unknown,Creatures\Dog\Skeleton.nif,VoiceDoNotRecordF [VTYP:00094EED],,0,0,0,21,false,false,exclude_unused,"Template, corpse, test, cut, or non-reachable archetype record without a distinct new roleplay profile.",
FalloutNV.esm|000E585C,FalloutNV.esm,000E585C,000E585C,TaleOfTwoWastelands.esm,CrMisterGutsyHard,Hardened Mister Gutsy,,,unknown,Creatures\MisterGutsy\Skeleton.nif,RobotMisterGutsy [VTYP:00019FDD],,0,2,0,8,false,false,exclude_not_actor,Robot or automated turret reserved for the robot pass.,
FalloutNV.esm|000E585D,FalloutNV.esm,000E585D,000E585D,TaleOfTwoWastelands.esm,CrSentryBotGLHard,Hardened Sentry Bot,,,unknown,Creatures\SentryBot\Skeleton.nif,RobotSentryBot [VTYP:00019FDB],,0,0,0,6,false,false,exclude_not_actor,Robot or automated turret reserved for the robot pass.,
FalloutNV.esm|000E585E,FalloutNV.esm,000E585E,000E585E,TaleOfTwoWastelands.esm,CrSentryBotMGHard,Hardened Sentry Bot,,,unknown,Creatures\SentryBot\Skeleton.nif,RobotSentryBot [VTYP:00019FDB],CrSentryBotGLHard [CREA:000E585D],0,0,0,5,false,false,exclude_not_actor,Robot or automated turret reserved for the robot pass.,
FalloutNV.esm|000E585F,FalloutNV.esm,000E585F,000E585F,TaleOfTwoWastelands.esm,CrSporeCarrierFD,Spore Carrier Runt,,,unknown,creatures\NVSporeCarrier\skeleton.nif,DLC01UniqueTrogVoice [VTYP:0009467B],,0,2,0,20,false,false,include_nonverbal,Reachable official non-verbal creature mapped to a reviewed archetype.,spore_carrier_runt
FalloutNV.esm|000E5860,FalloutNV.esm,000E5860,000E5860,TaleOfTwoWastelands.esm,CrSporeCarrierFD2,Spore Carrier,,,unknown,creatures\NVSporeCarrier\skeleton.nif,DLC01UniqueTrogVoice [VTYP:0009467B],CrSporeCarrierFD [CREA:000E585F],0,2,0,6,false,false,include_nonverbal,Reachable official non-verbal creature mapped to a reviewed archetype.,spore_carrier
FalloutNV.esm|000E5861,FalloutNV.esm,000E5861,000E5861,TaleOfTwoWastelands.esm,CrSporeCarrierFD3,Spore Carrier Brute,,,unknown,creatures\NVSporeCarrier\skeleton.nif,DLC01UniqueTrogVoice [VTYP:0009467B],CrSporeCarrierFD [CREA:000E585F],0,2,0,6,false,false,include_nonverbal,Reachable official non-verbal creature mapped to a reviewed archetype.,spore_carrier_brute
FalloutNV.esm|000E5862,FalloutNV.esm,000E5862,000E5862,TaleOfTwoWastelands.esm,CrSporeCarrierFD4,Spore Carrier Savage,,,unknown,creatures\NVSporeCarrier\skeleton.nif,DLC01UniqueTrogVoice [VTYP:0009467B],CrSporeCarrierFD [CREA:000E585F],0,2,0,5,false,false,include_nonverbal,Reachable official non-verbal creature mapped to a reviewed archetype.,spore_carrier_savage
FalloutNV.esm|000E59E7,FalloutNV.esm,000E59E7,000E59E7,TaleOfTwoWastelands.esm,QJDeathclawMother,Mother Deathclaw,,,unknown,Creatures\DeathClaw\Skeleton.nif,VoiceDoNotRecordF [VTYP:00094EED],CrDeathClawMother [CREA:000E5851],0,0,7,12,false,false,include_nonverbal,Reachable official non-verbal creature mapped to a reviewed archetype.,deathclaw_mother
FalloutNV.esm|000E59E8,FalloutNV.esm,000E59E8,000E59E8,TaleOfTwoWastelands.esm,QJDeathclawAlphaMale,Deathclaw Alpha Male,,,unknown,Creatures\DeathClaw\Skeleton.nif,VoiceDoNotRecordF [VTYP:00094EED],CrDeathClawAlphaVariant [CREA:000E62FB],0,0,7,11,false,false,include_nonverbal,Reachable official non-verbal creature mapped to a reviewed archetype.,deathclaw_alpha
FalloutNV.esm|000E5E4F,FalloutNV.esm,000E5E4F,000E5E4F,YUPTTW.esm,QJSnuffles,Snuffles,,,unknown,Creatures\MoleRat\skeleton.nif,VoiceDoNotRecordF [VTYP:00094EED],,0,0,9,11,false,false,exclude_unused,A maintained named biography already exists; do not duplicate it.,
FalloutNV.esm|000E601F,FalloutNV.esm,000E601F,000E601F,YUPTTW.esm,QJDeathclawBaby,Deathclaw Baby,,,unknown,Creatures\DeathClaw\Skeleton.nif,VoiceDoNotRecordF [VTYP:00094EED],CrDeathClawBaby [CREA:000E5850],0,0,0,5,false,false,include_nonverbal,Reachable official non-verbal creature mapped to a reviewed archetype.,deathclaw_baby
FalloutNV.esm|000E60F0,FalloutNV.esm,000E60F0,000E60F0,YUPTTW.esm,BMNeil,Neil,,,unknown,Creatures\SMSpineBreaker\Skeleton.nif,CreatureSmartSM [VTYP:0014377B],,0,0,42,43,false,false,exclude_unused,A maintained named biography already exists; do not duplicate it.,
FalloutNV.esm|000E60F1,FalloutNV.esm,000E60F1,000E60F1,TaleOfTwoWastelands.esm,Tabitha,Tabitha,,,unknown,Creatures\SMSpineBreaker\Skeleton.nif,CreatureUniqueTabitha [VTYP:00148135],,0,0,218,219,false,false,exclude_talking,Conversational humanoid or intelligible speaking creature.,
FalloutNV.esm|000E62FB,FalloutNV.esm,000E62FB,000E62FB,TaleOfTwoWastelands.esm,CrDeathClawAlphaVariant,Deathclaw Alpha,,,unknown,Creatures\DeathClaw\Skeleton.nif,VoiceDoNotRecordF [VTYP:00094EED],,0,0,0,14,false,false,include_nonverbal,Reachable official non-verbal creature mapped to a reviewed archetype.,deathclaw_alpha
FalloutNV.esm|000E6306,FalloutNV.esm,000E6306,000E6306,FalloutNV.esm,QJDeathclawAmbusher,Deathclaw,,,unknown,Creatures\DeathClaw\Skeleton.nif,VoiceDoNotRecordF [VTYP:00094EED],CrDeathClaw [CREA:0001CF9A],0,0,0,11,false,false,include_nonverbal,Reachable official non-verbal creature mapped to a reviewed archetype.,deathclaw
FalloutNV.esm|000E6321,FalloutNV.esm,000E6321,000E6321,FalloutNV.esm,QJDeathclawEater,Deathclaw,,,unknown,Creatures\DeathClaw\Skeleton.nif,VoiceDoNotRecordF [VTYP:00094EED],CrDeathClaw [CREA:0001CF9A],0,0,0,8,false,false,include_nonverbal,Reachable official non-verbal creature mapped to a reviewed archetype.,deathclaw
FalloutNV.esm|000E6348,FalloutNV.esm,000E6348,000E6348,FalloutNV.esm,QJDeathclawWanderer01,Deathclaw,,,unknown,Creatures\DeathClaw\Skeleton.nif,VoiceDoNotRecordF [VTYP:00094EED],CrDeathClaw [CREA:0001CF9A],0,0,0,5,false,false,include_nonverbal,Reachable official non-verbal creature mapped to a reviewed archetype.,deathclaw
FalloutNV.esm|000E7417,FalloutNV.esm,000E7417,000E7417,YUPTTW.esm,QJDeathclawDead,Young Deathclaw,,,unknown,Creatures\DeathClaw\Skeleton.nif,VoiceDoNotRecordF [VTYP:00094EED],CrDeathClaw [CREA:0001CF9A],0,0,0,4,false,false,include_nonverbal,Reachable official non-verbal creature mapped to a reviewed archetype.,young_deathclaw
FalloutNV.esm|000E7449,FalloutNV.esm,000E7449,000E7449,TaleOfTwoWastelands.esm,QJDeathclawHawkins,Young Deathclaw,,,unknown,Creatures\DeathClaw\Skeleton.nif,VoiceDoNotRecordF [VTYP:00094EED],CrDeathClawBaby [CREA:000E5850],0,0,0,2,false,false,include_nonverbal,Reachable official non-verbal creature mapped to a reviewed archetype.,young_deathclaw
FalloutNV.esm|000E7502,FalloutNV.esm,000E7502,000E7502,TaleOfTwoWastelands.esm,REPCONEyebot,Mobile Facial Recognition Scanner,,,unknown,Creatures\MisterGutsy\Skeleton.nif,RobotEyebot [VTYP:00040D41],REPCONMrHandy [CREA:000E7503],0,0,47,53,false,false,exclude_not_actor,Robot or automated turret reserved for the robot pass.,
FalloutNV.esm|000E7503,FalloutNV.esm,000E7503,000E7503,FalloutNV.esm,REPCONMrHandy,Maintenance Robot,,,unknown,Creatures\MisterGutsy\Skeleton.nif,RobotMisterHandy [VTYP:00019FDC],,0,0,8,16,false,false,exclude_not_actor,Robot or automated turret reserved for the robot pass.,
FalloutNV.esm|000E7504,FalloutNV.esm,000E7504,000E7504,FalloutNV.esm,REPCONHQSentryBot,Sentry Bot,,,unknown,,,VarSentrybotRepcon [LVLC:000E8827],0,0,0,25,false,false,exclude_not_actor,Robot or automated turret reserved for the robot pass.,
FalloutNV.esm|000E794E,FalloutNV.esm,000E794E,000E794E,YUPTTW.esm,CrNightkinSniper,Nightkin Sniper,,,unknown,Creatures\SMSpineBreaker\Skeleton.nif,,,0,0,0,1,false,false,exclude_talking,Conversational humanoid or intelligible speaking creature.,
FalloutNV.esm|000E79C9,FalloutNV.esm,000E79C9,000E79C9,FalloutNV.esm,BMSupermutantMelee,,,,unknown,,,EncSuperMutantMelee [LVLC:0003A14A],0,0,0,3,false,false,exclude_not_actor,Ambient/scenery actor or record without a usable identity.,
FalloutNV.esm|000E7B3A,FalloutNV.esm,000E7B3A,000E7B3A,YUPTTW.esm,BMNightkinMeleeMob,,,,unknown,,CreatureSuperMutant [VTYP:00019FD9],EncSuperMutantNightkinMelee [LVLC:0007EA2F],0,0,0,4,false,false,exclude_talking,Conversational humanoid or intelligible speaking creature.,
FalloutNV.esm|000E849E,FalloutNV.esm,000E849E,000E849E,FalloutNV.esm,BMRoadblock2Mutant,,,,unknown,,,EncSuperMutantMelee [LVLC:0003A14A],0,0,0,1,false,false,exclude_not_actor,Ambient/scenery actor or record without a usable identity.,
FalloutNV.esm|000E84A0,FalloutNV.esm,000E84A0,000E84A0,FalloutNV.esm,BMRoadblock3Mutant,,,,unknown,,,EncSuperMutantMelee [LVLC:0003A14A],0,0,0,1,false,false,exclude_not_actor,Ambient/scenery actor or record without a usable identity.,
FalloutNV.esm|000E84A1,FalloutNV.esm,000E84A1,000E84A1,YUPTTW.esm,BMRoadblock1Mutant,,,,unknown,,CreatureLowIntSM [VTYP:0014377C],EncSuperMutantMelee [LVLC:0003A14A],0,0,0,1,false,false,exclude_not_actor,Ambient/scenery actor or record without a usable identity.,
FalloutNV.esm|000E84A2,FalloutNV.esm,000E84A2,000E84A2,YUPTTW.esm,BMRhonda,Broken Mr. Handy,,,unknown,Creatures\MisterGutsy\Skeleton.nif,RobotMisterHandy [VTYP:00019FDC],,0,0,23,27,false,false,exclude_not_actor,Robot or automated turret reserved for the robot pass.,
FalloutNV.esm|000E85EF,FalloutNV.esm,000E85EF,000E85EF,TaleOfTwoWastelands.esm,REPCONTourGuide,Tour Guide,,,unknown,creatures\mistergutsy\skeleton.nif,RobotMisterHandy [VTYP:00019FDC],,0,0,28,29,false,false,exclude_not_actor,Robot or automated turret reserved for the robot pass.,
FalloutNV.esm|000E8823,FalloutNV.esm,000E8823,000E8823,TaleOfTwoWastelands.esm,CrSentryBotRHQ,Sentry Bot,,,unknown,Creatures\SentryBot\Skeleton.nif,RobotSentryBot [VTYP:00019FDB],CrSentryBotGLArmy [CREA:000A5C6E],0,0,0,2,false,false,exclude_not_actor,Robot or automated turret reserved for the robot pass.,
FalloutNV.esm|000E8828,FalloutNV.esm,000E8828,000E8828,TaleOfTwoWastelands.esm,CrSentryBotGLRepcon,Sentry Bot,,,unknown,Creatures\SentryBot\Skeleton.nif,RobotSentryBot [VTYP:00019FDB],CrSentryBotGLArmy [CREA:000A5C6E],0,2,0,3,false,false,exclude_not_actor,Robot or automated turret reserved for the robot pass.,
FalloutNV.esm|000E8829,FalloutNV.esm,000E8829,000E8829,FalloutNV.esm,CrSentryBotMGRepcon,Sentry Bot,,,unknown,Creatures\SentryBot\Skeleton.nif,RobotSentryBot [VTYP:00019FDB],CrSentryBotMGArmy [CREA:000A5C6F],0,0,0,2,false,false,exclude_not_actor,Robot or automated turret reserved for the robot pass.,
FalloutNV.esm|000E8E95,FalloutNV.esm,000E8E95,000E8E95,YUPTTW.esm,NVCrGiantRat,Giant Rat,,,unknown,creatures\NVgiantrat\skeleton.nif,VoiceDoNotRecordF [VTYP:00094EED],,0,5,0,30,false,false,include_nonverbal,Reachable official non-verbal creature mapped to a reviewed archetype.,giant_rat
FalloutNV.esm|000E9490,FalloutNV.esm,000E9490,000E9490,YUPTTW.esm,BMSuperMutantAmbusher,,,,unknown,,CreatureLowIntSM [VTYP:0014377C],EncSuperMutantMelee [LVLC:0003A14A],0,0,0,2,false,false,exclude_not_actor,Ambient/scenery actor or record without a usable identity.,
FalloutNV.esm|000E9491,FalloutNV.esm,000E9491,000E9491,TaleOfTwoWastelands.esm,BMCentaurPatrol,Centaur,,,unknown,Creatures\Centaur\Skeleton.nif,VoiceDoNotRecordF [VTYP:00094EED],,0,0,0,3,false,false,include_nonverbal,Reachable official non-verbal creature mapped to a reviewed archetype.,centaur
FalloutNV.esm|000E9492,FalloutNV.esm,000E9492,000E9492,FalloutNV.esm,BMNightkinRoadAmbusher,Nightkin,,,unknown,,CreatureSuperMutant [VTYP:00019FD9],EncSuperMutantNightkinMelee [LVLC:0007EA2F],0,0,0,5,false,false,exclude_talking,Conversational humanoid or intelligible speaking creature.,
FalloutNV.esm|000E9493,FalloutNV.esm,000E9493,000E9493,FalloutNV.esm,BMVillageMutant,,,,unknown,,CreatureLowIntSM [VTYP:0014377C],EncSuperMutantMelee [LVLC:0003A14A],0,0,0,3,false,false,exclude_not_actor,Ambient/scenery actor or record without a usable identity.,
FalloutNV.esm|000E9494,FalloutNV.esm,000E9494,000E9494,TaleOfTwoWastelands.esm,BMNightkinMobPatrol,,,,unknown,,CreatureSuperMutant [VTYP:00019FD9],EncSuperMutantNightkinGun [LVLC:0007EA2E],0,0,0,2,false,false,exclude_talking,Conversational humanoid or intelligible speaking creature.,
FalloutNV.esm|000EA226,FalloutNV.esm,000EA226,000EA226,FalloutNV.esm,LvlGiantRat,,,,unknown,,,EncGiantRat [LVLC:000EA225],0,0,0,58,false,false,exclude_not_actor,Ambient/scenery actor or record without a usable identity.,
FalloutNV.esm|000EB401,FalloutNV.esm,000EB401,000EB401,FalloutNV.esm,CrBarkScorpion,Bark Scorpion,,,unknown,Creatures\Radscorpion\Skeleton.nif,VoiceDoNotRecordF [VTYP:00094EED],,0,0,0,59,false,false,include_nonverbal,Reachable official non-verbal creature mapped to a reviewed archetype.,bark_scorpion
FalloutNV.esm|000EDC34,FalloutNV.esm,000EDC34,000EDC34,TaleOfTwoWastelands.esm,GunRunnerProtectron,Vendortron,,,unknown,Creatures\Protectron\skeleton.nif,RobotProtectron [VTYP:00019FDA],,0,0,11,14,false,false,exclude_not_actor,Robot or automated turret reserved for the robot pass.,
FalloutNV.esm|000EE6CE,FalloutNV.esm,000EE6CE,000EE6CE,TaleOfTwoWastelands.esm,V22TempSporePlant,Spore Plant,,,unknown,creatures\NVSporePlant\skeleton.nif,VoiceDoNotRecordF [VTYP:00094EED],,0,0,0,1,false,false,include_nonverbal,Reachable official non-verbal creature mapped to a reviewed archetype.,spore_plant
FalloutNV.esm|000EF411,FalloutNV.esm,000EF411,000EF411,TaleOfTwoWastelands.esm,NVCrGiantMantisNymph,Giant Mantis Nymph,,,unknown,creatures\NVMantis\Skeleton.NIF,,,0,0,0,17,false,false,include_nonverbal,Reachable official non-verbal creature mapped to a reviewed archetype.,giant_mantis_nymph
FalloutNV.esm|000EF412,FalloutNV.esm,000EF412,000EF412,TaleOfTwoWastelands.esm,NVCrGiantMantis,Giant Mantis,,,unknown,creatures\NVMantis\Skeleton.NIF,,,0,2,0,83,false,false,include_nonverbal,Reachable official non-verbal creature mapped to a reviewed archetype.,giant_mantis
FalloutNV.esm|000EFB25,FalloutNV.esm,000EFB25,000EFB25,YUPTTW.esm,V3Marie,GnashBone,,,unknown,Creatures\Dog\Skeleton.nif,VoiceDoNotRecordF [VTYP:00094EED],,0,0,0,1,false,false,exclude_unused,"Template, corpse, test, cut, or non-reachable archetype record without a distinct new roleplay profile.",
FalloutNV.esm|000EFB26,FalloutNV.esm,000EFB26,000EFB26,TaleOfTwoWastelands.esm,V3Donnie,BoneGnash,,,unknown,Creatures\Dog\Skeleton.nif,VoiceDoNotRecordF [VTYP:00094EED],,0,0,0,1,false,false,exclude_unused,A maintained named biography already exists; do not duplicate it.,
FalloutNV.esm|000F0901,FalloutNV.esm,000F0901,000F0901,FalloutNV.esm,V22Bohr,Bohr,,,unknown,Creatures\Protectron\skeleton.nif,RobotProtectron [VTYP:00019FDA],,0,0,14,14,false,false,exclude_not_actor,Robot or automated turret reserved for the robot pass.,
FalloutNV.esm|000F0903,FalloutNV.esm,000F0903,000F0903,TaleOfTwoWastelands.esm,V22Koch,Broken Sentry Bot,,,unknown,Creatures\SentryBot\Skeleton.nif,RobotSentryBot [VTYP:00019FDB],,0,0,1,2,false,false,exclude_not_actor,Robot or automated turret reserved for the robot pass.,
FalloutNV.esm|000F0904,FalloutNV.esm,000F0904,000F0904,TaleOfTwoWastelands.esm,V22ScareMantisWalk,Giant Mantis,,,unknown,creatures\NVMantis\Skeleton.NIF,,,0,0,0,3,false,false,include_nonverbal,Reachable official non-verbal creature mapped to a reviewed archetype.,giant_mantis
FalloutNV.esm|000F0B30,FalloutNV.esm,000F0B30,000F0B30,YUPTTW.esm,WaterBrahminHector,Water Brahmin,,,unknown,Creatures\Brahmin\Skeleton.nif,VoiceDoNotRecordF [VTYP:00094EED],CrBrahminWater [CREA:000FF5E5],0,0,0,1,false,false,exclude_unused,"Template, corpse, test, cut, or non-reachable archetype record without a distinct new roleplay profile.",
FalloutNV.esm|000F3D52,FalloutNV.esm,000F3D52,000F3D52,TaleOfTwoWastelands.esm,V22InitialAttackMantis,Giant Mantis,,,unknown,creatures\NVMantis\Skeleton.NIF,,,0,0,0,1,false,false,include_nonverbal,Reachable official non-verbal creature mapped to a reviewed archetype.,giant_mantis
FalloutNV.esm|000F3D53,FalloutNV.esm,000F3D53,000F3D53,TaleOfTwoWastelands.esm,V22ScareMantisSuddenWalk,Giant Mantis,,,unknown,creatures\NVMantis\Skeleton.NIF,,,0,0,0,3,false,false,include_nonverbal,Reachable official non-verbal creature mapped to a reviewed archetype.,giant_mantis
FalloutNV.esm|000F3D54,FalloutNV.esm,000F3D54,000F3D54,TaleOfTwoWastelands.esm,V22AttackMantis,Giant Mantis,,,unknown,creatures\NVMantis\Skeleton.NIF,,,0,0,0,11,false,false,include_nonverbal,Reachable official non-verbal creature mapped to a reviewed archetype.,giant_mantis
FalloutNV.esm|000F3D55,FalloutNV.esm,000F3D55,000F3D55,TaleOfTwoWastelands.esm,V22BaileySporeCarrier,Spore Carrier,,,unknown,creatures\NVSporeCarrier\skeleton.nif,DLC01UniqueTrogVoice [VTYP:0009467B],CrSporeCarrierFD [CREA:000E585F],0,0,0,2,false,false,include_nonverbal,Reachable official non-verbal creature mapped to a reviewed archetype.,spore_carrier
FalloutNV.esm|000F3D56,FalloutNV.esm,000F3D56,000F3D56,TaleOfTwoWastelands.esm,V22DeadSporeCarrierFU,Spore Carrier,,,unknown,creatures\NVSporeCarrier\skeleton.nif,DLC01UniqueTrogVoice [VTYP:0009467B],CrSporeCarrierFD [CREA:000E585F],0,0,0,1,false,false,include_nonverbal,Reachable official non-verbal creature mapped to a reviewed archetype.,spore_carrier
FalloutNV.esm|000F4401,FalloutNV.esm,000F4401,000F4401,TaleOfTwoWastelands.esm,V22KeelyGuardMantis,Giant Mantis,,,unknown,creatures\NVMantis\Skeleton.NIF,,,0,0,0,2,false,false,include_nonverbal,Reachable official non-verbal creature mapped to a reviewed archetype.,giant_mantis
FalloutNV.esm|000F5701,FalloutNV.esm,000F5701,000F5701,FalloutNV.esm,CrNVDogFiend,Fiend Guard Dog,,,unknown,Creatures\Dog\Skeleton.nif,VoiceDoNotRecordF [VTYP:00094EED],CrDogVicious [CREA:0001CFA3],0,0,0,15,false,false,exclude_unused,"Template, corpse, test, cut, or non-reachable archetype record without a distinct new roleplay profile.",
FalloutNV.esm|000F5702,FalloutNV.esm,000F5702,000F5702,FalloutNV.esm,CrFiendBrahmin,Fiend Brahmin,,,unknown,Creatures\Brahmin\Skeleton.nif,VoiceDoNotRecordF [VTYP:00094EED],,0,0,0,2,false,false,exclude_unused,"Template, corpse, test, cut, or non-reachable archetype record without a distinct new roleplay profile.",
FalloutNV.esm|000F5703,FalloutNV.esm,000F5703,000F5703,TaleOfTwoWastelands.esm,CrFiendBrahminQueenie,Queenie,,,unknown,Creatures\Brahmin\Skeleton.nif,VoiceDoNotRecordF [VTYP:00094EED],,0,0,0,1,false,false,exclude_unused,"Template, corpse, test, cut, or non-reachable archetype record without a distinct new roleplay profile.",
FalloutNV.esm|000F83A2,FalloutNV.esm,000F83A2,000F83A2,TaleOfTwoWastelands.esm,WestsideMeanSonofabitch,Mean Sonofabitch,,,unknown,Creatures\SMSpineBreaker\Skeleton.nif,CreatureLowIntSM [VTYP:0014377C],,0,0,12,13,false,false,exclude_talking,Conversational humanoid or intelligible speaking creature.,
FalloutNV.esm|000F9D94,FalloutNV.esm,000F9D94,000F9D94,TaleOfTwoWastelands.esm,V22BathroomScareSporeCarrier,Spore Carrier Runt,,,unknown,creatures\NVSporeCarrier\skeleton.nif,DLC01UniqueTrogVoice [VTYP:0009467B],CrSporeCarrierFD [CREA:000E585F],0,0,0,1,false,false,include_nonverbal,Reachable official non-verbal creature mapped to a reviewed archetype.,spore_carrier_runt
FalloutNV.esm|000FC1D0,FalloutNV.esm,000FC1D0,000FC1D0,TaleOfTwoWastelands.esm,V22FemaleMantis,Giant Mantis Female,,,unknown,creatures\NVMantis\Skeleton.NIF,,,0,0,0,1,false,false,exclude_unused,"Template, corpse, test, cut, or non-reachable archetype record without a distinct new roleplay profile.",
FalloutNV.esm|000FE034,FalloutNV.esm,000FE034,000FE034,TaleOfTwoWastelands.esm,CrSporeCarrierFU4,Spore Carrier Savage,,,unknown,creatures\NVSporeCarrier\skeleton.nif,DLC01UniqueTrogVoice [VTYP:0009467B],CrSporeCarrierFU [CREA:000FE037],0,0,0,4,false,false,include_nonverbal,Reachable official non-verbal creature mapped to a reviewed archetype.,spore_carrier_savage
FalloutNV.esm|000FE035,FalloutNV.esm,000FE035,000FE035,TaleOfTwoWastelands.esm,V22DeadSporeCarrierFD,Spore Carrier,,,unknown,creatures\NVSporeCarrier\skeleton.nif,DLC01UniqueTrogVoice [VTYP:0009467B],CrSporeCarrierFD [CREA:000E585F],0,0,0,1,false,false,include_nonverbal,Reachable official non-verbal creature mapped to a reviewed archetype.,spore_carrier
FalloutNV.esm|000FE036,FalloutNV.esm,000FE036,000FE036,TaleOfTwoWastelands.esm,CrSporePlant,Spore Plant,,,unknown,creatures\NVSporePlant\skeleton.nif,VoiceDoNotRecordF [VTYP:00094EED],,0,0,0,12,false,false,include_nonverbal,Reachable official non-verbal creature mapped to a reviewed archetype.,spore_plant
FalloutNV.esm|000FE037,FalloutNV.esm,000FE037,000FE037,TaleOfTwoWastelands.esm,CrSporeCarrierFU,Spore Carrier Runt,,,unknown,creatures\NVSporeCarrier\skeleton.nif,DLC01UniqueTrogVoice [VTYP:0009467B],,0,0,0,8,false,false,include_nonverbal,Reachable official non-verbal creature mapped to a reviewed archetype.,spore_carrier_runt
FalloutNV.esm|000FE039,FalloutNV.esm,000FE039,000FE039,FalloutNV.esm,CrSporeCarrierFU2,Spore Carrier,,,unknown,creatures\NVSporeCarrier\skeleton.nif,DLC01UniqueTrogVoice [VTYP:0009467B],CrSporeCarrierFU [CREA:000FE037],0,0,0,1,false,false,include_nonverbal,Reachable official non-verbal creature mapped to a reviewed archetype.,spore_carrier
FalloutNV.esm|000FE03A,FalloutNV.esm,000FE03A,000FE03A,TaleOfTwoWastelands.esm,CrSporeCarrierFU3,Spore Carrier Brute,,,unknown,creatures\NVSporeCarrier\skeleton.nif,DLC01UniqueTrogVoice [VTYP:0009467B],CrSporeCarrierFU [CREA:000FE037],0,0,0,6,false,false,include_nonverbal,Reachable official non-verbal creature mapped to a reviewed archetype.,spore_carrier_brute
FalloutNV.esm|000FE9EA,FalloutNV.esm,000FE9EA,000FE9EA,TaleOfTwoWastelands.esm,McCarranFieldSentryBot,NCR Sentry Bot,,,unknown,Creatures\SentryBot\Skeleton.nif,RobotSentryBot [VTYP:00019FDB],CrSentryBotGLArmy [CREA:000A5C6E],0,0,0,2,false,false,exclude_not_actor,Robot or automated turret reserved for the robot pass.,
FalloutNV.esm|000FED1E,FalloutNV.esm,000FED1E,000FED1E,FalloutNV.esm,CrimsonCaravanBrahmin,Brahmin,,,unknown,Creatures\Brahmin\Skeleton.nif,VoiceDoNotRecordF [VTYP:00094EED],,0,0,0,5,false,false,include_nonverbal,Reachable official non-verbal creature mapped to a reviewed archetype.,brahmin
FalloutNV.esm|000FF574,FalloutNV.esm,000FF574,000FF574,FalloutNV.esm,NVBrahminWaterSkins,Brahmin WaterSkins,,,unknown,Creatures\Brahmin\Skeleton.nif,VoiceDoNotRecordF [VTYP:00094EED],,0,0,0,49,false,false,exclude_unused,"Template, corpse, test, cut, or non-reachable archetype record without a distinct new roleplay profile.",
FalloutNV.esm|000FF5E5,FalloutNV.esm,000FF5E5,000FF5E5,FalloutNV.esm,CrBrahminWater,Water Brahmin,,,unknown,Creatures\Brahmin\Skeleton.nif,VoiceDoNotRecordF [VTYP:00094EED],,0,0,0,3,false,false,exclude_unused,"Template, corpse, test, cut, or non-reachable archetype record without a distinct new roleplay profile.",
FalloutNV.esm|000FFC9D,FalloutNV.esm,000FFC9D,000FFC9D,TaleOfTwoWastelands.esm,CrMisterGutsySteelMillNV,Mr. Steel,,,unknown,Creatures\MisterGutsy\Skeleton.nif,RobotMisterGutsy [VTYP:00019FDD],,0,0,0,8,false,false,exclude_not_actor,Robot or automated turret reserved for the robot pass.,
FalloutNV.esm|00101440,FalloutNV.esm,00101440,00101440,FalloutNV.esm,LvlGecko,,,,unknown,marker_creature.nif,,EncWastelandNVGecko [LVLC:000E5867],0,0,0,3,false,false,exclude_not_actor,Ambient/scenery actor or record without a usable identity.,
FalloutNV.esm|001028C1,FalloutNV.esm,001028C1,001028C1,FalloutNV.esm,LvlGiantMantis,,,,unknown,,,EncGiantMantis [LVLC:001028C7],0,0,0,5,false,false,exclude_not_actor,Ambient/scenery actor or record without a usable identity.,
FalloutNV.esm|00102AAD,FalloutNV.esm,00102AAD,00102AAD,TaleOfTwoWastelands.esm,NellisAntSoldierExplosive,Giant Soldier Ant,,,unknown,Creatures\GiantAnt\skeleton.nif,VoiceDoNotRecordF [VTYP:00094EED],,0,0,0,11,false,false,include_nonverbal,Reachable official non-verbal creature mapped to a reviewed archetype.,giant_soldier_ant
FalloutNV.esm|00102AAE,FalloutNV.esm,00102AAE,00102AAE,TaleOfTwoWastelands.esm,NellisAntWorkerExplosive,Giant Worker Ant,,,unknown,Creatures\GiantAnt\skeleton.nif,VoiceDoNotRecordF [VTYP:00094EED],,0,0,0,6,false,false,include_nonverbal,Reachable official non-verbal creature mapped to a reviewed archetype.,giant_worker_ant
FalloutNV.esm|00103DFD,FalloutNV.esm,00103DFD,00103DFD,FalloutNV.esm,Victor,Victor,,,unknown,creatures\NVSecuritron\Skeleton.nif,RobotVictor [VTYP:0010512E],VSecuritronMk1TEMPLATE [CREA:00158646],0,0,215,237,false,false,exclude_not_actor,Robot or automated turret reserved for the robot pass.,
FalloutNV.esm|001040BC,FalloutNV.esm,001040BC,001040BC,YUPTTW.esm,NVCrGiantRatAmbush,Giant Rat,,,unknown,creatures\NVgiantrat\skeleton.nif,VoiceDoNotRecordF [VTYP:00094EED],,0,0,0,8,false,false,include_nonverbal,Reachable official non-verbal creature mapped to a reviewed archetype.,giant_rat
FalloutNV.esm|001043D1,FalloutNV.esm,001043D1,001043D1,TaleOfTwoWastelands.esm,NVCRFestus,Festus,,,unknown,creatures\NVFestus\skeleton.nif,RobotFestus [VTYP:0010AAF1],,0,0,98,100,false,false,exclude_not_actor,Robot or automated turret reserved for the robot pass.,
FalloutNV.esm|00104707,FalloutNV.esm,00104707,00104707,TaleOfTwoWastelands.esm,SSHQProtectron,Shipping Worker,,,unknown,Creatures\Protectron\skeleton.nif,RobotProtectron [VTYP:00019FDA],,0,0,0,2,false,false,exclude_not_actor,Robot or automated turret reserved for the robot pass.,
FalloutNV.esm|00104708,FalloutNV.esm,00104708,00104708,FalloutNV.esm,SSHQMrHandyBottlingStandstill,Bottling Robot,,,unknown,Creatures\MisterGutsy\Skeleton.nif,RobotMisterHandy [VTYP:00019FDC],,0,0,1,2,false,false,exclude_not_actor,Robot or automated turret reserved for the robot pass.,
FalloutNV.esm|00104709,FalloutNV.esm,00104709,00104709,TaleOfTwoWastelands.esm,SSHQProtectronBroken,Broken Shipping Worker,,,unknown,Creatures\Protectron\skeleton.nif,RobotProtectron [VTYP:00019FDA],,0,0,0,7,false,false,exclude_not_actor,Robot or automated turret reserved for the robot pass.,
FalloutNV.esm|0010470A,FalloutNV.esm,0010470A,0010470A,FalloutNV.esm,SSHQEyebot,Sunset Sarsaparilla Eyebot,,,unknown,Creatures\Eyebot\Skeleton.nif,RobotEyebot [VTYP:00040D41],,0,0,2,2,false,false,exclude_not_actor,Robot or automated turret reserved for the robot pass.,
FalloutNV.esm|0010470C,FalloutNV.esm,0010470C,0010470C,TaleOfTwoWastelands.esm,SSHQMrHandyBroken,Broken Bottling Robot,,,unknown,Creatures\MisterGutsy\Skeleton.nif,RobotMisterHandy [VTYP:00019FDC],,0,0,0,2,false,false,exclude_not_actor,Robot or automated turret reserved for the robot pass.,
FalloutNV.esm|0010588D,FalloutNV.esm,0010588D,0010588D,FalloutNV.esm,GSCheyenne,Cheyenne,,,unknown,Creatures\Dog\Skeleton.nif,VoiceDoNotRecordF [VTYP:00094EED],,0,0,1,4,false,false,exclude_unused,A maintained named biography already exists; do not duplicate it.,
FalloutNV.esm|0010596E,FalloutNV.esm,0010596E,0010596E,TaleOfTwoWastelands.esm,SSHQProtectronSecurity,Sunset Sarsaparilla Security,,,unknown,Creatures\Protectron\skeleton.nif,RobotProtectron [VTYP:00019FDA],,0,0,0,3,false,false,exclude_not_actor,Robot or automated turret reserved for the robot pass.,
FalloutNV.esm|0010596F,FalloutNV.esm,0010596F,0010596F,TaleOfTwoWastelands.esm,SSHQMrHandyAssistantBroken,Broken Personal Assistant,,,unknown,Creatures\MisterGutsy\Skeleton.nif,RobotMisterHandy [VTYP:00019FDC],,0,0,0,1,false,false,exclude_not_actor,Robot or automated turret reserved for the robot pass.,
FalloutNV.esm|00105970,FalloutNV.esm,00105970,00105970,FalloutNV.esm,SSHQMrHandyJanitor,Mr. Janitor,,,unknown,Creatures\MisterGutsy\Skeleton.nif,RobotMisterHandy [VTYP:00019FDC],,0,0,8,9,false,false,exclude_not_actor,Robot or automated turret reserved for the robot pass.,
FalloutNV.esm|00106904,FalloutNV.esm,00106904,00106904,TaleOfTwoWastelands.esm,SSHQMrJanitorBroken,Broken Custodial Robot,,,unknown,Creatures\MisterGutsy\Skeleton.nif,RobotMisterHandy [VTYP:00019FDC],,0,0,0,2,false,false,exclude_not_actor,Robot or automated turret reserved for the robot pass.,
FalloutNV.esm|00108020,FalloutNV.esm,00108020,00108020,TaleOfTwoWastelands.esm,NVCrBigHorner,Bighorner,,,unknown,creatures\NVBigHorner\skeleton.nif,VoiceDoNotRecordF [VTYP:00094EED],,0,3,0,28,false,false,include_nonverbal,Reachable official non-verbal creature mapped to a reviewed archetype.,bighorner
FalloutNV.esm|00109A95,FalloutNV.esm,00109A95,00109A95,FalloutNV.esm,CrMisterGutsyNellisDeactivated,Mister Gutsy,,,unknown,Creatures\MisterGutsy\Skeleton.nif,RobotMisterGutsy [VTYP:00019FDD],CrMisterGutsy [CREA:00021EBD],0,0,0,2,false,false,exclude_not_actor,Robot or automated turret reserved for the robot pass.,
FalloutNV.esm|00109A96,FalloutNV.esm,00109A96,00109A96,FalloutNV.esm,CrMisterGutsyNellis,Mister Gutsy,,,unknown,Creatures\MisterGutsy\Skeleton.nif,RobotMisterGutsy [VTYP:00019FDD],CrMisterGutsy [CREA:00021EBD],0,0,0,9,false,false,exclude_not_actor,Robot or automated turret reserved for the robot pass.,
FalloutNV.esm|0010A1F7,FalloutNV.esm,0010A1F7,0010A1F7,TaleOfTwoWastelands.esm,VCG02CrGecko,Gecko,,,unknown,creatures\NVGecko\skeleton.nif,VoiceDoNotRecordF [VTYP:00094EED],NVCrGecko [CREA:0010CD73],0,0,0,4,false,false,include_nonverbal,Reachable official non-verbal creature mapped to a reviewed archetype.,gecko
FalloutNV.esm|0010A1F8,FalloutNV.esm,0010A1F8,0010A1F8,FalloutNV.esm,VFreeformGoodspringsGecko,Gecko,,,unknown,creatures\NVGecko\skeleton.nif,VoiceDoNotRecordF [VTYP:00094EED],VCG02CrGecko [CREA:0010A1F7],0,0,0,6,false,false,include_nonverbal,Reachable official non-verbal creature mapped to a reviewed archetype.,gecko
FalloutNV.esm|0010A1F9,FalloutNV.esm,0010A1F9,0010A1F9,FalloutNV.esm,VFreeformGoodspringsWell3Gecko,Gecko,,,unknown,creatures\NVGecko\skeleton.nif,VoiceDoNotRecordF [VTYP:00094EED],VCG02CrGecko [CREA:0010A1F7],0,0,0,6,false,false,include_nonverbal,Reachable official non-verbal creature mapped to a reviewed archetype.,gecko
FalloutNV.esm|0010AB79,FalloutNV.esm,0010AB79,0010AB79,YUPTTW.esm,GSBigHorner,Young Bighorner,,,unknown,creatures\NVBigHorner\skeleton.nif,VoiceDoNotRecordF [VTYP:00094EED],,0,0,0,6,false,false,exclude_unused,"Template, corpse, test, cut, or non-reachable archetype record without a distinct new roleplay profile.",
FalloutNV.esm|0010BA91,FalloutNV.esm,0010BA91,0010BA91,FalloutNV.esm,VictorLauncher,Victor,,,unknown,creatures\NVSecuritron\Skeleton.nif,RobotVictor [VTYP:0010512E],Victor [CREA:00103DFD],0,0,0,1,false,false,exclude_not_actor,Robot or automated turret reserved for the robot pass.,
FalloutNV.esm|0010BA92,FalloutNV.esm,0010BA92,0010BA92,FalloutNV.esm,VictorLaser,Victor,,,unknown,creatures\NVSecuritron\Skeleton.nif,RobotVictor [VTYP:0010512E],Victor [CREA:00103DFD],0,0,0,1,false,false,exclude_not_actor,Robot or automated turret reserved for the robot pass.,
FalloutNV.esm|0010BA93,FalloutNV.esm,0010BA93,0010BA93,FalloutNV.esm,VictorSubMachineGun,Victor,,,unknown,creatures\NVSecuritron\Skeleton.nif,RobotVictor [VTYP:0010512E],Victor [CREA:00103DFD],0,0,0,1,false,false,exclude_not_actor,Robot or automated turret reserved for the robot pass.,
FalloutNV.esm|0010BA94,FalloutNV.esm,0010BA94,0010BA94,FalloutNV.esm,Victorfisticufs,Victor,,,unknown,creatures\NVSecuritron\Skeleton.nif,RobotVictor [VTYP:0010512E],Victor [CREA:00103DFD],0,0,0,1,false,false,exclude_not_actor,Robot or automated turret reserved for the robot pass.,
FalloutNV.esm|0010BA95,FalloutNV.esm,0010BA95,0010BA95,FalloutNV.esm,VictorMissile,Victor,,,unknown,creatures\NVSecuritron\Skeleton.nif,RobotVictor [VTYP:0010512E],Victor [CREA:00103DFD],0,0,0,1,false,false,exclude_not_actor,Robot or automated turret reserved for the robot pass.,
FalloutNV.esm|0010C769,FalloutNV.esm,0010C769,0010C769,TaleOfTwoWastelands.esm,NVCompanionEdE,ED-E,,,unknown,creatures\eyebot\skeleton.nif,RobotEDE [VTYP:0014F3F4],,0,0,59,70,false,false,exclude_not_actor,Robot or automated turret reserved for the robot pass.,
FalloutNV.esm|0010CD73,FalloutNV.esm,0010CD73,0010CD73,TaleOfTwoWastelands.esm,NVCrGecko,Gecko,,,unknown,creatures\NVGecko\skeleton.nif,VoiceDoNotRecordF [VTYP:00094EED],,0,3,0,29,false,false,include_nonverbal,Reachable official non-verbal creature mapped to a reviewed archetype.,gecko
FalloutNV.esm|00112070,FalloutNV.esm,00112070,00112070,YUPTTW.esm,Lucky38SecuritronMkI,Securitron Mk I,,,unknown,creatures\NVSecuritron\Skeleton.nif,RobotVictor [VTYP:0010512E],VSecuritronMk1TEMPLATE [CREA:00158646],0,0,0,20,false,false,exclude_not_actor,Robot or automated turret reserved for the robot pass.,
FalloutNV.esm|00112073,FalloutNV.esm,00112073,00112073,YUPTTW.esm,Lucky38VictorEntrance,Victor,,,unknown,creatures\NVSecuritron\Skeleton.nif,RobotVictor [VTYP:0010512E],Victor [CREA:00103DFD],0,0,33,37,false,false,exclude_not_actor,Robot or automated turret reserved for the robot pass.,
FalloutNV.esm|00112643,FalloutNV.esm,00112643,00112643,YUPTTW.esm,VStreetSecuritron,Securitron Mk I,,,unknown,creatures\NVSecuritron\Skeleton.nif,RobotVictor [VTYP:0010512E],VSecuritronMk1TEMPLATE [CREA:00158646],0,0,10,23,false,false,exclude_not_actor,Robot or automated turret reserved for the robot pass.,
FalloutNV.esm|00113246,FalloutNV.esm,00113246,00113246,TaleOfTwoWastelands.esm,NVCrFireGecko,Fire Gecko,,,unknown,creatures\NVGecko\skeleton.nif,VoiceDoNotRecordF [VTYP:00094EED],,0,3,0,17,false,false,include_nonverbal,Reachable official non-verbal creature mapped to a reviewed archetype.,fire_gecko
FalloutNV.esm|001164F9,FalloutNV.esm,001164F9,001164F9,FalloutNV.esm,VMQTopsYesMan,Yes Man,,,unknown,creatures\NVSecuritron\Skeleton.nif,RobotYesMan [VTYP:0014F3F3],VSecuritronMk1TEMPLATE [CREA:00158646],0,0,276,285,false,false,exclude_not_actor,Robot or automated turret reserved for the robot pass.,
FalloutNV.esm|00116A4F,FalloutNV.esm,00116A4F,00116A4F,TaleOfTwoWastelands.esm,Lucky38Marilyn,Marilyn,,,unknown,creatures\NVSecuritron\Skeleton.nif,FemaleAdult02 [VTYP:00019FCB],VSecuritronMk1TEMPLATE [CREA:00158646],0,0,135,143,false,false,exclude_unused,"Template, corpse, test, cut, or non-reachable archetype record without a distinct new roleplay profile.",
FalloutNV.esm|00116A50,FalloutNV.esm,00116A50,00116A50,TaleOfTwoWastelands.esm,Lucky38Jane,Jane,,,unknown,creatures\NVSecuritron\Skeleton.nif,FemaleAdult05 [VTYP:0013C8CE],VSecuritronMk1TEMPLATE [CREA:00158646],0,0,32,41,false,false,exclude_unused,A maintained named biography already exists; do not duplicate it.,
FalloutNV.esm|00116AF4,FalloutNV.esm,00116AF4,00116AF4,TaleOfTwoWastelands.esm,VFSBrahminPackWaterDEAD,Jane's Brahmin,,,unknown,Creatures\Brahmin\Skeleton.nif,VoiceDoNotRecordF [VTYP:00094EED],CrBrahmin [CREA:0001CFA2],0,0,0,1,false,false,exclude_unused,"Template, corpse, test, cut, or non-reachable archetype record without a distinct new roleplay profile.",
FalloutNV.esm|001183A4,FalloutNV.esm,001183A4,001183A4,FalloutNV.esm,VFSChasedRat,Giant Rat,,,unknown,creatures\NVgiantrat\skeleton.nif,VoiceDoNotRecordF [VTYP:00094EED],,0,0,0,3,false,false,include_nonverbal,Reachable official non-verbal creature mapped to a reviewed archetype.,giant_rat
FalloutNV.esm|00118D61,FalloutNV.esm,00118D61,00118D61,TaleOfTwoWastelands.esm,NVCrGoldenGecko,Golden Gecko,,,unknown,creatures\NVGecko\skeleton.nif,VoiceDoNotRecordF [VTYP:00094EED],,0,3,0,22,false,false,include_nonverbal,Reachable official non-verbal creature mapped to a reviewed archetype.,golden_gecko
FalloutNV.esm|00118E71,FalloutNV.esm,00118E71,00118E71,TaleOfTwoWastelands.esm,Rex,Rex,,,unknown,Creatures\Dog\Skeleton.nif,RobotUniqueRex [VTYP:0014F3EA],,0,0,97,120,false,false,exclude_not_actor,Robot or automated turret reserved for the robot pass.,
FalloutNV.esm|0011978F,FalloutNV.esm,0011978F,0011978F,FalloutNV.esm,VFSSecuritron,Securitron Mk I,,,unknown,creatures\NVSecuritron\Skeleton.nif,RobotVictor [VTYP:0010512E],VSecuritronMk1TEMPLATE [CREA:00158646],0,0,0,1,false,false,exclude_not_actor,Robot or automated turret reserved for the robot pass.,
FalloutNV.esm|00119790,FalloutNV.esm,00119790,00119790,FalloutNV.esm,VFSSecuritronGreeter,Securitron Gatekeeper,,,unknown,creatures\NVSecuritron\Skeleton.nif,RobotVictor [VTYP:0010512E],VSecuritronMk1TEMPLATE [CREA:00158646],0,0,27,33,false,false,exclude_not_actor,Robot or automated turret reserved for the robot pass.,
FalloutNV.esm|00119E50,FalloutNV.esm,00119E50,00119E50,YUPTTW.esm,NVCrNightStalker,Nightstalker,,,unknown,creatures\NightStalker\Skeleton.nif,VoiceDoNotRecordF [VTYP:00094EED],,0,2,0,23,false,false,include_nonverbal,Reachable official non-verbal creature mapped to a reviewed archetype.,nightstalker
FalloutNV.esm|0011A069,FalloutNV.esm,0011A069,0011A069,FalloutNV.esm,VMQSecuritronMessenger,Securitron Mk I,,,unknown,creatures\NVSecuritron\Skeleton.nif,RobotVictor [VTYP:0010512E],VSecuritronMk1TEMPLATE [CREA:00158646],0,0,15,19,false,false,exclude_not_actor,Robot or automated turret reserved for the robot pass.,
FalloutNV.esm|0011D584,FalloutNV.esm,0011D584,0011D584,YUPTTW.esm,GSGiantMantisNymph,Giant Mantis Nymph,,,unknown,creatures\NVMantis\Skeleton.NIF,,,0,0,0,7,false,false,include_nonverbal,Reachable official non-verbal creature mapped to a reviewed archetype.,giant_mantis_nymph
FalloutNV.esm|0011D997,FalloutNV.esm,0011D997,0011D997,FalloutNV.esm,NVTESTSInfantry,Victor,,,unknown,creatures\NVSecuritron\Skeleton.nif,RobotVictor [VTYP:0010512E],Victor [CREA:00103DFD],0,0,0,1,false,false,exclude_not_actor,Robot or automated turret reserved for the robot pass.,
FalloutNV.esm|0011D998,FalloutNV.esm,0011D998,0011D998,FalloutNV.esm,NVTESTSPolice,Victor,,,unknown,creatures\NVSecuritron\Skeleton.nif,RobotVictor [VTYP:0010512E],Victor [CREA:00103DFD],0,0,0,1,false,false,exclude_not_actor,Robot or automated turret reserved for the robot pass.,
FalloutNV.esm|0011D999,FalloutNV.esm,0011D999,0011D999,FalloutNV.esm,NVTESTSVictor,Victor,,,unknown,creatures\NVSecuritron\Skeleton.nif,RobotVictor [VTYP:0010512E],Victor [CREA:00103DFD],0,0,0,1,false,false,exclude_not_actor,Robot or automated turret reserved for the robot pass.,
FalloutNV.esm|0011D99A,FalloutNV.esm,0011D99A,0011D99A,FalloutNV.esm,NVTESTSYesMan,Yes Man,,,unknown,creatures\NVSecuritron\Skeleton.nif,RobotYesMan [VTYP:0014F3F3],VMQTopsYesMan [CREA:001164F9],0,0,0,1,false,false,exclude_not_actor,Robot or automated turret reserved for the robot pass.,
FalloutNV.esm|0011D99B,FalloutNV.esm,0011D99B,0011D99B,FalloutNV.esm,NVTESTSMrHouse,Victor,,,unknown,creatures\NVSecuritron\Skeleton.nif,RobotVictor [VTYP:0010512E],Victor [CREA:00103DFD],0,0,0,1,false,false,exclude_not_actor,Robot or automated turret reserved for the robot pass.,
FalloutNV.esm|0011D99C,FalloutNV.esm,0011D99C,0011D99C,FalloutNV.esm,NVTESTSJane,Victor,,,unknown,creatures\NVSecuritron\Skeleton.nif,RobotVictor [VTYP:0010512E],Victor [CREA:00103DFD],0,0,0,1,false,false,exclude_not_actor,Robot or automated turret reserved for the robot pass.,
FalloutNV.esm|0011D99D,FalloutNV.esm,0011D99D,0011D99D,FalloutNV.esm,NVTESTSMarilyn,Victor,,,unknown,creatures\NVSecuritron\Skeleton.nif,RobotVictor [VTYP:0010512E],Victor [CREA:00103DFD],0,0,0,1,false,false,exclude_not_actor,Robot or automated turret reserved for the robot pass.,
FalloutNV.esm|0011E4C2,FalloutNV.esm,0011E4C2,0011E4C2,TaleOfTwoWastelands.esm,VFSFisto,Fisto,,,unknown,Creatures\Protectron\skeleton.nif,RobotProtectron [VTYP:00019FDA],CrProtectron [CREA:0001CF8F],0,0,27,31,false,false,exclude_not_actor,Robot or automated turret reserved for the robot pass.,
FalloutNV.esm|0011E4C3,FalloutNV.esm,0011E4C3,0011E4C3,YUPTTW.esm,BMSupermutantGunMob,,,,unknown,marker_creature.nif,CreatureLowIntSM [VTYP:0014377C],BMSupermutantMelee [CREA:000E79C9],0,0,0,3,false,false,exclude_not_actor,Ambient/scenery actor or record without a usable identity.,
FalloutNV.esm|0011EBBF,FalloutNV.esm,0011EBBF,0011EBBF,FalloutNV.esm,BMRoadblock2MutantGuns,,,,unknown,,CreatureLowIntSM [VTYP:0014377C],EncSuperMutantGun [LVLC:0002359F],0,0,0,2,false,false,exclude_not_actor,Ambient/scenery actor or record without a usable identity.,
FalloutNV.esm|0011EBC0,FalloutNV.esm,0011EBC0,0011EBC0,FalloutNV.esm,BMRoadblock3MutantGuns,,,,unknown,,CreatureLowIntSM [VTYP:0014377C],EncSuperMutantGun [LVLC:0002359F],0,0,0,2,false,false,exclude_not_actor,Ambient/scenery actor or record without a usable identity.,
FalloutNV.esm|0011EBC1,FalloutNV.esm,0011EBC1,0011EBC1,YUPTTW.esm,BMRoadblock1MutantGuns,,,,unknown,,CreatureLowIntSM [VTYP:0014377C],EncSuperMutantGun [LVLC:0002359F],0,0,0,2,false,false,exclude_not_actor,Ambient/scenery actor or record without a usable identity.,
FalloutNV.esm|0011EBDF,FalloutNV.esm,0011EBDF,0011EBDF,FalloutNV.esm,CrRobobrainRangerGBRM2kX,Robobrain,,,unknown,Creatures\Robobrain\skeleton.nif,RobotRoboBrain [VTYP:00019FDE],,0,0,0,2,false,false,exclude_not_actor,Robot or automated turret reserved for the robot pass.,
FalloutNV.esm|0011EC26,FalloutNV.esm,0011EC26,0011EC26,TaleOfTwoWastelands.esm,BMNightkinTabithaMob,,,,unknown,,CreatureSuperMutant [VTYP:00019FD9],EncSuperMutantNightkinMelee [LVLC:0007EA2F],0,0,0,3,false,false,exclude_talking,Conversational humanoid or intelligible speaking creature.,
FalloutNV.esm|0011ECE6,FalloutNV.esm,0011ECE6,0011ECE6,YUPTTW.esm,LegionMongrel,Legion Mongrel,,,unknown,Creatures\Dog\Skeleton.nif,VoiceDoNotRecordF [VTYP:00094EED],CrLegionMongrel [CREA:000E585B],0,0,0,1,false,false,exclude_unused,"Template, corpse, test, cut, or non-reachable archetype record without a distinct new roleplay profile.",
FalloutNV.esm|0011F3D5,FalloutNV.esm,0011F3D5,0011F3D5,FalloutNV.esm,Lucky38SuiteSecuritronMkI,Securitron Mk I,,,unknown,creatures\NVSecuritron\Skeleton.nif,RobotVictor [VTYP:0010512E],VSecuritronMk1TEMPLATE [CREA:00158646],0,0,0,1,false,false,exclude_not_actor,Robot or automated turret reserved for the robot pass.,
FalloutNV.esm|0011F8C1,FalloutNV.esm,0011F8C1,0011F8C1,TaleOfTwoWastelands.esm,VFSCRProtectron,Protectron,,,unknown,Creatures\Protectron\skeleton.nif,RobotProtectron [VTYP:00019FDA],,0,0,0,5,false,false,exclude_not_actor,Robot or automated turret reserved for the robot pass.,
FalloutNV.esm|0011FB60,FalloutNV.esm,0011FB60,0011FB60,FalloutNV.esm,Lucky38CheckpointSecuritron,Securitron Mk I,,,unknown,creatures\NVSecuritron\Skeleton.nif,RobotVictor [VTYP:0010512E],VSecuritronMk1TEMPLATE [CREA:00158646],0,0,2,4,false,false,exclude_not_actor,Robot or automated turret reserved for the robot pass.,
FalloutNV.esm|00123194,FalloutNV.esm,00123194,00123194,FalloutNV.esm,TecLegionMongrel,Legion Mongrel,,,unknown,Creatures\Dog\Skeleton.nif,VoiceDoNotRecordF [VTYP:00094EED],CrLegionMongrel [CREA:000E585B],0,0,0,5,false,false,exclude_unused,"Template, corpse, test, cut, or non-reachable archetype record without a distinct new roleplay profile.",
FalloutNV.esm|0012521E,FalloutNV.esm,0012521E,0012521E,FalloutNV.esm,VaultSecuritron,Securitron Mk I,,,unknown,creatures\NVSecuritron\Skeleton.nif,RobotVictor [VTYP:0010512E],VSecuritronMk1TEMPLATE [CREA:00158646],0,0,0,1,false,false,exclude_not_actor,Robot or automated turret reserved for the robot pass.,
FalloutNV.esm|001252BF,FalloutNV.esm,001252BF,001252BF,FalloutNV.esm,FortLupa,Lupa,,,unknown,Creatures\Dog\Skeleton.nif,VoiceDoNotRecordF [VTYP:00094EED],CrLegionMongrel [CREA:000E585B],0,0,0,1,false,false,exclude_unused,"Template, corpse, test, cut, or non-reachable archetype record without a distinct new roleplay profile.",
FalloutNV.esm|00125429,FalloutNV.esm,00125429,00125429,YUPTTW.esm,LegionMongrelSnifferNelson,Legion Mongrel,,,unknown,Creatures\Dog\Skeleton.nif,VoiceDoNotRecordF [VTYP:00094EED],CrLegionMongrel [CREA:000E585B],0,0,0,6,false,false,exclude_unused,"Template, corpse, test, cut, or non-reachable archetype record without a distinct new roleplay profile.",
FalloutNV.esm|00125BB5,FalloutNV.esm,00125BB5,00125BB5,TaleOfTwoWastelands.esm,MrHouse,Mr. House,,,unknown,creatures\NVPenthoueMainComputer\Skeleton.nif,CreatureUniqueMrHouse [VTYP:0014F3E6],,0,0,418,423,false,false,exclude_talking,Conversational humanoid or intelligible speaking creature.,
FalloutNV.esm|00125E91,FalloutNV.esm,00125E91,00125E91,FalloutNV.esm,NVCRPenthousemaincomputer,Mr. House,,,unknown,creatures\NVPenthoueMainComputer\Skeleton.nif,,,0,0,0,1,false,false,exclude_talking,Conversational humanoid or intelligible speaking creature.,
FalloutNV.esm|0012676E,FalloutNV.esm,0012676E,0012676E,TaleOfTwoWastelands.esm,CrDogNCRSniffer,NCR Guard Dog,,,unknown,Creatures\Dog\Skeleton.nif,VoiceDoNotRecordF [VTYP:00094EED],CrDogVicious [CREA:0001CFA3],0,0,0,3,false,false,exclude_unused,"Template, corpse, test, cut, or non-reachable archetype record without a distinct new roleplay profile.",
FalloutNV.esm|00127732,FalloutNV.esm,00127732,00127732,TaleOfTwoWastelands.esm,FortDaleBartonBrahmin,Brahmin,,,unknown,Creatures\Brahmin\Skeleton.nif,VoiceDoNotRecordF [VTYP:00094EED],,0,0,0,1,false,false,include_nonverbal,Reachable official non-verbal creature mapped to a reviewed archetype.,brahmin
FalloutNV.esm|0012914C,FalloutNV.esm,0012914C,0012914C,FalloutNV.esm,Caz,Cazador,,,unknown,creatures\NVCazadores\Skeleton.nif,VoiceDoNotRecordF [VTYP:00094EED],NVCrCazador [CREA:000E584D],0,0,0,2,false,false,include_nonverbal,Reachable official non-verbal creature mapped to a reviewed archetype.,cazador
FalloutNV.esm|001299AA,FalloutNV.esm,001299AA,001299AA,YUPTTW.esm,VMS18Securitron,Securitron Mk I,,,unknown,creatures\NVSecuritron\Skeleton.nif,RobotVictor [VTYP:0010512E],VSecuritronMk1TEMPLATE [CREA:00158646],0,0,8,10,false,false,exclude_not_actor,Robot or automated turret reserved for the robot pass.,
FalloutNV.esm|00129D89,FalloutNV.esm,00129D89,00129D89,TaleOfTwoWastelands.esm,SVProtectron,Protectron,,,unknown,Creatures\Protectron\skeleton.nif,RobotProtectron [VTYP:00019FDA],,0,0,0,7,false,false,exclude_not_actor,Robot or automated turret reserved for the robot pass.,
FalloutNV.esm|0012A22C,FalloutNV.esm,0012A22C,0012A22C,FalloutNV.esm,LvlCazadores,,,,unknown,,,EncCazador [LVLC:0012A22D],0,0,0,1,false,false,exclude_not_actor,Ambient/scenery actor or record without a usable identity.,
FalloutNV.esm|0012BD37,FalloutNV.esm,0012BD37,0012BD37,YUPTTW.esm,VBSCave1NightStalker,Nightstalker,,,unknown,creatures\NightStalker\Skeleton.nif,VoiceDoNotRecordF [VTYP:00094EED],NVCrNightStalker [CREA:00119E50],0,0,0,7,false,false,include_nonverbal,Reachable official non-verbal creature mapped to a reviewed archetype.,nightstalker
FalloutNV.esm|0012CE99,FalloutNV.esm,0012CE99,0012CE99,FalloutNV.esm,SVRealSecuritron,Securitron Mk I,,,unknown,creatures\NVSecuritron\Skeleton.nif,RobotVictor [VTYP:0010512E],VSecuritronMk1TEMPLATE [CREA:00158646],0,0,0,7,false,false,exclude_not_actor,Robot or automated turret reserved for the robot pass.,
FalloutNV.esm|0012FFB0,FalloutNV.esm,0012FFB0,0012FFB0,TaleOfTwoWastelands.esm,SVProtectronPatroller,Protectron,,,unknown,Creatures\Protectron\skeleton.nif,RobotProtectron [VTYP:00019FDA],,0,0,0,1,false,false,exclude_not_actor,Robot or automated turret reserved for the robot pass.,
FalloutNV.esm|00130056,FalloutNV.esm,00130056,00130056,FalloutNV.esm,LvlCazador,,,,unknown,,,EncCazador [LVLC:0012A22D],0,0,0,1,false,false,exclude_not_actor,Ambient/scenery actor or record without a usable identity.,
FalloutNV.esm|00130115,FalloutNV.esm,00130115,00130115,YUPTTW.esm,VCrGiantRatTier1TypeA,Giant Rat,,,unknown,creatures\NVgiantrat\skeleton.nif,VoiceDoNotRecordF [VTYP:00094EED],,0,2,0,3,false,false,include_nonverbal,Reachable official non-verbal creature mapped to a reviewed archetype.,giant_rat
FalloutNV.esm|00130116,FalloutNV.esm,00130116,00130116,YUPTTW.esm,VCrGiantRatTier1TypeB,Giant Rat,,,unknown,creatures\NVgiantrat\skeleton.nif,VoiceDoNotRecordF [VTYP:00094EED],,0,2,0,1,false,false,include_nonverbal,Reachable official non-verbal creature mapped to a reviewed archetype.,giant_rat
FalloutNV.esm|00130117,FalloutNV.esm,00130117,00130117,YUPTTW.esm,VCrGiantRatTier1TypeC,Giant Rat,,,unknown,creatures\NVgiantrat\skeleton.nif,VoiceDoNotRecordF [VTYP:00094EED],,0,2,0,1,false,false,include_nonverbal,Reachable official non-verbal creature mapped to a reviewed archetype.,giant_rat
FalloutNV.esm|00130118,FalloutNV.esm,00130118,00130118,YUPTTW.esm,VCrGiantRatTier1TypeE,Giant Rat,,,unknown,creatures\NVgiantrat\skeleton.nif,VoiceDoNotRecordF [VTYP:00094EED],,0,2,0,1,false,false,include_nonverbal,Reachable official non-verbal creature mapped to a reviewed archetype.,giant_rat
FalloutNV.esm|00130119,FalloutNV.esm,00130119,00130119,YUPTTW.esm,VCrGiantRatTier1TypeSmallA,Giant Rat,,,unknown,creatures\NVgiantrat\skeleton.nif,VoiceDoNotRecordF [VTYP:00094EED],,0,2,0,1,false,false,include_nonverbal,Reachable official non-verbal creature mapped to a reviewed archetype.,giant_rat
FalloutNV.esm|0013011B,FalloutNV.esm,0013011B,0013011B,YUPTTW.esm,VCrGiantRatTier1TypeSmallC,Giant Rat,,,unknown,creatures\NVgiantrat\skeleton.nif,VoiceDoNotRecordF [VTYP:00094EED],,0,2,0,1,false,false,include_nonverbal,Reachable official non-verbal creature mapped to a reviewed archetype.,giant_rat
FalloutNV.esm|0013011C,FalloutNV.esm,0013011C,0013011C,YUPTTW.esm,VCrGiantRatTier2TypeA,Giant Rat,,,unknown,creatures\NVgiantrat\skeleton.nif,VoiceDoNotRecordF [VTYP:00094EED],,0,2,0,1,false,false,include_nonverbal,Reachable official non-verbal creature mapped to a reviewed archetype.,giant_rat
FalloutNV.esm|0013011E,FalloutNV.esm,0013011E,0013011E,YUPTTW.esm,VCrGiantRatTier1TypeD,Giant Rat,,,unknown,creatures\NVgiantrat\skeleton.nif,VoiceDoNotRecordF [VTYP:00094EED],,0,2,0,1,false,false,include_nonverbal,Reachable official non-verbal creature mapped to a reviewed archetype.,giant_rat
FalloutNV.esm|0013011F,FalloutNV.esm,0013011F,0013011F,YUPTTW.esm,VCrGiantRatTier1TypeSmallB,Giant Rat,,,unknown,creatures\NVgiantrat\skeleton.nif,VoiceDoNotRecordF [VTYP:00094EED],,0,2,0,1,false,false,include_nonverbal,Reachable official non-verbal creature mapped to a reviewed archetype.,giant_rat
FalloutNV.esm|0013215C,FalloutNV.esm,0013215C,0013215C,FalloutNV.esm,NVCCBunkerRadroach,Irradiated Radroach,,,unknown,Creatures\Radroach\skeleton.nif,VoiceDoNotRecordF [VTYP:00094EED],,0,0,0,1,false,false,include_nonverbal,Reachable official non-verbal creature mapped to a reviewed archetype.,irradiated_radroach
FalloutNV.esm|00132164,FalloutNV.esm,00132164,00132164,YUPTTW.esm,v34GlowingGuard,Vault Security Officer,,,unknown,Creatures\Ghoul\Skeleton.nif,CreatureFeralGhoul [VTYP:0007AE96],,0,10,0,13,false,false,exclude_talking,Conversational humanoid or intelligible speaking creature.,
FalloutNV.esm|00132540,FalloutNV.esm,00132540,00132540,FalloutNV.esm,v34Guard,Vault Security Guard,,,unknown,Creatures\Ghoul\Skeleton.nif,CreatureFeralGhoul [VTYP:0007AE96],v34Ghoul01 [CREA:00133101],0,12,0,20,false,false,exclude_talking,Conversational humanoid or intelligible speaking creature.,
FalloutNV.esm|00132541,FalloutNV.esm,00132541,00132541,TaleOfTwoWastelands.esm,v34Overseer,Overseer,,,unknown,Creatures\Ghoul\Skeleton.nif,CreatureFeralGhoul [VTYP:0007AE96],,0,0,0,1,false,false,exclude_unused,"Template, corpse, test, cut, or non-reachable archetype record without a distinct new roleplay profile.",
FalloutNV.esm|00133036,FalloutNV.esm,00133036,00133036,TaleOfTwoWastelands.esm,vFeralGhoulGlowingOne,Glowing One,,,unknown,Creatures\Ghoul\Skeleton.nif,CreatureFeralGhoul [VTYP:0007AE96],,0,0,0,1,false,false,include_nonverbal,Reachable official non-verbal creature mapped to a reviewed archetype.,glowing_one
FalloutNV.esm|001330FF,FalloutNV.esm,001330FF,001330FF,FalloutNV.esm,LvlV34GhoulT1,,,,unknown,,,EncV34T1 [LVLC:00133105],0,0,0,5,false,false,exclude_not_actor,Ambient/scenery actor or record without a usable identity.,
FalloutNV.esm|00133100,FalloutNV.esm,00133100,00133100,FalloutNV.esm,LvlV34GhoulT2,,,,unknown,,,EncV34T2 [LVLC:00133103],0,0,0,4,false,false,exclude_not_actor,Ambient/scenery actor or record without a usable identity.,
FalloutNV.esm|00133101,FalloutNV.esm,00133101,00133101,TaleOfTwoWastelands.esm,v34Ghoul01,Vault Dweller,,,unknown,Creatures\Ghoul\Skeleton.nif,CreatureFeralGhoul [VTYP:0007AE96],,0,5,0,14,false,false,exclude_talking,Conversational humanoid or intelligible speaking creature.,
FalloutNV.esm|00133102,FalloutNV.esm,00133102,00133102,FalloutNV.esm,v34Ghoul02,Vault Dweller,,,unknown,Creatures\Ghoul\Skeleton.nif,CreatureFeralGhoul [VTYP:0007AE96],v34Ghoul01 [CREA:00133101],0,5,0,9,false,false,exclude_talking,Conversational humanoid or intelligible speaking creature.,
FalloutNV.esm|00133CEE,FalloutNV.esm,00133CEE,00133CEE,TaleOfTwoWastelands.esm,SVMisterHandyDead,Mister Handy,,,unknown,Creatures\MisterGutsy\Skeleton.nif,RobotMisterHandy [VTYP:00019FDC],,0,0,0,1,false,false,exclude_not_actor,Robot or automated turret reserved for the robot pass.,
FalloutNV.esm|00133F46,FalloutNV.esm,00133F46,00133F46,FalloutNV.esm,v34Tech,Vault Technician,,,unknown,Creatures\Ghoul\Skeleton.nif,CreatureFeralGhoul [VTYP:0007AE96],v34GlowingGuard [CREA:00132164],0,0,0,3,false,false,exclude_unused,"Template, corpse, test, cut, or non-reachable archetype record without a distinct new roleplay profile.",
FalloutNV.esm|001340B4,FalloutNV.esm,001340B4,001340B4,TaleOfTwoWastelands.esm,SVFloorTurret,Mark VI Turret,,,unknown,Creatures\SentryTurret\skeleton.nif,RobotEyebot [VTYP:00040D41],CrTurret03 [CREA:0007B23C],0,0,0,6,false,false,exclude_not_actor,Robot or automated turret reserved for the robot pass.,
FalloutNV.esm|001347E0,FalloutNV.esm,001347E0,001347E0,TaleOfTwoWastelands.esm,VSpawnGiantMantisTier1PIT,Giant Mantis,,,unknown,creatures\NVMantis\Skeleton.NIF,,VCrGiantMantisTier1TypeA [CREA:001347E1],0,0,1,4,false,false,include_nonverbal,Reachable official non-verbal creature mapped to a reviewed archetype.,giant_mantis
FalloutNV.esm|001347E1,FalloutNV.esm,001347E1,001347E1,YUPTTW.esm,VCrGiantMantisTier1TypeA,Giant Mantis,,,unknown,creatures\NVMantis\Skeleton.NIF,,,0,2,0,3,false,false,include_nonverbal,Reachable official non-verbal creature mapped to a reviewed archetype.,giant_mantis
FalloutNV.esm|001349CB,FalloutNV.esm,001349CB,001349CB,FalloutNV.esm,SVSentryBot01,Sentry Bot,,,unknown,Creatures\SentryBot\Skeleton.nif,RobotSentryBot [VTYP:00019FDB],CrSentryBotGL [CREA:0001CF8A],0,0,0,3,false,false,exclude_not_actor,Robot or automated turret reserved for the robot pass.,
FalloutNV.esm|001349CD,FalloutNV.esm,001349CD,001349CD,FalloutNV.esm,SVSentryBot02,Sentry Bot,,,unknown,Creatures\SentryBot\Skeleton.nif,RobotSentryBot [VTYP:00019FDB],CrSentryBotGL [CREA:0001CF8A],0,0,0,3,false,false,exclude_not_actor,Robot or automated turret reserved for the robot pass.,
FalloutNV.esm|001349D0,FalloutNV.esm,001349D0,001349D0,FalloutNV.esm,SVSentryBot03,Sentry Bot,,,unknown,Creatures\SentryBot\Skeleton.nif,RobotSentryBot [VTYP:00019FDB],CrSentryBotGL [CREA:0001CF8A],0,0,0,3,false,false,exclude_not_actor,Robot or automated turret reserved for the robot pass.,
FalloutNV.esm|001349D2,FalloutNV.esm,001349D2,001349D2,FalloutNV.esm,SVSentryBot04,Sentry Bot,,,unknown,Creatures\SentryBot\Skeleton.nif,RobotSentryBot [VTYP:00019FDB],CrSentryBotGL [CREA:0001CF8A],0,0,0,3,false,false,exclude_not_actor,Robot or automated turret reserved for the robot pass.,
FalloutNV.esm|00135B35,FalloutNV.esm,00135B35,00135B35,FalloutNV.esm,VSpawnGiantMantisTier1Cells,,,,unknown,,,VEncGiantMantisTier1 [LVLC:001347E4],0,0,0,3,false,false,exclude_not_actor,Ambient/scenery actor or record without a usable identity.,
FalloutNV.esm|00135B9B,FalloutNV.esm,00135B9B,00135B9B,YUPTTW.esm,VCrRadscorpionTier1TypeA,Radscorpion,,,unknown,Creatures\Radscorpion\Skeleton.nif,VoiceDoNotRecordF [VTYP:00094EED],,0,2,0,3,false,false,include_nonverbal,Reachable official non-verbal creature mapped to a reviewed archetype.,radscorpion
FalloutNV.esm|00135B9C,FalloutNV.esm,00135B9C,00135B9C,FalloutNV.esm,VCrRadscorpionTier1TypeB,Radscorpion,,,unknown,Creatures\Radscorpion\Skeleton.nif,VoiceDoNotRecordF [VTYP:00094EED],,0,2,0,1,false,false,include_nonverbal,Reachable official non-verbal creature mapped to a reviewed archetype.,radscorpion
FalloutNV.esm|00135BA0,FalloutNV.esm,00135BA0,00135BA0,FalloutNV.esm,VCrRadscorpionTier1TypeSmallA,Radscorpion,,,unknown,Creatures\Radscorpion\Skeleton.nif,VoiceDoNotRecordF [VTYP:00094EED],,0,2,0,1,false,false,include_nonverbal,Reachable official non-verbal creature mapped to a reviewed archetype.,radscorpion
FalloutNV.esm|00135BA5,FalloutNV.esm,00135BA5,00135BA5,TaleOfTwoWastelands.esm,VSpawnRadscorpionTier1PIT,Radscorpion,,,unknown,Creatures\Radscorpion\Skeleton.nif,VoiceDoNotRecordF [VTYP:00094EED],VCrRadscorpionTier1TypeA [CREA:00135B9B],0,0,1,4,false,false,include_nonverbal,Reachable official non-verbal creature mapped to a reviewed archetype.,radscorpion
FalloutNV.esm|00135BA6,FalloutNV.esm,00135BA6,00135BA6,FalloutNV.esm,VSpawnRadscorpionTier1Cells,,,,unknown,,,VEncRadscorpionTier1 [LVLC:00135BA3],0,0,0,3,false,false,exclude_not_actor,Ambient/scenery actor or record without a usable identity.,
FalloutNV.esm|00135BC5,FalloutNV.esm,00135BC5,00135BC5,YUPTTW.esm,VCrRadscorpionTier2TypeA,Giant Radscorpion,,,unknown,Creatures\Radscorpion\Skeleton.nif,VoiceDoNotRecordF [VTYP:00094EED],,0,2,0,3,false,false,include_nonverbal,Reachable official non-verbal creature mapped to a reviewed archetype.,giant_radscorpion
FalloutNV.esm|00135BCA,FalloutNV.esm,00135BCA,00135BCA,FalloutNV.esm,VCrRadscorpionTier2TypeSmallA,Giant Radscorpion,,,unknown,Creatures\Radscorpion\Skeleton.nif,VoiceDoNotRecordF [VTYP:00094EED],,0,2,0,1,false,false,include_nonverbal,Reachable official non-verbal creature mapped to a reviewed archetype.,giant_radscorpion
FalloutNV.esm|00135BCF,FalloutNV.esm,00135BCF,00135BCF,TaleOfTwoWastelands.esm,VSpawnRadscorpionTier2PIT,Giant Radscorpion,,,unknown,Creatures\Radscorpion\Skeleton.nif,VoiceDoNotRecordF [VTYP:00094EED],VCrRadscorpionTier2TypeA [CREA:00135BC5],0,0,1,4,false,false,include_nonverbal,Reachable official non-verbal creature mapped to a reviewed archetype.,giant_radscorpion
FalloutNV.esm|00135F3A,FalloutNV.esm,00135F3A,00135F3A,YUPTTW.esm,VCrCazadorTier1TypeA,Cazador,,,unknown,creatures\NVCazadores\Skeleton.nif,VoiceDoNotRecordF [VTYP:00094EED],,0,2,0,5,false,false,include_nonverbal,Reachable official non-verbal creature mapped to a reviewed archetype.,cazador
FalloutNV.esm|00135F3B,FalloutNV.esm,00135F3B,00135F3B,YUPTTW.esm,VCrCazadorTier1TypeB,Cazador,,,unknown,creatures\NVCazadores\Skeleton.nif,VoiceDoNotRecordF [VTYP:00094EED],,0,0,0,2,false,false,include_nonverbal,Reachable official non-verbal creature mapped to a reviewed archetype.,cazador
FalloutNV.esm|00135F3C,FalloutNV.esm,00135F3C,00135F3C,YUPTTW.esm,VCrCazadorTier1TypeC,Cazador,,,unknown,creatures\NVCazadores\Skeleton.nif,VoiceDoNotRecordF [VTYP:00094EED],,0,0,0,2,false,false,include_nonverbal,Reachable official non-verbal creature mapped to a reviewed archetype.,cazador
FalloutNV.esm|00135F3D,FalloutNV.esm,00135F3D,00135F3D,YUPTTW.esm,VCrCazadorTier1TypeD,Cazador,,,unknown,creatures\NVCazadores\Skeleton.nif,VoiceDoNotRecordF [VTYP:00094EED],,0,0,0,2,false,false,include_nonverbal,Reachable official non-verbal creature mapped to a reviewed archetype.,cazador
FalloutNV.esm|00135F3E,FalloutNV.esm,00135F3E,00135F3E,YUPTTW.esm,VCrCazadorTier1TypeE,Cazador,,,unknown,creatures\NVCazadores\Skeleton.nif,VoiceDoNotRecordF [VTYP:00094EED],,0,0,0,2,false,false,include_nonverbal,Reachable official non-verbal creature mapped to a reviewed archetype.,cazador
FalloutNV.esm|00135F3F,FalloutNV.esm,00135F3F,00135F3F,YUPTTW.esm,VCrCazadorTier1TypeSmallA,Cazador,,,unknown,creatures\NVCazadores\Skeleton.nif,VoiceDoNotRecordF [VTYP:00094EED],,0,0,0,2,false,false,include_nonverbal,Reachable official non-verbal creature mapped to a reviewed archetype.,cazador
FalloutNV.esm|00135F40,FalloutNV.esm,00135F40,00135F40,YUPTTW.esm,VCrCazadorTier1TypeSmallB,Cazador,,,unknown,creatures\NVCazadores\Skeleton.nif,VoiceDoNotRecordF [VTYP:00094EED],,0,0,0,2,false,false,include_nonverbal,Reachable official non-verbal creature mapped to a reviewed archetype.,cazador
FalloutNV.esm|00135F41,FalloutNV.esm,00135F41,00135F41,YUPTTW.esm,VCrCazadorTier1TypeSmallC,Cazador,,,unknown,creatures\NVCazadores\Skeleton.nif,VoiceDoNotRecordF [VTYP:00094EED],,0,0,0,2,false,false,include_nonverbal,Reachable official non-verbal creature mapped to a reviewed archetype.,cazador
FalloutNV.esm|00135F43,FalloutNV.esm,00135F43,00135F43,FalloutNV.esm,VSpawnCazadorTier1,Young Cazador,,,unknown,creatures\NVCazadores\Skeleton.nif,VoiceDoNotRecordF [VTYP:00094EED],VCrTier3CazadorSmallNR [CREA:00167E92],0,0,0,6,false,false,include_nonverbal,Reachable official non-verbal creature mapped to a reviewed archetype.,young_cazador
FalloutNV.esm|00135F44,FalloutNV.esm,00135F44,00135F44,TaleOfTwoWastelands.esm,VSpawnCazadorTier1PIT,Cazador,,,unknown,creatures\NVCazadores\Skeleton.nif,VoiceDoNotRecordF [VTYP:00094EED],VCrCazadorTier1TypeA [CREA:00135F3A],0,0,1,6,false,false,include_nonverbal,Reachable official non-verbal creature mapped to a reviewed archetype.,cazador
FalloutNV.esm|00135F45,FalloutNV.esm,00135F45,00135F45,FalloutNV.esm,VSpawnCazadorTier1Cells,,,,unknown,,,VEncCazadorTier1 [LVLC:00135F42],0,0,0,4,false,false,exclude_not_actor,Ambient/scenery actor or record without a usable identity.,
FalloutNV.esm|0013615A,FalloutNV.esm,0013615A,0013615A,FalloutNV.esm,BMSupermutantCentaurFollower,,,,unknown,,,EncSuperMutantGun [LVLC:0002359F],0,0,0,2,false,false,exclude_not_actor,Ambient/scenery actor or record without a usable identity.,
FalloutNV.esm|0013659B,FalloutNV.esm,0013659B,0013659B,YUPTTW.esm,VCrNightStalkerTier1TypeA,Nightstalker,,,unknown,creatures\NightStalker\Skeleton.nif,VoiceDoNotRecordF [VTYP:00094EED],,0,2,0,4,false,false,include_nonverbal,Reachable official non-verbal creature mapped to a reviewed archetype.,nightstalker
FalloutNV.esm|001365A5,FalloutNV.esm,001365A5,001365A5,YUPTTW.esm,VSpawnNightStalkerTier1Cells,,,,unknown,,,VEncNightStalkerTier1 [LVLC:001365A3],0,0,0,3,false,false,exclude_not_actor,Ambient/scenery actor or record without a usable identity.,
FalloutNV.esm|001365A6,FalloutNV.esm,001365A6,001365A6,YUPTTW.esm,VSpawnNightStalkerTier1PIT,Nightstalker,,,unknown,creatures\NightStalker\Skeleton.nif,VoiceDoNotRecordF [VTYP:00094EED],VCrNightStalkerTier1TypeA [CREA:0013659B],0,0,0,4,false,false,include_nonverbal,Reachable official non-verbal creature mapped to a reviewed archetype.,nightstalker
FalloutNV.esm|001365AA,FalloutNV.esm,001365AA,001365AA,TaleOfTwoWastelands.esm,VCrFireGeckoTier1TypeA,Fire Gecko,,,unknown,creatures\NVGecko\skeleton.nif,VoiceDoNotRecordF [VTYP:00094EED],,0,2,0,3,false,false,include_nonverbal,Reachable official non-verbal creature mapped to a reviewed archetype.,fire_gecko
FalloutNV.esm|001365AF,FalloutNV.esm,001365AF,001365AF,TaleOfTwoWastelands.esm,VCrFireGeckoTier1TypeSmallA,Fire Gecko,,,unknown,creatures\NVGecko\skeleton.nif,VoiceDoNotRecordF [VTYP:00094EED],,0,2,0,1,false,false,include_nonverbal,Reachable official non-verbal creature mapped to a reviewed archetype.,fire_gecko
FalloutNV.esm|001365B0,FalloutNV.esm,001365B0,001365B0,TaleOfTwoWastelands.esm,VCrFireGeckoTier1TypeSmallB,Fire Gecko,,,unknown,creatures\NVGecko\skeleton.nif,VoiceDoNotRecordF [VTYP:00094EED],,0,2,0,1,false,false,include_nonverbal,Reachable official non-verbal creature mapped to a reviewed archetype.,fire_gecko
FalloutNV.esm|001365B1,FalloutNV.esm,001365B1,001365B1,TaleOfTwoWastelands.esm,VCrFireGeckoTier1TypeSmallC,Fire Gecko,,,unknown,creatures\NVGecko\skeleton.nif,VoiceDoNotRecordF [VTYP:00094EED],,0,2,0,1,false,false,include_nonverbal,Reachable official non-verbal creature mapped to a reviewed archetype.,fire_gecko
FalloutNV.esm|001365B3,FalloutNV.esm,001365B3,001365B3,FalloutNV.esm,VSpawnFireGeckoTier1,,,,unknown,,,VEncFireGeckoTier1 [LVLC:001365B2],0,0,0,3,false,false,exclude_not_actor,Ambient/scenery actor or record without a usable identity.,
FalloutNV.esm|001365B4,FalloutNV.esm,001365B4,001365B4,FalloutNV.esm,VSpawnFireGeckoTier1Cells,,,,unknown,,,VEncFireGeckoTier1Cells [LVLC:0015F192],0,0,0,3,false,false,exclude_not_actor,Ambient/scenery actor or record without a usable identity.,
FalloutNV.esm|001365B5,FalloutNV.esm,001365B5,001365B5,YUPTTW.esm,VSpawnFireGeckoTier1PIT,Fire Gecko,,,unknown,creatures\NVGecko\skeleton.nif,VoiceDoNotRecordF [VTYP:00094EED],VCrFireGeckoTier1TypeA [CREA:001365AA],0,0,1,4,false,false,include_nonverbal,Reachable official non-verbal creature mapped to a reviewed archetype.,fire_gecko
FalloutNV.esm|00136A20,FalloutNV.esm,00136A20,00136A20,TaleOfTwoWastelands.esm,FortLegionMongrelHostile,Legion Mongrel,,,unknown,Creatures\Dog\Skeleton.nif,VoiceDoNotRecordF [VTYP:00094EED],CrLegionMongrel [CREA:000E585B],0,0,0,4,false,false,exclude_unused,"Template, corpse, test, cut, or non-reachable archetype record without a distinct new roleplay profile.",
FalloutNV.esm|00136A45,FalloutNV.esm,00136A45,00136A45,TaleOfTwoWastelands.esm,CrCoyoteDEAD,Coyote,,,unknown,Creatures\Dog\Skeleton.nif,VoiceDoNotRecordF [VTYP:00094EED],,0,0,0,8,false,false,include_nonverbal,Reachable official non-verbal creature mapped to a reviewed archetype.,coyote
FalloutNV.esm|00136A49,FalloutNV.esm,00136A49,00136A49,TaleOfTwoWastelands.esm,NVCrNightStalkerDEAD,Nightstalker,,,unknown,creatures\NightStalker\Skeleton.nif,VoiceDoNotRecordF [VTYP:00094EED],,0,0,0,4,false,false,include_nonverbal,Reachable official non-verbal creature mapped to a reviewed archetype.,nightstalker
FalloutNV.esm|00136B11,FalloutNV.esm,00136B11,00136B11,TaleOfTwoWastelands.esm,VSpawnGiantRatTier2PIT,Giant Rat,,,unknown,creatures\NVgiantrat\skeleton.nif,VoiceDoNotRecordF [VTYP:00094EED],VCrGiantRatTier1TypeA [CREA:00130115],0,0,1,4,false,false,include_nonverbal,Reachable official non-verbal creature mapped to a reviewed archetype.,giant_rat
FalloutNV.esm|001370EF,FalloutNV.esm,001370EF,001370EF,YUPTTW.esm,VBSLegionMongrel,Legion Mongrel,,,unknown,Creatures\Dog\Skeleton.nif,VoiceDoNotRecordF [VTYP:00094EED],,0,0,0,7,false,false,exclude_unused,"Template, corpse, test, cut, or non-reachable archetype record without a distinct new roleplay profile.",
FalloutNV.esm|00137240,FalloutNV.esm,00137240,00137240,YUPTTW.esm,VBSLegionMongrel2,Legion Mongrel,,,unknown,Creatures\Dog\Skeleton.nif,VoiceDoNotRecordF [VTYP:00094EED],,0,0,0,8,false,false,exclude_unused,"Template, corpse, test, cut, or non-reachable archetype record without a distinct new roleplay profile.",
FalloutNV.esm|0013731F,FalloutNV.esm,0013731F,0013731F,FalloutNV.esm,NVCCLegionMongrelSniffer,Legion Mongrel,,,unknown,Creatures\Dog\Skeleton.nif,VoiceDoNotRecordF [VTYP:00094EED],CrLegionMongrel [CREA:000E585B],0,0,0,3,false,false,exclude_unused,"Template, corpse, test, cut, or non-reachable archetype record without a distinct new roleplay profile.",
FalloutNV.esm|001376D0,FalloutNV.esm,001376D0,001376D0,TaleOfTwoWastelands.esm,NVCRMrHouse,Mr. House,,,unknown,creatures\NVMrHouse\Skeleton.nif,CreatureUniqueMrHouse [VTYP:0014F3E6],,0,0,11,28,false,false,exclude_talking,Conversational humanoid or intelligible speaking creature.,
FalloutNV.esm|00137A10,FalloutNV.esm,00137A10,00137A10,TaleOfTwoWastelands.esm,AudioTemplateCazador,AudioTemplateCazador,,,unknown,,VoiceDoNotRecordF [VTYP:00094EED],,0,0,0,52,false,false,exclude_unused,"Template, corpse, test, cut, or non-reachable archetype record without a distinct new roleplay profile.",
FalloutNV.esm|00137A11,FalloutNV.esm,00137A11,00137A11,TaleOfTwoWastelands.esm,AudioTemplateBigHorner,AudioTemplateBigHorner,,,unknown,Creatures\Brahmin\Skeleton.nif,VoiceDoNotRecordF [VTYP:00094EED],,0,0,0,26,false,false,exclude_unused,"Template, corpse, test, cut, or non-reachable archetype record without a distinct new roleplay profile.",
FalloutNV.esm|00137A12,FalloutNV.esm,00137A12,00137A12,TaleOfTwoWastelands.esm,AudioTemplateSporePlant,AudioTemplateSporePlant,,,unknown,,VoiceDoNotRecordF [VTYP:00094EED],,0,0,0,26,false,false,exclude_unused,"Template, corpse, test, cut, or non-reachable archetype record without a distinct new roleplay profile.",
FalloutNV.esm|00137A33,FalloutNV.esm,00137A33,00137A33,FalloutNV.esm,FortBrahmin,Brahmin,,,unknown,Creatures\Brahmin\Skeleton.nif,VoiceDoNotRecordF [VTYP:00094EED],,0,0,0,1,false,false,include_nonverbal,Reachable official non-verbal creature mapped to a reviewed archetype.,brahmin
FalloutNV.esm|0013920F,FalloutNV.esm,0013920F,0013920F,TaleOfTwoWastelands.esm,VHDNCRTurret01,Mark II Turret,,,unknown,Creatures\SentryTurret\skeleton.nif,RobotEyebot [VTYP:00040D41],,0,3,0,1,false,false,exclude_not_actor,Robot or automated turret reserved for the robot pass.,
FalloutNV.esm|0013A7EB,FalloutNV.esm,0013A7EB,0013A7EB,TaleOfTwoWastelands.esm,JacobstownMarcus,Marcus,,,unknown,Creatures\SMSpineBreaker\Skeleton.nif,CreatureUniqueMarcus [VTYP:0014F3E8],JacobstownMutant1 [CREA:0013AACF],0,0,71,72,false,false,exclude_talking,Conversational humanoid or intelligible speaking creature.,
FalloutNV.esm|0013AACF,FalloutNV.esm,0013AACF,0013AACF,TaleOfTwoWastelands.esm,JacobstownMutant1,Super Mutant,,,unknown,Creatures\SMSpineBreaker\Skeleton.nif,CreatureLowIntSM [VTYP:0014377C],CrSuperMutant1MeleeA [CREA:0003A147],0,0,0,21,false,false,exclude_talking,Conversational humanoid or intelligible speaking creature.,
FalloutNV.esm|0013AFDC,FalloutNV.esm,0013AFDC,0013AFDC,TaleOfTwoWastelands.esm,JacobstownNightkin,Nightkin,,,unknown,Creatures\SMSpineBreaker\Skeleton.nif,CreatureSuperMutant [VTYP:00019FD9],JacobstownMutant1 [CREA:0013AACF],0,0,0,10,false,false,exclude_talking,Conversational humanoid or intelligible speaking creature.,
FalloutNV.esm|0013AFE1,FalloutNV.esm,0013AFE1,0013AFE1,TaleOfTwoWastelands.esm,JacobstownMutant2,Super Mutant,,,unknown,Creatures\SMSpineBreaker\Skeleton.nif,CreatureLowIntSM [VTYP:0014377C],JacobstownMutant1 [CREA:0013AACF],0,0,0,2,false,false,exclude_talking,Conversational humanoid or intelligible speaking creature.,
FalloutNV.esm|0013B16F,FalloutNV.esm,0013B16F,0013B16F,TaleOfTwoWastelands.esm,VHDNCRTurret03,Mark II Turret,,,unknown,Creatures\SentryTurret\skeleton.nif,RobotEyebot [VTYP:00040D41],,0,2,0,1,false,false,exclude_not_actor,Robot or automated turret reserved for the robot pass.,
FalloutNV.esm|0013B3E1,FalloutNV.esm,0013B3E1,0013B3E1,TaleOfTwoWastelands.esm,CrHDDogNCRBuddy,NCR Guard Dog,,,unknown,Creatures\Dog\Skeleton.nif,VoiceDoNotRecordF [VTYP:00094EED],CrDogVicious [CREA:0001CFA3],0,0,2,3,false,false,exclude_unused,"Template, corpse, test, cut, or non-reachable archetype record without a distinct new roleplay profile.",
FalloutNV.esm|0013C8BF,FalloutNV.esm,0013C8BF,0013C8BF,YUPTTW.esm,CrLakelurkBase,Lakelurk,,,unknown,Creatures\MirelurkKing\Skeleton.nif,VoiceDoNotRecordF [VTYP:00094EED],,0,0,0,1,false,false,include_nonverbal,Reachable official non-verbal creature mapped to a reviewed archetype.,mirelurk
FalloutNV.esm|0013C8C0,FalloutNV.esm,0013C8C0,0013C8C0,TaleOfTwoWastelands.esm,CrLakelurkKing,Lakelurk,,,unknown,Creatures\MirelurkKing\Skeleton.nif,VoiceDoNotRecordF [VTYP:00094EED],,0,0,0,1,false,false,include_nonverbal,Reachable official non-verbal creature mapped to a reviewed archetype.,mirelurk
FalloutNV.esm|0013D3AF,FalloutNV.esm,0013D3AF,0013D3AF,TaleOfTwoWastelands.esm,AudioTemplateNightStalker,AudioTemplateNightStalker,,,unknown,,VoiceDoNotRecordF [VTYP:00094EED],,0,0,0,102,false,false,exclude_unused,"Template, corpse, test, cut, or non-reachable archetype record without a distinct new roleplay profile.",
FalloutNV.esm|0013D834,FalloutNV.esm,0013D834,0013D834,TaleOfTwoWastelands.esm,Lily,Lily,,,unknown,Creatures\SMSpineBreaker\Skeleton.nif,CreatureUniqueLily [VTYP:0014F3E9],,0,0,323,327,false,false,exclude_talking,Conversational humanoid or intelligible speaking creature.,
FalloutNV.esm|0013D83B,FalloutNV.esm,0013D83B,0013D83B,TaleOfTwoWastelands.esm,JacobstownMutant3,Super Mutant,,,unknown,Creatures\SMSpineBreaker\Skeleton.nif,CreatureLowIntSM [VTYP:0014377C],JacobstownMutant1 [CREA:0013AACF],0,0,0,3,false,false,exclude_talking,Conversational humanoid or intelligible speaking creature.,
FalloutNV.esm|0013E313,FalloutNV.esm,0013E313,0013E313,TaleOfTwoWastelands.esm,v34TechDEAD,Vault Technician,,,unknown,Creatures\Ghoul\Skeleton.nif,CreatureFeralGhoul [VTYP:0007AE96],v34GlowingGuard [CREA:00132164],0,0,0,3,false,false,exclude_unused,"Template, corpse, test, cut, or non-reachable archetype record without a distinct new roleplay profile.",
FalloutNV.esm|0013E514,FalloutNV.esm,0013E514,0013E514,TaleOfTwoWastelands.esm,FortLupaGladiator,Lupa,,,unknown,Creatures\Dog\Skeleton.nif,VoiceDoNotRecordF [VTYP:00094EED],CrLegionMongrel [CREA:000E585B],0,0,0,1,false,false,exclude_unused,"Template, corpse, test, cut, or non-reachable archetype record without a distinct new roleplay profile.",
FalloutNV.esm|0013E5B9,FalloutNV.esm,0013E5B9,0013E5B9,TaleOfTwoWastelands.esm,FiendDogVioletta,Violetta,,,unknown,Creatures\Dog\Skeleton.nif,VoiceDoNotRecordF [VTYP:00094EED],CrNVDogFiend [CREA:000F5701],0,0,0,1,false,false,exclude_unused,A maintained named biography already exists; do not duplicate it.,
FalloutNV.esm|0013E74D,FalloutNV.esm,0013E74D,0013E74D,FalloutNV.esm,CampSearchlightTurret,Mark III Turret,,,unknown,Creatures\SentryTurret\skeleton.nif,RobotEyebot [VTYP:00040D41],,0,0,0,12,false,false,exclude_not_actor,Robot or automated turret reserved for the robot pass.,
FalloutNV.esm|0013F185,FalloutNV.esm,0013F185,0013F185,TaleOfTwoWastelands.esm,JacobstownMutantSentryGun,Super Mutant,,,unknown,Creatures\SMSpineBreaker\Skeleton.nif,CreatureLowIntSM [VTYP:0014377C],JacobstownMutant1 [CREA:0013AACF],0,0,0,4,false,false,exclude_not_actor,Robot or automated turret reserved for the robot pass.,
FalloutNV.esm|0013F70D,FalloutNV.esm,0013F70D,0013F70D,TaleOfTwoWastelands.esm,JacobstownKeene,Keene,,,unknown,Creatures\SMSpineBreaker\Skeleton.nif,CreatureSuperMutant [VTYP:00019FD9],JacobstownMutant1 [CREA:0013AACF],0,0,27,28,false,false,exclude_talking,Conversational humanoid or intelligible speaking creature.,
FalloutNV.esm|0013FE86,FalloutNV.esm,0013FE86,0013FE86,TaleOfTwoWastelands.esm,CampSearchlightRadscorpionQueen,Radscorpion Queen,,,unknown,Creatures\Radscorpion\Skeleton.nif,VoiceDoNotRecordF [VTYP:00094EED],,0,0,0,1,false,false,include_nonverbal,Reachable official non-verbal creature mapped to a reviewed archetype.,radscorpion_queen
FalloutNV.esm|001405B9,FalloutNV.esm,001405B9,001405B9,TaleOfTwoWastelands.esm,NVCrBigHornerDEAD,Bighorner,,,unknown,creatures\NVBigHorner\skeleton.nif,VoiceDoNotRecordF [VTYP:00094EED],,0,0,0,9,false,false,include_nonverbal,Reachable official non-verbal creature mapped to a reviewed archetype.,bighorner
FalloutNV.esm|00140CA6,FalloutNV.esm,00140CA6,00140CA6,FalloutNV.esm,NVCrSentryBotToy,Sentry Bot Toy,,,unknown,Creatures\SentryBot\Skeleton.nif,RobotSentryBot [VTYP:00019FDB],,0,0,0,2,false,false,exclude_not_actor,Robot or automated turret reserved for the robot pass.,
FalloutNV.esm|00140CA7,FalloutNV.esm,00140CA7,00140CA7,TaleOfTwoWastelands.esm,NVCrSentryBotToyBroken,Sentry Bot Toy,,,unknown,Creatures\SentryBot\Skeleton.nif,RobotSentryBot [VTYP:00019FDB],,0,0,0,2,false,false,exclude_not_actor,Robot or automated turret reserved for the robot pass.,
FalloutNV.esm|00140DB0,FalloutNV.esm,00140DB0,00140DB0,YUPTTW.esm,NVCrRaven,Raven,,,unknown,creatures\NVRaven\Skeleton.nif,,,0,0,0,34,false,false,exclude_not_actor,Ambient/scenery actor or record without a usable identity.,
FalloutNV.esm|001411BA,FalloutNV.esm,001411BA,001411BA,TaleOfTwoWastelands.esm,NVCrFireGeckoDEAD,Fire Gecko,,,unknown,creatures\NVGecko\skeleton.nif,VoiceDoNotRecordF [VTYP:00094EED],NVCrGecko [CREA:0010CD73],0,0,0,2,false,false,include_nonverbal,Reachable official non-verbal creature mapped to a reviewed archetype.,fire_gecko
FalloutNV.esm|0014128C,FalloutNV.esm,0014128C,0014128C,YUPTTW.esm,CampSearchlightGoldenGecko,Golden Gecko,,,unknown,creatures\NVGecko\skeleton.nif,VoiceDoNotRecordF [VTYP:00094EED],,0,0,0,9,false,false,include_nonverbal,Reachable official non-verbal creature mapped to a reviewed archetype.,golden_gecko
FalloutNV.esm|00142A22,FalloutNV.esm,00142A22,00142A22,TaleOfTwoWastelands.esm,NVCrV19FireGecko,Fire Gecko,,,unknown,creatures\NVGecko\skeleton.nif,VoiceDoNotRecordF [VTYP:00094EED],NVCrFireGecko [CREA:00113246],0,0,0,10,false,false,include_nonverbal,Reachable official non-verbal creature mapped to a reviewed archetype.,fire_gecko
FalloutNV.esm|00142DD7,FalloutNV.esm,00142DD7,00142DD7,FalloutNV.esm,LegionMongrelSnifferLegate,Legion Mongrel,,,unknown,Creatures\Dog\Skeleton.nif,VoiceDoNotRecordF [VTYP:00094EED],CrLegionMongrel [CREA:000E585B],0,0,0,4,false,false,exclude_unused,"Template, corpse, test, cut, or non-reachable archetype record without a distinct new roleplay profile.",
FalloutNV.esm|00144448,FalloutNV.esm,00144448,00144448,TaleOfTwoWastelands.esm,GlowingTrooperGhoul,Glowing Ghoul Trooper,,,unknown,Creatures\Ghoul\Skeleton.nif,CreatureFeralGhoul [VTYP:0007AE96],,0,0,0,1,false,false,exclude_unused,"Template, corpse, test, cut, or non-reachable archetype record without a distinct new roleplay profile.",
FalloutNV.esm|0014451A,FalloutNV.esm,0014451A,0014451A,TaleOfTwoWastelands.esm,CampSearchlightGlowingTrooperGhoul,Glowing Trooper Ghoul,,,unknown,Creatures\Ghoul\Skeleton.nif,CreatureFeralGhoul [VTYP:0007AE96],,0,0,0,18,false,false,include_nonverbal,Reachable official non-verbal creature mapped to a reviewed archetype.,glowing_one
FalloutNV.esm|0014451B,FalloutNV.esm,0014451B,0014451B,TaleOfTwoWastelands.esm,CampSearchlightFeralTrooperGhoul,Feral Trooper Ghoul,,,unknown,Creatures\Ghoul\Skeleton.nif,CreatureFeralGhoul [VTYP:0007AE96],,0,0,0,20,false,false,include_nonverbal,Reachable official non-verbal creature mapped to a reviewed archetype.,feral_ghoul
FalloutNV.esm|001445A4,FalloutNV.esm,001445A4,001445A4,TaleOfTwoWastelands.esm,JacobstownMutantSentryMelee,Super Mutant,,,unknown,Creatures\SMSpineBreaker\Skeleton.nif,CreatureLowIntSM [VTYP:0014377C],JacobstownMutant1 [CREA:0013AACF],0,0,0,2,false,false,exclude_not_actor,Robot or automated turret reserved for the robot pass.,
FalloutNV.esm|001445A7,FalloutNV.esm,001445A7,001445A7,YUPTTW.esm,JacobstownBigHorner,Bighorner,,,unknown,creatures\NVBigHorner\skeleton.nif,VoiceDoNotRecordF [VTYP:00094EED],,0,0,0,9,false,false,include_nonverbal,Reachable official non-verbal creature mapped to a reviewed archetype.,bighorner
FalloutNV.esm|001445BB,FalloutNV.esm,001445BB,001445BB,TaleOfTwoWastelands.esm,JacobstownKeeneBuddy1,Nightkin,,,unknown,Creatures\SMSpineBreaker\Skeleton.nif,CreatureSuperMutant [VTYP:00019FD9],JacobstownNightkin [CREA:0013AFDC],0,0,0,1,false,false,exclude_talking,Conversational humanoid or intelligible speaking creature.,
FalloutNV.esm|001445BC,FalloutNV.esm,001445BC,001445BC,TaleOfTwoWastelands.esm,JacobstownKeeneBuddy2,Nightkin,,,unknown,Creatures\SMSpineBreaker\Skeleton.nif,CreatureSuperMutant [VTYP:00019FD9],JacobstownNightkin [CREA:0013AFDC],0,0,0,1,false,false,exclude_talking,Conversational humanoid or intelligible speaking creature.,
FalloutNV.esm|00144BC4,FalloutNV.esm,00144BC4,00144BC4,YUPTTW.esm,JacobstownNightstalkerA,Nightstalker,,,unknown,creatures\NightStalker\Skeleton.nif,VoiceDoNotRecordF [VTYP:00094EED],NVCrNightStalker [CREA:00119E50],0,3,0,16,false,false,include_nonverbal,Reachable official non-verbal creature mapped to a reviewed archetype.,nightstalker
FalloutNV.esm|00144C39,FalloutNV.esm,00144C39,00144C39,TaleOfTwoWastelands.esm,CrLakelurkBaseDEAD1,Lakelurk,,,unknown,Creatures\MirelurkKing\Skeleton.nif,VoiceDoNotRecordF [VTYP:00094EED],,0,0,0,1,false,false,include_nonverbal,Reachable official non-verbal creature mapped to a reviewed archetype.,mirelurk
FalloutNV.esm|00145A43,FalloutNV.esm,00145A43,00145A43,TaleOfTwoWastelands.esm,AudioTemplateGecko,AudioTemplateGecko,,,unknown,,VoiceDoNotRecordF [VTYP:00094EED],,0,0,0,27,false,false,exclude_unused,"Template, corpse, test, cut, or non-reachable archetype record without a distinct new roleplay profile.",
FalloutNV.esm|00145E6F,FalloutNV.esm,00145E6F,00145E6F,TaleOfTwoWastelands.esm,GlowingGhoulJumpsuit,Glowing Ghoul Jumpsuit,,,unknown,Creatures\Ghoul\Skeleton.nif,CreatureFeralGhoul [VTYP:0007AE96],,0,0,0,1,false,false,exclude_unused,"Template, corpse, test, cut, or non-reachable archetype record without a distinct new roleplay profile.",
FalloutNV.esm|00145E75,FalloutNV.esm,00145E75,00145E75,FalloutNV.esm,CampSearchlightRadscorpionSmall,Radscorpion,,,unknown,Creatures\Radscorpion\Skeleton.nif,VoiceDoNotRecordF [VTYP:00094EED],,0,0,0,8,false,false,include_nonverbal,Reachable official non-verbal creature mapped to a reviewed archetype.,radscorpion
FalloutNV.esm|00145E76,FalloutNV.esm,00145E76,00145E76,FalloutNV.esm,CampSearchlightRadscorpionLarge,Giant Radscorpion,,,unknown,Creatures\Radscorpion\Skeleton.nif,VoiceDoNotRecordF [VTYP:00094EED],,0,0,0,7,false,false,include_nonverbal,Reachable official non-verbal creature mapped to a reviewed archetype.,giant_radscorpion
FalloutNV.esm|00145EDA,FalloutNV.esm,00145EDA,00145EDA,TaleOfTwoWastelands.esm,CrLakelurkKingCG,Lakelurk King,,,unknown,Creatures\MirelurkKing\Skeleton.nif,VoiceDoNotRecordF [VTYP:00094EED],,0,0,0,2,false,false,include_nonverbal,Reachable official non-verbal creature mapped to a reviewed archetype.,mirelurk_king
FalloutNV.esm|00145EDB,FalloutNV.esm,00145EDB,00145EDB,YUPTTW.esm,CrLakelurkCG,Lakelurk,,,unknown,Creatures\MirelurkKing\Skeleton.nif,VoiceDoNotRecordF [VTYP:00094EED],,0,0,0,19,false,false,include_nonverbal,Reachable official non-verbal creature mapped to a reviewed archetype.,mirelurk
FalloutNV.esm|00145F84,FalloutNV.esm,00145F84,00145F84,TaleOfTwoWastelands.esm,AudioTemplateFireGecko,AudioTemplateFireGecko,,,unknown,,VoiceDoNotRecordF [VTYP:00094EED],,0,0,0,39,false,false,exclude_unused,"Template, corpse, test, cut, or non-reachable archetype record without a distinct new roleplay profile.",
FalloutNV.esm|0014615F,FalloutNV.esm,0014615F,0014615F,TaleOfTwoWastelands.esm,AudioTemplateGiantRat,AudioTemplateGiantRat,,,unknown,,VoiceDoNotRecordF [VTYP:00094EED],,0,0,0,91,false,false,exclude_unused,"Template, corpse, test, cut, or non-reachable archetype record without a distinct new roleplay profile.",
FalloutNV.esm|00146C1C,FalloutNV.esm,00146C1C,00146C1C,TaleOfTwoWastelands.esm,GlowingGhoulSecurity,Glowing Security Ghoul,,,unknown,Creatures\Ghoul\Skeleton.nif,CreatureFeralGhoul [VTYP:0007AE96],,0,0,0,1,false,false,exclude_unused,"Template, corpse, test, cut, or non-reachable archetype record without a distinct new roleplay profile.",
FalloutNV.esm|001476B1,FalloutNV.esm,001476B1,001476B1,TaleOfTwoWastelands.esm,AudioTemplateMantis,AudioTemplateMantis,,,unknown,,VoiceDoNotRecordF [VTYP:00094EED],,0,0,0,46,false,false,exclude_unused,"Template, corpse, test, cut, or non-reachable archetype record without a distinct new roleplay profile.",
FalloutNV.esm|001476B2,FalloutNV.esm,001476B2,001476B2,TaleOfTwoWastelands.esm,AudioTemplateMantisSmall,AudioTemplateMantisSmall,,,unknown,,VoiceDoNotRecordF [VTYP:00094EED],,0,0,0,13,false,false,exclude_unused,"Template, corpse, test, cut, or non-reachable archetype record without a distinct new roleplay profile.",
FalloutNV.esm|00148242,FalloutNV.esm,00148242,00148242,TaleOfTwoWastelands.esm,JacobstownNightkinDead,Nightkin,,,unknown,Creatures\SMSpineBreaker\Skeleton.nif,CreatureSuperMutant [VTYP:00019FD9],JacobstownMutant1 [CREA:0013AACF],0,0,0,1,false,false,exclude_talking,Conversational humanoid or intelligible speaking creature.,
FalloutNV.esm|0014824A,FalloutNV.esm,0014824A,0014824A,TaleOfTwoWastelands.esm,JacobstownNightstalkerB,Nightstalker,,,unknown,creatures\NightStalker\Skeleton.nif,VoiceDoNotRecordF [VTYP:00094EED],JacobstownNightstalkerA [CREA:00144BC4],0,3,0,2,false,false,include_nonverbal,Reachable official non-verbal creature mapped to a reviewed archetype.,nightstalker
FalloutNV.esm|0014824B,FalloutNV.esm,0014824B,0014824B,TaleOfTwoWastelands.esm,JacobstownNightstalkerC,Nightstalker,,,unknown,creatures\NightStalker\Skeleton.nif,VoiceDoNotRecordF [VTYP:00094EED],JacobstownNightstalkerA [CREA:00144BC4],0,3,0,2,false,false,include_nonverbal,Reachable official non-verbal creature mapped to a reviewed archetype.,nightstalker
FalloutNV.esm|00148431,FalloutNV.esm,00148431,00148431,TaleOfTwoWastelands.esm,AudioTemplateLakelurkKing,AudioTemplateLakelurkKing,,,unknown,,VoiceDoNotRecordF [VTYP:00094EED],,0,0,0,5,false,false,exclude_unused,"Template, corpse, test, cut, or non-reachable archetype record without a distinct new roleplay profile.",
FalloutNV.esm|001489DB,FalloutNV.esm,001489DB,001489DB,YUPTTW.esm,Lucky38Securitron,Securitron Mk I,,,unknown,creatures\NVSecuritron\Skeleton.nif,RobotVictor [VTYP:0010512E],VSecuritronMk1TEMPLATE [CREA:00158646],0,0,0,6,false,false,exclude_not_actor,Robot or automated turret reserved for the robot pass.,
FalloutNV.esm|001489F5,FalloutNV.esm,001489F5,001489F5,TaleOfTwoWastelands.esm,AudioTemplateSporeCarrier,AudioTemplateSporeCarrier,,,unknown,,VoiceDoNotRecordF [VTYP:00094EED],,0,0,0,98,false,false,exclude_unused,"Template, corpse, test, cut, or non-reachable archetype record without a distinct new roleplay profile.",
FalloutNV.esm|0014AEB8,FalloutNV.esm,0014AEB8,0014AEB8,FalloutNV.esm,VHDLegionLowerLevelNCRDog,NCR Guard Dog,,,unknown,Creatures\Dog\Skeleton.nif,VoiceDoNotRecordF [VTYP:00094EED],CrDogVicious [CREA:0001CFA3],0,0,0,2,false,false,exclude_unused,"Template, corpse, test, cut, or non-reachable archetype record without a distinct new roleplay profile.",
FalloutNV.esm|0014AECF,FalloutNV.esm,0014AECF,0014AECF,FalloutNV.esm,VHDLegionLowerLevelNCRDog02,NCR Guard Dog,,,unknown,Creatures\Dog\Skeleton.nif,VoiceDoNotRecordF [VTYP:00094EED],CrDogVicious [CREA:0001CFA3],0,0,0,2,false,false,exclude_unused,"Template, corpse, test, cut, or non-reachable archetype record without a distinct new roleplay profile.",
FalloutNV.esm|0014CF65,FalloutNV.esm,0014CF65,0014CF65,TaleOfTwoWastelands.esm,DEADCaravanBrahminCGCave,Pack Brahmin,,,unknown,Creatures\Brahmin\Skeleton.nif,VoiceDoNotRecordF [VTYP:00094EED],CrBrahmin [CREA:0001CFA2],0,0,0,1,false,false,include_nonverbal,Reachable official non-verbal creature mapped to a reviewed archetype.,brahmin
FalloutNV.esm|0014D1FD,FalloutNV.esm,0014D1FD,0014D1FD,TaleOfTwoWastelands.esm,VStreetCrBrahmin,Brahmin,,,unknown,Creatures\Brahmin\Skeleton.nif,VoiceDoNotRecordF [VTYP:00094EED],CrBrahmin [CREA:0001CFA2],0,0,0,3,false,false,include_nonverbal,Reachable official non-verbal creature mapped to a reviewed archetype.,brahmin
FalloutNV.esm|0014D3F3,FalloutNV.esm,0014D3F3,0014D3F3,TaleOfTwoWastelands.esm,AudioTemplateSecuritron,AudioTemplateSecuritron,,,unknown,,,,0,0,0,65,false,false,exclude_not_actor,Robot or automated turret reserved for the robot pass.,
FalloutNV.esm|0014DE60,FalloutNV.esm,0014DE60,0014DE60,FalloutNV.esm,vHDLegionMongrelSniffer,Legion Mongrel,,,unknown,Creatures\Dog\Skeleton.nif,VoiceDoNotRecordF [VTYP:00094EED],CrLegionMongrel [CREA:000E585B],0,0,0,3,false,false,exclude_unused,"Template, corpse, test, cut, or non-reachable archetype record without a distinct new roleplay profile.",
FalloutNV.esm|0014F3FC,FalloutNV.esm,0014F3FC,0014F3FC,FalloutNV.esm,VCrTier1BloatFlyMed,Bloatfly,,,unknown,Creatures\Blowfly\Skeleton.nif,VoiceDoNotRecordF [VTYP:00094EED],CrBloatFly [CREA:0009189C],0,13,0,4,false,false,include_nonverbal,Reachable official non-verbal creature mapped to a reviewed archetype.,bloatfly
FalloutNV.esm|0014F3FD,FalloutNV.esm,0014F3FD,0014F3FD,TaleOfTwoWastelands.esm,VCrTier2GeckoMed,Gecko,,,unknown,creatures\NVGecko\skeleton.nif,VoiceDoNotRecordF [VTYP:00094EED],NVCrGecko [CREA:0010CD73],0,13,0,4,false,false,include_nonverbal,Reachable official non-verbal creature mapped to a reviewed archetype.,gecko
FalloutNV.esm|0014F3FE,FalloutNV.esm,0014F3FE,0014F3FE,FalloutNV.esm,VCrTier4CazadorMed,Cazador,,,unknown,creatures\NVCazadores\Skeleton.nif,VoiceDoNotRecordF [VTYP:00094EED],NVCrCazador [CREA:000E584D],0,13,0,6,false,false,include_nonverbal,Reachable official non-verbal creature mapped to a reviewed archetype.,cazador
FalloutNV.esm|0014F3FF,FalloutNV.esm,0014F3FF,0014F3FF,YUPTTW.esm,VCrTier1GiantRatMed,Giant Rat,,,unknown,creatures\NVgiantrat\skeleton.nif,VoiceDoNotRecordF [VTYP:00094EED],NVCrGiantRat [CREA:000E8E95],0,13,0,4,false,false,include_nonverbal,Reachable official non-verbal creature mapped to a reviewed archetype.,giant_rat
FalloutNV.esm|0014F400,FalloutNV.esm,0014F400,0014F400,FalloutNV.esm,VCrTier4FireGeckoMed,Fire Gecko,,,unknown,creatures\NVGecko\skeleton.nif,VoiceDoNotRecordF [VTYP:00094EED],NVCrFireGecko [CREA:00113246],0,14,0,4,false,false,include_nonverbal,Reachable official non-verbal creature mapped to a reviewed archetype.,fire_gecko
FalloutNV.esm|0014F401,FalloutNV.esm,0014F401,0014F401,FalloutNV.esm,VCrTier3GiantRadscorpionMed,Giant Radscorpion,,,unknown,Creatures\Radscorpion\Skeleton.nif,VoiceDoNotRecordF [VTYP:00094EED],CrRadscorpion2Large [CREA:0001CF9E],0,13,0,4,false,false,include_nonverbal,Reachable official non-verbal creature mapped to a reviewed archetype.,giant_radscorpion
FalloutNV.esm|0014F402,FalloutNV.esm,0014F402,0014F402,YUPTTW.esm,VCrTier4NightStalkerMed,Nightstalker,,,unknown,creatures\NightStalker\Skeleton.nif,VoiceDoNotRecordF [VTYP:00094EED],,0,13,0,14,false,false,include_nonverbal,Reachable official non-verbal creature mapped to a reviewed archetype.,nightstalker
FalloutNV.esm|0014F403,FalloutNV.esm,0014F403,0014F403,FalloutNV.esm,VCrTier2RadscorpionMed,Radscorpion,,,unknown,Creatures\Radscorpion\Skeleton.nif,VoiceDoNotRecordF [VTYP:00094EED],CrRadscorpion1Small [CREA:0001CF9D],0,13,0,4,false,false,include_nonverbal,Reachable official non-verbal creature mapped to a reviewed archetype.,radscorpion
FalloutNV.esm|0014F404,FalloutNV.esm,0014F404,0014F404,FalloutNV.esm,VCrTier1MoleRatMed,Mole Rat,,,unknown,Creatures\MoleRat\skeleton.nif,VoiceDoNotRecordF [VTYP:00094EED],CrMoleRat [CREA:0001CF9F],0,13,0,4,false,false,include_nonverbal,Reachable official non-verbal creature mapped to a reviewed archetype.,mole_rat
FalloutNV.esm|0014F425,FalloutNV.esm,0014F425,0014F425,YUPTTW.esm,VCrTier1DogMed,Dog,,,unknown,Creatures\Dog\Skeleton.nif,VoiceDoNotRecordF [VTYP:00094EED],CrDog [CREA:0001CF9C],0,13,0,4,false,false,include_nonverbal,Reachable official non-verbal creature mapped to a reviewed archetype.,dog
FalloutNV.esm|0014F426,FalloutNV.esm,0014F426,0014F426,TaleOfTwoWastelands.esm,VCrTier2DogViciousMed,Vicious Dog,,,unknown,Creatures\Dog\Skeleton.nif,VoiceDoNotRecordF [VTYP:00094EED],CrDogVicious [CREA:0001CFA3],0,13,0,4,false,false,include_nonverbal,Reachable official non-verbal creature mapped to a reviewed archetype.,vicious_dog
FalloutNV.esm|0014F427,FalloutNV.esm,0014F427,0014F427,FalloutNV.esm,VCrTier2GiantMantisMed,Giant Mantis,,,unknown,creatures\NVMantis\Skeleton.NIF,,NVCrGiantMantis [CREA:000EF412],0,13,0,4,false,false,include_nonverbal,Reachable official non-verbal creature mapped to a reviewed archetype.,giant_mantis
FalloutNV.esm|0014F428,FalloutNV.esm,0014F428,0014F428,FalloutNV.esm,VCrTier1CoyoteMed,Coyote,,,unknown,Creatures\Dog\Skeleton.nif,VoiceDoNotRecordF [VTYP:00094EED],CrCoyote [CREA:000E584E],0,16,0,5,false,false,include_nonverbal,Reachable official non-verbal creature mapped to a reviewed archetype.,coyote
FalloutNV.esm|0014F429,FalloutNV.esm,0014F429,0014F429,FalloutNV.esm,VCrTier2CentaurMed,Centaur,,,unknown,Creatures\Centaur\Skeleton.nif,VoiceDoNotRecordF [VTYP:00094EED],CrCentaur [CREA:0001CF90],0,13,0,5,false,false,include_nonverbal,Reachable official non-verbal creature mapped to a reviewed archetype.,centaur
FalloutNV.esm|0014F42A,FalloutNV.esm,0014F42A,0014F42A,TaleOfTwoWastelands.esm,VCrTier2FireAntWorkerMed,Fire Ant Worker,,,unknown,Creatures\GiantAnt\skeleton.nif,VoiceDoNotRecordF [VTYP:00094EED],,0,13,0,5,false,false,include_nonverbal,Reachable official non-verbal creature mapped to a reviewed archetype.,fire_ant_worker
FalloutNV.esm|0014F42B,FalloutNV.esm,0014F42B,0014F42B,FalloutNV.esm,VCrTier3GoldenGeckoMed,Golden Gecko,,,unknown,creatures\NVGecko\skeleton.nif,VoiceDoNotRecordF [VTYP:00094EED],NVCrGoldenGecko [CREA:00118D61],0,13,0,4,false,false,include_nonverbal,Reachable official non-verbal creature mapped to a reviewed archetype.,golden_gecko
FalloutNV.esm|0014F42C,FalloutNV.esm,0014F42C,0014F42C,FalloutNV.esm,VCrTier4DeathClawMed,Deathclaw,,,unknown,Creatures\DeathClaw\Skeleton.nif,VoiceDoNotRecordF [VTYP:00094EED],CrDeathClaw [CREA:0001CF9A],0,13,0,8,false,false,include_nonverbal,Reachable official non-verbal creature mapped to a reviewed archetype.,deathclaw
FalloutNV.esm|0014F42D,FalloutNV.esm,0014F42D,0014F42D,FalloutNV.esm,VCrTier3DeathClawSmall,Young Deathclaw,,,unknown,Creatures\DeathClaw\Skeleton.nif,VoiceDoNotRecordF [VTYP:00094EED],CrDeathClawBaby [CREA:000E5850],0,13,0,5,false,false,include_nonverbal,Reachable official non-verbal creature mapped to a reviewed archetype.,young_deathclaw
FalloutNV.esm|0014F42E,FalloutNV.esm,0014F42E,0014F42E,FalloutNV.esm,VCrTier1RadroachMed,Radroach,,,unknown,Creatures\Radroach\skeleton.nif,VoiceDoNotRecordF [VTYP:00094EED],CrRadroach [CREA:0001CF7C],0,13,0,5,false,false,include_nonverbal,Reachable official non-verbal creature mapped to a reviewed archetype.,radroach
FalloutNV.esm|0014F42F,FalloutNV.esm,0014F42F,0014F42F,FalloutNV.esm,VCrTier3CentaurEvolvedMed,Evolved Centaur,,,unknown,creatures\centaur\skeletonEvolved.nif,VoiceDoNotRecordF [VTYP:00094EED],CrCentaurEvolved [CREA:000E5853],0,13,0,5,false,false,include_nonverbal,Reachable official non-verbal creature mapped to a reviewed archetype.,evolved_centaur
FalloutNV.esm|0014F430,FalloutNV.esm,0014F430,0014F430,TaleOfTwoWastelands.esm,VCrTier1AntWorkerMed,Giant Worker Ant,,,unknown,Creatures\GiantAnt\skeleton.nif,VoiceDoNotRecordF [VTYP:00094EED],CrAnt1Worker [CREA:0001CF81],0,13,0,4,false,false,include_nonverbal,Reachable official non-verbal creature mapped to a reviewed archetype.,giant_worker_ant
FalloutNV.esm|0014F431,FalloutNV.esm,0014F431,0014F431,FalloutNV.esm,VCrTier2BigHornerMed,Bighorner,,,unknown,creatures\NVBigHorner\skeleton.nif,VoiceDoNotRecordF [VTYP:00094EED],NVCrBigHorner [CREA:00108020],0,13,0,4,false,false,include_nonverbal,Reachable official non-verbal creature mapped to a reviewed archetype.,bighorner
FalloutNV.esm|0014F44B,FalloutNV.esm,0014F44B,0014F44B,YUPTTW.esm,NVCrLakelurk,Lakelurk,,,unknown,Creatures\MirelurkKing\Skeleton.nif,VoiceDoNotRecordF [VTYP:00094EED],,0,0,0,5,false,false,include_nonverbal,Reachable official non-verbal creature mapped to a reviewed archetype.,mirelurk
FalloutNV.esm|0014F44C,FalloutNV.esm,0014F44C,0014F44C,YUPTTW.esm,NVCrLakelurkKing,Alpha Male Lakelurk,,,unknown,Creatures\MirelurkKing\Skeleton.nif,VoiceDoNotRecordF [VTYP:00094EED],,0,0,0,1,false,false,include_nonverbal,Reachable official non-verbal creature mapped to a reviewed archetype.,mirelurk_king
FalloutNV.esm|0014F44D,FalloutNV.esm,0014F44D,0014F44D,FalloutNV.esm,VCrTier3LakelurkMed,Lakelurk,,,unknown,Creatures\MirelurkKing\Skeleton.nif,VoiceDoNotRecordF [VTYP:00094EED],NVCrLakelurk [CREA:0014F44B],0,13,0,5,false,false,include_nonverbal,Reachable official non-verbal creature mapped to a reviewed archetype.,mirelurk
FalloutNV.esm|0014F44E,FalloutNV.esm,0014F44E,0014F44E,YUPTTW.esm,CrDogLarge,Large Dog,,,unknown,Creatures\Dog\Skeleton.nif,VoiceDoNotRecordF [VTYP:00094EED],,0,0,0,10,false,false,include_nonverbal,Reachable official non-verbal creature mapped to a reviewed archetype.,dog
FalloutNV.esm|0014F44F,FalloutNV.esm,0014F44F,0014F44F,YUPTTW.esm,VCrTier1DogLarge,Large Dog,,,unknown,Creatures\Dog\Skeleton.nif,VoiceDoNotRecordF [VTYP:00094EED],CrDogLarge [CREA:0014F44E],0,13,0,4,false,false,include_nonverbal,Reachable official non-verbal creature mapped to a reviewed archetype.,dog
FalloutNV.esm|0014F475,FalloutNV.esm,0014F475,0014F475,FalloutNV.esm,VCrTier1BarkScorpionMed,Bark Scorpion,,,unknown,Creatures\Radscorpion\Skeleton.nif,VoiceDoNotRecordF [VTYP:00094EED],CrBarkScorpion [CREA:000EB401],0,13,0,4,false,false,include_nonverbal,Reachable official non-verbal creature mapped to a reviewed archetype.,bark_scorpion
FalloutNV.esm|0014F476,FalloutNV.esm,0014F476,0014F476,TaleOfTwoWastelands.esm,VCrTier2NightStalkerSmall,Young Nightstalker,,,unknown,creatures\NightStalker\Skeleton.nif,VoiceDoNotRecordF [VTYP:00094EED],,0,13,0,17,false,false,include_nonverbal,Reachable official non-verbal creature mapped to a reviewed archetype.,young_nightstalker
FalloutNV.esm|0014F477,FalloutNV.esm,0014F477,0014F477,TaleOfTwoWastelands.esm,VCrTier3FireGeckoSmall,Young Fire Gecko,,,unknown,creatures\NVGecko\skeleton.nif,VoiceDoNotRecordF [VTYP:00094EED],NVCrFireGecko [CREA:00113246],0,14,0,4,false,false,include_nonverbal,Reachable official non-verbal creature mapped to a reviewed archetype.,young_fire_gecko
FalloutNV.esm|0014F478,FalloutNV.esm,0014F478,0014F478,FalloutNV.esm,VCrTier3CazadorSmall,Young Cazador,,,unknown,creatures\NVCazadores\Skeleton.nif,VoiceDoNotRecordF [VTYP:00094EED],NVCrCazador [CREA:000E584D],0,13,0,6,false,false,include_nonverbal,Reachable official non-verbal creature mapped to a reviewed archetype.,young_cazador
FalloutNV.esm|0014F479,FalloutNV.esm,0014F479,0014F479,TaleOfTwoWastelands.esm,VCrTier2GoldenGeckoSmall,Young Golden Gecko,,,unknown,creatures\NVGecko\skeleton.nif,VoiceDoNotRecordF [VTYP:00094EED],NVCrGoldenGecko [CREA:00118D61],0,15,0,5,false,false,include_nonverbal,Reachable official non-verbal creature mapped to a reviewed archetype.,young_golden_gecko
FalloutNV.esm|0014F47A,FalloutNV.esm,0014F47A,0014F47A,FalloutNV.esm,VCrTier3FireAntSoldierMed,Fire Ant Soldier,,,unknown,Creatures\GiantAnt\skeleton.nif,VoiceDoNotRecordF [VTYP:00094EED],,0,13,0,4,false,false,include_nonverbal,Reachable official non-verbal creature mapped to a reviewed archetype.,fire_ant_soldier
FalloutNV.esm|0014F47B,FalloutNV.esm,0014F47B,0014F47B,FalloutNV.esm,VCrTier2AntSoldierMed,Giant Soldier Ant,,,unknown,Creatures\GiantAnt\skeleton.nif,VoiceDoNotRecordF [VTYP:00094EED],CrAnt2Soldier [CREA:0001CF80],0,13,0,4,false,false,include_nonverbal,Reachable official non-verbal creature mapped to a reviewed archetype.,giant_soldier_ant
FalloutNV.esm|0014F47C,FalloutNV.esm,0014F47C,0014F47C,TaleOfTwoWastelands.esm,VCrTier1GeckoSmall,Young Gecko,,,unknown,creatures\NVGecko\skeleton.nif,VoiceDoNotRecordF [VTYP:00094EED],NVCrGecko [CREA:0010CD73],0,13,0,4,false,false,include_nonverbal,Reachable official non-verbal creature mapped to a reviewed archetype.,young_gecko
FalloutNV.esm|0014F47D,FalloutNV.esm,0014F47D,0014F47D,TaleOfTwoWastelands.esm,VCrTier1GiantMantisSmall,Giant Mantis Nymph,,,unknown,creatures\NVMantis\Skeleton.NIF,,NVCrGiantMantis [CREA:000EF412],0,13,0,4,false,false,include_nonverbal,Reachable official non-verbal creature mapped to a reviewed archetype.,giant_mantis_nymph
FalloutNV.esm|0014F47E,FalloutNV.esm,0014F47E,0014F47E,TaleOfTwoWastelands.esm,VCrTier1BigHornerSmall,Bighorner Calf,,,unknown,creatures\NVBigHorner\skeleton.nif,VoiceDoNotRecordF [VTYP:00094EED],NVCrBigHorner [CREA:00108020],0,13,0,8,false,false,include_nonverbal,Reachable official non-verbal creature mapped to a reviewed archetype.,bighorner_calf
FalloutNV.esm|0014F47F,FalloutNV.esm,0014F47F,0014F47F,TaleOfTwoWastelands.esm,VCrTier1CoyoteSmall,Coyote Pup,,,unknown,Creatures\Dog\Skeleton.nif,VoiceDoNotRecordF [VTYP:00094EED],CrCoyote [CREA:000E584E],0,13,0,4,false,false,include_nonverbal,Reachable official non-verbal creature mapped to a reviewed archetype.,coyote_pup
FalloutNV.esm|0014F480,FalloutNV.esm,0014F480,0014F480,YUPTTW.esm,VCrTier1GiantRatSmall,Giant Rat Pup,,,unknown,creatures\NVgiantrat\skeleton.nif,VoiceDoNotRecordF [VTYP:00094EED],NVCrGiantRat [CREA:000E8E95],0,13,0,4,false,false,include_nonverbal,Reachable official non-verbal creature mapped to a reviewed archetype.,giant_rat_pup
FalloutNV.esm|0014F481,FalloutNV.esm,0014F481,0014F481,TaleOfTwoWastelands.esm,VCrTier1MoleRatSmall,Mole Rat Pup,,,unknown,Creatures\MoleRat\skeleton.nif,VoiceDoNotRecordF [VTYP:00094EED],CrMoleRat [CREA:0001CF9F],0,13,0,4,false,false,include_nonverbal,Reachable official non-verbal creature mapped to a reviewed archetype.,mole_rat_pup
FalloutNV.esm|0014F482,FalloutNV.esm,0014F482,0014F482,FalloutNV.esm,VCrTier1RadscorpionSmall,Small Radscorpion,,,unknown,Creatures\Radscorpion\Skeleton.nif,VoiceDoNotRecordF [VTYP:00094EED],CrRadscorpion1Small [CREA:0001CF9D],0,13,0,4,false,false,include_nonverbal,Reachable official non-verbal creature mapped to a reviewed archetype.,small_radscorpion
FalloutNV.esm|00151827,FalloutNV.esm,00151827,00151827,YUPTTW.esm,VStripSS1SecuritronA,Securitron Mk I,,,unknown,creatures\NVSecuritron\Skeleton.nif,RobotVictor [VTYP:0010512E],VSecuritronMk1TEMPLATE [CREA:00158646],0,0,0,2,false,false,exclude_not_actor,Robot or automated turret reserved for the robot pass.,
FalloutNV.esm|00151828,FalloutNV.esm,00151828,00151828,YUPTTW.esm,VStripSS1SecuritronB,Securitron Mk I,,,unknown,creatures\NVSecuritron\Skeleton.nif,RobotVictor [VTYP:0010512E],VSecuritronMk1TEMPLATE [CREA:00158646],0,0,0,2,false,false,exclude_not_actor,Robot or automated turret reserved for the robot pass.,
FalloutNV.esm|001523FE,FalloutNV.esm,001523FE,001523FE,TaleOfTwoWastelands.esm,AudioTemplateFeralGlowingOne,AudioTemplateFeralGlowingOne,,,unknown,,VoiceDoNotRecordF [VTYP:00094EED],,0,0,0,19,false,false,exclude_unused,"Template, corpse, test, cut, or non-reachable archetype record without a distinct new roleplay profile.",
FalloutNV.esm|001532FE,FalloutNV.esm,001532FE,001532FE,TaleOfTwoWastelands.esm,CrRadscorpionQueen,Radscorpion Queen,,,unknown,Creatures\Radscorpion\Skeleton.nif,VoiceDoNotRecordF [VTYP:00094EED],,0,0,0,1,false,false,include_nonverbal,Reachable official non-verbal creature mapped to a reviewed archetype.,radscorpion_queen
FalloutNV.esm|001532FF,FalloutNV.esm,001532FF,001532FF,FalloutNV.esm,VCrUniqueTier4NightStalkerDenMother,Den Mother,,,unknown,creatures\NightStalker\Skeleton.nif,VoiceDoNotRecordF [VTYP:00094EED],NVCrNightStalker [CREA:00119E50],0,0,0,2,false,false,exclude_unused,"Template, corpse, test, cut, or non-reachable archetype record without a distinct new roleplay profile.",
FalloutNV.esm|001543C5,FalloutNV.esm,001543C5,001543C5,YUPTTW.esm,CrimsonCaravanTraderBrahminMisc,Brahmin,,,unknown,Creatures\Brahmin\Skeleton.nif,VoiceDoNotRecordF [VTYP:00094EED],CrBrahmin [CREA:0001CFA2],0,2,0,3,false,false,include_nonverbal,Reachable official non-verbal creature mapped to a reviewed archetype.,brahmin
FalloutNV.esm|001543DC,FalloutNV.esm,001543DC,001543DC,FalloutNV.esm,CrimsonCaravanTraderBrahminWater,Brahmin,,,unknown,Creatures\Brahmin\Skeleton.nif,VoiceDoNotRecordF [VTYP:00094EED],CrimsonCaravanTraderBrahminMisc [CREA:001543C5],0,2,0,1,false,false,include_nonverbal,Reachable official non-verbal creature mapped to a reviewed archetype.,brahmin
FalloutNV.esm|001543DD,FalloutNV.esm,001543DD,001543DD,FalloutNV.esm,CrimsonCaravanTraderBrahminFood,Brahmin,,,unknown,Creatures\Brahmin\Skeleton.nif,VoiceDoNotRecordF [VTYP:00094EED],CrimsonCaravanTraderBrahminMisc [CREA:001543C5],0,2,0,1,false,false,include_nonverbal,Reachable official non-verbal creature mapped to a reviewed archetype.,brahmin
FalloutNV.esm|00154448,FalloutNV.esm,00154448,00154448,YUPTTW.esm,VStreetSecuritronVault21,Securitron Mk I,,,unknown,creatures\NVSecuritron\Skeleton.nif,RobotVictor [VTYP:0010512E],VSecuritronMk1TEMPLATE [CREA:00158646],0,0,6,8,false,false,exclude_not_actor,Robot or automated turret reserved for the robot pass.,
FalloutNV.esm|00154454,FalloutNV.esm,00154454,00154454,TaleOfTwoWastelands.esm,VCrUniqueTier2GiantRat,Unnaturally Large Sized Rodent,,,unknown,creatures\NVgiantrat\skeleton.nif,VoiceDoNotRecordF [VTYP:00094EED],NVCrGiantRat [CREA:000E8E95],0,0,0,2,false,false,include_nonverbal,Reachable official non-verbal creature mapped to a reviewed archetype.,giant_rat
FalloutNV.esm|001544B6,FalloutNV.esm,001544B6,001544B6,FalloutNV.esm,CrFarmBrahmin,Malnourished Brahmin,,,unknown,Creatures\Brahmin\Skeleton.nif,VoiceDoNotRecordF [VTYP:00094EED],,0,0,0,9,false,false,exclude_unused,"Template, corpse, test, cut, or non-reachable archetype record without a distinct new roleplay profile.",
FalloutNV.esm|001544B7,FalloutNV.esm,001544B7,001544B7,TaleOfTwoWastelands.esm,VCrFarmBigHornerSmall,Malnourished Bighorner Calf,,,unknown,creatures\NVBigHorner\skeleton.nif,VoiceDoNotRecordF [VTYP:00094EED],VCrTier1BigHornerSmall [CREA:0014F47E],0,0,0,7,false,false,exclude_unused,"Template, corpse, test, cut, or non-reachable archetype record without a distinct new roleplay profile.",
FalloutNV.esm|001544B8,FalloutNV.esm,001544B8,001544B8,YUPTTW.esm,VCrFarmBigHorner,Malnourished Bighorner,,,unknown,creatures\NVBigHorner\skeleton.nif,VoiceDoNotRecordF [VTYP:00094EED],NVCrBigHorner [CREA:00108020],0,0,0,9,false,false,exclude_unused,"Template, corpse, test, cut, or non-reachable archetype record without a distinct new roleplay profile.",
FalloutNV.esm|001544B9,FalloutNV.esm,001544B9,001544B9,FalloutNV.esm,CrFarmBrahminSmall,Malnourished Brahmin Calf,,,unknown,Creatures\Brahmin\Skeleton.nif,VoiceDoNotRecordF [VTYP:00094EED],,0,0,0,8,false,false,exclude_unused,"Template, corpse, test, cut, or non-reachable archetype record without a distinct new roleplay profile.",
FalloutNV.esm|00154A6F,FalloutNV.esm,00154A6F,00154A6F,FalloutNV.esm,VCrTier1CoyoteDenMother,Coyote Den Mother,,,unknown,Creatures\Dog\Skeleton.nif,VoiceDoNotRecordF [VTYP:00094EED],CrCoyote [CREA:000E584E],0,7,0,2,false,false,include_nonverbal,Reachable official non-verbal creature mapped to a reviewed archetype.,coyote_den_mother
FalloutNV.esm|001554DA,FalloutNV.esm,001554DA,001554DA,TaleOfTwoWastelands.esm,VHDSecuritronEscort,Securitron Mk II,,,unknown,creatures\NVSecuritron\Skeleton.nif,RobotVictor [VTYP:0010512E],VHDSecuritronBattleMk2 [CREA:00158644],0,0,2,4,false,false,exclude_not_actor,Robot or automated turret reserved for the robot pass.,
FalloutNV.esm|001554EC,FalloutNV.esm,001554EC,001554EC,FalloutNV.esm,VHDYesMan,Yes Man,,,unknown,creatures\NVSecuritron\Skeleton.nif,RobotYesMan [VTYP:0014F3F3],VMQTopsYesMan [CREA:001164F9],0,0,14,20,false,false,exclude_not_actor,Robot or automated turret reserved for the robot pass.,
FalloutNV.esm|00155DC0,FalloutNV.esm,00155DC0,00155DC0,FalloutNV.esm,VLegateCampSecuritron,Securitron Mk II,,,unknown,creatures\NVSecuritron\Skeleton.nif,RobotVictor [VTYP:0010512E],VSecuritronMk2TEMPLATE [CREA:00158647],0,0,6,14,false,false,exclude_not_actor,Robot or automated turret reserved for the robot pass.,
FalloutNV.esm|00155E09,FalloutNV.esm,00155E09,00155E09,TaleOfTwoWastelands.esm,VCrTier2MoleRatLarge,Mole Rat,,,unknown,Creatures\MoleRat\skeleton.nif,VoiceDoNotRecordF [VTYP:00094EED],CrMoleRat [CREA:0001CF9F],0,13,0,4,false,false,include_nonverbal,Reachable official non-verbal creature mapped to a reviewed archetype.,mole_rat
FalloutNV.esm|001560A2,FalloutNV.esm,001560A2,001560A2,FalloutNV.esm,VHDSecuritronEndEscort,Securitron Mk I,,,unknown,creatures\NVSecuritron\Skeleton.nif,RobotVictor [VTYP:0010512E],VSecuritronMk1TEMPLATE [CREA:00158646],0,0,3,5,false,false,exclude_not_actor,Robot or automated turret reserved for the robot pass.,
FalloutNV.esm|00156764,FalloutNV.esm,00156764,00156764,FalloutNV.esm,VSpawnTier1BloatFlyMed,,,,unknown,,,VEncTier1BloatFlyMed [LVLC:001567B0],0,0,0,12,false,false,exclude_not_actor,Ambient/scenery actor or record without a usable identity.,
FalloutNV.esm|00156765,FalloutNV.esm,00156765,00156765,FalloutNV.esm,VSpawnTier1CoyoteDenMother,,,,unknown,,,VEncTier1CoyoteDenMother [LVLC:001567B3],0,0,0,2,false,false,exclude_not_actor,Ambient/scenery actor or record without a usable identity.,
FalloutNV.esm|00156766,FalloutNV.esm,00156766,00156766,FalloutNV.esm,VSpawnTier1CoyoteMed,,,,unknown,,,VEncTier1CoyoteMed [LVLC:001567B1],0,0,0,17,false,false,exclude_not_actor,Ambient/scenery actor or record without a usable identity.,
FalloutNV.esm|00156767,FalloutNV.esm,00156767,00156767,FalloutNV.esm,VSpawnTier1CoyoteSmall,,,,unknown,,,VEncTier1CoyoteSmall [LVLC:001567B2],0,0,0,7,false,false,exclude_not_actor,Ambient/scenery actor or record without a usable identity.,
FalloutNV.esm|0015676A,FalloutNV.esm,0015676A,0015676A,FalloutNV.esm,VSpawnTier1GeckoSmall,,,,unknown,,,VEncTier1GeckoSmall [LVLC:001567B6],0,0,0,5,false,false,exclude_not_actor,Ambient/scenery actor or record without a usable identity.,
FalloutNV.esm|0015676C,FalloutNV.esm,0015676C,0015676C,FalloutNV.esm,VSpawnTier1GiantRatMed,,,,unknown,,,VEncTier1GiantRatMed [LVLC:001567A7],0,0,0,5,false,false,exclude_not_actor,Ambient/scenery actor or record without a usable identity.,
FalloutNV.esm|0015676D,FalloutNV.esm,0015676D,0015676D,FalloutNV.esm,VSpawnTier1GiantRatSmall,,,,unknown,,,VEncTier1GiantRatSmall [LVLC:0015678F],0,0,0,7,false,false,exclude_not_actor,Ambient/scenery actor or record without a usable identity.,
FalloutNV.esm|0015676E,FalloutNV.esm,0015676E,0015676E,FalloutNV.esm,VSpawnTier1MoleRatMed,,,,unknown,,,VEncTier1MoleRatMed [LVLC:00156790],0,0,0,1,false,false,exclude_not_actor,Ambient/scenery actor or record without a usable identity.,
FalloutNV.esm|00156770,FalloutNV.esm,00156770,00156770,FalloutNV.esm,VSpawnTier1RadroachMed,,,,unknown,,,VEncTier1RadroachMed [LVLC:00156792],0,0,0,2,false,false,exclude_not_actor,Ambient/scenery actor or record without a usable identity.,
FalloutNV.esm|00156771,FalloutNV.esm,00156771,00156771,FalloutNV.esm,VSpawnTier1RadscorpionSmall,,,,unknown,,,VEncTier1RadscorpionSmall [LVLC:00156793],0,0,0,9,false,false,exclude_not_actor,Ambient/scenery actor or record without a usable identity.,
FalloutNV.esm|00156772,FalloutNV.esm,00156772,00156772,FalloutNV.esm,VSpawnTier2AntSoldierMed,,,,unknown,,,VEncTier2AntSoldierMed [LVLC:00156794],0,0,0,5,false,false,exclude_not_actor,Ambient/scenery actor or record without a usable identity.,
FalloutNV.esm|00156773,FalloutNV.esm,00156773,00156773,FalloutNV.esm,VSpawnTier2BigHornerMed,,,,unknown,,,VEncTier2BigHornerMed [LVLC:00156795],0,0,0,3,false,false,exclude_not_actor,Ambient/scenery actor or record without a usable identity.,
FalloutNV.esm|00156774,FalloutNV.esm,00156774,00156774,FalloutNV.esm,VSpawnTier2CentaurMed,,,,unknown,,,VEncTier2CentaurMed [LVLC:00156796],0,0,0,3,false,false,exclude_not_actor,Ambient/scenery actor or record without a usable identity.,
FalloutNV.esm|00156775,FalloutNV.esm,00156775,00156775,FalloutNV.esm,VSpawnTier2DogViciousMed,,,,unknown,,,VEncTier2DogViciousMed [LVLC:00156797],0,0,0,2,false,false,exclude_not_actor,Ambient/scenery actor or record without a usable identity.,
FalloutNV.esm|00156777,FalloutNV.esm,00156777,00156777,FalloutNV.esm,VSpawnTier2GeckoMed,,,,unknown,,,VEncTier2GeckoMed [LVLC:0015679A],0,0,0,5,false,false,exclude_not_actor,Ambient/scenery actor or record without a usable identity.,
FalloutNV.esm|00156778,FalloutNV.esm,00156778,00156778,FalloutNV.esm,VSpawnTier2GiantMantisMed,,,,unknown,,,VEncTier2GiantMantisMed [LVLC:001567AC],0,0,0,11,false,false,exclude_not_actor,Ambient/scenery actor or record without a usable identity.,
FalloutNV.esm|00156779,FalloutNV.esm,00156779,00156779,FalloutNV.esm,VSpawnTier2GoldenGeckoSmall,,,,unknown,,,VEncTier2GoldenGeckoSmall [LVLC:0015679B],0,0,0,1,false,false,exclude_not_actor,Ambient/scenery actor or record without a usable identity.,
FalloutNV.esm|0015677A,FalloutNV.esm,0015677A,0015677A,FalloutNV.esm,VSpawnTier2MoleRatLarge,,,,unknown,,,VEncTier2MoleRatLarge [LVLC:0015679C],0,0,0,3,false,false,exclude_not_actor,Ambient/scenery actor or record without a usable identity.,
FalloutNV.esm|0015677B,FalloutNV.esm,0015677B,0015677B,FalloutNV.esm,VSpawnTier2NightStalkerSmall,,,,unknown,,,VEncTier2NightStalkerSmall [LVLC:001567A3],0,0,0,8,false,false,exclude_not_actor,Ambient/scenery actor or record without a usable identity.,
FalloutNV.esm|0015677C,FalloutNV.esm,0015677C,0015677C,FalloutNV.esm,VSpawnTier2RadscorpionMed,,,,unknown,,,VEncTier2RadscorpionMed [LVLC:001567AA],0,0,0,7,false,false,exclude_not_actor,Ambient/scenery actor or record without a usable identity.,
FalloutNV.esm|0015677D,FalloutNV.esm,0015677D,0015677D,FalloutNV.esm,VSpawnTier3CazadorSmall,,,,unknown,,,VEncTier3CazadorSmall [LVLC:0015679D],0,0,0,40,false,false,exclude_not_actor,Ambient/scenery actor or record without a usable identity.,
FalloutNV.esm|0015677E,FalloutNV.esm,0015677E,0015677E,FalloutNV.esm,VSpawnTier3CentaursEvolvedMed,,,,unknown,,,VEncTier3CentaurEvolvedMed [LVLC:001567A8],0,0,0,3,false,false,exclude_not_actor,Ambient/scenery actor or record without a usable identity.,
FalloutNV.esm|0015677F,FalloutNV.esm,0015677F,0015677F,FalloutNV.esm,VSpawnTier3DeathclawSmall,,,,unknown,,,VEncTier3DeathclawSmall [LVLC:0015679E],0,0,0,5,false,false,exclude_not_actor,Ambient/scenery actor or record without a usable identity.,
FalloutNV.esm|00156780,FalloutNV.esm,00156780,00156780,FalloutNV.esm,VSpawnTier3FireAntSoldierMed,,,,unknown,,,VEncTier3FireAntSoldierMed [LVLC:0015679F],0,0,0,2,false,false,exclude_not_actor,Ambient/scenery actor or record without a usable identity.,
FalloutNV.esm|00156781,FalloutNV.esm,00156781,00156781,FalloutNV.esm,VSpawnTier3FireGeckoSmall,,,,unknown,,,VEncTier3FireGeckoSmall [LVLC:00156799],0,0,0,1,false,false,exclude_not_actor,Ambient/scenery actor or record without a usable identity.,
FalloutNV.esm|00156782,FalloutNV.esm,00156782,00156782,FalloutNV.esm,VSpawnTier3GiantRadscorpionMed,,,,unknown,,,VEncTier3GiantRadscorpionMed [LVLC:001567A0],0,0,0,17,false,false,exclude_not_actor,Ambient/scenery actor or record without a usable identity.,
FalloutNV.esm|00156783,FalloutNV.esm,00156783,00156783,FalloutNV.esm,VSpawnTier3GoldenGeckoMed,,,,unknown,,,VEncTier3GoldenGeckoMed [LVLC:001567A1],0,0,0,11,false,false,exclude_not_actor,Ambient/scenery actor or record without a usable identity.,
FalloutNV.esm|00156784,FalloutNV.esm,00156784,00156784,FalloutNV.esm,VSpawnTier3LakelurkMed,,,,unknown,,,VEncTier3LakelurkMed [LVLC:001567A2],0,0,0,19,false,false,exclude_not_actor,Ambient/scenery actor or record without a usable identity.,
FalloutNV.esm|00156785,FalloutNV.esm,00156785,00156785,FalloutNV.esm,VSpawnTier4CazadorMed,,,,unknown,,,VEncTier4CazadorMed [LVLC:001567A4],0,0,0,42,false,false,exclude_not_actor,Ambient/scenery actor or record without a usable identity.,
FalloutNV.esm|00156786,FalloutNV.esm,00156786,00156786,FalloutNV.esm,VSpawnTier4DeathclawMed,,,,unknown,,,VEncTier4DeathclawMed [LVLC:001567AB],0,0,0,13,false,false,exclude_not_actor,Ambient/scenery actor or record without a usable identity.,
FalloutNV.esm|00156787,FalloutNV.esm,00156787,00156787,FalloutNV.esm,VSpawnTier4FireGeckoMed,,,,unknown,,,VEncTier4FireGeckoMed [LVLC:001567A5],0,0,0,31,false,false,exclude_not_actor,Ambient/scenery actor or record without a usable identity.,
FalloutNV.esm|00156788,FalloutNV.esm,00156788,00156788,TaleOfTwoWastelands.esm,VSpawnTier4NightStalkerMed,Nightstalker,,,unknown,creatures\NightStalker\Skeleton.nif,VoiceDoNotRecordF [VTYP:00094EED],VCrTier4NightStalkerMed [CREA:0014F402],0,0,0,6,false,false,include_nonverbal,Reachable official non-verbal creature mapped to a reviewed archetype.,nightstalker
FalloutNV.esm|00156789,FalloutNV.esm,00156789,00156789,FalloutNV.esm,VCrUniqueTier4CentaurEvolvedLarge,Giant Evolved Centaur,,,unknown,creatures\centaur\skeletonEvolved.nif,VoiceDoNotRecordF [VTYP:00094EED],CrCentaurEvolved [CREA:000E5853],0,0,0,2,false,false,exclude_unused,"Template, corpse, test, cut, or non-reachable archetype record without a distinct new roleplay profile.",
FalloutNV.esm|0015678B,FalloutNV.esm,0015678B,0015678B,TaleOfTwoWastelands.esm,VCrUniqueTier2NightStalkerSmallER01,Young Nightstalker,,,unknown,creatures\NightStalker\Skeleton.nif,VoiceDoNotRecordF [VTYP:00094EED],,0,0,0,1,false,false,include_nonverbal,Reachable official non-verbal creature mapped to a reviewed archetype.,young_nightstalker
FalloutNV.esm|0015678C,FalloutNV.esm,0015678C,0015678C,TaleOfTwoWastelands.esm,DeadMoleRatSmall,Mole Rat Pup,,,unknown,Creatures\MoleRat\skeleton.nif,VoiceDoNotRecordF [VTYP:00094EED],CrMoleRat [CREA:0001CF9F],0,0,0,2,false,false,include_nonverbal,Reachable official non-verbal creature mapped to a reviewed archetype.,mole_rat_pup
FalloutNV.esm|00156AA0,FalloutNV.esm,00156AA0,00156AA0,FalloutNV.esm,VSpawnVarTier2Valley50,,,,unknown,,,VEncVarLL1Tier2Valley50 [LVLC:00174373],0,0,0,14,false,false,exclude_not_actor,Ambient/scenery actor or record without a usable identity.,
FalloutNV.esm|0015725E,FalloutNV.esm,0015725E,0015725E,FalloutNV.esm,Lucky38VictorElevator,Victor,,,unknown,creatures\NVSecuritron\Skeleton.nif,RobotVictor [VTYP:0010512E],Victor [CREA:00103DFD],0,0,16,23,false,false,exclude_not_actor,Robot or automated turret reserved for the robot pass.,
FalloutNV.esm|001572E2,FalloutNV.esm,001572E2,001572E2,TaleOfTwoWastelands.esm,NVCompanionEdEDdisabled,ED-E,,,unknown,Creatures\Eyebot\Skeleton.nif,,,0,0,0,1,false,false,exclude_unused,"Template, corpse, test, cut, or non-reachable archetype record without a distinct new roleplay profile.",
FalloutNV.esm|00157B1F,FalloutNV.esm,00157B1F,00157B1F,FalloutNV.esm,VSpawnVarTier2Hill50,,,,unknown,,,VEncVarLL1Tier2Hill50 [LVLC:00174374],0,0,0,3,false,false,exclude_not_actor,Ambient/scenery actor or record without a usable identity.,
FalloutNV.esm|00157B22,FalloutNV.esm,00157B22,00157B22,FalloutNV.esm,VSpawnScavTier1CoyoteMed,,,,unknown,,,VEncTier1CoyoteMed [LVLC:001567B1],0,0,0,5,false,false,exclude_not_actor,Ambient/scenery actor or record without a usable identity.,
FalloutNV.esm|00157B23,FalloutNV.esm,00157B23,00157B23,YUPTTW.esm,VCrTier0Raven,Raven,,,unknown,creatures\NVRaven\Skeleton.nif,,,0,13,0,24,false,false,exclude_not_actor,Ambient/scenery actor or record without a usable identity.,
FalloutNV.esm|00157B24,FalloutNV.esm,00157B24,00157B24,FalloutNV.esm,VSpawnScavTier0Raven,,,,unknown,,,VEncTier0Raven [LVLC:00157B2A],0,0,0,4,false,false,exclude_not_actor,Ambient/scenery actor or record without a usable identity.,
FalloutNV.esm|00157B25,FalloutNV.esm,00157B25,00157B25,YUPTTW.esm,VCrILikeOblivionChancedSpawns,,,,unknown,creatures\NVVoid\skeleton.nif,,,0,481,0,154,false,false,exclude_not_actor,Ambient/scenery actor or record without a usable identity.,
FalloutNV.esm|00157B26,FalloutNV.esm,00157B26,00157B26,FalloutNV.esm,VSpawnTest,,,,unknown,,,VEncTest [LVLC:00157B29],0,0,0,10,false,false,exclude_not_actor,Ambient/scenery actor or record without a usable identity.,
FalloutNV.esm|00157B27,FalloutNV.esm,00157B27,00157B27,FalloutNV.esm,VSpawnScavTier1RadscorpionSmall,,,,unknown,,,VEncTier1RadscorpionSmall [LVLC:00156793],0,0,0,4,false,false,exclude_not_actor,Ambient/scenery actor or record without a usable identity.,
FalloutNV.esm|00157B28,FalloutNV.esm,00157B28,00157B28,FalloutNV.esm,VSpawnScavTier2RadscorpionMed,Radscorpion,,,unknown,,,VEncTier2RadscorpionMed [LVLC:001567AA],0,0,0,4,false,false,include_nonverbal,Reachable official non-verbal creature mapped to a reviewed archetype.,radscorpion
FalloutNV.esm|00157FE0,FalloutNV.esm,00157FE0,00157FE0,FalloutNV.esm,VSpawnSpecialTier2GeckoMedGSHunter,Gecko Hunter,,,unknown,,,VEncTier2GeckoMed [LVLC:0015679A],0,0,0,4,false,false,include_nonverbal,Reachable official non-verbal creature mapped to a reviewed archetype.,gecko
FalloutNV.esm|00158182,FalloutNV.esm,00158182,00158182,FalloutNV.esm,VSpawnTier1CoyoteMed50,,,,unknown,,,VEncTier1CoyoteMed50 [LVLC:00158188],0,0,0,14,false,false,exclude_not_actor,Ambient/scenery actor or record without a usable identity.,
FalloutNV.esm|00158183,FalloutNV.esm,00158183,00158183,FalloutNV.esm,VSpawnTier1CoyoteMed30,,,,unknown,,,VEncTier1CoyoteMed30 [LVLC:0015818A],0,0,0,5,false,false,exclude_not_actor,Ambient/scenery actor or record without a usable identity.,
FalloutNV.esm|00158184,FalloutNV.esm,00158184,00158184,FalloutNV.esm,VSpawnTier1CoyoteSmall50,,,,unknown,,,VEncTier1CoyoteSmall50 [LVLC:00158189],0,0,0,10,false,false,exclude_not_actor,Ambient/scenery actor or record without a usable identity.,
FalloutNV.esm|00158185,FalloutNV.esm,00158185,00158185,FalloutNV.esm,VSpawnTier1CoyoteSmall30,,,,unknown,,,VEncTier1CoyoteSmall30 [LVLC:00158186],0,0,0,1,false,false,exclude_not_actor,Ambient/scenery actor or record without a usable identity.,
FalloutNV.esm|00158643,FalloutNV.esm,00158643,00158643,FalloutNV.esm,VHDSecuritronBattleMk2East,Securitron Mk II,,,unknown,creatures\NVSecuritron\Skeleton.nif,RobotVictor [VTYP:0010512E],VHDSecuritronBattleMk2 [CREA:00158644],0,0,0,9,false,false,exclude_not_actor,Robot or automated turret reserved for the robot pass.,
FalloutNV.esm|00158644,FalloutNV.esm,00158644,00158644,TaleOfTwoWastelands.esm,VHDSecuritronBattleMk2,Securitron Mk II,,,unknown,creatures\NVSecuritron\Skeleton.nif,RobotVictor [VTYP:0010512E],VSecuritronMk2TEMPLATE [CREA:00158647],0,0,0,5,false,false,exclude_not_actor,Robot or automated turret reserved for the robot pass.,
FalloutNV.esm|00158646,FalloutNV.esm,00158646,00158646,FalloutNV.esm,VSecuritronMk1TEMPLATE,Securitron Mk I,,,unknown,creatures\NVSecuritron\Skeleton.nif,RobotVictor [VTYP:0010512E],,0,0,0,37,false,false,exclude_not_actor,Robot or automated turret reserved for the robot pass.,
FalloutNV.esm|00158647,FalloutNV.esm,00158647,00158647,TaleOfTwoWastelands.esm,VSecuritronMk2TEMPLATE,Securitron Mk II,,,unknown,creatures\NVSecuritron\Skeleton.nif,RobotVictor [VTYP:0010512E],,0,0,0,8,false,false,exclude_not_actor,Robot or automated turret reserved for the robot pass.,
FalloutNV.esm|0015864C,FalloutNV.esm,0015864C,0015864C,FalloutNV.esm,VHDSecuritronBattleMk2South,Securitron Mk II,,,unknown,creatures\NVSecuritron\Skeleton.nif,RobotVictor [VTYP:0010512E],VHDSecuritronBattleMk2 [CREA:00158644],0,0,0,1,false,false,exclude_not_actor,Robot or automated turret reserved for the robot pass.,
FalloutNV.esm|00159604,FalloutNV.esm,00159604,00159604,FalloutNV.esm,VSpawnTier1RadscorpionSmall50,,,,unknown,,,VEncTier1RadscorpionSmall50 [LVLC:00159610],0,0,0,17,false,false,exclude_not_actor,Ambient/scenery actor or record without a usable identity.,
FalloutNV.esm|00159605,FalloutNV.esm,00159605,00159605,FalloutNV.esm,VSpawnTier1RadscorpionSmall30,,,,unknown,,,VEncTier1RadscorpionSmall30 [LVLC:00159611],0,0,0,5,false,false,exclude_not_actor,Ambient/scenery actor or record without a usable identity.,
FalloutNV.esm|00159606,FalloutNV.esm,00159606,00159606,FalloutNV.esm,VSpawnTier1RadroachMed50,,,,unknown,,,VEncTier1RadroachMed50 [LVLC:0015960E],0,0,0,6,false,false,exclude_not_actor,Ambient/scenery actor or record without a usable identity.,
FalloutNV.esm|00159608,FalloutNV.esm,00159608,00159608,FalloutNV.esm,VSpawnTier2GeckoMed50,,,,unknown,,,VEncTier2GeckoMed50 [LVLC:0015960C],0,0,0,2,false,false,exclude_not_actor,Ambient/scenery actor or record without a usable identity.,
FalloutNV.esm|00159609,FalloutNV.esm,00159609,00159609,FalloutNV.esm,VSpawnTier2GeckoMed30,,,,unknown,,,VEncTier2GeckoMed30 [LVLC:0015960D],0,0,0,1,false,false,exclude_not_actor,Ambient/scenery actor or record without a usable identity.,
FalloutNV.esm|0015960A,FalloutNV.esm,0015960A,0015960A,FalloutNV.esm,VSpawnTier1GeckoSmall50,,,,unknown,,,VEncTier1GeckoSmall50 [LVLC:00159612],0,0,0,7,false,false,exclude_not_actor,Ambient/scenery actor or record without a usable identity.,
FalloutNV.esm|0015960B,FalloutNV.esm,0015960B,0015960B,FalloutNV.esm,VSpawnTier1GeckoSmall30,,,,unknown,,,VEncTier1GeckoSmall30 [LVLC:00159613],0,0,0,4,false,false,exclude_not_actor,Ambient/scenery actor or record without a usable identity.,
FalloutNV.esm|00159781,FalloutNV.esm,00159781,00159781,FalloutNV.esm,VSpawnTier1DogLarge50,,,,unknown,,,VEncTier1DogLarge50 [LVLC:001597A1],0,0,0,1,false,false,exclude_not_actor,Ambient/scenery actor or record without a usable identity.,
FalloutNV.esm|00159783,FalloutNV.esm,00159783,00159783,FalloutNV.esm,VSpawnSpecialTier1GeckoSmallGSHunter,Young Gecko Hunter,,,unknown,,,VEncTier1GeckoSmall [LVLC:001567B6],0,0,0,4,false,false,include_nonverbal,Reachable official non-verbal creature mapped to a reviewed archetype.,gecko
FalloutNV.esm|00159784,FalloutNV.esm,00159784,00159784,FalloutNV.esm,VSpawnTier1MoleRatMed50,,,,unknown,,,VEncTier1MoleRatMed50 [LVLC:00159798],0,0,0,11,false,false,exclude_not_actor,Ambient/scenery actor or record without a usable identity.,
FalloutNV.esm|00159785,FalloutNV.esm,00159785,00159785,FalloutNV.esm,VSpawnTier1MoleRatMed30,,,,unknown,,,VEncTier1MoleRatMed30 [LVLC:0015979C],0,0,0,3,false,false,exclude_not_actor,Ambient/scenery actor or record without a usable identity.,
FalloutNV.esm|00159786,FalloutNV.esm,00159786,00159786,FalloutNV.esm,VSpawnTier1MoleRatSmall30,,,,unknown,,,VEncTier1MoleRatSmall30 [LVLC:0015979D],0,0,0,5,false,false,exclude_not_actor,Ambient/scenery actor or record without a usable identity.,
FalloutNV.esm|00159787,FalloutNV.esm,00159787,00159787,FalloutNV.esm,VSpawnTier1MoleRatSmall50,,,,unknown,,,VEncTier1MoleRatSmall50 [LVLC:00159799],0,0,0,10,false,false,exclude_not_actor,Ambient/scenery actor or record without a usable identity.,
FalloutNV.esm|00159788,FalloutNV.esm,00159788,00159788,FalloutNV.esm,VSpawnTier3GiantRadscorpionMed30,,,,unknown,,,VEncTier3GiantRadscorpionMed30 [LVLC:0015979B],0,0,0,6,false,false,exclude_not_actor,Ambient/scenery actor or record without a usable identity.,
FalloutNV.esm|00159789,FalloutNV.esm,00159789,00159789,FalloutNV.esm,VSpawnTier3GiantRadscorpionMed50,,,,unknown,,,VEncTier3GiantRadscorpionMed50 [LVLC:0015979A],0,0,0,9,false,false,exclude_not_actor,Ambient/scenery actor or record without a usable identity.,
FalloutNV.esm|0015978A,FalloutNV.esm,0015978A,0015978A,FalloutNV.esm,VSpawnTier2RadscorpionMed30,,,,unknown,,,VEncTier2RadscorpionMed30 [LVLC:0015979E],0,0,0,3,false,false,exclude_not_actor,Ambient/scenery actor or record without a usable identity.,
FalloutNV.esm|0015978B,FalloutNV.esm,0015978B,0015978B,FalloutNV.esm,VSpawnTier2RadscorpionMed50,,,,unknown,,,VEncTier2RadscorpionMed50 [LVLC:001597A0],0,0,0,15,false,false,exclude_not_actor,Ambient/scenery actor or record without a usable identity.,
FalloutNV.esm|0015978C,FalloutNV.esm,0015978C,0015978C,FalloutNV.esm,VSpawnTier2MoleRatLarge30,,,,unknown,,,VEncTier2MoleRatLarge30 [LVLC:001597A3],0,0,0,2,false,false,exclude_not_actor,Ambient/scenery actor or record without a usable identity.,
FalloutNV.esm|0015978D,FalloutNV.esm,0015978D,0015978D,FalloutNV.esm,VSpawnTier2MoleRatLarge50,,,,unknown,,,VEncTier2MoleRatLarge50 [LVLC:00159795],0,0,0,4,false,false,exclude_not_actor,Ambient/scenery actor or record without a usable identity.,
FalloutNV.esm|0015978E,FalloutNV.esm,0015978E,0015978E,FalloutNV.esm,VSpawnSpecialTier1BigHornerSmallPrimmHerd,Bighorner Calf,,,unknown,,,VEncTier1BigHornerSmall [LVLC:001567AF],0,0,0,2,false,false,include_nonverbal,Reachable official non-verbal creature mapped to a reviewed archetype.,bighorner_calf
FalloutNV.esm|0015978F,FalloutNV.esm,0015978F,0015978F,FalloutNV.esm,VSpawnSpecialTier2BigHornerMedPrimmHerd,Bighorner,,,unknown,,,VEncTier2BigHornerMed [LVLC:00156795],0,0,0,3,false,false,include_nonverbal,Reachable official non-verbal creature mapped to a reviewed archetype.,bighorner
FalloutNV.esm|00159790,FalloutNV.esm,00159790,00159790,TaleOfTwoWastelands.esm,VCrTier3BigHornerLarge,Bighorner Bull,,,unknown,creatures\NVBigHorner\skeleton.nif,VoiceDoNotRecordF [VTYP:00094EED],NVCrBigHorner [CREA:00108020],0,13,0,7,false,false,include_nonverbal,Reachable official non-verbal creature mapped to a reviewed archetype.,bighorner_bull
FalloutNV.esm|00159791,FalloutNV.esm,00159791,00159791,FalloutNV.esm,VSpawnTier3BigHornerLarge,,,,unknown,,,VEncTier3BigHornerLarge [LVLC:0015979F],0,0,0,21,false,false,exclude_not_actor,Ambient/scenery actor or record without a usable identity.,
FalloutNV.esm|00159792,FalloutNV.esm,00159792,00159792,FalloutNV.esm,VSpawnSpecialTier3BigHornerLargePrimmHerd,Bighorner Bull,,,unknown,,,VEncTier3BigHornerLarge [LVLC:0015979F],0,0,0,1,false,false,include_nonverbal,Reachable official non-verbal creature mapped to a reviewed archetype.,bighorner_bull
FalloutNV.esm|00159794,FalloutNV.esm,00159794,00159794,FalloutNV.esm,VSpawnTier1DogMed30,,,,unknown,,,VEncTier1DogMed30 [LVLC:00159797],0,0,0,2,false,false,exclude_not_actor,Ambient/scenery actor or record without a usable identity.,
FalloutNV.esm|001598C8,FalloutNV.esm,001598C8,001598C8,FalloutNV.esm,VSpawnTier2GoldenGeckoSmall30,,,,unknown,,,VEncTier2GoldenGeckoSmall30 [LVLC:001598D1],0,0,0,1,false,false,exclude_not_actor,Ambient/scenery actor or record without a usable identity.,
FalloutNV.esm|001598C9,FalloutNV.esm,001598C9,001598C9,FalloutNV.esm,VSpawnTier2GoldenGeckoSmall50,,,,unknown,,,VEncTier2GoldenGeckoSmall50 [LVLC:001598D0],0,0,0,12,false,false,exclude_not_actor,Ambient/scenery actor or record without a usable identity.,
FalloutNV.esm|001598CA,FalloutNV.esm,001598CA,001598CA,FalloutNV.esm,VSpawnTier2GoldenGeckoSmall75,,,,unknown,,,VEncTier2GoldenGeckoSmall75 [LVLC:001598D2],0,0,0,6,false,false,exclude_not_actor,Ambient/scenery actor or record without a usable identity.,
FalloutNV.esm|001598CB,FalloutNV.esm,001598CB,001598CB,FalloutNV.esm,VSpawnTier3GoldenGeckoMed30,,,,unknown,,,VEncTier3GoldenGeckoMed30 [LVLC:001598CE],0,0,0,3,false,false,exclude_not_actor,Ambient/scenery actor or record without a usable identity.,
FalloutNV.esm|001598CC,FalloutNV.esm,001598CC,001598CC,FalloutNV.esm,VSpawnTier3GoldenGeckoMed50,,,,unknown,,,VEncTier3GoldenGeckoMed50 [LVLC:001598D3],0,0,0,8,false,false,exclude_not_actor,Ambient/scenery actor or record without a usable identity.,
FalloutNV.esm|001598CD,FalloutNV.esm,001598CD,001598CD,FalloutNV.esm,VSpawnTier3GoldenGeckoMed75,,,,unknown,,,VEncTier3GoldenGeckoMed75 [LVLC:001598CF],0,0,0,8,false,false,exclude_not_actor,Ambient/scenery actor or record without a usable identity.,
FalloutNV.esm|001598F4,FalloutNV.esm,001598F4,001598F4,TaleOfTwoWastelands.esm,AudioTemplateBarkScorpion,AudioTemplateBarkScorpion,,,unknown,,VoiceDoNotRecordF [VTYP:00094EED],,0,0,0,109,false,false,exclude_unused,"Template, corpse, test, cut, or non-reachable archetype record without a distinct new roleplay profile.",
FalloutNV.esm|00159B21,FalloutNV.esm,00159B21,00159B21,YUPTTW.esm,VHDSecuritronHouse,Mr. House,,,unknown,creatures\NVSecuritron\Skeleton.nif,RobotVictor [VTYP:0010512E],VSecuritronMk2TEMPLATE [CREA:00158647],0,0,21,25,false,false,exclude_not_actor,Robot or automated turret reserved for the robot pass.,
FalloutNV.esm|0015A0BE,FalloutNV.esm,0015A0BE,0015A0BE,FalloutNV.esm,VSpawnTier2RadscorpionMed75,,,,unknown,,,VEncTier2RadscorpionMed75 [LVLC:0015A0C2],0,0,0,18,false,false,exclude_not_actor,Ambient/scenery actor or record without a usable identity.,
FalloutNV.esm|0015A0BF,FalloutNV.esm,0015A0BF,0015A0BF,FalloutNV.esm,VSpawnTier3GiantRadscorpionMed75,,,,unknown,,,VEncTier3GiantRadscorpionMed75 [LVLC:0015A0C1],0,0,0,7,false,false,exclude_not_actor,Ambient/scenery actor or record without a usable identity.,
FalloutNV.esm|0015A0C0,FalloutNV.esm,0015A0C0,0015A0C0,FalloutNV.esm,VSpawnTier1RadscorpionSmall75,,,,unknown,,,VEncTier1RadscorpionSmall75 [LVLC:0015A0C3],0,0,0,25,false,false,exclude_not_actor,Ambient/scenery actor or record without a usable identity.,
FalloutNV.esm|0015A88D,FalloutNV.esm,0015A88D,0015A88D,FalloutNV.esm,VSpawnTier3FireAntSoldierMed50,,,,unknown,,,VEncTier3FireAntSoldierMed50 [LVLC:0015A898],0,0,0,1,false,false,exclude_not_actor,Ambient/scenery actor or record without a usable identity.,
FalloutNV.esm|0015A88E,FalloutNV.esm,0015A88E,0015A88E,FalloutNV.esm,VSpawnTier3FireAntSoldierMed75,,,,unknown,,,VEncTier3FireAntSoldierMed75 [LVLC:0015A896],0,0,0,3,false,false,exclude_not_actor,Ambient/scenery actor or record without a usable identity.,
FalloutNV.esm|0015A88F,FalloutNV.esm,0015A88F,0015A88F,FalloutNV.esm,VSpawnTier2FireAntWorkerMed30,,,,unknown,,,VEncTier2FireAntWorkerMed30 [LVLC:0015A899],0,0,0,3,false,false,exclude_not_actor,Ambient/scenery actor or record without a usable identity.,
FalloutNV.esm|0015A890,FalloutNV.esm,0015A890,0015A890,FalloutNV.esm,VSpawnTier2FireAntWorkerMed50,,,,unknown,,,VEncTier2FireAntWorkerMed50 [LVLC:0015A897],0,0,0,1,false,false,exclude_not_actor,Ambient/scenery actor or record without a usable identity.,
FalloutNV.esm|0015A891,FalloutNV.esm,0015A891,0015A891,FalloutNV.esm,VSpawnTier2FireAntWorkerMed75,,,,unknown,,,VEncTier2FireAntWorkerMed75 [LVLC:0015A895],0,0,0,5,false,false,exclude_not_actor,Ambient/scenery actor or record without a usable identity.,
FalloutNV.esm|0015A892,FalloutNV.esm,0015A892,0015A892,YUPTTW.esm,VSpawnSpecialTier2FireAntWorkerMedElDorado,Fire Ant Worker,,,unknown,,,VEncTier2FireAntWorkerMed [LVLC:00156798],0,0,0,8,false,false,include_nonverbal,Reachable official non-verbal creature mapped to a reviewed archetype.,fire_ant_worker
FalloutNV.esm|0015A893,FalloutNV.esm,0015A893,0015A893,YUPTTW.esm,VSpawnSpecialTier3FireAntSoldierMedElDorado,Fire Ant Soldier,,,unknown,,,VEncTier3FireAntSoldierMed [LVLC:0015679F],0,0,0,1,false,false,include_nonverbal,Reachable official non-verbal creature mapped to a reviewed archetype.,fire_ant_soldier
FalloutNV.esm|0015A942,FalloutNV.esm,0015A942,0015A942,TaleOfTwoWastelands.esm,CrMoleRatDomesticated,Mole Rat,,,unknown,Creatures\MoleRat\skeleton.nif,VoiceDoNotRecordF [VTYP:00094EED],,0,0,0,4,false,false,include_nonverbal,Reachable official non-verbal creature mapped to a reviewed archetype.,mole_rat
FalloutNV.esm|0015C129,FalloutNV.esm,0015C129,0015C129,FalloutNV.esm,VSpawnTier2AntSoldierMed30,,,,unknown,,,VEncTier2AntSoldierMed30 [LVLC:0015C130],0,0,0,3,false,false,exclude_not_actor,Ambient/scenery actor or record without a usable identity.,
FalloutNV.esm|0015C12A,FalloutNV.esm,0015C12A,0015C12A,FalloutNV.esm,VSpawnTier2AntSoldierMed50,,,,unknown,,,VEncTier2AntSoldierMed50 [LVLC:0015C12F],0,0,0,2,false,false,exclude_not_actor,Ambient/scenery actor or record without a usable identity.,
FalloutNV.esm|0015C12C,FalloutNV.esm,0015C12C,0015C12C,FalloutNV.esm,VSpawnTier1AntWorkerMed30,,,,unknown,,,VEncTier1AntWorkerMed30 [LVLC:0015C133],0,0,0,9,false,false,exclude_not_actor,Ambient/scenery actor or record without a usable identity.,
FalloutNV.esm|0015C12D,FalloutNV.esm,0015C12D,0015C12D,FalloutNV.esm,VSpawnTier1AntWorkerMed50,,,,unknown,,,VEncTier1AntWorkerMed50 [LVLC:0015C132],0,0,0,12,false,false,exclude_not_actor,Ambient/scenery actor or record without a usable identity.,
FalloutNV.esm|0015C12E,FalloutNV.esm,0015C12E,0015C12E,FalloutNV.esm,VSpawnTier1AntWorkerMed75,,,,unknown,,,VEncTier1AntWorkerMed75 [LVLC:0015C134],0,0,0,1,false,false,exclude_not_actor,Ambient/scenery actor or record without a usable identity.,
FalloutNV.esm|0015C4DB,FalloutNV.esm,0015C4DB,0015C4DB,YUPTTW.esm,VES09BrahminPackA,Brahmin,,,unknown,Creatures\Brahmin\Skeleton.nif,VoiceDoNotRecordF [VTYP:00094EED],CrBrahmin [CREA:0001CFA2],0,0,0,1,false,false,include_nonverbal,Reachable official non-verbal creature mapped to a reviewed archetype.,brahmin
FalloutNV.esm|0015C642,FalloutNV.esm,0015C642,0015C642,TaleOfTwoWastelands.esm,VSpawnSpecialTier4DeathclawMedPrimmPass,Blind Deathclaw,,,unknown,Creatures\DeathClaw\Skeleton.nif,VoiceDoNotRecordF [VTYP:00094EED],VCrTier4DeathClawMed [CREA:0014F42C],0,0,0,9,false,false,include_nonverbal,Reachable official non-verbal creature mapped to a reviewed archetype.,blind_deathclaw
FalloutNV.esm|0015C643,FalloutNV.esm,0015C643,0015C643,FalloutNV.esm,VSpawnTier1BarkScorpionMed30,,,,unknown,,,VEncTier1BarkScorpionMed30 [LVLC:0015C6D0],0,0,0,27,false,false,exclude_not_actor,Ambient/scenery actor or record without a usable identity.,
FalloutNV.esm|0015C644,FalloutNV.esm,0015C644,0015C644,FalloutNV.esm,VSpawnTier1BarkScorpionMed50,,,,unknown,,,VEncTier1BarkScorpionMed50 [LVLC:0015C6CF],0,0,0,18,false,false,exclude_not_actor,Ambient/scenery actor or record without a usable identity.,
FalloutNV.esm|0015C645,FalloutNV.esm,0015C645,0015C645,FalloutNV.esm,VSpawnTier1BarkScorpionMed75,,,,unknown,,,VEncTier1BarkScorpionMed75 [LVLC:0015C6D1],0,0,0,5,false,false,exclude_not_actor,Ambient/scenery actor or record without a usable identity.,
FalloutNV.esm|0015C647,FalloutNV.esm,0015C647,0015C647,FalloutNV.esm,VSpawnTier1BigHornerSmall50,,,,unknown,,,VEncTier1BigHornerSmall50 [LVLC:0015C6CC],0,0,0,7,false,false,exclude_not_actor,Ambient/scenery actor or record without a usable identity.,
FalloutNV.esm|0015C648,FalloutNV.esm,0015C648,0015C648,FalloutNV.esm,VSpawnTier1BigHornerSmall75,,,,unknown,,,VEncTier1BigHornerSmall75 [LVLC:0015C6CD],0,0,0,14,false,false,exclude_not_actor,Ambient/scenery actor or record without a usable identity.,
FalloutNV.esm|0015C649,FalloutNV.esm,0015C649,0015C649,FalloutNV.esm,VSpawnTier1BloatFlyMed30,,,,unknown,,,VEncTier1BloatFlyMed30 [LVLC:0015C6CA],0,0,0,7,false,false,exclude_not_actor,Ambient/scenery actor or record without a usable identity.,
FalloutNV.esm|0015C64A,FalloutNV.esm,0015C64A,0015C64A,FalloutNV.esm,VSpawnTier1BloatFlyMed50,,,,unknown,,,VEncTier1BloatFlyMed50 [LVLC:0015C6C9],0,0,0,28,false,false,exclude_not_actor,Ambient/scenery actor or record without a usable identity.,
FalloutNV.esm|0015C64B,FalloutNV.esm,0015C64B,0015C64B,FalloutNV.esm,VSpawnTier1BloatFlyMed75,,,,unknown,,,VEncTier1BloatFlyMed75 [LVLC:0015C6CB],0,0,0,14,false,false,exclude_not_actor,Ambient/scenery actor or record without a usable identity.,
FalloutNV.esm|0015C64C,FalloutNV.esm,0015C64C,0015C64C,TaleOfTwoWastelands.esm,VSpawnTier2CoyoteAlpha,Coyote Pack Alpha,,,unknown,,,VEncTier1CoyoteDenMother [LVLC:001567B3],0,0,0,1,false,false,exclude_unused,"Template, corpse, test, cut, or non-reachable archetype record without a distinct new roleplay profile.",
FalloutNV.esm|0015C64D,FalloutNV.esm,0015C64D,0015C64D,LonesomeRoad.esm,VSpawnTier1CoyoteMed75,,,,unknown,,,VEncTier1CoyoteMed75 [LVLC:0015C6C8],0,0,0,7,false,false,exclude_not_actor,Ambient/scenery actor or record without a usable identity.,
FalloutNV.esm|0015C64E,FalloutNV.esm,0015C64E,0015C64E,FalloutNV.esm,VSpawnTier1CoyoteSmall75,,,,unknown,,,VEncTier1CoyoteSmall75 [LVLC:0015C6C7],0,0,0,3,false,false,exclude_not_actor,Ambient/scenery actor or record without a usable identity.,
FalloutNV.esm|0015C651,FalloutNV.esm,0015C651,0015C651,FalloutNV.esm,VSpawnTier1GeckoSmall75,,,,unknown,,,VEncTier1GeckoSmall75 [LVLC:0015C6C4],0,0,0,1,false,false,exclude_not_actor,Ambient/scenery actor or record without a usable identity.,
FalloutNV.esm|0015C653,FalloutNV.esm,0015C653,0015C653,FalloutNV.esm,VSpawnTier1GiantMantisSmall50,,,,unknown,,,VEncTier1GiantMantisSmall50 [LVLC:0015C6C1],0,0,0,8,false,false,exclude_not_actor,Ambient/scenery actor or record without a usable identity.,
FalloutNV.esm|0015C655,FalloutNV.esm,0015C655,0015C655,FalloutNV.esm,VSpawnTier1GiantRatMed30,,,,unknown,,,VEncTier1GiantRatMed30 [LVLC:0015C6D7],0,0,0,3,false,false,exclude_not_actor,Ambient/scenery actor or record without a usable identity.,
FalloutNV.esm|0015C656,FalloutNV.esm,0015C656,0015C656,FalloutNV.esm,VSpawnTier1GiantRatMed50,,,,unknown,,,VEncTier1GiantRatMed50 [LVLC:0015C6D6],0,0,0,9,false,false,exclude_not_actor,Ambient/scenery actor or record without a usable identity.,
FalloutNV.esm|0015C657,FalloutNV.esm,0015C657,0015C657,FalloutNV.esm,VSpawnTier1GiantRatMed75,,,,unknown,,,VEncTier1GiantRatMed75 [LVLC:0015C6D8],0,0,0,15,false,false,exclude_not_actor,Ambient/scenery actor or record without a usable identity.,
FalloutNV.esm|0015C659,FalloutNV.esm,0015C659,0015C659,FalloutNV.esm,VSpawnTier1GiantRatSmall50,,,,unknown,,,VEncTier1GiantRatSmall50 [LVLC:0015C6BE],0,0,0,8,false,false,exclude_not_actor,Ambient/scenery actor or record without a usable identity.,
FalloutNV.esm|0015C65A,FalloutNV.esm,0015C65A,0015C65A,FalloutNV.esm,VSpawnTier1GiantRatSmall75,,,,unknown,,,VEncTier1GiantRatSmall75 [LVLC:0015C6C0],0,0,0,3,false,false,exclude_not_actor,Ambient/scenery actor or record without a usable identity.,
FalloutNV.esm|0015C65B,FalloutNV.esm,0015C65B,0015C65B,FalloutNV.esm,VSpawnTier1MoleRatMed75,,,,unknown,,,VEncTier1MoleRatMed75 [LVLC:0015C6BD],0,0,0,4,false,false,exclude_not_actor,Ambient/scenery actor or record without a usable identity.,
FalloutNV.esm|0015C65C,FalloutNV.esm,0015C65C,0015C65C,FalloutNV.esm,VSpawnTier1MoleRatSmall75,,,,unknown,,,VEncTier1MoleRatSmall75 [LVLC:0015C6BC],0,0,0,10,false,false,exclude_not_actor,Ambient/scenery actor or record without a usable identity.,
FalloutNV.esm|0015C65F,FalloutNV.esm,0015C65F,0015C65F,FalloutNV.esm,VSpawnTier2BigHornerMed50,,,,unknown,,,VEncTier2BigHornerMed50 [LVLC:0015C6B8],0,0,0,13,false,false,exclude_not_actor,Ambient/scenery actor or record without a usable identity.,
FalloutNV.esm|0015C660,FalloutNV.esm,0015C660,0015C660,FalloutNV.esm,VSpawnTier2BigHornerMed75,,,,unknown,,,VEncTier2BigHornerMed75 [LVLC:0015C6BA],0,0,0,25,false,false,exclude_not_actor,Ambient/scenery actor or record without a usable identity.,
FalloutNV.esm|0015C661,FalloutNV.esm,0015C661,0015C661,FalloutNV.esm,VSpawnTier2CentaurMed30,,,,unknown,,,VEncTier2CentaurMed30 [LVLC:0015C6B6],0,0,0,3,false,false,exclude_not_actor,Ambient/scenery actor or record without a usable identity.,
FalloutNV.esm|0015C662,FalloutNV.esm,0015C662,0015C662,FalloutNV.esm,VSpawnTier2CentaurMed50,,,,unknown,,,VEncTier2CentaurMed50 [LVLC:0015C6B5],0,0,0,4,false,false,exclude_not_actor,Ambient/scenery actor or record without a usable identity.,
FalloutNV.esm|0015C663,FalloutNV.esm,0015C663,0015C663,FalloutNV.esm,VSpawnTier2CentaurMed75,,,,unknown,,,VEncTier2CentaurMed75 [LVLC:0015C6B7],0,0,0,3,false,false,exclude_not_actor,Ambient/scenery actor or record without a usable identity.,
FalloutNV.esm|0015C667,FalloutNV.esm,0015C667,0015C667,FalloutNV.esm,VSpawnTier2GeckoMed75,,,,unknown,,,VEncTier2GeckoMed75 [LVLC:0015C6AD],0,0,0,2,false,false,exclude_not_actor,Ambient/scenery actor or record without a usable identity.,
FalloutNV.esm|0015C669,FalloutNV.esm,0015C669,0015C669,FalloutNV.esm,VSpawnTier2GiantMantisMed50,,,,unknown,,,VEncTier2GiantMantisMed50 [LVLC:0015C6AF],0,0,0,15,false,false,exclude_not_actor,Ambient/scenery actor or record without a usable identity.,
FalloutNV.esm|0015C66A,FalloutNV.esm,0015C66A,0015C66A,FalloutNV.esm,VSpawnTier2GiantMantisMed75,,,,unknown,,,VEncTier2GiantMantisMed75 [LVLC:0015C6B0],0,0,0,7,false,false,exclude_not_actor,Ambient/scenery actor or record without a usable identity.,
FalloutNV.esm|0015C66B,FalloutNV.esm,0015C66B,0015C66B,FalloutNV.esm,VSpawnTier2MoleRatLarge75,,,,unknown,,,VEncTier2MoleRatLarge75 [LVLC:0015C6AE],0,0,0,9,false,false,exclude_not_actor,Ambient/scenery actor or record without a usable identity.,
FalloutNV.esm|0015C66D,FalloutNV.esm,0015C66D,0015C66D,FalloutNV.esm,VSpawnTier2NightStalkerSmall50,,,,unknown,,,VEncTier2NightStalkerSmall50 [LVLC:0015C6ED],0,0,0,5,false,false,exclude_not_actor,Ambient/scenery actor or record without a usable identity.,
FalloutNV.esm|0015C66E,FalloutNV.esm,0015C66E,0015C66E,FalloutNV.esm,VSpawnTier2NightStalkerSmall75,,,,unknown,,,VEncTier2NightStalkerSmall75 [LVLC:0015C69A],0,0,0,6,false,false,exclude_not_actor,Ambient/scenery actor or record without a usable identity.,
FalloutNV.esm|0015C66F,FalloutNV.esm,0015C66F,0015C66F,FalloutNV.esm,VSpawnTier3BigHornerLarge30,,,,unknown,,,VEncTier3BigHornerLarge30 [LVLC:0015C69D],0,0,0,1,false,false,exclude_not_actor,Ambient/scenery actor or record without a usable identity.,
FalloutNV.esm|0015C670,FalloutNV.esm,0015C670,0015C670,FalloutNV.esm,VSpawnTier3BigHornerLarge50,,,,unknown,,,VEncTier3BigHornerLarge50 [LVLC:0015C69B],0,0,0,12,false,false,exclude_not_actor,Ambient/scenery actor or record without a usable identity.,
FalloutNV.esm|0015C671,FalloutNV.esm,0015C671,0015C671,FalloutNV.esm,VSpawnTier3BigHornerLarge75,,,,unknown,,,VEncTier3BigHornerLarge75 [LVLC:0015C69C],0,0,0,5,false,false,exclude_not_actor,Ambient/scenery actor or record without a usable identity.,
FalloutNV.esm|0015C672,FalloutNV.esm,0015C672,0015C672,FalloutNV.esm,VSpawnTier3CazadorSmall30,,,,unknown,,,VEncTier3CazadorSmall30 [LVLC:0015C69F],0,0,0,3,false,false,exclude_not_actor,Ambient/scenery actor or record without a usable identity.,
FalloutNV.esm|0015C673,FalloutNV.esm,0015C673,0015C673,FalloutNV.esm,VSpawnTier3CazadorSmall50,,,,unknown,,,VEncTier3CazadorSmall50 [LVLC:0015C69E],0,0,0,49,false,false,exclude_not_actor,Ambient/scenery actor or record without a usable identity.,
FalloutNV.esm|0015C674,FalloutNV.esm,0015C674,0015C674,FalloutNV.esm,VSpawnTier3CazadorSmall75,,,,unknown,,,VEncTier3CazadorSmall75 [LVLC:0015C6A0],0,0,0,26,false,false,exclude_not_actor,Ambient/scenery actor or record without a usable identity.,
FalloutNV.esm|0015C676,FalloutNV.esm,0015C676,0015C676,FalloutNV.esm,VSpawnTier3CentaursEvolvedMed50,,,,unknown,,,VEncTier3CentaurEvolvedMed50 [LVLC:0015C6D9],0,0,0,2,false,false,exclude_not_actor,Ambient/scenery actor or record without a usable identity.,
FalloutNV.esm|0015C677,FalloutNV.esm,0015C677,0015C677,FalloutNV.esm,VSpawnTier3CentaursEvolvedMed75,,,,unknown,,,VEncTier3CentaurEvolvedMed75 [LVLC:0015C6DB],0,0,0,4,false,false,exclude_not_actor,Ambient/scenery actor or record without a usable identity.,
FalloutNV.esm|0015C678,FalloutNV.esm,0015C678,0015C678,FalloutNV.esm,VSpawnTier3DeathclawSmall30,,,,unknown,,,VEncTier3DeathclawSmall30 [LVLC:0015C6E8],0,0,0,5,false,false,exclude_not_actor,Ambient/scenery actor or record without a usable identity.,
FalloutNV.esm|0015C679,FalloutNV.esm,0015C679,0015C679,FalloutNV.esm,VSpawnTier3DeathclawSmall50,,,,unknown,,,VEncTier3DeathclawSmall50 [LVLC:0015C6E7],0,0,0,16,false,false,exclude_not_actor,Ambient/scenery actor or record without a usable identity.,
FalloutNV.esm|0015C67A,FalloutNV.esm,0015C67A,0015C67A,FalloutNV.esm,VSpawnTier3DeathclawSmall75,,,,unknown,,,VEncTier3DeathclawSmall75 [LVLC:0015C6E9],0,0,0,26,false,false,exclude_not_actor,Ambient/scenery actor or record without a usable identity.,
FalloutNV.esm|0015C67B,FalloutNV.esm,0015C67B,0015C67B,FalloutNV.esm,VSpawnTier3FireGeckoSmall30,,,,unknown,,,VEncTier3FireGeckoSmall30 [LVLC:0015C6EB],0,0,0,2,false,false,exclude_not_actor,Ambient/scenery actor or record without a usable identity.,
FalloutNV.esm|0015C67C,FalloutNV.esm,0015C67C,0015C67C,FalloutNV.esm,VSpawnTier3FireGeckoSmall50,,,,unknown,,,VEncTier3FireGeckoSmall50 [LVLC:0015C6EA],0,0,0,32,false,false,exclude_not_actor,Ambient/scenery actor or record without a usable identity.,
FalloutNV.esm|0015C67D,FalloutNV.esm,0015C67D,0015C67D,FalloutNV.esm,VSpawnTier3FireGeckoSmall75,,,,unknown,,,VEncTier3FireGeckoSmall75 [LVLC:0015C6EC],0,0,0,21,false,false,exclude_not_actor,Ambient/scenery actor or record without a usable identity.,
FalloutNV.esm|0015C67F,FalloutNV.esm,0015C67F,0015C67F,FalloutNV.esm,VSpawnTier3LakelurkMed50,,,,unknown,,,VEncTier3LakelurkMed50 [LVLC:0015C6A1],0,0,0,35,false,false,exclude_not_actor,Ambient/scenery actor or record without a usable identity.,
FalloutNV.esm|0015C680,FalloutNV.esm,0015C680,0015C680,FalloutNV.esm,VSpawnTier3LakelurkMed75,,,,unknown,,,VEncTier3LakelurkMed75 [LVLC:0015C6A3],0,0,0,39,false,false,exclude_not_actor,Ambient/scenery actor or record without a usable identity.,
FalloutNV.esm|0015C681,FalloutNV.esm,0015C681,0015C681,FalloutNV.esm,VSpawnTier4CazadorMed30,,,,unknown,,,VEncTier4CazadorMed30 [LVLC:0015C6A5],0,0,0,2,false,false,exclude_not_actor,Ambient/scenery actor or record without a usable identity.,
FalloutNV.esm|0015C682,FalloutNV.esm,0015C682,0015C682,FalloutNV.esm,VSpawnTier4CazadorMed50,,,,unknown,,,VEncTier4CazadorMed50 [LVLC:0015C6A4],0,0,0,39,false,false,exclude_not_actor,Ambient/scenery actor or record without a usable identity.,
FalloutNV.esm|0015C683,FalloutNV.esm,0015C683,0015C683,FalloutNV.esm,VSpawnTier4CazadorMed75,,,,unknown,,,VEncTier4CazadorMed75 [LVLC:0015C6A6],0,0,0,39,false,false,exclude_not_actor,Ambient/scenery actor or record without a usable identity.,
FalloutNV.esm|0015C684,FalloutNV.esm,0015C684,0015C684,FalloutNV.esm,VSpawnTier4DeathclawMed30,,,,unknown,,,VEncTier4DeathclawMed30 [LVLC:0015C6E5],0,0,0,9,false,false,exclude_not_actor,Ambient/scenery actor or record without a usable identity.,
FalloutNV.esm|0015C685,FalloutNV.esm,0015C685,0015C685,FalloutNV.esm,VSpawnTier4DeathclawMed50,,,,unknown,,,VEncTier4DeathclawMed50 [LVLC:0015C6DC],0,0,0,11,false,false,exclude_not_actor,Ambient/scenery actor or record without a usable identity.,
FalloutNV.esm|0015C686,FalloutNV.esm,0015C686,0015C686,FalloutNV.esm,VSpawnTier4DeathclawMed75,,,,unknown,,,VEncTier4DeathclawMed75 [LVLC:0015C6E6],0,0,0,23,false,false,exclude_not_actor,Ambient/scenery actor or record without a usable identity.,
FalloutNV.esm|0015C687,FalloutNV.esm,0015C687,0015C687,FalloutNV.esm,VSpawnTier4FireGeckoMed30,,,,unknown,,,VEncTier4FireGeckoMed30 [LVLC:0015C6A8],0,0,0,7,false,false,exclude_not_actor,Ambient/scenery actor or record without a usable identity.,
FalloutNV.esm|0015C688,FalloutNV.esm,0015C688,0015C688,FalloutNV.esm,VSpawnTier4FireGeckoMed50,,,,unknown,,,VEncTier4FireGeckoMed50 [LVLC:0015C6A7],0,0,0,29,false,false,exclude_not_actor,Ambient/scenery actor or record without a usable identity.,
FalloutNV.esm|0015C689,FalloutNV.esm,0015C689,0015C689,FalloutNV.esm,VSpawnTier4FireGeckoMed75,,,,unknown,,,VEncTier4FireGeckoMed75 [LVLC:0015C6A9],0,0,0,31,false,false,exclude_not_actor,Ambient/scenery actor or record without a usable identity.,
FalloutNV.esm|0015C68B,FalloutNV.esm,0015C68B,0015C68B,FalloutNV.esm,VSpawnTier4NightStalkerMed50,,,,unknown,,,VEncTier4NightStalkerMed50 [LVLC:0015C6AA],0,0,0,3,false,false,exclude_not_actor,Ambient/scenery actor or record without a usable identity.,
FalloutNV.esm|0015C68C,FalloutNV.esm,0015C68C,0015C68C,FalloutNV.esm,VSpawnTier4NightStalkerMed75,,,,unknown,,,VEncTier4NightStalkerMed75 [LVLC:0015C6AC],0,0,0,5,false,false,exclude_not_actor,Ambient/scenery actor or record without a usable identity.,
FalloutNV.esm|0015C68D,FalloutNV.esm,0015C68D,0015C68D,FalloutNV.esm,VCrTier1DogWildMed,Wild Dog,,,unknown,Creatures\Dog\Skeleton.nif,VoiceDoNotRecordF [VTYP:00094EED],CrDogWild [CREA:0015C690],0,13,0,4,false,false,include_nonverbal,Reachable official non-verbal creature mapped to a reviewed archetype.,wild_dog
FalloutNV.esm|0015C68E,FalloutNV.esm,0015C68E,0015C68E,YUPTTW.esm,VCrTier1DogWildLarge,Large Wild Dog,,,unknown,Creatures\Dog\Skeleton.nif,VoiceDoNotRecordF [VTYP:00094EED],CrDogLargeWild [CREA:0015C68F],0,13,0,4,false,false,include_nonverbal,Reachable official non-verbal creature mapped to a reviewed archetype.,wild_dog
FalloutNV.esm|0015C68F,FalloutNV.esm,0015C68F,0015C68F,YUPTTW.esm,CrDogLargeWild,Large Wild Dog,,,unknown,Creatures\Dog\Skeleton.nif,VoiceDoNotRecordF [VTYP:00094EED],,0,0,0,7,false,false,include_nonverbal,Reachable official non-verbal creature mapped to a reviewed archetype.,wild_dog
FalloutNV.esm|0015C690,FalloutNV.esm,0015C690,0015C690,YUPTTW.esm,CrDogWild,Wild Dog,,,unknown,Creatures\Dog\Skeleton.nif,VoiceDoNotRecordF [VTYP:00094EED],,0,0,0,8,false,false,include_nonverbal,Reachable official non-verbal creature mapped to a reviewed archetype.,wild_dog
FalloutNV.esm|0015C693,FalloutNV.esm,0015C693,0015C693,FalloutNV.esm,VSpawnTier1DogWildLarge30,,,,unknown,,,VEncTier1DogWildLarge30 [LVLC:0015C6E1],0,0,0,3,false,false,exclude_not_actor,Ambient/scenery actor or record without a usable identity.,
FalloutNV.esm|0015C695,FalloutNV.esm,0015C695,0015C695,FalloutNV.esm,VSpawnTier1DogWildLarge75,,,,unknown,,,VEncTier1DogWildLarge75 [LVLC:0015C6E2],0,0,0,2,false,false,exclude_not_actor,Ambient/scenery actor or record without a usable identity.,
FalloutNV.esm|0015C696,FalloutNV.esm,0015C696,0015C696,FalloutNV.esm,VSpawnTier1DogWildMed30,,,,unknown,,,VEncTier1DogWildMed30 [LVLC:0015C6E3],0,0,0,2,false,false,exclude_not_actor,Ambient/scenery actor or record without a usable identity.,
FalloutNV.esm|0015C697,FalloutNV.esm,0015C697,0015C697,FalloutNV.esm,VSpawnTier1DogWildMed50,,,,unknown,,,VEncTier1DogWildMed50 [LVLC:0015C6DF],0,0,0,3,false,false,exclude_not_actor,Ambient/scenery actor or record without a usable identity.,
FalloutNV.esm|0015C7BE,FalloutNV.esm,0015C7BE,0015C7BE,FalloutNV.esm,VSpawnSpecialTier2AntSoldierMedIvanpah02,Giant Soldier Ant,,,unknown,,,VEncTier2AntSoldierMed [LVLC:00156794],0,0,0,1,false,false,include_nonverbal,Reachable official non-verbal creature mapped to a reviewed archetype.,giant_soldier_ant
FalloutNV.esm|0015C7BF,FalloutNV.esm,0015C7BF,0015C7BF,FalloutNV.esm,VSpawnSpecialTier1AntWorkerMedIvanpah02,Giant Worker Ant,,,unknown,,,VEncTier1AntWorkerMed [LVLC:001567AD],0,0,0,8,false,false,include_nonverbal,Reachable official non-verbal creature mapped to a reviewed archetype.,giant_worker_ant
FalloutNV.esm|0015C7D4,FalloutNV.esm,0015C7D4,0015C7D4,TaleOfTwoWastelands.esm,NVCrBigHornerCalfDEAD,Bighorner Calf,,,unknown,creatures\NVBigHorner\skeleton.nif,VoiceDoNotRecordF [VTYP:00094EED],NVCrBigHorner [CREA:00108020],0,0,0,1,false,false,include_nonverbal,Reachable official non-verbal creature mapped to a reviewed archetype.,bighorner_calf
FalloutNV.esm|0015CE17,FalloutNV.esm,0015CE17,0015CE17,TaleOfTwoWastelands.esm,VCrDeathclawTier1TypeA,Deathclaw,,,unknown,Creatures\DeathClaw\Skeleton.nif,VoiceDoNotRecordF [VTYP:00094EED],,0,2,0,5,false,false,include_nonverbal,Reachable official non-verbal creature mapped to a reviewed archetype.,deathclaw
FalloutNV.esm|0015CE18,FalloutNV.esm,0015CE18,0015CE18,TaleOfTwoWastelands.esm,VSpawnDeathclawTier1PIT,Deathclaw,,,unknown,Creatures\DeathClaw\Skeleton.nif,VoiceDoNotRecordF [VTYP:00094EED],VCrDeathclawTier1TypeA [CREA:0015CE17],0,0,1,7,false,false,include_nonverbal,Reachable official non-verbal creature mapped to a reviewed archetype.,deathclaw
FalloutNV.esm|0015CE19,FalloutNV.esm,0015CE19,0015CE19,FalloutNV.esm,VSpawnDeathclawTier1Cells,,,,unknown,,,VEncDeathclawTier1Cells [LVLC:0015F193],0,0,0,5,false,false,exclude_not_actor,Ambient/scenery actor or record without a usable identity.,
FalloutNV.esm|0015D74D,FalloutNV.esm,0015D74D,0015D74D,YUPTTW.esm,Lucky38OUTERSecuritron,Securitron Mk I,,,unknown,creatures\NVSecuritron\Skeleton.nif,RobotVictor [VTYP:0010512E],VSecuritronMk1TEMPLATE [CREA:00158646],0,0,0,2,false,false,exclude_not_actor,Robot or automated turret reserved for the robot pass.,
FalloutNV.esm|0015E110,FalloutNV.esm,0015E110,0015E110,FalloutNV.esm,L38YesMan,Yes Man,,,unknown,creatures\NVSecuritron\Skeleton.nif,RobotYesMan [VTYP:0014F3F3],VMQTopsYesMan [CREA:001164F9],0,0,0,5,false,false,exclude_not_actor,Robot or automated turret reserved for the robot pass.,
FalloutNV.esm|0015E905,FalloutNV.esm,0015E905,0015E905,FalloutNV.esm,VSpawnTier3FireAntSoldierMedInterior30,,,,unknown,,,VEncTier3FireAntSoldierMedInterior30 [LVLC:0015E918],0,0,0,1,false,false,exclude_not_actor,Ambient/scenery actor or record without a usable identity.,
FalloutNV.esm|0015E908,FalloutNV.esm,0015E908,0015E908,TaleOfTwoWastelands.esm,VSpawnSpecialTier4FireAntQueenSouthVegas,Fire Ant Queen,,,unknown,Creatures\QueenAnt\skeleton.nif,VoiceDoNotRecordF [VTYP:00094EED],MS04CrQueenAnt [CREA:0603181D],0,0,0,1,false,false,include_nonverbal,Reachable official non-verbal creature mapped to a reviewed archetype.,fire_ant_queen
FalloutNV.esm|0015E909,FalloutNV.esm,0015E909,0015E909,YUPTTW.esm,VCrTier4FireAntQueen,Fire Ant Queen,,,unknown,Creatures\QueenAnt\skeleton.nif,VoiceDoNotRecordF [VTYP:00094EED],,0,0,0,1,false,false,include_nonverbal,Reachable official non-verbal creature mapped to a reviewed archetype.,fire_ant_queen
FalloutNV.esm|0015E90B,FalloutNV.esm,0015E90B,0015E90B,FalloutNV.esm,VCrTier1BarkScorpionPackMed,Bark Scorpion Hunter,,,unknown,Creatures\Radscorpion\Skeleton.nif,VoiceDoNotRecordF [VTYP:00094EED],CrBarkScorpion [CREA:000EB401],0,13,0,4,false,false,include_nonverbal,Reachable official non-verbal creature mapped to a reviewed archetype.,bark_scorpion_hunter
FalloutNV.esm|0015E90C,FalloutNV.esm,0015E90C,0015E90C,FalloutNV.esm,VSpawnTier1BarkScorpionPackMed,,,,unknown,,,VEncTier1BarkScorpionPackMed [LVLC:0015E919],0,0,0,13,false,false,exclude_not_actor,Ambient/scenery actor or record without a usable identity.,
FalloutNV.esm|0015E90E,FalloutNV.esm,0015E90E,0015E90E,FalloutNV.esm,VSpawnTier1BarkScorpionPackMed50,,,,unknown,,,VEncTier1BarkScorpionPackMed50 [LVLC:0015E91B],0,0,0,10,false,false,exclude_not_actor,Ambient/scenery actor or record without a usable identity.,
FalloutNV.esm|0015E90F,FalloutNV.esm,0015E90F,0015E90F,FalloutNV.esm,VSpawnTier1BarkScorpionPackMed75,,,,unknown,,,VEncTier1BarkScorpionPackMed75 [LVLC:0015E91C],0,0,0,7,false,false,exclude_not_actor,Ambient/scenery actor or record without a usable identity.,
FalloutNV.esm|0015E910,FalloutNV.esm,0015E910,0015E910,FalloutNV.esm,VSpawnSpecialTier3BarkScorpionPackMedGulch,Bark Scorpion Hunter,,,unknown,,,VEncTier1BarkScorpionPackMed [LVLC:0015E919],0,0,0,8,false,false,include_nonverbal,Reachable official non-verbal creature mapped to a reviewed archetype.,bark_scorpion_hunter
FalloutNV.esm|0015E911,FalloutNV.esm,0015E911,0015E911,FalloutNV.esm,VCrTier3FireAntSoldierMedInterior,Fire Ant Soldier,,,unknown,Creatures\GiantAnt\skeleton.nif,VoiceDoNotRecordF [VTYP:00094EED],,0,13,0,4,false,false,include_nonverbal,Reachable official non-verbal creature mapped to a reviewed archetype.,fire_ant_soldier
FalloutNV.esm|0015E912,FalloutNV.esm,0015E912,0015E912,FalloutNV.esm,VSpawnTier3FireAntSoldierMedInterior,,,,unknown,,,VEncTier3FireAntSoldierMedInterior [LVLC:0015E917],0,0,0,4,false,false,exclude_not_actor,Ambient/scenery actor or record without a usable identity.,
FalloutNV.esm|0015E913,FalloutNV.esm,0015E913,0015E913,FalloutNV.esm,VSpawnSpecialTier2CentaurMedBM,,,,unknown,,,VEncTier2CentaurMed [LVLC:00156796],0,0,0,1,false,false,exclude_not_actor,Ambient/scenery actor or record without a usable identity.,
FalloutNV.esm|0015E914,FalloutNV.esm,0015E914,0015E914,FalloutNV.esm,VSpawnSpecialTier2CentaurMedBM50,,,,unknown,,,VEncTier2CentaurMed50 [LVLC:0015C6B5],0,0,0,4,false,false,exclude_not_actor,Ambient/scenery actor or record without a usable identity.,
FalloutNV.esm|0015E915,FalloutNV.esm,0015E915,0015E915,FalloutNV.esm,VSpawnSpecialTier3CentaursEvolvedMedBM,,,,unknown,,,VEncTier3CentaurEvolvedMed [LVLC:001567A8],0,0,0,6,false,false,exclude_not_actor,Ambient/scenery actor or record without a usable identity.,
FalloutNV.esm|0015E916,FalloutNV.esm,0015E916,0015E916,FalloutNV.esm,VSpawnSpecialTier3CentaursEvolvedMedBM50,,,,unknown,,,VEncTier3CentaurEvolvedMed50 [LVLC:0015C6D9],0,0,0,3,false,false,exclude_not_actor,Ambient/scenery actor or record without a usable identity.,
FalloutNV.esm|0015F182,FalloutNV.esm,0015F182,0015F182,FalloutNV.esm,VSpawnSpecialTier3BigHornerLargeNiptonHerd,Bighorner Bull,,,unknown,,,VEncTier3BigHornerLarge [LVLC:0015979F],0,0,0,1,false,false,include_nonverbal,Reachable official non-verbal creature mapped to a reviewed archetype.,bighorner_bull
FalloutNV.esm|0015F183,FalloutNV.esm,0015F183,0015F183,FalloutNV.esm,VSpawnSpecialTier2BigHornerMedNiptonHerd,Bighorner,,,unknown,,,VEncTier2BigHornerMed [LVLC:00156795],0,0,0,3,false,false,include_nonverbal,Reachable official non-verbal creature mapped to a reviewed archetype.,bighorner
FalloutNV.esm|0015F184,FalloutNV.esm,0015F184,0015F184,FalloutNV.esm,VSpawnSpecialTier1BigHornerSmallNiptonHerd,Bighorner Calf,,,unknown,,,VEncTier1BigHornerSmall [LVLC:001567AF],0,0,0,2,false,false,include_nonverbal,Reachable official non-verbal creature mapped to a reviewed archetype.,bighorner_calf
FalloutNV.esm|0015F194,FalloutNV.esm,0015F194,0015F194,TaleOfTwoWastelands.esm,VCrDeathclawTier1TypeASmall,Deathclaw,,,unknown,Creatures\DeathClaw\Skeleton.nif,VoiceDoNotRecordF [VTYP:00094EED],,0,2,0,3,false,false,include_nonverbal,Reachable official non-verbal creature mapped to a reviewed archetype.,deathclaw
FalloutNV.esm|0015F95A,FalloutNV.esm,0015F95A,0015F95A,FalloutNV.esm,VSpawnScavTier2GoldenGeckoSmall,Young Golden Gecko,,,unknown,,,VEncTier2GoldenGeckoSmall [LVLC:0015679B],0,0,0,4,false,false,include_nonverbal,Reachable official non-verbal creature mapped to a reviewed archetype.,young_golden_gecko
FalloutNV.esm|0015F95B,FalloutNV.esm,0015F95B,0015F95B,FalloutNV.esm,VSpawnScavTier3GoldenGeckoMed,Golden Gecko,,,unknown,,,VEncTier3GoldenGeckoMed [LVLC:001567A1],0,0,0,2,false,false,include_nonverbal,Reachable official non-verbal creature mapped to a reviewed archetype.,golden_gecko
FalloutNV.esm|0015FFF0,FalloutNV.esm,0015FFF0,0015FFF0,TaleOfTwoWastelands.esm,VES05NightkinTWeedRancher,Nightkin,,,unknown,Creatures\SMSpineBreaker\Skeleton.nif,CreatureSuperMutant [VTYP:00019FD9],CrSuperMutant2MeleeA [CREA:0003A148],0,0,17,18,false,false,exclude_talking,Conversational humanoid or intelligible speaking creature.,
FalloutNV.esm|001607B5,FalloutNV.esm,001607B5,001607B5,TaleOfTwoWastelands.esm,QJDeathclawWanderer02,Deathclaw,,,unknown,Creatures\DeathClaw\Skeleton.nif,VoiceDoNotRecordF [VTYP:00094EED],CrDeathClaw [CREA:0001CF9A],0,0,0,5,false,false,include_nonverbal,Reachable official non-verbal creature mapped to a reviewed archetype.,deathclaw
FalloutNV.esm|001607B6,FalloutNV.esm,001607B6,001607B6,TaleOfTwoWastelands.esm,QJDeathclawWanderer03,Deathclaw,,,unknown,Creatures\DeathClaw\Skeleton.nif,VoiceDoNotRecordF [VTYP:00094EED],CrDeathClaw [CREA:0001CF9A],0,0,0,5,false,false,include_nonverbal,Reachable official non-verbal creature mapped to a reviewed archetype.,deathclaw
FalloutNV.esm|001607B7,FalloutNV.esm,001607B7,001607B7,TaleOfTwoWastelands.esm,QJDeathclawWanderer04,Deathclaw,,,unknown,Creatures\DeathClaw\Skeleton.nif,VoiceDoNotRecordF [VTYP:00094EED],CrDeathClaw [CREA:0001CF9A],0,0,0,7,false,false,include_nonverbal,Reachable official non-verbal creature mapped to a reviewed archetype.,deathclaw
FalloutNV.esm|001607B8,FalloutNV.esm,001607B8,001607B8,FalloutNV.esm,QJDeathclawWanderer05,Deathclaw,,,unknown,Creatures\DeathClaw\Skeleton.nif,VoiceDoNotRecordF [VTYP:00094EED],CrDeathClaw [CREA:0001CF9A],0,0,0,5,false,false,include_nonverbal,Reachable official non-verbal creature mapped to a reviewed archetype.,deathclaw
FalloutNV.esm|00160848,FalloutNV.esm,00160848,00160848,FalloutNV.esm,AudioTemplateDeathclawSm,AudioTemplateDeathclawSm,,,unknown,,VoiceDoNotRecordF [VTYP:00094EED],,0,0,0,8,false,false,exclude_unused,"Template, corpse, test, cut, or non-reachable archetype record without a distinct new roleplay profile.",
FalloutNV.esm|00160849,FalloutNV.esm,00160849,00160849,FalloutNV.esm,AudioTemplateDeathclawLg,AudioTemplateDeathclawLg,,,unknown,,VoiceDoNotRecordF [VTYP:00094EED],,0,0,0,38,false,false,exclude_unused,"Template, corpse, test, cut, or non-reachable archetype record without a distinct new roleplay profile.",
FalloutNV.esm|001616EC,FalloutNV.esm,001616EC,001616EC,TaleOfTwoWastelands.esm,VSpawnSpecialTier2NightStalkerSmallWalkingBox,Young Nightstalker,,,unknown,creatures\NightStalker\Skeleton.nif,VoiceDoNotRecordF [VTYP:00094EED],VCrTier2NightStalkerSmall [CREA:0014F476],0,0,0,5,false,false,include_nonverbal,Reachable official non-verbal creature mapped to a reviewed archetype.,young_nightstalker
FalloutNV.esm|001616ED,FalloutNV.esm,001616ED,001616ED,YUPTTW.esm,VSpawnSpecialTier4NightStalkerMedWalkingBox,Nightstalker,,,unknown,creatures\NightStalker\Skeleton.nif,VoiceDoNotRecordF [VTYP:00094EED],VCrTier4NightStalkerMed [CREA:0014F402],0,0,0,2,false,false,include_nonverbal,Reachable official non-verbal creature mapped to a reviewed archetype.,nightstalker
FalloutNV.esm|001616EE,FalloutNV.esm,001616EE,001616EE,FalloutNV.esm,VSpawnSpecialTier3BigHornerLargeClarkHerd,Bighorner Bull,,,unknown,,,VEncTier3BigHornerLarge [LVLC:0015979F],0,0,0,1,false,false,include_nonverbal,Reachable official non-verbal creature mapped to a reviewed archetype.,bighorner_bull
FalloutNV.esm|001616EF,FalloutNV.esm,001616EF,001616EF,FalloutNV.esm,VSpawnSpecialTier2BigHornerMedClarkHerd,Bighorner,,,unknown,,,VEncTier2BigHornerMed [LVLC:00156795],0,0,0,3,false,false,include_nonverbal,Reachable official non-verbal creature mapped to a reviewed archetype.,bighorner
FalloutNV.esm|001616F0,FalloutNV.esm,001616F0,001616F0,FalloutNV.esm,VSpawnSpecialTier1BigHornerSmallClarkHerd,Bighorner Calf,,,unknown,,,VEncTier1BigHornerSmall [LVLC:001567AF],0,0,0,3,false,false,include_nonverbal,Reachable official non-verbal creature mapped to a reviewed archetype.,bighorner_calf
FalloutNV.esm|001621FB,FalloutNV.esm,001621FB,001621FB,FalloutNV.esm,LvlCrimsonCaravanTraderBrahmin,,,,unknown,,,VarCrimsonCaravanTraderBrahmin [LVLC:001543DE],0,0,0,2,false,false,exclude_not_actor,Ambient/scenery actor or record without a usable identity.,
FalloutNV.esm|001628E2,FalloutNV.esm,001628E2,001628E2,FalloutNV.esm,CrimsonCaravanWaterBrahmin,Brahmin,,,unknown,Creatures\Brahmin\Skeleton.nif,VoiceDoNotRecordF [VTYP:00094EED],,0,0,0,1,false,false,include_nonverbal,Reachable official non-verbal creature mapped to a reviewed archetype.,brahmin
FalloutNV.esm|00162946,FalloutNV.esm,00162946,00162946,FalloutNV.esm,VSpawnSpecialTier2FeralGhoulMedSL,Feral Trooper Ghoul,,,unknown,,,VEncTier2FeralGhoulMedSearchLight [LVLC:00162952],0,0,0,4,false,false,include_nonverbal,Reachable official non-verbal creature mapped to a reviewed archetype.,feral_ghoul
FalloutNV.esm|00162947,FalloutNV.esm,00162947,00162947,TaleOfTwoWastelands.esm,VCrTier2GlowingTrooperGhoul,Glowing Trooper Ghoul,,,unknown,Creatures\Ghoul\Skeleton.nif,CreatureFeralGhoul [VTYP:0007AE96],,0,7,0,3,false,false,include_nonverbal,Reachable official non-verbal creature mapped to a reviewed archetype.,glowing_one
FalloutNV.esm|00162948,FalloutNV.esm,00162948,00162948,TaleOfTwoWastelands.esm,VCrTier2FeralTrooperGhoul,Feral Trooper Ghoul,,,unknown,Creatures\Ghoul\Skeleton.nif,CreatureFeralGhoul [VTYP:0007AE96],,0,7,0,2,false,false,include_nonverbal,Reachable official non-verbal creature mapped to a reviewed archetype.,feral_ghoul
FalloutNV.esm|00162949,FalloutNV.esm,00162949,00162949,YUPTTW.esm,VSpawnSpecialTier2GlowingGhoulMedSL,Glowing Trooper Ghoul,,,unknown,,,VEncTier2GlowingGhoulMedSearchLight [LVLC:00162951],0,0,0,2,false,false,include_nonverbal,Reachable official non-verbal creature mapped to a reviewed archetype.,glowing_one
FalloutNV.esm|0016294A,FalloutNV.esm,0016294A,0016294A,FalloutNV.esm,VSpawnTier2GlowingGhoulMedSL50,,,,unknown,,,VEncTier2GlowingGhoulMedSearchLight50 [LVLC:00162954],0,0,0,16,false,false,exclude_not_actor,Ambient/scenery actor or record without a usable identity.,
FalloutNV.esm|0016294B,FalloutNV.esm,0016294B,0016294B,FalloutNV.esm,VSpawnTier2FeralGhoulMedSL50,,,,unknown,,,VEncTier2FeralGhoulMedSearchLight50 [LVLC:00162953],0,0,0,12,false,false,exclude_not_actor,Ambient/scenery actor or record without a usable identity.,
FalloutNV.esm|0016294C,FalloutNV.esm,0016294C,0016294C,TaleOfTwoWastelands.esm,VCrTier3FireGeckoSmallRanged,Young Fire Gecko,,,unknown,creatures\NVGecko\skeleton.nif,VoiceDoNotRecordF [VTYP:00094EED],NVCrFireGeckoRanged [CREA:0016294E],0,3,0,1,false,false,include_nonverbal,Reachable official non-verbal creature mapped to a reviewed archetype.,young_fire_gecko
FalloutNV.esm|0016294D,FalloutNV.esm,0016294D,0016294D,FalloutNV.esm,VCrTier4FireGeckoMedRanged,Fire Gecko,,,unknown,creatures\NVGecko\skeleton.nif,VoiceDoNotRecordF [VTYP:00094EED],NVCrFireGeckoRanged [CREA:0016294E],0,3,0,1,false,false,include_nonverbal,Reachable official non-verbal creature mapped to a reviewed archetype.,fire_gecko
FalloutNV.esm|0016294E,FalloutNV.esm,0016294E,0016294E,TaleOfTwoWastelands.esm,NVCrFireGeckoRanged,Fire Gecko,,,unknown,creatures\NVGecko\skeleton.nif,VoiceDoNotRecordF [VTYP:00094EED],,0,0,0,12,false,false,include_nonverbal,Reachable official non-verbal creature mapped to a reviewed archetype.,fire_gecko
FalloutNV.esm|00162B3D,FalloutNV.esm,00162B3D,00162B3D,YUPTTW.esm,NVRatCaveROUS,Rodent of Unusual Size,,,unknown,creatures\NVgiantrat\skeleton.nif,VoiceDoNotRecordF [VTYP:00094EED],,0,0,0,12,false,false,include_nonverbal,Reachable official non-verbal creature mapped to a reviewed archetype.,giant_rat
FalloutNV.esm|00162BEC,FalloutNV.esm,00162BEC,00162BEC,FalloutNV.esm,FortLegionMongrelCMSniffer,Legion Mongrel,,,unknown,Creatures\Dog\Skeleton.nif,VoiceDoNotRecordF [VTYP:00094EED],CrLegionMongrel [CREA:000E585B],0,0,0,1,false,false,exclude_unused,"Template, corpse, test, cut, or non-reachable archetype record without a distinct new roleplay profile.",
FalloutNV.esm|00163CF4,FalloutNV.esm,00163CF4,00163CF4,FalloutNV.esm,NVCRTumbleweedRad,Radioactive Tumbleweed,,,unknown,creatures\NVTumbleweed\skeleton.nif,,,0,0,0,1,false,false,exclude_unused,"Template, corpse, test, cut, or non-reachable archetype record without a distinct new roleplay profile.",
FalloutNV.esm|0016473B,FalloutNV.esm,0016473B,0016473B,TaleOfTwoWastelands.esm,GSVictorDisabled,Victor,,,unknown,creatures\NVSecuritron\Skeleton.nif,RobotVictor [VTYP:0010512E],Victor [CREA:00103DFD],0,0,0,4,false,false,exclude_not_actor,Robot or automated turret reserved for the robot pass.,
FalloutNV.esm|00164A25,FalloutNV.esm,00164A25,00164A25,FalloutNV.esm,VSpawnSpecialTier1BarkScorpionPackMedNipton,Bark Scorpion Hunter,,,unknown,,,VEncTier1BarkScorpionPackMed [LVLC:0015E919],0,0,0,4,false,false,include_nonverbal,Reachable official non-verbal creature mapped to a reviewed archetype.,bark_scorpion_hunter
FalloutNV.esm|00164A5C,FalloutNV.esm,00164A5C,00164A5C,YUPTTW.esm,CrRadscorpion2LargeDEADIvanpah,Giant Radscorpion,,,unknown,Creatures\Radscorpion\Skeleton.nif,VoiceDoNotRecordF [VTYP:00094EED],CrRadscorpion1Small [CREA:0001CF9D],0,0,0,1,false,false,include_nonverbal,Reachable official non-verbal creature mapped to a reviewed archetype.,giant_radscorpion
FalloutNV.esm|00164A6C,FalloutNV.esm,00164A6C,00164A6C,TaleOfTwoWastelands.esm,VSpawnSpecialTier2NightStalkerSmallIvanpah,Young Nightstalker,,,unknown,creatures\NightStalker\Skeleton.nif,VoiceDoNotRecordF [VTYP:00094EED],VCrTier2NightStalkerSmall [CREA:0014F476],0,0,0,3,false,false,include_nonverbal,Reachable official non-verbal creature mapped to a reviewed archetype.,young_nightstalker
FalloutNV.esm|00164A6D,FalloutNV.esm,00164A6D,00164A6D,TaleOfTwoWastelands.esm,VSpawnSpecialTier4NightStalkerMedIvanpah,Nightstalker,,,unknown,creatures\NightStalker\Skeleton.nif,VoiceDoNotRecordF [VTYP:00094EED],VCrTier4NightStalkerMed [CREA:0014F402],0,0,0,3,false,false,include_nonverbal,Reachable official non-verbal creature mapped to a reviewed archetype.,nightstalker
FalloutNV.esm|00164BCB,FalloutNV.esm,00164BCB,00164BCB,FalloutNV.esm,VSpawnSpecialTier2RadscorpionMedIvanpahNest,Radscorpion,,,unknown,,,VEncTier2RadscorpionMed [LVLC:001567AA],0,0,0,2,false,false,include_nonverbal,Reachable official non-verbal creature mapped to a reviewed archetype.,radscorpion
FalloutNV.esm|00164BCC,FalloutNV.esm,00164BCC,00164BCC,FalloutNV.esm,VSpawnSpecialTier3GiantRadscorpionMedIvanpahNest,Giant Radscorpion,,,unknown,,,VEncTier3GiantRadscorpionMed [LVLC:001567A0],0,0,0,2,false,false,include_nonverbal,Reachable official non-verbal creature mapped to a reviewed archetype.,giant_radscorpion
FalloutNV.esm|00164ECA,FalloutNV.esm,00164ECA,00164ECA,TaleOfTwoWastelands.esm,JacobstownMutantMaster,Super Mutant Master,,,unknown,Creatures\SMSpineBreaker\Skeleton.nif,CreatureSmartSM [VTYP:0014377B],JacobstownMutant1 [CREA:0013AACF],0,0,0,2,false,false,exclude_talking,Conversational humanoid or intelligible speaking creature.,
FalloutNV.esm|00164EF1,FalloutNV.esm,00164EF1,00164EF1,FalloutNV.esm,VSpawnSpecialTier2GoldenGeckoSmallCrescent,Young Golden Gecko Hunter,,,unknown,,,VEncTier2GoldenGeckoSmall [LVLC:0015679B],0,0,0,3,false,false,include_nonverbal,Reachable official non-verbal creature mapped to a reviewed archetype.,golden_gecko
FalloutNV.esm|00164EF2,FalloutNV.esm,00164EF2,00164EF2,FalloutNV.esm,VSpawnSpecialTier3GoldenGeckoMedCrescentPatrol75,Golden Gecko Hunter,,,unknown,,,VEncTier3GoldenGeckoMed75 [LVLC:001598CF],0,0,0,3,false,false,include_nonverbal,Reachable official non-verbal creature mapped to a reviewed archetype.,golden_gecko
FalloutNV.esm|00164EF3,FalloutNV.esm,00164EF3,00164EF3,FalloutNV.esm,VSpawnSpecialTier2GoldenGeckoSmallCrescentPatrol75,Young Golden Gecko Hunter,,,unknown,,,VEncTier2GoldenGeckoSmall75 [LVLC:001598D2],0,0,0,2,false,false,include_nonverbal,Reachable official non-verbal creature mapped to a reviewed archetype.,golden_gecko
FalloutNV.esm|00164EF4,FalloutNV.esm,00164EF4,00164EF4,FalloutNV.esm,VSpawnSpecialTier3GoldenGeckoMedCrescentPatrol50,Golden Gecko Hunter,,,unknown,,,VEncTier3GoldenGeckoMed50 [LVLC:001598D3],0,0,0,2,false,false,include_nonverbal,Reachable official non-verbal creature mapped to a reviewed archetype.,golden_gecko
FalloutNV.esm|00164EF5,FalloutNV.esm,00164EF5,00164EF5,FalloutNV.esm,VSpawnSpecialTier2GoldenGeckoSmallCrescentPatrol50,Young Golden Gecko Hunter,,,unknown,,,VEncTier2GoldenGeckoSmall50 [LVLC:001598D0],0,0,0,3,false,false,include_nonverbal,Reachable official non-verbal creature mapped to a reviewed archetype.,golden_gecko
FalloutNV.esm|00164EF6,FalloutNV.esm,00164EF6,00164EF6,TaleOfTwoWastelands.esm,VSpawnSpecialTier4NightStalkerMedIvanpah2,Nightstalker,,,unknown,creatures\NightStalker\Skeleton.nif,VoiceDoNotRecordF [VTYP:00094EED],VCrTier4NightStalkerMed [CREA:0014F402],0,0,0,3,false,false,include_nonverbal,Reachable official non-verbal creature mapped to a reviewed archetype.,nightstalker
FalloutNV.esm|00164EF7,FalloutNV.esm,00164EF7,00164EF7,TaleOfTwoWastelands.esm,VSpawnSpecialTier2NightStalkerSmallIvanpah2,Young Nightstalker,,,unknown,creatures\NightStalker\Skeleton.nif,VoiceDoNotRecordF [VTYP:00094EED],VCrTier2NightStalkerSmall [CREA:0014F476],0,0,0,2,false,false,include_nonverbal,Reachable official non-verbal creature mapped to a reviewed archetype.,young_nightstalker
FalloutNV.esm|00164EF8,FalloutNV.esm,00164EF8,00164EF8,FalloutNV.esm,VSpawnSpecialTier3GoldenGeckoMedCrescent,Golden Gecko Hunter,,,unknown,,,VEncTier3GoldenGeckoMed [LVLC:001567A1],0,0,0,2,false,false,include_nonverbal,Reachable official non-verbal creature mapped to a reviewed archetype.,golden_gecko
FalloutNV.esm|0016502A,FalloutNV.esm,0016502A,0016502A,YUPTTW.esm,VERT2NiptonCaravanBrahminPackB,Brahmin,,,unknown,Creatures\Brahmin\Skeleton.nif,VoiceDoNotRecordF [VTYP:00094EED],CrBrahmin [CREA:0001CFA2],0,0,0,1,false,false,include_nonverbal,Reachable official non-verbal creature mapped to a reviewed archetype.,brahmin
FalloutNV.esm|0016502B,FalloutNV.esm,0016502B,0016502B,YUPTTW.esm,VERT2NiptonCaravanBrahminPackA,Brahmin,,,unknown,Creatures\Brahmin\Skeleton.nif,VoiceDoNotRecordF [VTYP:00094EED],CrBrahmin [CREA:0001CFA2],0,0,0,1,false,false,include_nonverbal,Reachable official non-verbal creature mapped to a reviewed archetype.,brahmin
FalloutNV.esm|0016507D,FalloutNV.esm,0016507D,0016507D,YUPTTW.esm,VSpawnSpecial188CaravanBrahminPackA,Brahmin,,,unknown,Creatures\Brahmin\Skeleton.nif,VoiceDoNotRecordF [VTYP:00094EED],CrBrahmin [CREA:0001CFA2],0,0,0,1,false,false,include_nonverbal,Reachable official non-verbal creature mapped to a reviewed archetype.,brahmin
FalloutNV.esm|0016507E,FalloutNV.esm,0016507E,0016507E,YUPTTW.esm,VSpawnSpecialNovacCaravanBrahminPackB,Brahmin,,,unknown,Creatures\Brahmin\Skeleton.nif,VoiceDoNotRecordF [VTYP:00094EED],CrBrahmin [CREA:0001CFA2],0,0,0,1,false,false,include_nonverbal,Reachable official non-verbal creature mapped to a reviewed archetype.,brahmin
FalloutNV.esm|00165152,FalloutNV.esm,00165152,00165152,YUPTTW.esm,VSpawnSpecialNorthVegasCaravan01BrahminPackA,Brahmin,,,unknown,Creatures\Brahmin\Skeleton.nif,VoiceDoNotRecordF [VTYP:00094EED],CrBrahmin [CREA:0001CFA2],0,0,0,1,false,false,include_nonverbal,Reachable official non-verbal creature mapped to a reviewed archetype.,brahmin
FalloutNV.esm|00165163,FalloutNV.esm,00165163,00165163,YUPTTW.esm,VSpawnSpecialNorthVegasCaravan02BrahminPackA,Brahmin,,,unknown,Creatures\Brahmin\Skeleton.nif,VoiceDoNotRecordF [VTYP:00094EED],CrBrahmin [CREA:0001CFA2],0,0,0,1,false,false,include_nonverbal,Reachable official non-verbal creature mapped to a reviewed archetype.,brahmin
FalloutNV.esm|00165183,FalloutNV.esm,00165183,00165183,FalloutNV.esm,VSpawnSpecialTier1GeckoSmallGS02Hunter,Young Gecko Hunter,,,unknown,,,VEncTier1GeckoSmall [LVLC:001567B6],0,0,0,4,false,false,include_nonverbal,Reachable official non-verbal creature mapped to a reviewed archetype.,gecko
FalloutNV.esm|00165184,FalloutNV.esm,00165184,00165184,FalloutNV.esm,VSpawnSpecialTier2GeckoMedGS02Hunter,Gecko Hunter,,,unknown,,,VEncTier2GeckoMed [LVLC:0015679A],0,0,0,1,false,false,include_nonverbal,Reachable official non-verbal creature mapped to a reviewed archetype.,gecko
FalloutNV.esm|0016572D,FalloutNV.esm,0016572D,0016572D,TaleOfTwoWastelands.esm,AudioTemplateDogRex,AudioTemplateDogRex,,,unknown,,VoiceDoNotRecordF [VTYP:00094EED],,0,0,0,28,false,false,exclude_unused,"Template, corpse, test, cut, or non-reachable archetype record without a distinct new roleplay profile.",
FalloutNV.esm|00165AF2,FalloutNV.esm,00165AF2,00165AF2,FalloutNV.esm,FortLegionMongrelGuardSniffer,Legion Mongrel,,,unknown,Creatures\Dog\Skeleton.nif,VoiceDoNotRecordF [VTYP:00094EED],CrLegionMongrel [CREA:000E585B],0,0,0,3,false,false,exclude_unused,"Template, corpse, test, cut, or non-reachable archetype record without a distinct new roleplay profile.",
FalloutNV.esm|00166DF7,FalloutNV.esm,00166DF7,00166DF7,FalloutNV.esm,VSpawnSpecialTier4CazadorMedSilverPeak,Cazador,,,unknown,,,VEncTier4CazadorMed [LVLC:001567A4],0,0,0,3,false,false,include_nonverbal,Reachable official non-verbal creature mapped to a reviewed archetype.,cazador
FalloutNV.esm|00166DF8,FalloutNV.esm,00166DF8,00166DF8,FalloutNV.esm,VCrUniqueTier5CazadorLargeSilverPeak,Legendary Cazador,,,unknown,creatures\NVCazadores\Skeleton.nif,VoiceDoNotRecordF [VTYP:00094EED],NVCrCazador [CREA:000E584D],0,0,0,4,false,false,include_nonverbal,Reachable official non-verbal creature mapped to a reviewed archetype.,legendary_cazador
FalloutNV.esm|00166DF9,FalloutNV.esm,00166DF9,00166DF9,FalloutNV.esm,VSpawnSpecialTier3CazadorSmallSilverPeak,Young Cazador,,,unknown,,,VEncTier3CazadorSmall [LVLC:0015679D],0,0,0,4,false,false,include_nonverbal,Reachable official non-verbal creature mapped to a reviewed archetype.,young_cazador
FalloutNV.esm|00166DFA,FalloutNV.esm,00166DFA,00166DFA,TaleOfTwoWastelands.esm,VSpawnSpecialTier4NightStalkerMedWalkingBoxINT,Nightstalker,,,unknown,creatures\NightStalker\Skeleton.nif,VoiceDoNotRecordF [VTYP:00094EED],VCrTier4NightStalkerMed [CREA:0014F402],0,0,0,5,false,false,include_nonverbal,Reachable official non-verbal creature mapped to a reviewed archetype.,nightstalker
FalloutNV.esm|00166DFB,FalloutNV.esm,00166DFB,00166DFB,FalloutNV.esm,VSpawnSpecialTier4DeathclawMedWB,Deathclaw,,,unknown,,,VEncTier4DeathclawMed [LVLC:001567AB],0,0,0,4,false,false,include_nonverbal,Reachable official non-verbal creature mapped to a reviewed archetype.,deathclaw
FalloutNV.esm|00166DFC,FalloutNV.esm,00166DFC,00166DFC,FalloutNV.esm,VSpawnSpecialTier3DeathclawSmallWB,Young Deathclaw,,,unknown,,,VEncTier3DeathclawSmall [LVLC:0015679E],0,0,0,4,false,false,include_nonverbal,Reachable official non-verbal creature mapped to a reviewed archetype.,young_deathclaw
FalloutNV.esm|00166DFD,FalloutNV.esm,00166DFD,00166DFD,TaleOfTwoWastelands.esm,VSpawnSpecialTier2NightStalkerSmallWalkingBoxINT,Young Nightstalker,,,unknown,creatures\NightStalker\Skeleton.nif,VoiceDoNotRecordF [VTYP:00094EED],VCrTier2NightStalkerSmall [CREA:0014F476],0,0,0,4,false,false,include_nonverbal,Reachable official non-verbal creature mapped to a reviewed archetype.,young_nightstalker
FalloutNV.esm|001672CA,FalloutNV.esm,001672CA,001672CA,FalloutNV.esm,VSpawnSpecialTier4FireGeckoMedNopah,Fire Gecko,,,unknown,,,VEncTier4FireGeckoMed [LVLC:001567A5],0,0,0,5,false,false,include_nonverbal,Reachable official non-verbal creature mapped to a reviewed archetype.,fire_gecko
FalloutNV.esm|001672CB,FalloutNV.esm,001672CB,001672CB,FalloutNV.esm,VSpawnSpecialTier3FireGeckoSmallNopah,Young Fire Gecko,,,unknown,,,VEncTier3FireGeckoSmall [LVLC:00156799],0,0,0,5,false,false,include_nonverbal,Reachable official non-verbal creature mapped to a reviewed archetype.,young_fire_gecko
FalloutNV.esm|001673C0,FalloutNV.esm,001673C0,001673C0,YUPTTW.esm,VL38SecuritronMk2,Securitron Mk II,,,unknown,creatures\NVSecuritron\Skeleton.nif,RobotVictor [VTYP:0010512E],VSecuritronMk2TEMPLATE [CREA:00158647],0,0,0,20,false,false,exclude_not_actor,Robot or automated turret reserved for the robot pass.,
FalloutNV.esm|00167E2C,FalloutNV.esm,00167E2C,00167E2C,TaleOfTwoWastelands.esm,VCrTier1AntWorkerMedNR,Giant Worker Ant,,,unknown,Creatures\GiantAnt\skeleton.nif,VoiceDoNotRecordF [VTYP:00094EED],CrAnt1Worker [CREA:0001CF81],0,2,0,1,false,false,include_nonverbal,Reachable official non-verbal creature mapped to a reviewed archetype.,giant_worker_ant
FalloutNV.esm|00167E2E,FalloutNV.esm,00167E2E,00167E2E,FalloutNV.esm,VCrTier1BarkScorpionMedNR,Bark Scorpion,,,unknown,Creatures\Radscorpion\Skeleton.nif,VoiceDoNotRecordF [VTYP:00094EED],CrBarkScorpion [CREA:000EB401],0,0,0,3,false,false,include_nonverbal,Reachable official non-verbal creature mapped to a reviewed archetype.,bark_scorpion
FalloutNV.esm|00167E31,FalloutNV.esm,00167E31,00167E31,FalloutNV.esm,VCrTier1BarkScorpionPackMedNR,Bark Scorpion Hunter,,,unknown,Creatures\Radscorpion\Skeleton.nif,VoiceDoNotRecordF [VTYP:00094EED],CrBarkScorpion [CREA:000EB401],0,0,0,6,false,false,include_nonverbal,Reachable official non-verbal creature mapped to a reviewed archetype.,bark_scorpion_hunter
FalloutNV.esm|00167E37,FalloutNV.esm,00167E37,00167E37,FalloutNV.esm,VCrTier1BloatFlyMedNR,Bloatfly,,,unknown,Creatures\Blowfly\Skeleton.nif,VoiceDoNotRecordF [VTYP:00094EED],CrBloatFly [CREA:0009189C],0,2,0,1,false,false,include_nonverbal,Reachable official non-verbal creature mapped to a reviewed archetype.,bloatfly
FalloutNV.esm|00167E3A,FalloutNV.esm,00167E3A,00167E3A,FalloutNV.esm,VCrTier1CoyoteDenMotherPers,Coyote Den Mother,,,unknown,Creatures\Dog\Skeleton.nif,VoiceDoNotRecordF [VTYP:00094EED],CrCoyote [CREA:000E584E],0,2,0,2,false,false,include_nonverbal,Reachable official non-verbal creature mapped to a reviewed archetype.,coyote_den_mother
FalloutNV.esm|00167E3E,FalloutNV.esm,00167E3E,00167E3E,FalloutNV.esm,VCrTier1CoyoteMedPers,Coyote,,,unknown,Creatures\Dog\Skeleton.nif,VoiceDoNotRecordF [VTYP:00094EED],CrCoyote [CREA:000E584E],0,2,0,1,false,false,include_nonverbal,Reachable official non-verbal creature mapped to a reviewed archetype.,coyote
FalloutNV.esm|00167E41,FalloutNV.esm,00167E41,00167E41,TaleOfTwoWastelands.esm,VCrTier1CoyoteSmallPers,Coyote Pup,,,unknown,Creatures\Dog\Skeleton.nif,VoiceDoNotRecordF [VTYP:00094EED],CrCoyote [CREA:000E584E],0,2,0,1,false,false,include_nonverbal,Reachable official non-verbal creature mapped to a reviewed archetype.,coyote_pup
FalloutNV.esm|00167E60,FalloutNV.esm,00167E60,00167E60,FalloutNV.esm,VCrTier1RadroachMedNRPers,Radroach,,,unknown,Creatures\Radroach\skeleton.nif,VoiceDoNotRecordF [VTYP:00094EED],CrRadroach [CREA:0001CF7C],0,0,0,3,false,false,include_nonverbal,Reachable official non-verbal creature mapped to a reviewed archetype.,radroach
FalloutNV.esm|00167E61,FalloutNV.esm,00167E61,00167E61,FalloutNV.esm,VCrTier1RadroachMedNR,Radroach,,,unknown,Creatures\Radroach\skeleton.nif,VoiceDoNotRecordF [VTYP:00094EED],CrRadroach [CREA:0001CF7C],0,2,0,2,false,false,include_nonverbal,Reachable official non-verbal creature mapped to a reviewed archetype.,radroach
FalloutNV.esm|00167E62,FalloutNV.esm,00167E62,00167E62,FalloutNV.esm,VCrTier1RadroachMedPers,Radroach,,,unknown,Creatures\Radroach\skeleton.nif,VoiceDoNotRecordF [VTYP:00094EED],CrRadroach [CREA:0001CF7C],0,0,0,1,false,false,include_nonverbal,Reachable official non-verbal creature mapped to a reviewed archetype.,radroach
FalloutNV.esm|00167E64,FalloutNV.esm,00167E64,00167E64,FalloutNV.esm,VCrTier1RadscorpionSmallNR,Small Radscorpion,,,unknown,Creatures\Radscorpion\Skeleton.nif,VoiceDoNotRecordF [VTYP:00094EED],CrRadscorpion1Small [CREA:0001CF9D],0,0,0,2,false,false,include_nonverbal,Reachable official non-verbal creature mapped to a reviewed archetype.,small_radscorpion
FalloutNV.esm|00167E68,FalloutNV.esm,00167E68,00167E68,FalloutNV.esm,VCrTier2AntSoldierMedNR,Giant Soldier Ant,,,unknown,Creatures\GiantAnt\skeleton.nif,VoiceDoNotRecordF [VTYP:00094EED],CrAnt2Soldier [CREA:0001CF80],0,2,0,1,false,false,include_nonverbal,Reachable official non-verbal creature mapped to a reviewed archetype.,giant_soldier_ant
FalloutNV.esm|00167E6C,FalloutNV.esm,00167E6C,00167E6C,FalloutNV.esm,VCrTier2CentaurMedNRPers,Centaur,,,unknown,Creatures\Centaur\Skeleton.nif,VoiceDoNotRecordF [VTYP:00094EED],CrCentaur [CREA:0001CF90],0,0,0,1,false,false,include_nonverbal,Reachable official non-verbal creature mapped to a reviewed archetype.,centaur
FalloutNV.esm|00167E6D,FalloutNV.esm,00167E6D,00167E6D,FalloutNV.esm,VCrTier2CentaurMedNR,Centaur,,,unknown,Creatures\Centaur\Skeleton.nif,VoiceDoNotRecordF [VTYP:00094EED],CrCentaur [CREA:0001CF90],0,0,0,1,false,false,include_nonverbal,Reachable official non-verbal creature mapped to a reviewed archetype.,centaur
FalloutNV.esm|00167E6E,FalloutNV.esm,00167E6E,00167E6E,FalloutNV.esm,VCrTier2CentaurMedPers,Centaur,,,unknown,Creatures\Centaur\Skeleton.nif,VoiceDoNotRecordF [VTYP:00094EED],CrCentaur [CREA:0001CF90],0,0,0,1,false,false,include_nonverbal,Reachable official non-verbal creature mapped to a reviewed archetype.,centaur
FalloutNV.esm|00167E7E,FalloutNV.esm,00167E7E,00167E7E,TaleOfTwoWastelands.esm,VCrTier2GlowingTrooperGhoulNRPers,Glowing Trooper Ghoul,,,unknown,Creatures\Ghoul\Skeleton.nif,CreatureFeralGhoul [VTYP:0007AE96],,0,0,0,1,false,false,include_nonverbal,Reachable official non-verbal creature mapped to a reviewed archetype.,glowing_one
FalloutNV.esm|00167E7F,FalloutNV.esm,00167E7F,00167E7F,TaleOfTwoWastelands.esm,VCrTier2GlowingTrooperGhoulNR,Glowing Trooper Ghoul,,,unknown,Creatures\Ghoul\Skeleton.nif,CreatureFeralGhoul [VTYP:0007AE96],,0,0,0,1,false,false,include_nonverbal,Reachable official non-verbal creature mapped to a reviewed archetype.,glowing_one
FalloutNV.esm|00167E80,FalloutNV.esm,00167E80,00167E80,TaleOfTwoWastelands.esm,VCrTier2GlowingTrooperGhoulPers,Glowing Trooper Ghoul,,,unknown,Creatures\Ghoul\Skeleton.nif,CreatureFeralGhoul [VTYP:0007AE96],,0,0,0,1,false,false,include_nonverbal,Reachable official non-verbal creature mapped to a reviewed archetype.,glowing_one
FalloutNV.esm|00167E83,FalloutNV.esm,00167E83,00167E83,TaleOfTwoWastelands.esm,VCrTier2GoldenGeckoSmallNR,Young Golden Gecko,,,unknown,creatures\NVGecko\skeleton.nif,VoiceDoNotRecordF [VTYP:00094EED],NVCrGoldenGecko [CREA:00118D61],0,0,0,1,false,false,include_nonverbal,Reachable official non-verbal creature mapped to a reviewed archetype.,young_golden_gecko
FalloutNV.esm|00167E88,FalloutNV.esm,00167E88,00167E88,TaleOfTwoWastelands.esm,VCrTier2NightStalkerSmallNR,Young Nightstalker,,,unknown,creatures\NightStalker\Skeleton.nif,VoiceDoNotRecordF [VTYP:00094EED],NVCrNightStalker [CREA:00119E50],0,2,0,3,false,false,include_nonverbal,Reachable official non-verbal creature mapped to a reviewed archetype.,young_nightstalker
FalloutNV.esm|00167E8B,FalloutNV.esm,00167E8B,00167E8B,FalloutNV.esm,VCrTier2RadscorpionMedNR,Radscorpion,,,unknown,Creatures\Radscorpion\Skeleton.nif,VoiceDoNotRecordF [VTYP:00094EED],CrRadscorpion1Small [CREA:0001CF9D],0,0,0,6,false,false,include_nonverbal,Reachable official non-verbal creature mapped to a reviewed archetype.,radscorpion
FalloutNV.esm|00167E90,FalloutNV.esm,00167E90,00167E90,FalloutNV.esm,VCrTier3CazadorSmallNRPers,Young Cazador,,,unknown,creatures\NVCazadores\Skeleton.nif,VoiceDoNotRecordF [VTYP:00094EED],NVCrCazador [CREA:000E584D],0,0,0,2,false,false,include_nonverbal,Reachable official non-verbal creature mapped to a reviewed archetype.,young_cazador
FalloutNV.esm|00167E91,FalloutNV.esm,00167E91,00167E91,FalloutNV.esm,VCrTier3CazadorSmallPers,Young Cazador,,,unknown,creatures\NVCazadores\Skeleton.nif,VoiceDoNotRecordF [VTYP:00094EED],NVCrCazador [CREA:000E584D],0,0,0,2,false,false,include_nonverbal,Reachable official non-verbal creature mapped to a reviewed archetype.,young_cazador
FalloutNV.esm|00167E92,FalloutNV.esm,00167E92,00167E92,FalloutNV.esm,VCrTier3CazadorSmallNR,Young Cazador,,,unknown,creatures\NVCazadores\Skeleton.nif,VoiceDoNotRecordF [VTYP:00094EED],NVCrCazador [CREA:000E584D],0,2,0,5,false,false,include_nonverbal,Reachable official non-verbal creature mapped to a reviewed archetype.,young_cazador
FalloutNV.esm|00167E93,FalloutNV.esm,00167E93,00167E93,TaleOfTwoWastelands.esm,VCrTier3CentaurEvolvedMedNRPers,Evolved Centaur,,,unknown,creatures\centaur\skeletonEvolved.nif,VoiceDoNotRecordF [VTYP:00094EED],CrCentaurEvolved [CREA:000E5853],0,0,0,1,false,false,include_nonverbal,Reachable official non-verbal creature mapped to a reviewed archetype.,evolved_centaur
FalloutNV.esm|00167E94,FalloutNV.esm,00167E94,00167E94,TaleOfTwoWastelands.esm,VCrTier3CentaurEvolvedMedNR,Evolved Centaur,,,unknown,creatures\centaur\skeletonEvolved.nif,VoiceDoNotRecordF [VTYP:00094EED],CrCentaurEvolved [CREA:000E5853],0,0,0,1,false,false,include_nonverbal,Reachable official non-verbal creature mapped to a reviewed archetype.,evolved_centaur
FalloutNV.esm|00167E95,FalloutNV.esm,00167E95,00167E95,TaleOfTwoWastelands.esm,VCrTier3CentaurEvolvedMedPers,Evolved Centaur,,,unknown,creatures\centaur\skeletonEvolved.nif,VoiceDoNotRecordF [VTYP:00094EED],CrCentaurEvolved [CREA:000E5853],0,0,0,1,false,false,include_nonverbal,Reachable official non-verbal creature mapped to a reviewed archetype.,evolved_centaur
FalloutNV.esm|00167E96,FalloutNV.esm,00167E96,00167E96,FalloutNV.esm,VCrTier3DeathClawSmallNRPers,Young Deathclaw,,,unknown,Creatures\DeathClaw\Skeleton.nif,VoiceDoNotRecordF [VTYP:00094EED],CrDeathClawBaby [CREA:000E5850],0,0,0,1,false,false,include_nonverbal,Reachable official non-verbal creature mapped to a reviewed archetype.,young_deathclaw
FalloutNV.esm|00167E97,FalloutNV.esm,00167E97,00167E97,FalloutNV.esm,VCrTier3DeathClawSmallPers,Young Deathclaw,,,unknown,Creatures\DeathClaw\Skeleton.nif,VoiceDoNotRecordF [VTYP:00094EED],CrDeathClawBaby [CREA:000E5850],0,0,0,1,false,false,include_nonverbal,Reachable official non-verbal creature mapped to a reviewed archetype.,young_deathclaw
FalloutNV.esm|00167E98,FalloutNV.esm,00167E98,00167E98,FalloutNV.esm,VCrTier3DeathClawSmallNR,Young Deathclaw,,,unknown,Creatures\DeathClaw\Skeleton.nif,VoiceDoNotRecordF [VTYP:00094EED],CrDeathClawBaby [CREA:000E5850],0,0,0,2,false,false,include_nonverbal,Reachable official non-verbal creature mapped to a reviewed archetype.,young_deathclaw
FalloutNV.esm|00167E9B,FalloutNV.esm,00167E9B,00167E9B,FalloutNV.esm,VCrTier3FireAntSoldierMedPers,Fire Ant Soldier,,,unknown,Creatures\GiantAnt\skeleton.nif,VoiceDoNotRecordF [VTYP:00094EED],,0,2,0,1,false,false,include_nonverbal,Reachable official non-verbal creature mapped to a reviewed archetype.,fire_ant_soldier
FalloutNV.esm|00167E9D,FalloutNV.esm,00167E9D,00167E9D,TaleOfTwoWastelands.esm,VCrTier3FireGeckoSmallNR,Young Fire Gecko,,,unknown,creatures\NVGecko\skeleton.nif,VoiceDoNotRecordF [VTYP:00094EED],NVCrFireGecko [CREA:00113246],0,0,0,6,false,false,include_nonverbal,Reachable official non-verbal creature mapped to a reviewed archetype.,young_fire_gecko
FalloutNV.esm|00167EA6,FalloutNV.esm,00167EA6,00167EA6,FalloutNV.esm,VCrTier3GiantRadscorpionMedNR,Giant Radscorpion,,,unknown,Creatures\Radscorpion\Skeleton.nif,VoiceDoNotRecordF [VTYP:00094EED],CrRadscorpion2Large [CREA:0001CF9E],0,0,0,2,false,false,include_nonverbal,Reachable official non-verbal creature mapped to a reviewed archetype.,giant_radscorpion
FalloutNV.esm|00167EAB,FalloutNV.esm,00167EAB,00167EAB,FalloutNV.esm,VCrTier3LakelurkMedNRPers,Lakelurk,,,unknown,Creatures\MirelurkKing\Skeleton.nif,VoiceDoNotRecordF [VTYP:00094EED],NVCrLakelurk [CREA:0014F44B],0,0,0,1,false,false,include_nonverbal,Reachable official non-verbal creature mapped to a reviewed archetype.,mirelurk
FalloutNV.esm|00167EAC,FalloutNV.esm,00167EAC,00167EAC,FalloutNV.esm,VCrTier3LakelurkMedNR,Lakelurk,,,unknown,Creatures\MirelurkKing\Skeleton.nif,VoiceDoNotRecordF [VTYP:00094EED],NVCrLakelurk [CREA:0014F44B],0,0,0,1,false,false,include_nonverbal,Reachable official non-verbal creature mapped to a reviewed archetype.,mirelurk
FalloutNV.esm|00167EAD,FalloutNV.esm,00167EAD,00167EAD,FalloutNV.esm,VCrTier3LakelurkMedPers,Lakelurk,,,unknown,Creatures\MirelurkKing\Skeleton.nif,VoiceDoNotRecordF [VTYP:00094EED],NVCrLakelurk [CREA:0014F44B],0,0,0,1,false,false,include_nonverbal,Reachable official non-verbal creature mapped to a reviewed archetype.,mirelurk
FalloutNV.esm|00167EAE,FalloutNV.esm,00167EAE,00167EAE,FalloutNV.esm,VCrTier4CazadorMedNRPers,Cazador,,,unknown,creatures\NVCazadores\Skeleton.nif,VoiceDoNotRecordF [VTYP:00094EED],NVCrCazador [CREA:000E584D],0,0,0,2,false,false,include_nonverbal,Reachable official non-verbal creature mapped to a reviewed archetype.,cazador
FalloutNV.esm|00167EAF,FalloutNV.esm,00167EAF,00167EAF,YUPTTW.esm,VCrTier4CazadorMedPers,Cazador,,,unknown,creatures\NVCazadores\Skeleton.nif,VoiceDoNotRecordF [VTYP:00094EED],NVCrCazador [CREA:000E584D],0,0,0,2,false,false,include_nonverbal,Reachable official non-verbal creature mapped to a reviewed archetype.,cazador
FalloutNV.esm|00167EB0,FalloutNV.esm,00167EB0,00167EB0,YUPTTW.esm,VCrTier4CazadorMedNR,Cazador,,,unknown,creatures\NVCazadores\Skeleton.nif,VoiceDoNotRecordF [VTYP:00094EED],NVCrCazador [CREA:000E584D],0,2,0,5,false,false,include_nonverbal,Reachable official non-verbal creature mapped to a reviewed archetype.,cazador
FalloutNV.esm|00167EB1,FalloutNV.esm,00167EB1,00167EB1,FalloutNV.esm,VCrTier4DeathClawMedNRPers,Deathclaw,,,unknown,Creatures\DeathClaw\Skeleton.nif,VoiceDoNotRecordF [VTYP:00094EED],CrDeathClaw [CREA:0001CF9A],0,0,0,2,false,false,include_nonverbal,Reachable official non-verbal creature mapped to a reviewed archetype.,deathclaw
FalloutNV.esm|00167EB2,FalloutNV.esm,00167EB2,00167EB2,FalloutNV.esm,VCrTier4DeathClawMedNR,Deathclaw,,,unknown,Creatures\DeathClaw\Skeleton.nif,VoiceDoNotRecordF [VTYP:00094EED],CrDeathClaw [CREA:0001CF9A],0,2,0,3,false,false,include_nonverbal,Reachable official non-verbal creature mapped to a reviewed archetype.,deathclaw
FalloutNV.esm|00167EB3,FalloutNV.esm,00167EB3,00167EB3,FalloutNV.esm,VCrTier4DeathClawMedPers,Deathclaw,,,unknown,Creatures\DeathClaw\Skeleton.nif,VoiceDoNotRecordF [VTYP:00094EED],CrDeathClaw [CREA:0001CF9A],0,0,0,2,false,false,include_nonverbal,Reachable official non-verbal creature mapped to a reviewed archetype.,deathclaw
FalloutNV.esm|00167EB8,FalloutNV.esm,00167EB8,00167EB8,FalloutNV.esm,VCrTier4FireGeckoMedNR,Fire Gecko,,,unknown,creatures\NVGecko\skeleton.nif,VoiceDoNotRecordF [VTYP:00094EED],NVCrFireGecko [CREA:00113246],0,0,0,2,false,false,include_nonverbal,Reachable official non-verbal creature mapped to a reviewed archetype.,fire_gecko
FalloutNV.esm|00167EBF,FalloutNV.esm,00167EBF,00167EBF,TaleOfTwoWastelands.esm,VCrTier4NightStalkerMedNR,Nightstalker,,,unknown,creatures\NightStalker\Skeleton.nif,VoiceDoNotRecordF [VTYP:00094EED],NVCrNightStalker [CREA:00119E50],0,2,0,3,false,false,include_nonverbal,Reachable official non-verbal creature mapped to a reviewed archetype.,nightstalker
FalloutNV.esm|00167EC0,FalloutNV.esm,00167EC0,00167EC0,TaleOfTwoWastelands.esm,VCrTier5DeathClawLarge01,Deathclaw Alpha Male,,,unknown,Creatures\DeathClaw\Skeleton.nif,VoiceDoNotRecordF [VTYP:00094EED],CrDeathClawAlpha [CREA:000E584F],0,0,0,2,false,false,include_nonverbal,Reachable official non-verbal creature mapped to a reviewed archetype.,deathclaw_alpha
FalloutNV.esm|00167EC1,FalloutNV.esm,00167EC1,00167EC1,TaleOfTwoWastelands.esm,VCrTier5DeathClawLarge02,Deathclaw Alpha Male,,,unknown,Creatures\DeathClaw\Skeleton.nif,VoiceDoNotRecordF [VTYP:00094EED],CrDeathClawAlphaVariant [CREA:000E62FB],0,0,0,4,false,false,include_nonverbal,Reachable official non-verbal creature mapped to a reviewed archetype.,deathclaw_alpha
FalloutNV.esm|00167EC2,FalloutNV.esm,00167EC2,00167EC2,TaleOfTwoWastelands.esm,VCrTier5DeathClawLarge03,Deathclaw Mother,,,unknown,Creatures\DeathClaw\Skeleton.nif,VoiceDoNotRecordF [VTYP:00094EED],CrDeathClawMother [CREA:000E5851],0,0,0,2,false,false,include_nonverbal,Reachable official non-verbal creature mapped to a reviewed archetype.,deathclaw_mother
FalloutNV.esm|00167EC3,FalloutNV.esm,00167EC3,00167EC3,TaleOfTwoWastelands.esm,VCrTier5DeathClawLarge01NRPers,Deathclaw Alpha Male,,,unknown,Creatures\DeathClaw\Skeleton.nif,VoiceDoNotRecordF [VTYP:00094EED],CrDeathClawAlpha [CREA:000E584F],0,0,0,2,false,false,include_nonverbal,Reachable official non-verbal creature mapped to a reviewed archetype.,deathclaw_alpha
FalloutNV.esm|00167EC4,FalloutNV.esm,00167EC4,00167EC4,TaleOfTwoWastelands.esm,VCrTier5DeathClawLarge01NR,Deathclaw Alpha Male,,,unknown,Creatures\DeathClaw\Skeleton.nif,VoiceDoNotRecordF [VTYP:00094EED],CrDeathClawAlpha [CREA:000E584F],0,0,0,2,false,false,include_nonverbal,Reachable official non-verbal creature mapped to a reviewed archetype.,deathclaw_alpha
FalloutNV.esm|00167EC5,FalloutNV.esm,00167EC5,00167EC5,TaleOfTwoWastelands.esm,VCrTier5DeathClawLarge01Pers,Deathclaw Alpha Male,,,unknown,Creatures\DeathClaw\Skeleton.nif,VoiceDoNotRecordF [VTYP:00094EED],CrDeathClawAlpha [CREA:000E584F],0,0,0,2,false,false,include_nonverbal,Reachable official non-verbal creature mapped to a reviewed archetype.,deathclaw_alpha
FalloutNV.esm|00167EC6,FalloutNV.esm,00167EC6,00167EC6,TaleOfTwoWastelands.esm,VCrTier5DeathClawLarge02NRPers,Deathclaw Alpha Male,,,unknown,Creatures\DeathClaw\Skeleton.nif,VoiceDoNotRecordF [VTYP:00094EED],CrDeathClawAlphaVariant [CREA:000E62FB],0,0,0,2,false,false,include_nonverbal,Reachable official non-verbal creature mapped to a reviewed archetype.,deathclaw_alpha
FalloutNV.esm|00167EC7,FalloutNV.esm,00167EC7,00167EC7,TaleOfTwoWastelands.esm,VCrTier5DeathClawLarge02NR,Deathclaw Alpha Male,,,unknown,Creatures\DeathClaw\Skeleton.nif,VoiceDoNotRecordF [VTYP:00094EED],CrDeathClawAlphaVariant [CREA:000E62FB],0,0,0,2,false,false,include_nonverbal,Reachable official non-verbal creature mapped to a reviewed archetype.,deathclaw_alpha
FalloutNV.esm|00167EC8,FalloutNV.esm,00167EC8,00167EC8,TaleOfTwoWastelands.esm,VCrTier5DeathClawLarge02Pers,Deathclaw Alpha Male,,,unknown,Creatures\DeathClaw\Skeleton.nif,VoiceDoNotRecordF [VTYP:00094EED],CrDeathClawAlphaVariant [CREA:000E62FB],0,0,0,2,false,false,include_nonverbal,Reachable official non-verbal creature mapped to a reviewed archetype.,deathclaw_alpha
FalloutNV.esm|00167EC9,FalloutNV.esm,00167EC9,00167EC9,TaleOfTwoWastelands.esm,VCrTier5DeathClawLarge03NRPers,Deathclaw Mother,,,unknown,Creatures\DeathClaw\Skeleton.nif,VoiceDoNotRecordF [VTYP:00094EED],CrDeathClawMother [CREA:000E5851],0,0,0,2,false,false,include_nonverbal,Reachable official non-verbal creature mapped to a reviewed archetype.,deathclaw_mother
FalloutNV.esm|00167ECA,FalloutNV.esm,00167ECA,00167ECA,TaleOfTwoWastelands.esm,VCrTier5DeathClawLarge03NR,Deathclaw Mother,,,unknown,Creatures\DeathClaw\Skeleton.nif,VoiceDoNotRecordF [VTYP:00094EED],CrDeathClawMother [CREA:000E5851],0,0,0,6,false,false,include_nonverbal,Reachable official non-verbal creature mapped to a reviewed archetype.,deathclaw_mother
FalloutNV.esm|00167ECB,FalloutNV.esm,00167ECB,00167ECB,TaleOfTwoWastelands.esm,VCrTier5DeathClawLarge03Pers,Deathclaw Mother,,,unknown,Creatures\DeathClaw\Skeleton.nif,VoiceDoNotRecordF [VTYP:00094EED],CrDeathClawMother [CREA:000E5851],0,0,0,2,false,false,include_nonverbal,Reachable official non-verbal creature mapped to a reviewed archetype.,deathclaw_mother
FalloutNV.esm|00167ECC,FalloutNV.esm,00167ECC,00167ECC,TaleOfTwoWastelands.esm,VCrTier1FeralGhoul1A,Feral Ghoul,,,unknown,Creatures\Ghoul\Skeleton.nif,CreatureFeralGhoul [VTYP:0007AE96],,0,7,0,13,false,false,include_nonverbal,Reachable official non-verbal creature mapped to a reviewed archetype.,feral_ghoul
FalloutNV.esm|00167ECD,FalloutNV.esm,00167ECD,00167ECD,TaleOfTwoWastelands.esm,VCrTier1FeralGhoul1B,Feral Ghoul,,,unknown,Creatures\Ghoul\Skeleton.nif,CreatureFeralGhoul [VTYP:0007AE96],VCrTier1FeralGhoul1A [CREA:00167ECC],0,5,0,2,false,false,include_nonverbal,Reachable official non-verbal creature mapped to a reviewed archetype.,feral_ghoul
FalloutNV.esm|00167ECE,FalloutNV.esm,00167ECE,00167ECE,FalloutNV.esm,VCrTier2FeralGhoul2A,Feral Ghoul Roamer,,,unknown,Creatures\Ghoul\Skeleton.nif,CreatureFeralGhoul [VTYP:0007AE96],,0,2,0,13,false,false,include_nonverbal,Reachable official non-verbal creature mapped to a reviewed archetype.,feral_ghoul_roamer
FalloutNV.esm|00167ECF,FalloutNV.esm,00167ECF,00167ECF,TaleOfTwoWastelands.esm,VCrTier2FeralGhoul2B,Feral Ghoul Roamer,,,unknown,Creatures\Ghoul\Skeleton.nif,CreatureFeralGhoul [VTYP:0007AE96],VCrTier2FeralGhoul2A [CREA:00167ECE],0,2,0,2,false,false,include_nonverbal,Reachable official non-verbal creature mapped to a reviewed archetype.,feral_ghoul_roamer
FalloutNV.esm|00167ED0,FalloutNV.esm,00167ED0,00167ED0,TaleOfTwoWastelands.esm,VCrTier3FeralGhoulGlowingOne,Glowing One,,,unknown,Creatures\Ghoul\Skeleton.nif,CreatureFeralGhoul [VTYP:0007AE96],,0,11,0,7,false,false,include_nonverbal,Reachable official non-verbal creature mapped to a reviewed archetype.,glowing_one
FalloutNV.esm|00167ED2,FalloutNV.esm,00167ED2,00167ED2,FalloutNV.esm,VCrTier0CrMisterGutsy,Mister Gutsy,,,unknown,Creatures\MisterGutsy\Skeleton.nif,RobotMisterGutsy [VTYP:00019FDD],,0,0,0,2,false,false,exclude_not_actor,Robot or automated turret reserved for the robot pass.,
FalloutNV.esm|00167ED7,FalloutNV.esm,00167ED7,00167ED7,TaleOfTwoWastelands.esm,VCrTier4FeralGhoul4A,Feral Ghoul Reaver,,,unknown,Creatures\Ghoul\Skeleton.nif,CreatureFeralGhoul [VTYP:0007AE96],,0,11,0,10,false,false,include_nonverbal,Reachable official non-verbal creature mapped to a reviewed archetype.,feral_ghoul_reaver
FalloutNV.esm|00167ED9,FalloutNV.esm,00167ED9,00167ED9,TaleOfTwoWastelands.esm,VCrTier1FeralGhoul1BPers,Feral Ghoul,,,unknown,Creatures\Ghoul\Skeleton.nif,CreatureFeralGhoul [VTYP:0007AE96],VCrTier1FeralGhoul1A [CREA:00167ECC],0,2,0,1,false,false,include_nonverbal,Reachable official non-verbal creature mapped to a reviewed archetype.,feral_ghoul
FalloutNV.esm|00167EDB,FalloutNV.esm,00167EDB,00167EDB,FalloutNV.esm,VCrTier2FeralGhoul2ANRPers,Feral Ghoul Roamer,,,unknown,Creatures\Ghoul\Skeleton.nif,CreatureFeralGhoul [VTYP:0007AE96],VCrTier2FeralGhoul2A [CREA:00167ECE],0,0,0,1,false,false,include_nonverbal,Reachable official non-verbal creature mapped to a reviewed archetype.,feral_ghoul_roamer
FalloutNV.esm|00167EDC,FalloutNV.esm,00167EDC,00167EDC,FalloutNV.esm,VCrTier2FeralGhoul2ANR,Feral Ghoul Roamer,,,unknown,Creatures\Ghoul\Skeleton.nif,CreatureFeralGhoul [VTYP:0007AE96],VCrTier2FeralGhoul2A [CREA:00167ECE],0,0,0,5,false,false,include_nonverbal,Reachable official non-verbal creature mapped to a reviewed archetype.,feral_ghoul_roamer
FalloutNV.esm|00167EDD,FalloutNV.esm,00167EDD,00167EDD,FalloutNV.esm,VCrTier2FeralGhoul2APers,Feral Ghoul Roamer,,,unknown,Creatures\Ghoul\Skeleton.nif,CreatureFeralGhoul [VTYP:0007AE96],VCrTier2FeralGhoul2A [CREA:00167ECE],0,2,0,2,false,false,include_nonverbal,Reachable official non-verbal creature mapped to a reviewed archetype.,feral_ghoul_roamer
FalloutNV.esm|00167EDE,FalloutNV.esm,00167EDE,00167EDE,TaleOfTwoWastelands.esm,VCrTier2FeralGhoul2BNR,Feral Ghoul Roamer,,,unknown,Creatures\Ghoul\Skeleton.nif,CreatureFeralGhoul [VTYP:0007AE96],VCrTier2FeralGhoul2A [CREA:00167ECE],0,0,0,6,false,false,include_nonverbal,Reachable official non-verbal creature mapped to a reviewed archetype.,feral_ghoul_roamer
FalloutNV.esm|00167EDF,FalloutNV.esm,00167EDF,00167EDF,TaleOfTwoWastelands.esm,VCrTier2FeralGhoul2BNRPers,Feral Ghoul Roamer,,,unknown,Creatures\Ghoul\Skeleton.nif,CreatureFeralGhoul [VTYP:0007AE96],VCrTier2FeralGhoul2A [CREA:00167ECE],0,0,0,1,false,false,include_nonverbal,Reachable official non-verbal creature mapped to a reviewed archetype.,feral_ghoul_roamer
FalloutNV.esm|00167EE0,FalloutNV.esm,00167EE0,00167EE0,TaleOfTwoWastelands.esm,VCrTier2FeralGhoul2BPers,Feral Ghoul Roamer,,,unknown,Creatures\Ghoul\Skeleton.nif,CreatureFeralGhoul [VTYP:0007AE96],VCrTier2FeralGhoul2A [CREA:00167ECE],0,2,0,2,false,false,include_nonverbal,Reachable official non-verbal creature mapped to a reviewed archetype.,feral_ghoul_roamer
FalloutNV.esm|00167EE3,FalloutNV.esm,00167EE3,00167EE3,FalloutNV.esm,VCrTier1FeralGhoul1APers,Feral Ghoul,,,unknown,Creatures\Ghoul\Skeleton.nif,CreatureFeralGhoul [VTYP:0007AE96],VCrTier1FeralGhoul1A [CREA:00167ECC],0,2,0,1,false,false,include_nonverbal,Reachable official non-verbal creature mapped to a reviewed archetype.,feral_ghoul
FalloutNV.esm|00167EE4,FalloutNV.esm,00167EE4,00167EE4,FalloutNV.esm,VCrTier3FeralGhoulGlowingOneNRPers,Glowing One,,,unknown,Creatures\Ghoul\Skeleton.nif,CreatureFeralGhoul [VTYP:0007AE96],VCrTier3FeralGhoulGlowingOne [CREA:00167ED0],0,0,0,1,false,false,include_nonverbal,Reachable official non-verbal creature mapped to a reviewed archetype.,glowing_one
FalloutNV.esm|00167EE5,FalloutNV.esm,00167EE5,00167EE5,FalloutNV.esm,VCrTier3FeralGhoulGlowingOnePers,Glowing One,,,unknown,Creatures\Ghoul\Skeleton.nif,CreatureFeralGhoul [VTYP:0007AE96],VCrTier3FeralGhoulGlowingOne [CREA:00167ED0],0,0,0,1,false,false,include_nonverbal,Reachable official non-verbal creature mapped to a reviewed archetype.,glowing_one
FalloutNV.esm|00167EE6,FalloutNV.esm,00167EE6,00167EE6,FalloutNV.esm,VCrTier3FeralGhoulGlowingOneNR,Glowing One,,,unknown,Creatures\Ghoul\Skeleton.nif,CreatureFeralGhoul [VTYP:0007AE96],VCrTier3FeralGhoulGlowingOne [CREA:00167ED0],0,0,0,3,false,false,include_nonverbal,Reachable official non-verbal creature mapped to a reviewed archetype.,glowing_one
FalloutNV.esm|00167EE7,FalloutNV.esm,00167EE7,00167EE7,FalloutNV.esm,VCrTier0CrMisterGutsyNRPers,Mister Gutsy,,,unknown,Creatures\MisterGutsy\Skeleton.nif,RobotMisterGutsy [VTYP:00019FDD],,0,0,0,2,false,false,exclude_not_actor,Robot or automated turret reserved for the robot pass.,
FalloutNV.esm|00167EE8,FalloutNV.esm,00167EE8,00167EE8,FalloutNV.esm,VCrTier0CrMisterGutsyNR,Mister Gutsy,,,unknown,Creatures\MisterGutsy\Skeleton.nif,RobotMisterGutsy [VTYP:00019FDD],,0,0,0,2,false,false,exclude_not_actor,Robot or automated turret reserved for the robot pass.,
FalloutNV.esm|00167EE9,FalloutNV.esm,00167EE9,00167EE9,FalloutNV.esm,VCrTier0CrMisterGutsyPers,Mister Gutsy,,,unknown,Creatures\MisterGutsy\Skeleton.nif,RobotMisterGutsy [VTYP:00019FDD],,0,0,0,2,false,false,exclude_not_actor,Robot or automated turret reserved for the robot pass.,
FalloutNV.esm|00167EFD,FalloutNV.esm,00167EFD,00167EFD,FalloutNV.esm,VCrUniqueTier5FireGeckoLargeNRPers,Legendary Fire Gecko,,,unknown,creatures\NVGecko\skeleton.nif,VoiceDoNotRecordF [VTYP:00094EED],NVCrFireGecko [CREA:00113246],0,0,0,2,false,false,include_nonverbal,Reachable official non-verbal creature mapped to a reviewed archetype.,legendary_fire_gecko
FalloutNV.esm|00167EFE,FalloutNV.esm,00167EFE,00167EFE,TaleOfTwoWastelands.esm,VCrUniqueTier5NightStalkerLargeNRPers,Legendary Nightstalker,,,unknown,creatures\NightStalker\Skeleton.nif,VoiceDoNotRecordF [VTYP:00094EED],NVCrNightStalker [CREA:00119E50],0,0,0,2,false,false,include_nonverbal,Reachable official non-verbal creature mapped to a reviewed archetype.,legendary_nightstalker
FalloutNV.esm|00167EFF,FalloutNV.esm,00167EFF,00167EFF,TaleOfTwoWastelands.esm,VCrUniqueTier5DeathClawLarge01NRPers,Legendary Deathclaw,,,unknown,Creatures\DeathClaw\Skeleton.nif,VoiceDoNotRecordF [VTYP:00094EED],CrDeathClawAlpha [CREA:000E584F],0,0,0,5,false,false,include_nonverbal,Reachable official non-verbal creature mapped to a reviewed archetype.,legendary_deathclaw
FalloutNV.esm|00167F01,FalloutNV.esm,00167F01,00167F01,TaleOfTwoWastelands.esm,VCrTier4FeralGhoul4ANRPers,Feral Ghoul Reaver,,,unknown,Creatures\Ghoul\Skeleton.nif,CreatureFeralGhoul [VTYP:0007AE96],VCrTier4FeralGhoul4A [CREA:00167ED7],0,0,0,1,false,false,include_nonverbal,Reachable official non-verbal creature mapped to a reviewed archetype.,feral_ghoul_reaver
FalloutNV.esm|00167F02,FalloutNV.esm,00167F02,00167F02,TaleOfTwoWastelands.esm,VCrTier4FeralGhoul4ANR,Feral Ghoul Reaver,,,unknown,Creatures\Ghoul\Skeleton.nif,CreatureFeralGhoul [VTYP:0007AE96],VCrTier4FeralGhoul4A [CREA:00167ED7],0,0,0,2,false,false,include_nonverbal,Reachable official non-verbal creature mapped to a reviewed archetype.,feral_ghoul_reaver
FalloutNV.esm|00167F03,FalloutNV.esm,00167F03,00167F03,TaleOfTwoWastelands.esm,VCrTier4FeralGhoul4APers,Feral Ghoul Reaver,,,unknown,Creatures\Ghoul\Skeleton.nif,CreatureFeralGhoul [VTYP:0007AE96],VCrTier4FeralGhoul4A [CREA:00167ED7],0,0,0,1,false,false,include_nonverbal,Reachable official non-verbal creature mapped to a reviewed archetype.,feral_ghoul_reaver
FalloutNV.esm|001689D4,FalloutNV.esm,001689D4,001689D4,FalloutNV.esm,VSpawnTier1RadroachMedNR,,,,unknown,,,VEncTier1RadroachMedNR [LVLC:001689DB],0,0,0,4,false,false,exclude_not_actor,Ambient/scenery actor or record without a usable identity.,
FalloutNV.esm|001689D5,FalloutNV.esm,001689D5,001689D5,FalloutNV.esm,VSpawnTier1AntWorkerMedNR,,,,unknown,,,VEncTier1AntWorkerMedNR [LVLC:001689DF],0,0,0,2,false,false,exclude_not_actor,Ambient/scenery actor or record without a usable identity.,
FalloutNV.esm|001689D6,FalloutNV.esm,001689D6,001689D6,FalloutNV.esm,VSpawnTier2AntSoldierMedNR,,,,unknown,,,VEncTier2AntSoldierMedNR [LVLC:001689DC],0,0,0,1,false,false,exclude_not_actor,Ambient/scenery actor or record without a usable identity.,
FalloutNV.esm|001689D7,FalloutNV.esm,001689D7,001689D7,TaleOfTwoWastelands.esm,VSpawnSpecialTier4NightStalkerMedBloodborneINT,Nightstalker,,,unknown,creatures\NightStalker\Skeleton.nif,VoiceDoNotRecordF [VTYP:00094EED],VCrTier4NightStalkerMedNR [CREA:00167EBF],0,0,0,6,false,false,include_nonverbal,Reachable official non-verbal creature mapped to a reviewed archetype.,nightstalker
FalloutNV.esm|001689D8,FalloutNV.esm,001689D8,001689D8,TaleOfTwoWastelands.esm,VSpawnSpecialTier2NightStalkerSmallBloodborneINT,Young Nightstalker,,,unknown,creatures\NightStalker\Skeleton.nif,VoiceDoNotRecordF [VTYP:00094EED],VCrTier2NightStalkerSmallNR [CREA:00167E88],0,0,0,4,false,false,include_nonverbal,Reachable official non-verbal creature mapped to a reviewed archetype.,young_nightstalker
FalloutNV.esm|001689D9,FalloutNV.esm,001689D9,001689D9,FalloutNV.esm,VSpawnSpecialTier4CazadorMedBloodborne,,,,unknown,,,VEncTier4CazadorMedNR [LVLC:001689DE],0,0,0,5,false,false,exclude_not_actor,Ambient/scenery actor or record without a usable identity.,
FalloutNV.esm|001689DA,FalloutNV.esm,001689DA,001689DA,FalloutNV.esm,VSpawnSpecialTier3CazadorSmallBloodborne,,,,unknown,,,VEncTier3CazadorSmallNR [LVLC:001689E0],0,0,0,3,false,false,exclude_not_actor,Ambient/scenery actor or record without a usable identity.,
FalloutNV.esm|00168A83,FalloutNV.esm,00168A83,00168A83,YUPTTW.esm,VNovacCrBrahminPackA,Brahmin,,,unknown,Creatures\Brahmin\Skeleton.nif,VoiceDoNotRecordF [VTYP:00094EED],CrBrahmin [CREA:0001CFA2],0,0,0,1,false,false,include_nonverbal,Reachable official non-verbal creature mapped to a reviewed archetype.,brahmin
FalloutNV.esm|00168AEB,FalloutNV.esm,00168AEB,00168AEB,FalloutNV.esm,VSpawnSpecialTier2AntSoldierMedIvanpah03,,,,unknown,,,VEncTier2AntSoldierMed [LVLC:00156794],0,0,0,2,false,false,exclude_not_actor,Ambient/scenery actor or record without a usable identity.,
FalloutNV.esm|00168B06,FalloutNV.esm,00168B06,00168B06,FalloutNV.esm,VSpawnTier4CazadorMedNR,,,,unknown,,,VEncTier4CazadorMedNR [LVLC:001689DE],0,0,0,4,false,false,exclude_not_actor,Ambient/scenery actor or record without a usable identity.,
FalloutNV.esm|00168B07,FalloutNV.esm,00168B07,00168B07,FalloutNV.esm,VSpawnTier3CazadorSmallNR,,,,unknown,,,VEncTier3CazadorSmallNR [LVLC:001689E0],0,0,0,5,false,false,exclude_not_actor,Ambient/scenery actor or record without a usable identity.,
FalloutNV.esm|00168B08,FalloutNV.esm,00168B08,00168B08,FalloutNV.esm,VSpawnTier4DeathclawMedNR,,,,unknown,,,VEncTier4DeathclawMedNR [LVLC:00168B17],0,0,0,3,false,false,exclude_not_actor,Ambient/scenery actor or record without a usable identity.,
FalloutNV.esm|00168B09,FalloutNV.esm,00168B09,00168B09,FalloutNV.esm,VSpawnTier2FeralGhoulMed,,,,unknown,,,VEncTier2FeralGhoulMed [LVLC:00168B1B],0,0,0,5,false,false,exclude_not_actor,Ambient/scenery actor or record without a usable identity.,
FalloutNV.esm|00168B0A,FalloutNV.esm,00168B0A,00168B0A,FalloutNV.esm,VSpawnTier2FeralGhoulMedPers,,,,unknown,,,VEncTier2FeralGhoulMedPers [LVLC:00168B16],0,0,0,3,false,false,exclude_not_actor,Ambient/scenery actor or record without a usable identity.,
FalloutNV.esm|00168B0B,FalloutNV.esm,00168B0B,00168B0B,FalloutNV.esm,VSpawnTier2FeralGhoulMed50,,,,unknown,,,VEncTier2FeralGhoulMed50 [LVLC:00168B19],0,0,0,26,false,false,exclude_not_actor,Ambient/scenery actor or record without a usable identity.,
FalloutNV.esm|00168B0D,FalloutNV.esm,00168B0D,00168B0D,FalloutNV.esm,VSpawnTier1FeralGhoulMed50,,,,unknown,,,VEncTier1FeralGhoulMed50 [LVLC:00168B14],0,0,0,6,false,false,exclude_not_actor,Ambient/scenery actor or record without a usable identity.,
FalloutNV.esm|00168B0E,FalloutNV.esm,00168B0E,00168B0E,FalloutNV.esm,VSpawnTier1FeralGhoulMedPers,,,,unknown,,,VEncTier1FeralGhoulMedPers [LVLC:00168B13],0,0,0,4,false,false,exclude_not_actor,Ambient/scenery actor or record without a usable identity.,
FalloutNV.esm|00168BD8,FalloutNV.esm,00168BD8,00168BD8,FalloutNV.esm,VSpawnSpecialTier2FireAntWorker02MedElDorado,,,,unknown,,,VEncTier2FireAntWorkerMed75 [LVLC:0015A895],0,0,0,6,false,false,exclude_not_actor,Ambient/scenery actor or record without a usable identity.,
FalloutNV.esm|00168BD9,FalloutNV.esm,00168BD9,00168BD9,FalloutNV.esm,VSpawnTier1BloatFlyMedNR,,,,unknown,,,VEncTier1BloatFlyMedNR [LVLC:00168BDB],0,0,0,4,false,false,exclude_not_actor,Ambient/scenery actor or record without a usable identity.,
FalloutNV.esm|00168BDA,FalloutNV.esm,00168BDA,00168BDA,FalloutNV.esm,VSpawnSpecialTier3FireAntSoldier02MedElDorado,,,,unknown,,,VEncTier3FireAntSoldierMedPers [LVLC:00168BDC],0,0,0,4,false,false,exclude_not_actor,Ambient/scenery actor or record without a usable identity.,
FalloutNV.esm|00168D00,FalloutNV.esm,00168D00,00168D00,FalloutNV.esm,VSpawnTier3GlowingGhoulMed75,,,,unknown,,,VEncTier3GlowingGhoulMed75 [LVLC:00168D17],0,0,0,7,false,false,exclude_not_actor,Ambient/scenery actor or record without a usable identity.,
FalloutNV.esm|00168D01,FalloutNV.esm,00168D01,00168D01,FalloutNV.esm,VSpawnSpecialTier1BigHornerSmallGolfHerd,,,,unknown,,,VEncTier1BigHornerSmall [LVLC:001567AF],0,0,0,2,false,false,exclude_not_actor,Ambient/scenery actor or record without a usable identity.,
FalloutNV.esm|00168D02,FalloutNV.esm,00168D02,00168D02,FalloutNV.esm,VSpawnSpecialTier2BigHornerMedGolfHerd,,,,unknown,,,VEncTier2BigHornerMed [LVLC:00156795],0,0,0,3,false,false,exclude_not_actor,Ambient/scenery actor or record without a usable identity.,
FalloutNV.esm|00168D03,FalloutNV.esm,00168D03,00168D03,FalloutNV.esm,VSpawnSpecialTier3BigHornerLargeGolfHerd,,,,unknown,,,VEncTier3BigHornerLarge [LVLC:0015979F],0,0,0,1,false,false,exclude_not_actor,Ambient/scenery actor or record without a usable identity.,
FalloutNV.esm|00168D04,FalloutNV.esm,00168D04,00168D04,FalloutNV.esm,VSpawnSpecialTier1CoyoteMedGolf,,,,unknown,,,VEncTier1CoyoteMedPers [LVLC:00168D12],0,0,0,2,false,false,exclude_not_actor,Ambient/scenery actor or record without a usable identity.,
FalloutNV.esm|00168D05,FalloutNV.esm,00168D05,00168D05,LonesomeRoad.esm,VSpawnSpecialTier1CoyoteMed75Golf,,,,unknown,,,VEncTier1CoyoteMed75 [LVLC:0015C6C8],0,0,0,1,false,false,exclude_not_actor,Ambient/scenery actor or record without a usable identity.,
FalloutNV.esm|00168D06,FalloutNV.esm,00168D06,00168D06,FalloutNV.esm,VSpawnSpecialTier1CoyoteMed50Golf,,,,unknown,,,VEncTier1CoyoteMed50 [LVLC:00158188],0,0,0,2,false,false,exclude_not_actor,Ambient/scenery actor or record without a usable identity.,
FalloutNV.esm|00168D07,FalloutNV.esm,00168D07,00168D07,FalloutNV.esm,VSpawnSpecialTier1CoyoteSmallGolf,,,,unknown,,,VEncTier1CoyoteSmallPers [LVLC:00168D13],0,0,0,1,false,false,exclude_not_actor,Ambient/scenery actor or record without a usable identity.,
FalloutNV.esm|00168D08,FalloutNV.esm,00168D08,00168D08,FalloutNV.esm,VSpawnSpecialTier1CoyoteDenMotherGolf,Coyote Den Mother,,,unknown,Creatures\Dog\Skeleton.nif,VoiceDoNotRecordF [VTYP:00094EED],VCrTier1CoyoteDenMotherPers [CREA:00167E3A],0,0,0,1,false,false,include_nonverbal,Reachable official non-verbal creature mapped to a reviewed archetype.,coyote_den_mother
FalloutNV.esm|00168D09,FalloutNV.esm,00168D09,00168D09,FalloutNV.esm,VSpawnTier4ReaverGhoulMed,,,,unknown,,,VEncTier4ReaverGhoulMed [LVLC:00168D14],0,0,0,6,false,false,exclude_not_actor,Ambient/scenery actor or record without a usable identity.,
FalloutNV.esm|00168D0A,FalloutNV.esm,00168D0A,00168D0A,FalloutNV.esm,VSpawnTier4ReaverGhoulMed50,,,,unknown,,,VEncTier4ReaverGhoulMed50 [LVLC:00168D16],0,0,0,9,false,false,exclude_not_actor,Ambient/scenery actor or record without a usable identity.,
FalloutNV.esm|00168D0B,FalloutNV.esm,00168D0B,00168D0B,FalloutNV.esm,VSpawnSpecialTier1GeckoSmallRoachHunter,Young Gecko Hunter,,,unknown,marker_creature.nif,,VSpawnSpecialTier1GeckoSmallGSHunter [CREA:00159783],0,0,0,1,false,false,include_nonverbal,Reachable official non-verbal creature mapped to a reviewed archetype.,gecko
FalloutNV.esm|00168D0C,FalloutNV.esm,00168D0C,00168D0C,YUPTTW.esm,VSpawnSpecialTier1RadroachMedHunted,Radroach,,,unknown,Creatures\Radroach\skeleton.nif,VoiceDoNotRecordF [VTYP:00094EED],VCrTier1RadroachMedNRPers [CREA:00167E60],0,0,0,2,false,false,include_nonverbal,Reachable official non-verbal creature mapped to a reviewed archetype.,radroach
FalloutNV.esm|00168D0E,FalloutNV.esm,00168D0E,00168D0E,FalloutNV.esm,VSpawnTier3GlowingGhoulMed,,,,unknown,,,VEncTier3GlowingGhoulMed [LVLC:00168D15],0,0,0,6,false,false,exclude_not_actor,Ambient/scenery actor or record without a usable identity.,
FalloutNV.esm|00168D0F,FalloutNV.esm,00168D0F,00168D0F,FalloutNV.esm,VSpawnTier3GlowingGhoulMed50,,,,unknown,,,VEncTier3GlowingGhoulMed50 [LVLC:00168D11],0,0,0,7,false,false,exclude_not_actor,Ambient/scenery actor or record without a usable identity.,
FalloutNV.esm|001690AC,FalloutNV.esm,001690AC,001690AC,TaleOfTwoWastelands.esm,CrAlien,Alien,,,unknown,DLC05\Creatures\Alien\Skeleton.nif,DLC05CreatureAlien [VTYP:0B0034CC],,0,0,0,4,false,false,exclude_talking,Conversational humanoid or intelligible speaking creature.,
FalloutNV.esm|001690E9,FalloutNV.esm,001690E9,001690E9,TaleOfTwoWastelands.esm,CrAlienCaptain,Alien Captain,,,unknown,DLC05\Creatures\Alien\Skeleton.nif,DLC05CreatureAlien [VTYP:0B0034CC],,0,0,0,1,false,false,exclude_talking,Conversational humanoid or intelligible speaking creature.,
FalloutNV.esm|0016938D,FalloutNV.esm,0016938D,0016938D,FalloutNV.esm,NVCRTumbleweed,Wind Brahmin,,,unknown,creatures\NVTumbleweed\skeleton.nif,,,0,0,0,1,false,false,exclude_unused,"Template, corpse, test, cut, or non-reachable archetype record without a distinct new roleplay profile.",
FalloutNV.esm|001694E0,FalloutNV.esm,001694E0,001694E0,TaleOfTwoWastelands.esm,NVCompanionEdEUpgradeArmor,ED-E,,,unknown,Creatures\Eyebot\Skeleton.nif,RobotEDE [VTYP:0014F3F4],,0,0,49,60,false,false,exclude_not_actor,Robot or automated turret reserved for the robot pass.,
FalloutNV.esm|001694E2,FalloutNV.esm,001694E2,001694E2,TaleOfTwoWastelands.esm,NVCompanionEdEUpgradeWeapons,ED-E,,,unknown,Creatures\Eyebot\Skeleton.nif,RobotEDE [VTYP:0014F3F4],,0,0,49,60,false,false,exclude_not_actor,Robot or automated turret reserved for the robot pass.,
FalloutNV.esm|0016998A,FalloutNV.esm,0016998A,0016998A,TaleOfTwoWastelands.esm,AudioTemplateSecuritronArmy,AudioTemplateSecuritronArmy,,,unknown,,,,0,0,0,12,false,false,exclude_not_actor,Robot or automated turret reserved for the robot pass.,
FalloutNV.esm|0016998B,FalloutNV.esm,0016998B,0016998B,TaleOfTwoWastelands.esm,AudioTemplateSecuritronCops,AudioTemplateSecuritronCops,,,unknown,,,,0,0,0,25,false,false,exclude_not_actor,Robot or automated turret reserved for the robot pass.,
FalloutNV.esm|0016998C,FalloutNV.esm,0016998C,0016998C,TaleOfTwoWastelands.esm,AudioTemplateSecuritronFemale,AudioTemplateSecuritronFemale,,,unknown,,,,0,0,0,6,false,false,exclude_not_actor,Robot or automated turret reserved for the robot pass.,
FalloutNV.esm|00169DD4,FalloutNV.esm,00169DD4,00169DD4,FalloutNV.esm,VSpawnSpecialTier1AntWorkerMedIvanpahQuest,Giant Worker Ant,,,unknown,,,VEncTier1AntWorkerMed [LVLC:001567AD],0,0,0,1,false,false,include_nonverbal,Reachable official non-verbal creature mapped to a reviewed archetype.,giant_worker_ant
FalloutNV.esm|00169DD5,FalloutNV.esm,00169DD5,00169DD5,FalloutNV.esm,VSpawnSpecialTier2AntSoldierMedIvanpahQuest,Giant Soldier Ant,,,unknown,,,VEncTier2AntSoldierMed [LVLC:00156794],0,0,0,1,false,false,include_nonverbal,Reachable official non-verbal creature mapped to a reviewed archetype.,giant_soldier_ant
FalloutNV.esm|00169DD6,FalloutNV.esm,00169DD6,00169DD6,FalloutNV.esm,VSpawnSpecialTier1AntWorkerMedIvanpahQuestvMojave,Giant Worker Ant,,,unknown,,,VEncTier1AntWorkerMed [LVLC:001567AD],0,0,0,1,false,false,include_nonverbal,Reachable official non-verbal creature mapped to a reviewed archetype.,giant_worker_ant
FalloutNV.esm|00169DD7,FalloutNV.esm,00169DD7,00169DD7,FalloutNV.esm,VSpawnSpecialTier1AntWorkerMedIvanpah04,Giant Worker Ant,,,unknown,,,VEncTier1AntWorkerMed [LVLC:001567AD],0,0,0,1,false,false,include_nonverbal,Reachable official non-verbal creature mapped to a reviewed archetype.,giant_worker_ant
FalloutNV.esm|00169DD8,FalloutNV.esm,00169DD8,00169DD8,FalloutNV.esm,VSpawnSpecialTier2AntSoldierMedIvanpahQuestvMojave,Giant Soldier Ant,,,unknown,,,VEncTier2AntSoldierMed [LVLC:00156794],0,0,0,1,false,false,include_nonverbal,Reachable official non-verbal creature mapped to a reviewed archetype.,giant_soldier_ant
FalloutNV.esm|00169DD9,FalloutNV.esm,00169DD9,00169DD9,FalloutNV.esm,VSpawnSpecialTier1AntWorkerMedIvanpahQuest02,Giant Worker Ant,,,unknown,,,VEncTier1AntWorkerMed [LVLC:001567AD],0,0,0,1,false,false,include_nonverbal,Reachable official non-verbal creature mapped to a reviewed archetype.,giant_worker_ant
FalloutNV.esm|00169DDA,FalloutNV.esm,00169DDA,00169DDA,FalloutNV.esm,VSpawnSpecialTier1AntWorkerMedIvanpahQuest01,Giant Worker Ant,,,unknown,,,VEncTier1AntWorkerMed [LVLC:001567AD],0,0,0,1,false,false,include_nonverbal,Reachable official non-verbal creature mapped to a reviewed archetype.,giant_worker_ant
FalloutNV.esm|0016A162,FalloutNV.esm,0016A162,0016A162,TaleOfTwoWastelands.esm,AudioTemplateBigHornerSmall,AudioTemplateBigHornerSmall,,,unknown,Creatures\Brahmin\Skeleton.nif,VoiceDoNotRecordF [VTYP:00094EED],,0,0,0,13,false,false,exclude_unused,"Template, corpse, test, cut, or non-reachable archetype record without a distinct new roleplay profile.",
FalloutNV.esm|0016A163,FalloutNV.esm,0016A163,0016A163,TaleOfTwoWastelands.esm,AudioTemplateBigHornerLarge,AudioTemplateBigHornerLarge,,,unknown,Creatures\Brahmin\Skeleton.nif,VoiceDoNotRecordF [VTYP:00094EED],,0,0,0,12,false,false,exclude_unused,"Template, corpse, test, cut, or non-reachable archetype record without a distinct new roleplay profile.",
FalloutNV.esm|0016A164,FalloutNV.esm,0016A164,0016A164,TaleOfTwoWastelands.esm,AudioTemplateGeckoSmall,AudioTemplateGeckoSmall,,,unknown,,VoiceDoNotRecordF [VTYP:00094EED],,0,0,0,10,false,false,exclude_unused,"Template, corpse, test, cut, or non-reachable archetype record without a distinct new roleplay profile.",
FalloutNV.esm|0016A166,FalloutNV.esm,0016A166,0016A166,TaleOfTwoWastelands.esm,AudioTemplateNightStalkerSmall,AudioTemplateNightStalkerSmall,,,unknown,,VoiceDoNotRecordF [VTYP:00094EED],,0,0,0,14,false,false,exclude_unused,"Template, corpse, test, cut, or non-reachable archetype record without a distinct new roleplay profile.",
FalloutNV.esm|0016A167,FalloutNV.esm,0016A167,0016A167,TaleOfTwoWastelands.esm,AudioTemplateNightStalkerLarge,AudioTemplateNightStalkerLarge,,,unknown,,VoiceDoNotRecordF [VTYP:00094EED],,0,0,0,4,false,false,exclude_unused,"Template, corpse, test, cut, or non-reachable archetype record without a distinct new roleplay profile.",
FalloutNV.esm|0016A168,FalloutNV.esm,0016A168,0016A168,TaleOfTwoWastelands.esm,AudioTemplateMoleRatSmall,AudioTemplateMoleRatSmall,,,unknown,,VoiceDoNotRecordF [VTYP:00094EED],,0,0,0,18,false,false,exclude_unused,"Template, corpse, test, cut, or non-reachable archetype record without a distinct new roleplay profile.",
FalloutNV.esm|0016A169,FalloutNV.esm,0016A169,0016A169,TaleOfTwoWastelands.esm,AudioTemplateMoleRatLarge,AudioTemplateMoleRatLarge,,,unknown,,VoiceDoNotRecordF [VTYP:00094EED],,0,0,0,10,false,false,exclude_unused,"Template, corpse, test, cut, or non-reachable archetype record without a distinct new roleplay profile.",
FalloutNV.esm|0016A16A,FalloutNV.esm,0016A16A,0016A16A,TaleOfTwoWastelands.esm,AudioTemplateDogLarge,AudioTemplateDogLarge,,,unknown,,VoiceDoNotRecordF [VTYP:00094EED],,0,0,0,19,false,false,exclude_unused,"Template, corpse, test, cut, or non-reachable archetype record without a distinct new roleplay profile.",
FalloutNV.esm|0016A16B,FalloutNV.esm,0016A16B,0016A16B,TaleOfTwoWastelands.esm,AudioTemplateDogSmall,AudioTemplateDogSmall,,,unknown,,VoiceDoNotRecordF [VTYP:00094EED],,0,0,0,10,false,false,exclude_unused,"Template, corpse, test, cut, or non-reachable archetype record without a distinct new roleplay profile.",
FalloutNV.esm|0016A16C,FalloutNV.esm,0016A16C,0016A16C,FalloutNV.esm,AudioTemplateDeathclawGiant,AudioTemplateDeathclawGiant,,,unknown,,VoiceDoNotRecordF [VTYP:00094EED],,0,0,0,9,false,false,exclude_unused,"Template, corpse, test, cut, or non-reachable archetype record without a distinct new roleplay profile.",
FalloutNV.esm|0016A16D,FalloutNV.esm,0016A16D,0016A16D,TaleOfTwoWastelands.esm,AudioTemplateFireGeckoSmall,AudioTemplateFireGeckoSmall,,,unknown,,VoiceDoNotRecordF [VTYP:00094EED],,0,0,0,30,false,false,exclude_unused,"Template, corpse, test, cut, or non-reachable archetype record without a distinct new roleplay profile.",
FalloutNV.esm|0016A21D,FalloutNV.esm,0016A21D,0016A21D,TaleOfTwoWastelands.esm,YesManMainframe,Yes Man,,,unknown,creatures\NVPenthoueMainComputer\Skeleton.nif,RobotYesMan [VTYP:0014F3F3],VMQTopsYesMan [CREA:001164F9],0,0,167,170,false,false,exclude_not_actor,Robot or automated turret reserved for the robot pass.,
FalloutNV.esm|0016AC7A,FalloutNV.esm,0016AC7A,0016AC7A,FalloutNV.esm,AudioTemplateDeathclawBaby,AudioTemplateDeathclawBaby,,,unknown,,VoiceDoNotRecordF [VTYP:00094EED],,0,0,0,24,false,false,exclude_unused,"Template, corpse, test, cut, or non-reachable archetype record without a distinct new roleplay profile.",
FalloutNV.esm|0016AEFA,FalloutNV.esm,0016AEFA,0016AEFA,FalloutNV.esm,GSCrBarkScorpion,Bark Scorpion,,,unknown,Creatures\Radscorpion\Skeleton.nif,VoiceDoNotRecordF [VTYP:00094EED],CrBarkScorpion [CREA:000EB401],0,0,0,1,false,false,include_nonverbal,Reachable official non-verbal creature mapped to a reviewed archetype.,bark_scorpion
FalloutNV.esm|0016D5B9,FalloutNV.esm,0016D5B9,0016D5B9,YUPTTW.esm,VNiptonLegionMongrel,Legion Mongrel,,,unknown,Creatures\Dog\Skeleton.nif,VoiceDoNotRecordF [VTYP:00094EED],CrLegionMongrel [CREA:000E585B],0,0,0,2,false,false,exclude_unused,"Template, corpse, test, cut, or non-reachable archetype record without a distinct new roleplay profile.",
FalloutNV.esm|001710AA,FalloutNV.esm,001710AA,001710AA,TaleOfTwoWastelands.esm,NVCrV19FireGeckoRanged,Fire Gecko,,,unknown,creatures\NVGecko\skeleton.nif,VoiceDoNotRecordF [VTYP:00094EED],NVCrV19FireGecko [CREA:00142A22],0,0,0,5,false,false,include_nonverbal,Reachable official non-verbal creature mapped to a reviewed archetype.,fire_gecko
FalloutNV.esm|00172838,FalloutNV.esm,00172838,00172838,TaleOfTwoWastelands.esm,VCrTier5FeralGhoulGlowingOne,Glowing One,,,unknown,Creatures\Ghoul\Skeleton.nif,CreatureFeralGhoul [VTYP:0007AE96],,0,2,0,2,false,false,include_nonverbal,Reachable official non-verbal creature mapped to a reviewed archetype.,glowing_one
FalloutNV.esm|00172839,FalloutNV.esm,00172839,00172839,FalloutNV.esm,VSpawnTier5GlowingGhoulMed,,,,unknown,,,VEncTier5GlowingGhoulMed [LVLC:00172842],0,0,0,2,false,false,exclude_not_actor,Ambient/scenery actor or record without a usable identity.,
FalloutNV.esm|0017283A,FalloutNV.esm,0017283A,0017283A,TaleOfTwoWastelands.esm,VCrTier5FeralGhoul4A,Feral Ghoul Reaver,,,unknown,Creatures\Ghoul\Skeleton.nif,CreatureFeralGhoul [VTYP:0007AE96],,0,2,0,1,false,false,include_nonverbal,Reachable official non-verbal creature mapped to a reviewed archetype.,feral_ghoul_reaver
FalloutNV.esm|0017283B,FalloutNV.esm,0017283B,0017283B,FalloutNV.esm,VSpawnTier5ReaverGhoulMed,,,,unknown,,,VEncTier5ReaverGhoulMed [LVLC:00172843],0,0,0,5,false,false,exclude_not_actor,Ambient/scenery actor or record without a usable identity.,
FalloutNV.esm|0017283C,FalloutNV.esm,0017283C,0017283C,TaleOfTwoWastelands.esm,VCrTier5NightStalkerMed,Nightstalker,,,unknown,creatures\NightStalker\Skeleton.nif,VoiceDoNotRecordF [VTYP:00094EED],NVCrNightStalker [CREA:00119E50],0,2,0,1,false,false,include_nonverbal,Reachable official non-verbal creature mapped to a reviewed archetype.,nightstalker
FalloutNV.esm|0017283E,FalloutNV.esm,0017283E,0017283E,YUPTTW.esm,VCrGiantRatTier3RatCave,Giant Rat,,,unknown,creatures\NVgiantrat\skeleton.nif,VoiceDoNotRecordF [VTYP:00094EED],,0,2,0,1,false,false,include_nonverbal,Reachable official non-verbal creature mapped to a reviewed archetype.,giant_rat
FalloutNV.esm|0017283F,FalloutNV.esm,0017283F,0017283F,FalloutNV.esm,VSpawnGiantRatTier3RatCave,,,,unknown,,,VEncGiantRatTier3RatCave [LVLC:00172840],0,0,0,11,false,false,exclude_not_actor,Ambient/scenery actor or record without a usable identity.,
FalloutNV.esm|001735BC,FalloutNV.esm,001735BC,001735BC,TaleOfTwoWastelands.esm,MrHouseOFFLINE,,,,unknown,creatures\NVPenthoueMainComputer\Skeleton.nif,CreatureUniqueMrHouse [VTYP:0014F3E6],,0,0,0,3,false,false,exclude_not_actor,Ambient/scenery actor or record without a usable identity.,
FalloutNV.esm|0017391A,FalloutNV.esm,0017391A,0017391A,TaleOfTwoWastelands.esm,VCrUniqueTier5DeathClawLarge03NRPers,Deathclaw Mother,,,unknown,Creatures\DeathClaw\Skeleton.nif,VoiceDoNotRecordF [VTYP:00094EED],CrDeathClawMother [CREA:000E5851],0,0,0,4,false,false,include_nonverbal,Reachable official non-verbal creature mapped to a reviewed archetype.,deathclaw_mother
FalloutNV.esm|00173FB0,FalloutNV.esm,00173FB0,00173FB0,TaleOfTwoWastelands.esm,MoeTheCentaur,Moe,,,unknown,creatures\centaur\skeletonEvolved.nif,VoiceDoNotRecordF [VTYP:00094EED],,0,0,0,2,false,false,exclude_unused,A maintained named biography already exists; do not duplicate it.,
FalloutNV.esm|00173FD6,FalloutNV.esm,00173FD6,00173FD6,TaleOfTwoWastelands.esm,V34TurretCeiling01,Vault-Tec Turret,,,unknown,Creatures\MiniSentryTurret\Skeleton.nif,RobotEyebot [VTYP:00040D41],,0,0,0,2,false,false,exclude_not_actor,Robot or automated turret reserved for the robot pass.,
FalloutNV.esm|00174429,FalloutNV.esm,00174429,00174429,FalloutNV.esm,VSpawnTier4SupermutantMelee50,,,,unknown,,,VEncTier4SupermutantMelee50 [LVLC:00174435],0,0,0,3,false,false,exclude_not_actor,Ambient/scenery actor or record without a usable identity.,
FalloutNV.esm|0017442A,FalloutNV.esm,0017442A,0017442A,FalloutNV.esm,VSpawnTier4SupermutantMinigun50,,,,unknown,,,VEncTier4SupermutantMinigun50 [LVLC:00174434],0,0,0,1,false,false,exclude_not_actor,Ambient/scenery actor or record without a usable identity.,
FalloutNV.esm|0017442C,FalloutNV.esm,0017442C,0017442C,FalloutNV.esm,VSpawnTier2FeralGhoulMed30,,,,unknown,,,VEncTier2FeralGhoulMed30 [LVLC:00174432],0,0,0,5,false,false,exclude_not_actor,Ambient/scenery actor or record without a usable identity.,
FalloutNV.esm|0017442D,FalloutNV.esm,0017442D,0017442D,FalloutNV.esm,VSpawnTier4SupermutantGun,,,,unknown,,,VarSupermutant3Gun [LVLC:00094ED3],0,0,0,3,false,false,exclude_not_actor,Ambient/scenery actor or record without a usable identity.,
FalloutNV.esm|0017442E,FalloutNV.esm,0017442E,0017442E,FalloutNV.esm,VSpawnTier4SupermutantMissile,,,,unknown,,,VarSupermutant3MissileLauncher [LVLC:0009FAFD],0,0,0,1,false,false,exclude_not_actor,Ambient/scenery actor or record without a usable identity.,
FalloutNV.esm|001745E2,FalloutNV.esm,001745E2,001745E2,FalloutNV.esm,VSpawnSpecialTier4DeathclawMedGypsum,Blind Deathclaw,,,unknown,Creatures\DeathClaw\Skeleton.nif,VoiceDoNotRecordF [VTYP:00094EED],VSpawnSpecialTier4DeathclawMedPrimmPass [CREA:0015C642],0,0,0,8,false,false,include_nonverbal,Reachable official non-verbal creature mapped to a reviewed archetype.,blind_deathclaw
FalloutNV.esm|001745E3,FalloutNV.esm,001745E3,001745E3,YUPTTW.esm,VSpawnSpecialTier4DeathclawSmallGypsum,Blind Deathclaw,,,unknown,Creatures\DeathClaw\Skeleton.nif,VoiceDoNotRecordF [VTYP:00094EED],VSpawnSpecialTier4DeathclawMedPrimmPass [CREA:0015C642],0,0,0,8,false,false,include_nonverbal,Reachable official non-verbal creature mapped to a reviewed archetype.,blind_deathclaw
FalloutNV.esm|00174971,FalloutNV.esm,00174971,00174971,FalloutNV.esm,REPCONMrHandy2,Maintenance Robot,,,unknown,Creatures\MisterGutsy\Skeleton.nif,RobotMisterHandy [VTYP:00019FDC],REPCONMrHandy [CREA:000E7503],0,0,0,3,false,false,exclude_not_actor,Robot or automated turret reserved for the robot pass.,
FalloutNV.esm|00174BA8,FalloutNV.esm,00174BA8,00174BA8,FalloutNV.esm,VSpawnSpecialTier3BigHornerLargeBonnieHerd,,,,unknown,,,VEncTier3BigHornerLarge [LVLC:0015979F],0,0,0,1,false,false,exclude_not_actor,Ambient/scenery actor or record without a usable identity.,
FalloutNV.esm|00174BAD,FalloutNV.esm,00174BAD,00174BAD,FalloutNV.esm,VSpawnSpecialTier2BigHornerMedBonnieHerd,,,,unknown,,,VEncTier2BigHornerMed [LVLC:00156795],0,0,0,2,false,false,exclude_not_actor,Ambient/scenery actor or record without a usable identity.,
FalloutNV.esm|00174BAE,FalloutNV.esm,00174BAE,00174BAE,FalloutNV.esm,VSpawnSpecialTier1BigHornerSmallBonnieHerd,,,,unknown,,,VEncTier1BigHornerSmall [LVLC:001567AF],0,0,0,2,false,false,exclude_not_actor,Ambient/scenery actor or record without a usable identity.,
FalloutNV.esm|00175F0A,FalloutNV.esm,00175F0A,00175F0A,FalloutNV.esm,VSpawnVarTier2Valley35,,,,unknown,,,VEncVarLL1Tier2Valley35 [LVLC:00175F0D],0,0,0,2,false,false,exclude_not_actor,Ambient/scenery actor or record without a usable identity.,
FalloutNV.esm|00175F0B,FalloutNV.esm,00175F0B,00175F0B,FalloutNV.esm,VSpawnVarTier2Hill35,,,,unknown,,,VEncVarLL1Tier2Hill35 [LVLC:00175F0C],0,0,0,2,false,false,exclude_not_actor,Ambient/scenery actor or record without a usable identity.,
FalloutNV.esm|00177185,FalloutNV.esm,00177185,00177185,FalloutNV.esm,VHDSecuritronEscortMK1,Securitron Mk I,,,unknown,creatures\NVSecuritron\Skeleton.nif,RobotVictor [VTYP:0010512E],VSecuritronMk1TEMPLATE [CREA:00158646],0,0,2,4,false,false,exclude_not_actor,Robot or automated turret reserved for the robot pass.,
FalloutNV.esm|00177186,FalloutNV.esm,00177186,00177186,FalloutNV.esm,VHDSecuritronBattleMk1East,Securitron Mk I,,,unknown,creatures\NVSecuritron\Skeleton.nif,RobotVictor [VTYP:0010512E],VSecuritronMk1TEMPLATE [CREA:00158646],0,0,0,9,false,false,exclude_not_actor,Robot or automated turret reserved for the robot pass.,
FalloutNV.esm|00177B68,FalloutNV.esm,00177B68,00177B68,FalloutNV.esm,VNiptonLegionMongrelAttack,Legion Mongrel,,,unknown,Creatures\Dog\Skeleton.nif,VoiceDoNotRecordF [VTYP:00094EED],VBSLegionMongrel [CREA:001370EF],0,0,0,12,false,false,exclude_unused,"Template, corpse, test, cut, or non-reachable archetype record without a distinct new roleplay profile.",
FalloutNV.esm|001787EC,FalloutNV.esm,001787EC,001787EC,FalloutNV.esm,VStreetSecuritronMk2,Securitron Mk II,,,unknown,creatures\NVSecuritron\Skeleton.nif,RobotVictor [VTYP:0010512E],VSecuritronMk2TEMPLATE [CREA:00158647],0,0,3,8,false,false,exclude_not_actor,Robot or automated turret reserved for the robot pass.,
FalloutNV.esm|0017AF3F,FalloutNV.esm,0017AF3F,0017AF3F,TaleOfTwoWastelands.esm,CrSuperMutantDeadCazadorJacobstown,Super Mutant Master,,,unknown,Creatures\SMSpineBreaker\Skeleton.nif,CreatureLowIntSM [VTYP:0014377C],CrSuperMutant3MissileLauncherA [CREA:0003A149],0,0,0,2,false,false,exclude_talking,Conversational humanoid or intelligible speaking creature.,
FalloutNV.esm|0017AF40,FalloutNV.esm,0017AF40,0017AF40,TaleOfTwoWastelands.esm,CrSuperMutantDeadFireGeckoNopah,Super Mutant Master,,,unknown,Creatures\SMSpineBreaker\Skeleton.nif,CreatureLowIntSM [VTYP:0014377C],CrSuperMutant3MissileLauncherA [CREA:0003A149],0,0,0,1,false,false,exclude_talking,Conversational humanoid or intelligible speaking creature.,
FalloutNV.esm|0017AF62,FalloutNV.esm,0017AF62,0017AF62,TaleOfTwoWastelands.esm,CrSuperMutantDeadMinigunRubyHill,Super Mutant Brute,,,unknown,Creatures\SMSpineBreaker\Skeleton.nif,CreatureLowIntSM [VTYP:0014377C],CrSuperMutant2GunA [CREA:00027FB3],0,0,0,1,false,false,exclude_talking,Conversational humanoid or intelligible speaking creature.,
FalloutNV.esm|0017AF94,FalloutNV.esm,0017AF94,0017AF94,FalloutNV.esm,v34GlowingGuardNoScript,Vault Security Officer,,,unknown,Creatures\Ghoul\Skeleton.nif,CreatureFeralGhoul [VTYP:0007AE96],v34GlowingGuard [CREA:00132164],0,0,0,13,false,false,exclude_talking,Conversational humanoid or intelligible speaking creature.,
FalloutNV.esm|0017B060,FalloutNV.esm,0017B060,0017B060,FalloutNV.esm,VCrTier3FeralGhoulGlowingOneNRSewers,Glowing One,,,unknown,Creatures\Ghoul\Skeleton.nif,CreatureFeralGhoul [VTYP:0007AE96],VCrTier3FeralGhoulGlowingOneNR [CREA:00167EE6],0,0,0,2,false,false,include_nonverbal,Reachable official non-verbal creature mapped to a reviewed archetype.,glowing_one
FalloutNV.esm|0017B587,FalloutNV.esm,0017B587,0017B587,TaleOfTwoWastelands.esm,VStreetCrBrahmin2,Brahmin,,,unknown,Creatures\Brahmin\Skeleton.nif,VoiceDoNotRecordF [VTYP:00094EED],VStreetCrBrahmin [CREA:0014D1FD],0,0,0,1,false,false,include_nonverbal,Reachable official non-verbal creature mapped to a reviewed archetype.,brahmin
DeadMoney.esm|00000BAD,DeadMoney.esm,00000BAD,01000BAD,DeadMoney.esm,NVDLC01CrGhost,Ghost,,,unknown,NVDLC01\Creatures\Ghosts\skeleton.nif,,,0,0,0,34,false,false,include_nonverbal,Reachable official non-verbal creature mapped to a reviewed archetype.,ghost_person
DeadMoney.esm|00001199,DeadMoney.esm,00001199,01001199,DeadMoney.esm,NVDLC01CrGhostHarvester,Ghost Harvester,,,unknown,,,NVDLC01EncGhostHarvester [LVLC:010117FD],0,0,0,26,false,false,include_nonverbal,Reachable official non-verbal creature mapped to a reviewed archetype.,ghost_harvester
DeadMoney.esm|0000119A,DeadMoney.esm,0000119A,0100119A,DeadMoney.esm,NVDLC01CrGhostSeeker,Ghost Seeker,,,unknown,,,NVDLC01EncGhostSeeker [LVLC:01011810],0,0,0,13,false,false,include_nonverbal,Reachable official non-verbal creature mapped to a reviewed archetype.,ghost_seeker
DeadMoney.esm|0000119B,DeadMoney.esm,0000119B,0100119B,DeadMoney.esm,NVDLC01CrGhostTrapper,Ghost Trapper,,,unknown,,,NVDLC01EncGhostTrapper [LVLC:01011811],0,0,0,17,false,false,include_nonverbal,Reachable official non-verbal creature mapped to a reviewed archetype.,ghost_trapper
DeadMoney.esm|00001301,DeadMoney.esm,00001301,01001301,YUPTTW.esm,NVDLC01Dog,Dog,,,unknown,Creatures\SMSpineBreaker\Skeleton.nif,NVDLC01CreatureUniqueDog [VTYP:01003572],,0,0,716,718,false,false,include_nonverbal,Reachable official non-verbal creature mapped to a reviewed archetype.,dog
DeadMoney.esm|00005131,DeadMoney.esm,00005131,01005131,DeadMoney.esm,NVDLC01CrGhostHarvesterWT,Ghost Harvester,,,unknown,marker_creature.nif,,NVDLC01CrGhostHarvester [CREA:01001199],0,0,0,16,false,false,include_nonverbal,Reachable official non-verbal creature mapped to a reviewed archetype.,ghost_harvester
DeadMoney.esm|00008FC4,DeadMoney.esm,00008FC4,01008FC4,DeadMoney.esm,NVDLC01CrGhostSeekerWT,Ghost Seeker,,,unknown,marker_creature.nif,,NVDLC01CrGhostSeeker [CREA:0100119A],0,0,0,7,false,false,include_nonverbal,Reachable official non-verbal creature mapped to a reviewed archetype.,ghost_seeker
DeadMoney.esm|0000A56C,DeadMoney.esm,0000A56C,0100A56C,YUPTTW.esm,NVDLC01TurretVault,Vault Security Turret,,,unknown,Creatures\SentryTurret\skeleton.nif,RobotEyebot [VTYP:00040D41],,0,0,0,6,false,false,exclude_not_actor,Robot or automated turret reserved for the robot pass.,
DeadMoney.esm|0000AD74,DeadMoney.esm,0000AD74,0100AD74,DeadMoney.esm,NVDLC01CrHologramTemplate,Hologram,,,unknown,NVDLC01\Creatures\Hologram\skeleton.nif,,,0,0,0,10,false,false,exclude_unused,"Template, corpse, test, cut, or non-reachable archetype record without a distinct new roleplay profile.",
DeadMoney.esm|0000B042,DeadMoney.esm,0000B042,0100B042,DeadMoney.esm,NVDLC01CrHologramTemplateFriendFemale,Hologram,,,unknown,NVDLC01\Creatures\Hologram\skeleton.nif,,NVDLC01CrHologramTemplateFriend [CREA:0100B048],0,0,0,1,false,false,exclude_unused,"Template, corpse, test, cut, or non-reachable archetype record without a distinct new roleplay profile.",
DeadMoney.esm|0000B043,DeadMoney.esm,0000B043,0100B043,DeadMoney.esm,NVDLC01CrHologramVilla,Hologram,,,unknown,NVDLC01\Creatures\Hologram\skeleton.nif,,NVDLC01CrHologramTemplateFriend [CREA:0100B048],0,0,0,1,false,false,exclude_unused,"Template, corpse, test, cut, or non-reachable archetype record without a distinct new roleplay profile.",
DeadMoney.esm|0000B044,DeadMoney.esm,0000B044,0100B044,DeadMoney.esm,NVDLC01CrHologramVaultMale,Hologram,,,unknown,NVDLC01\Creatures\Hologram\skeleton.nif,,NVDLC01CrHologramTemplate [CREA:0100AD74],0,0,0,3,false,false,exclude_unused,"Template, corpse, test, cut, or non-reachable archetype record without a distinct new roleplay profile.",
DeadMoney.esm|0000B045,DeadMoney.esm,0000B045,0100B045,DeadMoney.esm,NVDLC01CrHologramTheaterMale,Hologram,,,unknown,NVDLC01\Creatures\Hologram\skeleton.nif,,NVDLC01CrHologramTemplate [CREA:0100AD74],0,0,0,3,false,false,exclude_unused,"Template, corpse, test, cut, or non-reachable archetype record without a distinct new roleplay profile.",
DeadMoney.esm|0000B046,DeadMoney.esm,0000B046,0100B046,DeadMoney.esm,NVDLC01CrHologramStarlet,Starlet Hologram,,,unknown,NVDLC01\Creatures\Hologram\skeleton.nif,,NVDLC01CrHologramTemplateFemale [CREA:0100B047],0,0,0,1,false,false,exclude_unused,"Template, corpse, test, cut, or non-reachable archetype record without a distinct new roleplay profile.",
DeadMoney.esm|0000B047,DeadMoney.esm,0000B047,0100B047,DeadMoney.esm,NVDLC01CrHologramTemplateFemale,Hologram,,,unknown,NVDLC01\Creatures\Hologram\skeleton.nif,,NVDLC01CrHologramTemplate [CREA:0100AD74],0,0,0,2,false,false,exclude_unused,"Template, corpse, test, cut, or non-reachable archetype record without a distinct new roleplay profile.",
DeadMoney.esm|0000B048,DeadMoney.esm,0000B048,0100B048,DeadMoney.esm,NVDLC01CrHologramTemplateFriend,Hologram,,,unknown,NVDLC01\Creatures\Hologram\skeleton.nif,,,0,0,0,7,false,false,exclude_unused,"Template, corpse, test, cut, or non-reachable archetype record without a distinct new roleplay profile.",
DeadMoney.esm|0000B049,DeadMoney.esm,0000B049,0100B049,DeadMoney.esm,NVDLC01CrHologramClinic,Hologram,,,unknown,NVDLC01\Creatures\Hologram\skeleton.nif,,NVDLC01CrHologramTemplate [CREA:0100AD74],0,0,0,1,false,false,exclude_unused,"Template, corpse, test, cut, or non-reachable archetype record without a distinct new roleplay profile.",
DeadMoney.esm|0000B04A,DeadMoney.esm,0000B04A,0100B04A,DeadMoney.esm,NVDLC01CrHologramCasinoMale,Hologram,,,unknown,NVDLC01\Creatures\Hologram\skeleton.nif,,NVDLC01CrHologramTemplate [CREA:0100AD74],0,0,0,3,false,false,exclude_unused,"Template, corpse, test, cut, or non-reachable archetype record without a distinct new roleplay profile.",
DeadMoney.esm|0000C258,DeadMoney.esm,0000C258,0100C258,DeadMoney.esm,NVDLC01CrGhostTrapperETSpecial,Ghost Trapper,,,unknown,marker_creature.nif,,NVDLC01CrGhostTrapper [CREA:0100119B],0,0,0,6,false,false,include_nonverbal,Reachable official non-verbal creature mapped to a reviewed archetype.,ghost_trapper
DeadMoney.esm|0000C66D,DeadMoney.esm,0000C66D,0100C66D,DeadMoney.esm,NVDLC01CrGhostTrapperVilla,Ghost Trapper,,,unknown,marker_creature.nif,,NVDLC01CrGhostTrapper [CREA:0100119B],0,0,0,5,false,false,include_nonverbal,Reachable official non-verbal creature mapped to a reviewed archetype.,ghost_trapper
DeadMoney.esm|0000D4C9,DeadMoney.esm,0000D4C9,0100D4C9,DeadMoney.esm,NVDLC01CrGhostTrapperET,Ghost Trapper,,,unknown,marker_creature.nif,,NVDLC01CrGhostTrapper [CREA:0100119B],0,0,0,22,false,false,include_nonverbal,Reachable official non-verbal creature mapped to a reviewed archetype.,ghost_trapper
DeadMoney.esm|0000D7EB,DeadMoney.esm,0000D7EB,0100D7EB,DeadMoney.esm,NVDLC01CrHologramCasinoFriend,Hologram,,,unknown,NVDLC01\Creatures\Hologram\skeleton.nif,,NVDLC01CrHologramTemplateFriend [CREA:0100B048],0,0,3,3,false,false,exclude_unused,"Template, corpse, test, cut, or non-reachable archetype record without a distinct new roleplay profile.",
DeadMoney.esm|0000D95B,DeadMoney.esm,0000D95B,0100D95B,DeadMoney.esm,NVDLC01CrGhostSeekerLob,Ghost Seeker,,,unknown,marker_creature.nif,,NVDLC01CrGhostSeeker [CREA:0100119A],0,0,0,7,false,false,include_nonverbal,Reachable official non-verbal creature mapped to a reviewed archetype.,ghost_seeker
DeadMoney.esm|0000D95C,DeadMoney.esm,0000D95C,0100D95C,DeadMoney.esm,NVDLC01CrGhostTrapperLob,Ghost Trapper,,,unknown,marker_creature.nif,,NVDLC01CrGhostTrapper [CREA:0100119B],0,0,0,8,false,false,include_nonverbal,Reachable official non-verbal creature mapped to a reviewed archetype.,ghost_trapper
DeadMoney.esm|0000D95D,DeadMoney.esm,0000D95D,0100D95D,DeadMoney.esm,NVDLC01CrGhostHarvesterLob,Ghost Harvester,,,unknown,marker_creature.nif,,NVDLC01CrGhostHarvester [CREA:01001199],0,0,0,9,false,false,include_nonverbal,Reachable official non-verbal creature mapped to a reviewed archetype.,ghost_harvester
DeadMoney.esm|0000E413,DeadMoney.esm,0000E413,0100E413,YUPTTW.esm,NVDLC01God,God,,,unknown,Creatures\SMSpineBreaker\Skeleton.nif,NVDLC01CreatureUniqueGod [VTYP:0100E415],,0,0,452,453,false,false,exclude_unused,"Template, corpse, test, cut, or non-reachable archetype record without a distinct new roleplay profile.",
DeadMoney.esm|0000E7DE,DeadMoney.esm,0000E7DE,0100E7DE,DeadMoney.esm,NVDLC01CrGhostHarvesterET,Ghost Harvester,,,unknown,marker_creature.nif,,NVDLC01CrGhostHarvester [CREA:01001199],0,0,0,17,false,false,include_nonverbal,Reachable official non-verbal creature mapped to a reviewed archetype.,ghost_harvester
DeadMoney.esm|0000E7DF,DeadMoney.esm,0000E7DF,0100E7DF,DeadMoney.esm,NVDLC01CrGhostSeekerET,Ghost Seeker,,,unknown,marker_creature.nif,,NVDLC01CrGhostSeeker [CREA:0100119A],0,0,0,12,false,false,include_nonverbal,Reachable official non-verbal creature mapped to a reviewed archetype.,ghost_seeker
DeadMoney.esm|0000E9E0,DeadMoney.esm,0000E9E0,0100E9E0,DeadMoney.esm,NVDLC01CrGhostSeekerWTNorth,Ghost Seeker,,,unknown,marker_creature.nif,,NVDLC01CrGhostSeekerWT [CREA:01008FC4],0,0,0,6,false,false,include_nonverbal,Reachable official non-verbal creature mapped to a reviewed archetype.,ghost_seeker
DeadMoney.esm|0000E9E1,DeadMoney.esm,0000E9E1,0100E9E1,DeadMoney.esm,NVDLC01CrGhostHarvesterWTSouth,Ghost Harvester,,,unknown,marker_creature.nif,,NVDLC01CrGhostHarvesterWT [CREA:01005131],0,0,0,4,false,false,include_nonverbal,Reachable official non-verbal creature mapped to a reviewed archetype.,ghost_harvester
DeadMoney.esm|0000E9E2,DeadMoney.esm,0000E9E2,0100E9E2,DeadMoney.esm,NVDLC01CrGhostSeekerWTSouth,Ghost Seeker,,,unknown,marker_creature.nif,,NVDLC01CrGhostSeekerWT [CREA:01008FC4],0,0,0,4,false,false,include_nonverbal,Reachable official non-verbal creature mapped to a reviewed archetype.,ghost_seeker
DeadMoney.esm|0000E9E3,DeadMoney.esm,0000E9E3,0100E9E3,DeadMoney.esm,NVDLC01CrGhostHarvesterWTNorth,Ghost Harvester,,,unknown,marker_creature.nif,,NVDLC01CrGhostHarvesterWT [CREA:01005131],0,0,0,1,false,false,include_nonverbal,Reachable official non-verbal creature mapped to a reviewed archetype.,ghost_harvester
DeadMoney.esm|0000E9E4,DeadMoney.esm,0000E9E4,0100E9E4,DeadMoney.esm,NVDLC01CrGhostHarvesterWTGala01,Ghost Harvester,,,unknown,marker_creature.nif,,NVDLC01CrGhostHarvesterWT [CREA:01005131],0,0,0,6,false,false,include_nonverbal,Reachable official non-verbal creature mapped to a reviewed archetype.,ghost_harvester
DeadMoney.esm|0000E9FB,DeadMoney.esm,0000E9FB,0100E9FB,DeadMoney.esm,NVDLC01CrGhostSeekerETDG,Ghost Seeker,,,unknown,marker_creature.nif,,NVDLC01CrGhostSeeker [CREA:0100119A],0,0,0,4,false,false,include_nonverbal,Reachable official non-verbal creature mapped to a reviewed archetype.,ghost_seeker
DeadMoney.esm|0000E9FC,DeadMoney.esm,0000E9FC,0100E9FC,DeadMoney.esm,NVDLC01CrGhostTrapperETDG,Ghost Trapper,,,unknown,marker_creature.nif,,NVDLC01CrGhostTrapper [CREA:0100119B],0,0,0,4,false,false,include_nonverbal,Reachable official non-verbal creature mapped to a reviewed archetype.,ghost_trapper
DeadMoney.esm|0000F2DE,DeadMoney.esm,0000F2DE,0100F2DE,TaleOfTwoWastelands.esm,NVDLC01CrGhostHarvesterETDogEat,Ghost Harvester,,,unknown,marker_creature.nif,,NVDLC01CrGhostHarvester [CREA:01001199],0,0,0,5,false,false,include_nonverbal,Reachable official non-verbal creature mapped to a reviewed archetype.,ghost_harvester
DeadMoney.esm|00011343,DeadMoney.esm,00011343,01011343,TaleOfTwoWastelands.esm,NVDLC01CrGhostSeekerDEAD,Ghost Seeker,,,unknown,NVDLC01\Creatures\Ghosts\skeleton.nif,,NVDLC01CrGhost [CREA:01000BAD],0,0,0,2,false,false,include_nonverbal,Reachable official non-verbal creature mapped to a reviewed archetype.,ghost_seeker
DeadMoney.esm|000116D6,DeadMoney.esm,000116D6,010116D6,DeadMoney.esm,NVDLC01CrHologramStarletSuites,Starlet Hologram,,,unknown,NVDLC01\Creatures\Hologram\skeleton.nif,,NVDLC01CrHologramTemplateFemale [CREA:0100B047],0,0,10,13,false,false,exclude_unused,"Template, corpse, test, cut, or non-reachable archetype record without a distinct new roleplay profile.",
DeadMoney.esm|000117FE,DeadMoney.esm,000117FE,010117FE,DeadMoney.esm,NVDLC01CrGhostHarvesterHealth01,Ghost,,,unknown,NVDLC01\Creatures\Ghosts\skeleton.nif,,NVDLC01CrGhost [CREA:01000BAD],0,3,0,2,false,false,include_nonverbal,Reachable official non-verbal creature mapped to a reviewed archetype.,ghost_harvester
DeadMoney.esm|000117FF,DeadMoney.esm,000117FF,010117FF,DeadMoney.esm,NVDLC01CrGhostHarvesterHealth10,Ghost,,,unknown,NVDLC01\Creatures\Ghosts\skeleton.nif,,NVDLC01CrGhost [CREA:01000BAD],0,3,0,2,false,false,include_nonverbal,Reachable official non-verbal creature mapped to a reviewed archetype.,ghost_harvester
DeadMoney.esm|00011800,DeadMoney.esm,00011800,01011800,DeadMoney.esm,NVDLC01CrGhostHarvesterHealth20,Ghost,,,unknown,NVDLC01\Creatures\Ghosts\skeleton.nif,,NVDLC01CrGhost [CREA:01000BAD],0,3,0,2,false,false,include_nonverbal,Reachable official non-verbal creature mapped to a reviewed archetype.,ghost_harvester
DeadMoney.esm|00011801,DeadMoney.esm,00011801,01011801,DeadMoney.esm,NVDLC01CrGhostHarvesterHealth30,Ghost,,,unknown,NVDLC01\Creatures\Ghosts\skeleton.nif,,NVDLC01CrGhost [CREA:01000BAD],0,3,0,2,false,false,include_nonverbal,Reachable official non-verbal creature mapped to a reviewed archetype.,ghost_harvester
DeadMoney.esm|00011802,DeadMoney.esm,00011802,01011802,DeadMoney.esm,NVDLC01CrGhostHarvesterHealth40,Ghost,,,unknown,NVDLC01\Creatures\Ghosts\skeleton.nif,,NVDLC01CrGhost [CREA:01000BAD],0,3,0,2,false,false,include_nonverbal,Reachable official non-verbal creature mapped to a reviewed archetype.,ghost_harvester
DeadMoney.esm|00011803,DeadMoney.esm,00011803,01011803,DeadMoney.esm,NVDLC01CrGhostHarvesterHealth50,Ghost,,,unknown,NVDLC01\Creatures\Ghosts\skeleton.nif,,NVDLC01CrGhost [CREA:01000BAD],0,3,0,2,false,false,include_nonverbal,Reachable official non-verbal creature mapped to a reviewed archetype.,ghost_harvester
DeadMoney.esm|00011804,DeadMoney.esm,00011804,01011804,TaleOfTwoWastelands.esm,NVDLC01CrGhostSeekerHealth01,Ghost,,,unknown,NVDLC01\Creatures\Ghosts\skeleton.nif,,NVDLC01CrGhost [CREA:01000BAD],0,3,0,2,false,false,include_nonverbal,Reachable official non-verbal creature mapped to a reviewed archetype.,ghost_seeker
DeadMoney.esm|00011805,DeadMoney.esm,00011805,01011805,TaleOfTwoWastelands.esm,NVDLC01CrGhostSeekerHealth10,Ghost,,,unknown,NVDLC01\Creatures\Ghosts\skeleton.nif,,NVDLC01CrGhost [CREA:01000BAD],0,3,0,2,false,false,include_nonverbal,Reachable official non-verbal creature mapped to a reviewed archetype.,ghost_seeker
DeadMoney.esm|00011806,DeadMoney.esm,00011806,01011806,TaleOfTwoWastelands.esm,NVDLC01CrGhostSeekerHealth20,Ghost,,,unknown,NVDLC01\Creatures\Ghosts\skeleton.nif,,NVDLC01CrGhost [CREA:01000BAD],0,3,0,2,false,false,include_nonverbal,Reachable official non-verbal creature mapped to a reviewed archetype.,ghost_seeker
DeadMoney.esm|00011807,DeadMoney.esm,00011807,01011807,TaleOfTwoWastelands.esm,NVDLC01CrGhostSeekerHealth30,Ghost,,,unknown,NVDLC01\Creatures\Ghosts\skeleton.nif,,NVDLC01CrGhost [CREA:01000BAD],0,3,0,2,false,false,include_nonverbal,Reachable official non-verbal creature mapped to a reviewed archetype.,ghost_seeker
DeadMoney.esm|00011808,DeadMoney.esm,00011808,01011808,TaleOfTwoWastelands.esm,NVDLC01CrGhostSeekerHealth40,Ghost,,,unknown,NVDLC01\Creatures\Ghosts\skeleton.nif,,NVDLC01CrGhost [CREA:01000BAD],0,3,0,2,false,false,include_nonverbal,Reachable official non-verbal creature mapped to a reviewed archetype.,ghost_seeker
DeadMoney.esm|00011809,DeadMoney.esm,00011809,01011809,TaleOfTwoWastelands.esm,NVDLC01CrGhostSeekerHealth50,Ghost,,,unknown,NVDLC01\Creatures\Ghosts\skeleton.nif,,NVDLC01CrGhost [CREA:01000BAD],0,3,0,2,false,false,include_nonverbal,Reachable official non-verbal creature mapped to a reviewed archetype.,ghost_seeker
DeadMoney.esm|0001180A,DeadMoney.esm,0001180A,0101180A,TaleOfTwoWastelands.esm,NVDLC01CrGhostTrapperHealth01,Ghost,,,unknown,NVDLC01\Creatures\Ghosts\skeleton.nif,,NVDLC01CrGhost [CREA:01000BAD],0,3,0,2,false,false,include_nonverbal,Reachable official non-verbal creature mapped to a reviewed archetype.,ghost_trapper
DeadMoney.esm|0001180B,DeadMoney.esm,0001180B,0101180B,TaleOfTwoWastelands.esm,NVDLC01CrGhostTrapperHealth10,Ghost,,,unknown,NVDLC01\Creatures\Ghosts\skeleton.nif,,NVDLC01CrGhost [CREA:01000BAD],0,3,0,2,false,false,include_nonverbal,Reachable official non-verbal creature mapped to a reviewed archetype.,ghost_trapper
DeadMoney.esm|0001180C,DeadMoney.esm,0001180C,0101180C,TaleOfTwoWastelands.esm,NVDLC01CrGhostTrapperHealth20,Ghost,,,unknown,NVDLC01\Creatures\Ghosts\skeleton.nif,,NVDLC01CrGhost [CREA:01000BAD],0,3,0,2,false,false,include_nonverbal,Reachable official non-verbal creature mapped to a reviewed archetype.,ghost_trapper
DeadMoney.esm|0001180D,DeadMoney.esm,0001180D,0101180D,TaleOfTwoWastelands.esm,NVDLC01CrGhostTrapperHealth30,Ghost,,,unknown,NVDLC01\Creatures\Ghosts\skeleton.nif,,NVDLC01CrGhost [CREA:01000BAD],0,3,0,2,false,false,include_nonverbal,Reachable official non-verbal creature mapped to a reviewed archetype.,ghost_trapper
DeadMoney.esm|0001180E,DeadMoney.esm,0001180E,0101180E,TaleOfTwoWastelands.esm,NVDLC01CrGhostTrapperHealth40,Ghost,,,unknown,NVDLC01\Creatures\Ghosts\skeleton.nif,,NVDLC01CrGhost [CREA:01000BAD],0,3,0,2,false,false,include_nonverbal,Reachable official non-verbal creature mapped to a reviewed archetype.,ghost_trapper
DeadMoney.esm|0001180F,DeadMoney.esm,0001180F,0101180F,TaleOfTwoWastelands.esm,NVDLC01CrGhostTrapperHealth50,Ghost,,,unknown,NVDLC01\Creatures\Ghosts\skeleton.nif,,NVDLC01CrGhost [CREA:01000BAD],0,3,0,2,false,false,include_nonverbal,Reachable official non-verbal creature mapped to a reviewed archetype.,ghost_trapper
DeadMoney.esm|000120A6,DeadMoney.esm,000120A6,010120A6,DeadMoney.esm,NVDLC01CrHologramStarletVilla,Starlet Hologram,,,unknown,NVDLC01\Creatures\Hologram\skeleton.nif,,NVDLC01CrHologramTemplateFriendFemale [CREA:0100B042],0,0,0,1,false,false,exclude_unused,"Template, corpse, test, cut, or non-reachable archetype record without a distinct new roleplay profile.",
DeadMoney.esm|000120AD,DeadMoney.esm,000120AD,010120AD,TaleOfTwoWastelands.esm,NVDLC01CrGhostHarvesterVilla,Ghost Harvester,,,unknown,,,NVDLC01EncGhostHarvester [LVLC:010117FD],0,0,0,5,false,false,include_nonverbal,Reachable official non-verbal creature mapped to a reviewed archetype.,ghost_harvester
DeadMoney.esm|00012177,DeadMoney.esm,00012177,01012177,DeadMoney.esm,AudioTemplateGhostSeeker,,,,unknown,Creatures\GiantAnt\skeleton.nif,VoiceDoNotRecordF [VTYP:00094EED],,0,0,0,32,false,false,exclude_not_actor,Ambient/scenery actor or record without a usable identity.,
DeadMoney.esm|000127AE,DeadMoney.esm,000127AE,010127AE,DeadMoney.esm,NVDLC01CrHologramTemplateVendor,Hologram Vendor,,,unknown,NVDLC01\Creatures\Hologram\skeleton.nif,,,0,0,0,1,false,false,exclude_unused,"Template, corpse, test, cut, or non-reachable archetype record without a distinct new roleplay profile.",
DeadMoney.esm|000127AF,DeadMoney.esm,000127AF,010127AF,DeadMoney.esm,NVDLC01CrHologramVendor,Hologram Vendor,,,unknown,NVDLC01\Creatures\Hologram\skeleton.nif,,NVDLC01CrHologramTemplateVendor [CREA:010127AE],0,0,5,11,false,false,exclude_unused,"Template, corpse, test, cut, or non-reachable archetype record without a distinct new roleplay profile.",
DeadMoney.esm|00012800,DeadMoney.esm,00012800,01012800,DeadMoney.esm,AudioTemplateHologram,,,,unknown,Creatures\GiantAnt\skeleton.nif,VoiceDoNotRecordF [VTYP:00094EED],,0,0,0,13,false,false,exclude_not_actor,Ambient/scenery actor or record without a usable identity.,
DeadMoney.esm|00012C99,DeadMoney.esm,00012C99,01012C99,TaleOfTwoWastelands.esm,NVDLC01Gala02Turret01,Mark II Turret,,,unknown,Creatures\SentryTurret\skeleton.nif,RobotEyebot [VTYP:00040D41],,0,0,0,1,false,false,exclude_not_actor,Robot or automated turret reserved for the robot pass.,
DeadMoney.esm|000133E4,DeadMoney.esm,000133E4,010133E4,DeadMoney.esm,NVDLC01CrHologramWTFriend,Hologram,,,unknown,NVDLC01\Creatures\Hologram\skeleton.nif,,NVDLC01CrHologramTemplate [CREA:0100AD74],0,0,0,4,false,false,exclude_unused,"Template, corpse, test, cut, or non-reachable archetype record without a distinct new roleplay profile.",
DeadMoney.esm|000138DD,DeadMoney.esm,000138DD,010138DD,DeadMoney.esm,NVDLC01Radroach01,Radroach,,,unknown,Creatures\Radroach\skeleton.nif,VoiceDoNotRecordF [VTYP:00094EED],CrRadroach [CREA:0001CF7C],0,0,0,15,false,false,include_nonverbal,Reachable official non-verbal creature mapped to a reviewed archetype.,radroach
DeadMoney.esm|000138DE,DeadMoney.esm,000138DE,010138DE,DeadMoney.esm,NVDLC01Radroach02,Radroach,,,unknown,Creatures\Radroach\skeleton.nif,VoiceDoNotRecordF [VTYP:00094EED],CrRadroach [CREA:0001CF7C],0,0,0,1,false,false,include_nonverbal,Reachable official non-verbal creature mapped to a reviewed archetype.,radroach
DeadMoney.esm|000138DF,DeadMoney.esm,000138DF,010138DF,DeadMoney.esm,NVDLC01Radroach03,Radroach,,,unknown,Creatures\Radroach\skeleton.nif,VoiceDoNotRecordF [VTYP:00094EED],CrRadroach [CREA:0001CF7C],0,0,0,1,false,false,include_nonverbal,Reachable official non-verbal creature mapped to a reviewed archetype.,radroach
DeadMoney.esm|00013C71,DeadMoney.esm,00013C71,01013C71,TaleOfTwoWastelands.esm,NVDLC01InitialHarvesterVilla,Ghost Harvester,,,unknown,marker_creature.nif,,NVDLC01EncGhostHarvester [LVLC:010117FD],0,0,0,1,false,false,exclude_unused,"Template, corpse, test, cut, or non-reachable archetype record without a distinct new roleplay profile.",
DeadMoney.esm|00013C72,DeadMoney.esm,00013C72,01013C72,TaleOfTwoWastelands.esm,NVDLC01ScareHarvester01,Ghost Harvester,,,unknown,,,NVDLC01EncGhostHarvester [LVLC:010117FD],0,0,0,1,false,false,exclude_unused,"Template, corpse, test, cut, or non-reachable archetype record without a distinct new roleplay profile.",
DeadMoney.esm|00013D92,DeadMoney.esm,00013D92,01013D92,TaleOfTwoWastelands.esm,NVDLC01CrGhostHarvesterVilla02,Ghost Harvester,,,unknown,,,NVDLC01EncGhostHarvester [LVLC:010117FD],0,0,0,2,false,false,include_nonverbal,Reachable official non-verbal creature mapped to a reviewed archetype.,ghost_harvester
DeadMoney.esm|00013F65,DeadMoney.esm,00013F65,01013F65,YUPTTW.esm,NVDLC01DogFake,,,,unknown,Creatures\SMSpineBreaker\Skeleton.nif,NVDLC01CreatureUniqueDog [VTYP:01003572],,0,0,0,1,false,false,exclude_not_actor,Ambient/scenery actor or record without a usable identity.,
HonestHearts.esm|000094BA,HonestHearts.esm,000094BA,020094BA,HonestHearts.esm,NVDLC02GhostOfShe,The Ghost of She,,,unknown,NVDLC02\Creatures\YaoGuai\Skeleton.nif,VoiceDoNotRecordF [VTYP:00094EED],NVDLC02CrTier4YaoGuaiMed [CREA:02009F5B],0,0,0,3,false,false,exclude_unused,"Template, corpse, test, cut, or non-reachable archetype record without a distinct new roleplay profile.",
HonestHearts.esm|00009B7C,HonestHearts.esm,00009B7C,02009B7C,HonestHearts.esm,NVDLC02CrTier3GiantMantisMed,Zion Mantis,,,unknown,creatures\NVMantis\Skeleton.NIF,,NVCrGiantMantis [CREA:000EF412],0,17,0,6,false,false,include_nonverbal,Reachable official non-verbal creature mapped to a reviewed archetype.,zion_mantis
HonestHearts.esm|00009B7D,HonestHearts.esm,00009B7D,02009B7D,HonestHearts.esm,NVDLC02CrTier4GiantMantisLarge,Giant Zion Mantis,,,unknown,creatures\NVMantis\Skeleton.NIF,,NVCrGiantMantis [CREA:000EF412],0,10,0,4,false,false,include_nonverbal,Reachable official non-verbal creature mapped to a reviewed archetype.,giant_zion_mantis
HonestHearts.esm|00009B7E,HonestHearts.esm,00009B7E,02009B7E,TaleOfTwoWastelands.esm,NVDLC02CrTier2GiantMantisSmall,Zion Mantis Nymph,,,unknown,creatures\NVMantis\Skeleton.NIF,,NVCrGiantMantis [CREA:000EF412],0,10,0,3,false,false,include_nonverbal,Reachable official non-verbal creature mapped to a reviewed archetype.,zion_mantis_nymph
HonestHearts.esm|00009F3F,HonestHearts.esm,00009F3F,02009F3F,TaleOfTwoWastelands.esm,NVDLC02CrTier1AntWorkerMed,Giant Worker Ant,,,unknown,Creatures\GiantAnt\skeleton.nif,VoiceDoNotRecordF [VTYP:00094EED],CrAnt1Worker [CREA:0001CF81],0,9,0,3,false,false,include_nonverbal,Reachable official non-verbal creature mapped to a reviewed archetype.,giant_worker_ant
HonestHearts.esm|00009F40,HonestHearts.esm,00009F40,02009F40,HonestHearts.esm,NVDLC02CrTier1BarkScorpionMed,Bark Scorpion,,,unknown,Creatures\Radscorpion\Skeleton.nif,VoiceDoNotRecordF [VTYP:00094EED],CrBarkScorpion [CREA:000EB401],0,4,0,2,false,false,include_nonverbal,Reachable official non-verbal creature mapped to a reviewed archetype.,bark_scorpion
HonestHearts.esm|00009F41,HonestHearts.esm,00009F41,02009F41,HonestHearts.esm,NVDLC02CrTier1BarkScorpionPackMed,Bark Scorpion Hunter,,,unknown,Creatures\Radscorpion\Skeleton.nif,VoiceDoNotRecordF [VTYP:00094EED],CrBarkScorpion [CREA:000EB401],0,4,0,2,false,false,include_nonverbal,Reachable official non-verbal creature mapped to a reviewed archetype.,bark_scorpion_hunter
HonestHearts.esm|00009F42,HonestHearts.esm,00009F42,02009F42,TaleOfTwoWastelands.esm,NVDLC02CrTier1BigHornerSmall,Bighorner Calf,,,unknown,creatures\NVBigHorner\skeleton.nif,VoiceDoNotRecordF [VTYP:00094EED],NVCrBigHorner [CREA:00108020],0,6,0,6,false,false,include_nonverbal,Reachable official non-verbal creature mapped to a reviewed archetype.,bighorner_calf
HonestHearts.esm|00009F43,HonestHearts.esm,00009F43,02009F43,HonestHearts.esm,NVDLC02CrTier1BloatFlyMed,Bloatfly,,,unknown,Creatures\Blowfly\Skeleton.nif,VoiceDoNotRecordF [VTYP:00094EED],CrBloatFly [CREA:0009189C],0,6,0,3,false,false,include_nonverbal,Reachable official non-verbal creature mapped to a reviewed archetype.,bloatfly
HonestHearts.esm|00009F44,HonestHearts.esm,00009F44,02009F44,HonestHearts.esm,NVDLC02CrTier1CoyoteDenMother,Coyote Den Mother,,,unknown,Creatures\Dog\Skeleton.nif,VoiceDoNotRecordF [VTYP:00094EED],CrCoyote [CREA:000E584E],0,2,0,2,false,false,include_nonverbal,Reachable official non-verbal creature mapped to a reviewed archetype.,coyote_den_mother
HonestHearts.esm|00009F45,HonestHearts.esm,00009F45,02009F45,HonestHearts.esm,NVDLC02CrTier1CoyoteMed,Coyote,,,unknown,Creatures\Dog\Skeleton.nif,VoiceDoNotRecordF [VTYP:00094EED],CrCoyote [CREA:000E584E],0,2,0,1,false,false,include_nonverbal,Reachable official non-verbal creature mapped to a reviewed archetype.,coyote
HonestHearts.esm|00009F46,HonestHearts.esm,00009F46,02009F46,TaleOfTwoWastelands.esm,NVDLC02CrTier1CoyoteSmall,Coyote Pup,,,unknown,Creatures\Dog\Skeleton.nif,VoiceDoNotRecordF [VTYP:00094EED],CrCoyote [CREA:000E584E],0,2,0,3,false,false,include_nonverbal,Reachable official non-verbal creature mapped to a reviewed archetype.,coyote_pup
HonestHearts.esm|00009F47,HonestHearts.esm,00009F47,02009F47,TaleOfTwoWastelands.esm,NVDLC02CrTier1DogLarge,Large Dog,,,unknown,Creatures\Dog\Skeleton.nif,VoiceDoNotRecordF [VTYP:00094EED],CrDogLarge [CREA:0014F44E],0,2,0,1,false,false,include_nonverbal,Reachable official non-verbal creature mapped to a reviewed archetype.,dog
HonestHearts.esm|00009F48,HonestHearts.esm,00009F48,02009F48,HonestHearts.esm,NVDLC02CrTier1DogMed,Dog,,,unknown,Creatures\Dog\Skeleton.nif,VoiceDoNotRecordF [VTYP:00094EED],CrDog [CREA:0001CF9C],0,2,0,1,false,false,include_nonverbal,Reachable official non-verbal creature mapped to a reviewed archetype.,dog
HonestHearts.esm|00009F49,HonestHearts.esm,00009F49,02009F49,TaleOfTwoWastelands.esm,NVDLC02CrTier1DogWildLarge,Large Wild Dog,,,unknown,Creatures\Dog\Skeleton.nif,VoiceDoNotRecordF [VTYP:00094EED],CrDogLargeWild [CREA:0015C68F],0,2,0,1,false,false,include_nonverbal,Reachable official non-verbal creature mapped to a reviewed archetype.,wild_dog
HonestHearts.esm|00009F4A,HonestHearts.esm,00009F4A,02009F4A,HonestHearts.esm,NVDLC02CrTier1DogWildMed,Wild Dog,,,unknown,Creatures\Dog\Skeleton.nif,VoiceDoNotRecordF [VTYP:00094EED],CrDogWild [CREA:0015C690],0,2,0,1,false,false,include_nonverbal,Reachable official non-verbal creature mapped to a reviewed archetype.,wild_dog
HonestHearts.esm|00009F4B,HonestHearts.esm,00009F4B,02009F4B,TaleOfTwoWastelands.esm,NVDLC02CrTier1GeckoSmall,Young Gecko,,,unknown,creatures\NVGecko\skeleton.nif,VoiceDoNotRecordF [VTYP:00094EED],NVCrGecko [CREA:0010CD73],0,6,0,3,false,false,include_nonverbal,Reachable official non-verbal creature mapped to a reviewed archetype.,young_gecko
HonestHearts.esm|00009F4C,HonestHearts.esm,00009F4C,02009F4C,YUPTTW.esm,NVDLC02CrTier1GiantRatMed,Giant Rat,,,unknown,creatures\NVgiantrat\skeleton.nif,VoiceDoNotRecordF [VTYP:00094EED],NVCrGiantRat [CREA:000E8E95],0,4,0,3,false,false,include_nonverbal,Reachable official non-verbal creature mapped to a reviewed archetype.,giant_rat
HonestHearts.esm|00009F4D,HonestHearts.esm,00009F4D,02009F4D,YUPTTW.esm,NVDLC02CrTier1GiantRatSmall,Giant Rat Pup,,,unknown,creatures\NVgiantrat\skeleton.nif,VoiceDoNotRecordF [VTYP:00094EED],NVCrGiantRat [CREA:000E8E95],0,4,0,3,false,false,include_nonverbal,Reachable official non-verbal creature mapped to a reviewed archetype.,giant_rat_pup
HonestHearts.esm|00009F4E,HonestHearts.esm,00009F4E,02009F4E,HonestHearts.esm,NVDLC02CrTier1MoleRatMed,Mole Rat,,,unknown,Creatures\MoleRat\skeleton.nif,VoiceDoNotRecordF [VTYP:00094EED],CrMoleRat [CREA:0001CF9F],0,7,0,7,false,false,include_nonverbal,Reachable official non-verbal creature mapped to a reviewed archetype.,mole_rat
HonestHearts.esm|00009F4F,HonestHearts.esm,00009F4F,02009F4F,TaleOfTwoWastelands.esm,NVDLC02CrTier1MoleRatSmall,Mole Rat Pup,,,unknown,Creatures\MoleRat\skeleton.nif,VoiceDoNotRecordF [VTYP:00094EED],CrMoleRat [CREA:0001CF9F],0,4,0,6,false,false,include_nonverbal,Reachable official non-verbal creature mapped to a reviewed archetype.,mole_rat_pup
HonestHearts.esm|00009F50,HonestHearts.esm,00009F50,02009F50,HonestHearts.esm,NVDLC02CrTier1RadscorpionSmall,Small Radscorpion,,,unknown,Creatures\Radscorpion\Skeleton.nif,VoiceDoNotRecordF [VTYP:00094EED],CrRadscorpion1Small [CREA:0001CF9D],0,5,0,2,false,false,include_nonverbal,Reachable official non-verbal creature mapped to a reviewed archetype.,small_radscorpion
HonestHearts.esm|00009F51,HonestHearts.esm,00009F51,02009F51,HonestHearts.esm,NVDLC02CrTier2AntSoldierMed,Giant Soldier Ant,,,unknown,Creatures\GiantAnt\skeleton.nif,VoiceDoNotRecordF [VTYP:00094EED],CrAnt2Soldier [CREA:0001CF80],0,6,0,3,false,false,include_nonverbal,Reachable official non-verbal creature mapped to a reviewed archetype.,giant_soldier_ant
HonestHearts.esm|00009F52,HonestHearts.esm,00009F52,02009F52,TaleOfTwoWastelands.esm,NVDLC02CrTier2BigHornerMed,Bighorner,,,unknown,creatures\NVBigHorner\skeleton.nif,VoiceDoNotRecordF [VTYP:00094EED],NVCrBigHorner [CREA:00108020],0,4,0,6,false,false,include_nonverbal,Reachable official non-verbal creature mapped to a reviewed archetype.,bighorner
HonestHearts.esm|00009F53,HonestHearts.esm,00009F53,02009F53,TaleOfTwoWastelands.esm,NVDLC02CrTier2GeckoMed,Gecko,,,unknown,creatures\NVGecko\skeleton.nif,VoiceDoNotRecordF [VTYP:00094EED],NVCrGecko [CREA:0010CD73],0,6,0,3,false,false,include_nonverbal,Reachable official non-verbal creature mapped to a reviewed archetype.,gecko
HonestHearts.esm|00009F54,HonestHearts.esm,00009F54,02009F54,YUPTTW.esm,NVDLC02CrTier3GreenGeckoSmall,Young Green Gecko,,,unknown,creatures\NVGecko\skeleton.nif,VoiceDoNotRecordF [VTYP:00094EED],NVDLC02CrGreenGecko [CREA:0200D663],0,4,0,1,false,false,include_nonverbal,Reachable official non-verbal creature mapped to a reviewed archetype.,young_green_gecko
HonestHearts.esm|00009F55,HonestHearts.esm,00009F55,02009F55,TaleOfTwoWastelands.esm,NVDLC02CrTier2MoleRatLarge,Mole Rat,,,unknown,Creatures\MoleRat\skeleton.nif,VoiceDoNotRecordF [VTYP:00094EED],CrMoleRat [CREA:0001CF9F],0,4,0,2,false,false,include_nonverbal,Reachable official non-verbal creature mapped to a reviewed archetype.,mole_rat
HonestHearts.esm|00009F56,HonestHearts.esm,00009F56,02009F56,HonestHearts.esm,NVDLC02CrTier2RadscorpionMed,Radscorpion,,,unknown,Creatures\Radscorpion\Skeleton.nif,VoiceDoNotRecordF [VTYP:00094EED],CrRadscorpion1Small [CREA:0001CF9D],0,4,0,2,false,false,include_nonverbal,Reachable official non-verbal creature mapped to a reviewed archetype.,radscorpion
HonestHearts.esm|00009F57,HonestHearts.esm,00009F57,02009F57,TaleOfTwoWastelands.esm,NVDLC02CrTier3BigHornerLarge,Bighorner Bull,,,unknown,creatures\NVBigHorner\skeleton.nif,VoiceDoNotRecordF [VTYP:00094EED],NVCrBigHorner [CREA:00108020],0,9,0,6,false,false,include_nonverbal,Reachable official non-verbal creature mapped to a reviewed archetype.,bighorner_bull
HonestHearts.esm|00009F58,HonestHearts.esm,00009F58,02009F58,HonestHearts.esm,NVDLC02CrTier3CazadorSmall,Young Cazador,,,unknown,creatures\NVCazadores\Skeleton.nif,VoiceDoNotRecordF [VTYP:00094EED],NVCrCazador [CREA:000E584D],0,7,0,5,false,false,include_nonverbal,Reachable official non-verbal creature mapped to a reviewed archetype.,young_cazador
HonestHearts.esm|00009F5A,HonestHearts.esm,00009F5A,02009F5A,HonestHearts.esm,NVDLC02CrTier3GiantRadscorpionMed,Giant Radscorpion,,,unknown,Creatures\Radscorpion\Skeleton.nif,VoiceDoNotRecordF [VTYP:00094EED],CrRadscorpion2Large [CREA:0001CF9E],0,7,0,4,false,false,include_nonverbal,Reachable official non-verbal creature mapped to a reviewed archetype.,giant_radscorpion
HonestHearts.esm|00009F5B,HonestHearts.esm,00009F5B,02009F5B,TaleOfTwoWastelands.esm,NVDLC02CrTier4YaoGuaiMed,Yao Guai,,,unknown,NVDLC02\Creatures\YaoGuai\Skeleton.nif,VoiceDoNotRecordF [VTYP:00094EED],,0,15,0,15,false,false,include_nonverbal,Reachable official non-verbal creature mapped to a reviewed archetype.,yao_guai
HonestHearts.esm|00009F5C,HonestHearts.esm,00009F5C,02009F5C,HonestHearts.esm,NVDLC02CrTier4CazadorMed,Cazador,,,unknown,creatures\NVCazadores\Skeleton.nif,VoiceDoNotRecordF [VTYP:00094EED],NVCrCazador [CREA:000E584D],0,7,0,5,false,false,include_nonverbal,Reachable official non-verbal creature mapped to a reviewed archetype.,cazador
HonestHearts.esm|00009F5D,HonestHearts.esm,00009F5D,02009F5D,HonestHearts.esm,NVDLC02CrTier4GreenGeckoMed,Green Gecko,,,unknown,creatures\NVGecko\skeleton.nif,VoiceDoNotRecordF [VTYP:00094EED],NVDLC02CrGreenGecko [CREA:0200D663],0,4,0,1,false,false,include_nonverbal,Reachable official non-verbal creature mapped to a reviewed archetype.,green_gecko
HonestHearts.esm|00009F5E,HonestHearts.esm,00009F5E,02009F5E,YUPTTW.esm,NVDLC02CrTier2SporeCarrierFD,Spore Carrier Runt,,,unknown,creatures\NVSporeCarrier\skeleton.nif,DLC01UniqueTrogVoice [VTYP:0009467B],,0,0,0,7,false,false,include_nonverbal,Reachable official non-verbal creature mapped to a reviewed archetype.,spore_carrier_runt
HonestHearts.esm|00009F60,HonestHearts.esm,00009F60,02009F60,HonestHearts.esm,NVDLC02CrTier3SporeCarrierFD2,Spore Carrier,,,unknown,creatures\NVSporeCarrier\skeleton.nif,DLC01UniqueTrogVoice [VTYP:0009467B],NVDLC02CrTier2SporeCarrierFD [CREA:02009F5E],0,0,0,3,false,false,include_nonverbal,Reachable official non-verbal creature mapped to a reviewed archetype.,spore_carrier
HonestHearts.esm|00009F62,HonestHearts.esm,00009F62,02009F62,HonestHearts.esm,NVDLC02CrTier4SporeCarrierFD3,Spore Carrier Brute,,,unknown,creatures\NVSporeCarrier\skeleton.nif,DLC01UniqueTrogVoice [VTYP:0009467B],NVDLC02CrTier2SporeCarrierFD [CREA:02009F5E],0,0,0,2,false,false,include_nonverbal,Reachable official non-verbal creature mapped to a reviewed archetype.,spore_carrier_brute
HonestHearts.esm|00009F64,HonestHearts.esm,00009F64,02009F64,TaleOfTwoWastelands.esm,NVDLC02CrTier2SporePlant,Spore Plant,,,unknown,creatures\NVSporePlant\skeleton.nif,VoiceDoNotRecordF [VTYP:00094EED],,0,0,0,1,false,false,include_nonverbal,Reachable official non-verbal creature mapped to a reviewed archetype.,spore_plant
HonestHearts.esm|00009F65,HonestHearts.esm,00009F65,02009F65,TaleOfTwoWastelands.esm,NVDLC02CrTier3SporePlant,Giant Spore Plant,,,unknown,creatures\NVSporePlant\skeleton.nif,VoiceDoNotRecordF [VTYP:00094EED],,0,0,0,8,false,false,include_nonverbal,Reachable official non-verbal creature mapped to a reviewed archetype.,giant_spore_plant
HonestHearts.esm|0000A3E1,HonestHearts.esm,0000A3E1,0200A3E1,TaleOfTwoWastelands.esm,NVDLC02CrYaoGuai,Yao Guai,,,unknown,NVDLC02\Creatures\YaoGuai\Skeleton.nif,VoiceDoNotRecordF [VTYP:00094EED],,0,0,0,1,false,false,include_nonverbal,Reachable official non-verbal creature mapped to a reviewed archetype.,yao_guai
HonestHearts.esm|0000A3E2,HonestHearts.esm,0000A3E2,0200A3E2,TaleOfTwoWastelands.esm,NVDLC02EVBighornerSmall,Mountain Bighorner Calf,,,unknown,creatures\NVBigHorner\skeleton.nif,VoiceDoNotRecordF [VTYP:00094EED],NVDLC02CrTier1BigHornerSmall [CREA:02009F42],0,0,0,4,false,false,exclude_unused,"Template, corpse, test, cut, or non-reachable archetype record without a distinct new roleplay profile.",
HonestHearts.esm|0000A3E3,HonestHearts.esm,0000A3E3,0200A3E3,TaleOfTwoWastelands.esm,NVDLC02EVBighornerMed,Mountain Bighorner,,,unknown,creatures\NVBigHorner\skeleton.nif,VoiceDoNotRecordF [VTYP:00094EED],NVDLC02CrTier2BigHornerMed [CREA:02009F52],0,0,0,4,false,false,exclude_unused,"Template, corpse, test, cut, or non-reachable archetype record without a distinct new roleplay profile.",
HonestHearts.esm|0000A3E4,HonestHearts.esm,0000A3E4,0200A3E4,TaleOfTwoWastelands.esm,NVDLC02EVBigHornerLarge,Mountain Bighorner Bull,,,unknown,creatures\NVBigHorner\skeleton.nif,VoiceDoNotRecordF [VTYP:00094EED],NVDLC02CrTier3BigHornerLarge [CREA:02009F57],0,0,0,2,false,false,exclude_unused,"Template, corpse, test, cut, or non-reachable archetype record without a distinct new roleplay profile.",
HonestHearts.esm|0000A3E5,HonestHearts.esm,0000A3E5,0200A3E5,HonestHearts.esm,NVDLC02EVBighornerSpecial01,Lost Mountain Bighorner Calf,,,unknown,creatures\NVBigHorner\skeleton.nif,VoiceDoNotRecordF [VTYP:00094EED],NVDLC02CrTier1BigHornerSmall [CREA:02009F42],0,0,0,2,false,false,exclude_unused,"Template, corpse, test, cut, or non-reachable archetype record without a distinct new roleplay profile.",
HonestHearts.esm|0000A3E6,HonestHearts.esm,0000A3E6,0200A3E6,TaleOfTwoWastelands.esm,NVDLC02EVBighornerSpecial02,Mountain Bighorner Mother,,,unknown,creatures\NVBigHorner\skeleton.nif,VoiceDoNotRecordF [VTYP:00094EED],NVDLC02CrTier2BigHornerMed [CREA:02009F52],0,0,0,2,false,false,exclude_unused,"Template, corpse, test, cut, or non-reachable archetype record without a distinct new roleplay profile.",
HonestHearts.esm|0000A935,HonestHearts.esm,0000A935,0200A935,TaleOfTwoWastelands.esm,NVDLC02CrTier2GeckoNarrows,Gecko,,,unknown,creatures\NVGecko\skeleton.nif,VoiceDoNotRecordF [VTYP:00094EED],NVCrGecko [CREA:0010CD73],0,0,0,5,false,false,include_nonverbal,Reachable official non-verbal creature mapped to a reviewed archetype.,gecko
HonestHearts.esm|0000B624,HonestHearts.esm,0000B624,0200B624,HonestHearts.esm,NVDLC02CrTier3YaoGuaiSmall,Yao Guai Cub,,,unknown,NVDLC02\Creatures\YaoGuai\Skeleton.nif,VoiceDoNotRecordF [VTYP:00094EED],NVDLC02CrTier4YaoGuaiMed [CREA:02009F5B],0,12,0,10,false,false,include_nonverbal,Reachable official non-verbal creature mapped to a reviewed archetype.,yao_guai_cub
HonestHearts.esm|0000D663,HonestHearts.esm,0000D663,0200D663,TaleOfTwoWastelands.esm,NVDLC02CrGreenGecko,Green Gecko,,,unknown,creatures\NVGecko\skeleton.nif,VoiceDoNotRecordF [VTYP:00094EED],,0,0,0,7,false,false,include_nonverbal,Reachable official non-verbal creature mapped to a reviewed archetype.,green_gecko
HonestHearts.esm|0000DD6C,HonestHearts.esm,0000DD6C,0200DD6C,HonestHearts.esm,NVDLC02CrTier5GreenGeckoLarge,Giant Green Gecko,,,unknown,creatures\NVGecko\skeleton.nif,VoiceDoNotRecordF [VTYP:00094EED],NVDLC02CrGreenGecko [CREA:0200D663],0,4,0,1,false,false,include_nonverbal,Reachable official non-verbal creature mapped to a reviewed archetype.,giant_green_gecko
HonestHearts.esm|0000DD6E,HonestHearts.esm,0000DD6E,0200DD6E,HonestHearts.esm,NVDLC02CrTier5YaoGuaiLarge,Giant Yao Guai,,,unknown,NVDLC02\Creatures\YaoGuai\Skeleton.nif,VoiceDoNotRecordF [VTYP:00094EED],NVDLC02CrTier4YaoGuaiMed [CREA:02009F5B],0,11,0,5,false,false,include_nonverbal,Reachable official non-verbal creature mapped to a reviewed archetype.,giant_yao_guai
HonestHearts.esm|0000DD6F,HonestHearts.esm,0000DD6F,0200DD6F,HonestHearts.esm,NVDLC02CrTier5CazadorLarge,Giant Cazador,,,unknown,creatures\NVCazadores\Skeleton.nif,VoiceDoNotRecordF [VTYP:00094EED],NVCrCazador [CREA:000E584D],0,7,0,5,false,false,include_nonverbal,Reachable official non-verbal creature mapped to a reviewed archetype.,giant_cazador
HonestHearts.esm|0000DD86,HonestHearts.esm,0000DD86,0200DD86,HonestHearts.esm,NVDLC02SpawnGr1Insect,,,,unknown,,,NVDLC02EncGr1Insect [LVLC:0200DD85],0,0,0,9,false,false,exclude_not_actor,Ambient/scenery actor or record without a usable identity.,
HonestHearts.esm|0000DD87,HonestHearts.esm,0000DD87,0200DD87,HonestHearts.esm,NVDLC02SpawnGr2Insect,,,,unknown,,,NVDLC02EncGr2Insect [LVLC:0200DD80],0,0,0,9,false,false,exclude_not_actor,Ambient/scenery actor or record without a usable identity.,
HonestHearts.esm|0000DD88,HonestHearts.esm,0000DD88,0200DD88,HonestHearts.esm,NVDLC02SpawnGr3Insect,,,,unknown,,,NVDLC02EncGr3Insect [LVLC:0200DD7C],0,0,0,9,false,false,exclude_not_actor,Ambient/scenery actor or record without a usable identity.,
HonestHearts.esm|0000DD89,HonestHearts.esm,0000DD89,0200DD89,HonestHearts.esm,NVDLC02SpawnGr1Mammal,,,,unknown,,,NVDLC02EncGr1Mammal [LVLC:0200DD83],0,0,0,3,false,false,exclude_not_actor,Ambient/scenery actor or record without a usable identity.,
HonestHearts.esm|0000DD8A,HonestHearts.esm,0000DD8A,0200DD8A,HonestHearts.esm,NVDLC02SpawnGr1Mammal02,,,,unknown,,,NVDLC02EncGr1Mammal02 [LVLC:0200DD82],0,0,0,6,false,false,exclude_not_actor,Ambient/scenery actor or record without a usable identity.,
HonestHearts.esm|0000DD8B,HonestHearts.esm,0000DD8B,0200DD8B,HonestHearts.esm,NVDLC02SpawnGr2Mammal,,,,unknown,,,NVDLC02EncGr2Mammal [LVLC:0200DD81],0,0,0,9,false,false,exclude_not_actor,Ambient/scenery actor or record without a usable identity.,
HonestHearts.esm|0000DD8C,HonestHearts.esm,0000DD8C,0200DD8C,HonestHearts.esm,NVDLC02SpawnGr3Mammal,,,,unknown,,,NVDLC02EncGr3Mammal [LVLC:0200DD7D],0,0,0,9,false,false,exclude_not_actor,Ambient/scenery actor or record without a usable identity.,
HonestHearts.esm|0000DD8D,HonestHearts.esm,0000DD8D,0200DD8D,HonestHearts.esm,NVDLC02SpawnGr1Reptile,,,,unknown,,,NVDLC02EncGr1Reptile [LVLC:0200DD84],0,0,0,9,false,false,exclude_not_actor,Ambient/scenery actor or record without a usable identity.,
HonestHearts.esm|0000DD8E,HonestHearts.esm,0000DD8E,0200DD8E,HonestHearts.esm,NVDLC02SpawnGr2Reptile,,,,unknown,,,NVDLC02EncGr2Reptile [LVLC:0200DD7F],0,0,0,9,false,false,exclude_not_actor,Ambient/scenery actor or record without a usable identity.,
HonestHearts.esm|0000DD8F,HonestHearts.esm,0000DD8F,0200DD8F,HonestHearts.esm,NVDLC02SpawnGr3Reptile,,,,unknown,,,NVDLC02EncGr3Reptile [LVLC:0200DD7E],0,0,0,9,false,false,exclude_not_actor,Ambient/scenery actor or record without a usable identity.,
HonestHearts.esm|0000F07F,HonestHearts.esm,0000F07F,0200F07F,YUPTTW.esm,NVDLC02CrTier3GreenGeckoSmallRanged,Young Green Gecko,,,unknown,creatures\NVGecko\skeleton.nif,VoiceDoNotRecordF [VTYP:00094EED],NVDLC02CrGreenGeckoRanged [CREA:0200F080],0,3,0,1,false,false,include_nonverbal,Reachable official non-verbal creature mapped to a reviewed archetype.,young_green_gecko
HonestHearts.esm|0000F080,HonestHearts.esm,0000F080,0200F080,HonestHearts.esm,NVDLC02CrGreenGeckoRanged,Green Gecko,,,unknown,creatures\NVGecko\skeleton.nif,VoiceDoNotRecordF [VTYP:00094EED],NVDLC02CrGreenGecko [CREA:0200D663],0,0,0,4,false,false,include_nonverbal,Reachable official non-verbal creature mapped to a reviewed archetype.,green_gecko
HonestHearts.esm|0000F081,HonestHearts.esm,0000F081,0200F081,HonestHearts.esm,NVDLC02CrTier5GreenGeckoLargeRanged,Giant Green Gecko,,,unknown,creatures\NVGecko\skeleton.nif,VoiceDoNotRecordF [VTYP:00094EED],NVDLC02CrGreenGeckoRanged [CREA:0200F080],0,3,0,1,false,false,include_nonverbal,Reachable official non-verbal creature mapped to a reviewed archetype.,giant_green_gecko
HonestHearts.esm|0000F082,HonestHearts.esm,0000F082,0200F082,HonestHearts.esm,NVDLC02CrTier4GreenGeckoMedRanged,Green Gecko,,,unknown,creatures\NVGecko\skeleton.nif,VoiceDoNotRecordF [VTYP:00094EED],NVDLC02CrGreenGeckoRanged [CREA:0200F080],0,3,0,1,false,false,include_nonverbal,Reachable official non-verbal creature mapped to a reviewed archetype.,green_gecko
HonestHearts.esm|0000F238,HonestHearts.esm,0000F238,0200F238,HonestHearts.esm,NVDLC02CrTier3WhiteLegMongrel,Large White Leg Mongrel,,,unknown,Creatures\Dog\Skeleton.nif,VoiceDoNotRecordF [VTYP:00094EED],,0,2,0,1,false,false,include_nonverbal,Reachable official non-verbal creature mapped to a reviewed archetype.,white_leg_mongrel
HonestHearts.esm|0000F239,HonestHearts.esm,0000F239,0200F239,HonestHearts.esm,NVDLC02EveSpawnWhiteLegMongrel,,,,unknown,,,NVDLC02EncCrWhiteLegMongrel [LVLC:0200F23B],0,0,0,8,false,false,exclude_not_actor,Ambient/scenery actor or record without a usable identity.,
HonestHearts.esm|0000F23A,HonestHearts.esm,0000F23A,0200F23A,HonestHearts.esm,NVDLC02CrTier2WhiteLegMongrel,White Leg Mongrel,,,unknown,Creatures\Dog\Skeleton.nif,VoiceDoNotRecordF [VTYP:00094EED],,0,3,0,1,false,false,include_nonverbal,Reachable official non-verbal creature mapped to a reviewed archetype.,white_leg_mongrel
HonestHearts.esm|0000F87A,HonestHearts.esm,0000F87A,0200F87A,YUPTTW.esm,NVDLC02CrTier2SporeCarrierFDNR,Spore Carrier Runt,,,unknown,creatures\NVSporeCarrier\skeleton.nif,DLC01UniqueTrogVoice [VTYP:0009467B],,0,2,0,1,false,false,include_nonverbal,Reachable official non-verbal creature mapped to a reviewed archetype.,spore_carrier_runt
HonestHearts.esm|0000F87B,HonestHearts.esm,0000F87B,0200F87B,TaleOfTwoWastelands.esm,NVDLC02CrTier2SporePlantNR,Spore Plant,,,unknown,creatures\NVSporePlant\skeleton.nif,VoiceDoNotRecordF [VTYP:00094EED],,0,2,0,1,false,false,include_nonverbal,Reachable official non-verbal creature mapped to a reviewed archetype.,spore_plant
HonestHearts.esm|0000F87C,HonestHearts.esm,0000F87C,0200F87C,HonestHearts.esm,NVDLC02CrTier3SporeCarrierFD2NR,Spore Carrier,,,unknown,creatures\NVSporeCarrier\skeleton.nif,DLC01UniqueTrogVoice [VTYP:0009467B],NVDLC02CrTier2SporeCarrierFD [CREA:02009F5E],0,2,0,1,false,false,include_nonverbal,Reachable official non-verbal creature mapped to a reviewed archetype.,spore_carrier
HonestHearts.esm|0000F87D,HonestHearts.esm,0000F87D,0200F87D,TaleOfTwoWastelands.esm,NVDLC02CrTier3SporePlantNR,Giant Spore Plant,,,unknown,creatures\NVSporePlant\skeleton.nif,VoiceDoNotRecordF [VTYP:00094EED],,0,2,0,1,false,false,include_nonverbal,Reachable official non-verbal creature mapped to a reviewed archetype.,giant_spore_plant
HonestHearts.esm|0000F87E,HonestHearts.esm,0000F87E,0200F87E,HonestHearts.esm,NVDLC02CrTier4SporeCarrierFD3NR,Spore Carrier Brute,,,unknown,creatures\NVSporeCarrier\skeleton.nif,DLC01UniqueTrogVoice [VTYP:0009467B],NVDLC02CrTier2SporeCarrierFD [CREA:02009F5E],0,2,0,1,false,false,include_nonverbal,Reachable official non-verbal creature mapped to a reviewed archetype.,spore_carrier_brute
HonestHearts.esm|0000F87F,HonestHearts.esm,0000F87F,0200F87F,HonestHearts.esm,NVDLC02CrTier5SporeCarrierFD4NR,Spore Carrier Beast,,,unknown,creatures\NVSporeCarrier\skeleton.nif,DLC01UniqueTrogVoice [VTYP:0009467B],NVDLC02CrTier2SporeCarrierFD [CREA:02009F5E],0,2,0,1,false,false,include_nonverbal,Reachable official non-verbal creature mapped to a reviewed archetype.,spore_carrier_beast
HonestHearts.esm|0000F880,HonestHearts.esm,0000F880,0200F880,HonestHearts.esm,NVDLC02SpawnSpecialSporeCarrier,,,,unknown,,,NVDLC02EncSpecialSporeCarriers [LVLC:0200F883],0,0,0,6,false,false,exclude_not_actor,Ambient/scenery actor or record without a usable identity.,
HonestHearts.esm|0000F881,HonestHearts.esm,0000F881,0200F881,HonestHearts.esm,NVDLC02SpawnSpecialSporePlant,,,,unknown,,,NVDLC02EncSpecialSporePlants [LVLC:0200F882],0,0,0,10,false,false,exclude_not_actor,Ambient/scenery actor or record without a usable identity.,
HonestHearts.esm|00010B60,HonestHearts.esm,00010B60,02010B60,HonestHearts.esm,NVDLC02GhostOfSheDupe,The Ghost of She,,,unknown,NVDLC02\Creatures\YaoGuai\Skeleton.nif,VoiceDoNotRecordF [VTYP:00094EED],NVDLC02GhostOfShe [CREA:020094BA],0,0,0,3,false,false,exclude_unused,"Template, corpse, test, cut, or non-reachable archetype record without a distinct new roleplay profile.",
HonestHearts.esm|00010CAD,HonestHearts.esm,00010CAD,02010CAD,HonestHearts.esm,NVDLC02SpawnSpecialMQ02Gecko,,,,unknown,,,NVDLC02EncSpecialGeckos [LVLC:02010CA6],0,0,0,3,false,false,exclude_not_actor,Ambient/scenery actor or record without a usable identity.,
HonestHearts.esm|00010CAE,HonestHearts.esm,00010CAE,02010CAE,HonestHearts.esm,NVDLC02SpawnSpecialMQ02FlyingBug,,,,unknown,marker_creature.nif,,NVDLC02EncSpecialFlyingBugs [LVLC:02010CA8],0,0,0,3,false,false,exclude_not_actor,Ambient/scenery actor or record without a usable identity.,
HonestHearts.esm|00010CAF,HonestHearts.esm,00010CAF,02010CAF,HonestHearts.esm,NVDLC02SpawnSpecialMQ02Crawlie,Bark Scorpion Hunter,,,unknown,Creatures\Radscorpion\Skeleton.nif,VoiceDoNotRecordF [VTYP:00094EED],VCrTier1BarkScorpionPackMedNR [CREA:00167E31],0,0,0,3,false,false,include_nonverbal,Reachable official non-verbal creature mapped to a reviewed archetype.,bark_scorpion_hunter
HonestHearts.esm|00010CE9,HonestHearts.esm,00010CE9,02010CE9,HonestHearts.esm,NVDLC02SpawnSpecialMQ03YaoGuai,,,,unknown,,,NVDLC02EncSpecialMQ03YaoGuai [LVLC:02010CE8],0,0,0,5,false,false,exclude_not_actor,Ambient/scenery actor or record without a usable identity.,
HonestHearts.esm|00010D9F,HonestHearts.esm,00010D9F,02010D9F,TaleOfTwoWastelands.esm,NVDLC02CrSpecialGreenGeckoIntro01,Green Gecko,,,unknown,creatures\NVGecko\skeleton.nif,VoiceDoNotRecordF [VTYP:00094EED],NVDLC02CrGreenGecko [CREA:0200D663],0,0,0,1,false,false,include_nonverbal,Reachable official non-verbal creature mapped to a reviewed archetype.,green_gecko
HonestHearts.esm|00010DAC,HonestHearts.esm,00010DAC,02010DAC,HonestHearts.esm,NVDLC02CrSpecialYaoGuaiIntro01,Giant Yao Guai,,,unknown,NVDLC02\Creatures\YaoGuai\Skeleton.nif,VoiceDoNotRecordF [VTYP:00094EED],NVDLC02CrTier4YaoGuaiMed [CREA:02009F5B],0,0,0,1,false,false,include_nonverbal,Reachable official non-verbal creature mapped to a reviewed archetype.,giant_yao_guai
HonestHearts.esm|00010EFD,HonestHearts.esm,00010EFD,02010EFD,HonestHearts.esm,NVDLC02CrSpecialYaoGuaiIntro02,Yao Guai Cub,,,unknown,NVDLC02\Creatures\YaoGuai\Skeleton.nif,VoiceDoNotRecordF [VTYP:00094EED],NVDLC02CrTier4YaoGuaiMed [CREA:02009F5B],0,0,0,1,false,false,include_nonverbal,Reachable official non-verbal creature mapped to a reviewed archetype.,yao_guai_cub
HonestHearts.esm|0001139E,HonestHearts.esm,0001139E,0201139E,HonestHearts.esm,NVDLC02SpawnSpecialMQ03YaoGuaiCave,,,,unknown,marker_creature.nif,,NVDLC02SpawnSpecialMQ03YaoGuai [CREA:02010CE9],0,0,0,3,false,false,exclude_not_actor,Ambient/scenery actor or record without a usable identity.,
HonestHearts.esm|000116AB,HonestHearts.esm,000116AB,020116AB,TaleOfTwoWastelands.esm,NVDLC02CrSpecialYaoGuaiSmall05,Yao Guai Cub,,,unknown,NVDLC02\Creatures\YaoGuai\Skeleton.nif,VoiceDoNotRecordF [VTYP:00094EED],NVDLC02CrTier3YaoGuaiSmall [CREA:0200B624],0,3,0,2,false,false,include_nonverbal,Reachable official non-verbal creature mapped to a reviewed archetype.,yao_guai_cub
HonestHearts.esm|000116AC,HonestHearts.esm,000116AC,020116AC,TaleOfTwoWastelands.esm,NVDLC02CrSpecialYaoGuaiSmall10,Yao Guai Cub,,,unknown,NVDLC02\Creatures\YaoGuai\Skeleton.nif,VoiceDoNotRecordF [VTYP:00094EED],NVDLC02CrTier3YaoGuaiSmall [CREA:0200B624],0,3,0,2,false,false,include_nonverbal,Reachable official non-verbal creature mapped to a reviewed archetype.,yao_guai_cub
HonestHearts.esm|000116AD,HonestHearts.esm,000116AD,020116AD,HonestHearts.esm,NVDLC02CrSpecialYaoGuaiMed18,Yao Guai,,,unknown,NVDLC02\Creatures\YaoGuai\Skeleton.nif,VoiceDoNotRecordF [VTYP:00094EED],NVDLC02CrTier4YaoGuaiMed [CREA:02009F5B],0,3,0,2,false,false,include_nonverbal,Reachable official non-verbal creature mapped to a reviewed archetype.,yao_guai
HonestHearts.esm|000117F3,HonestHearts.esm,000117F3,020117F3,HonestHearts.esm,NVDLC02GhostOfSheCub,Yao Guai Cub,,,unknown,NVDLC02\Creatures\YaoGuai\Skeleton.nif,VoiceDoNotRecordF [VTYP:00094EED],NVDLC02CrTier3YaoGuaiSmall [CREA:0200B624],0,0,0,7,false,false,include_nonverbal,Reachable official non-verbal creature mapped to a reviewed archetype.,yao_guai_cub
OldWorldBlues.esm|000169CF,OldWorldBlues.esm,000169CF,030169CF,TaleOfTwoWastelands.esm,AudioTemplateDogGabe,AudioTemplateDogGabe,,,unknown,,VoiceDoNotRecordF [VTYP:00094EED],,0,0,0,6,false,false,exclude_unused,"Template, corpse, test, cut, or non-reachable archetype record without a distinct new roleplay profile.",
OldWorldBlues.esm|0001692C,OldWorldBlues.esm,0001692C,0301692C,OldWorldBlues.esm,NVDLC03X8CrRoboScorpionLvlB,,,,unknown,,,NVDLC03EncRoboScorpionB [LVLC:030136E1],0,0,0,1,false,false,exclude_not_actor,Robot or automated turret reserved for the robot pass.,
OldWorldBlues.esm|00015809,OldWorldBlues.esm,00015809,03015809,TaleOfTwoWastelands.esm,NVDLC03CrCyberDogMilitary50Ranged,Military Cyber Dog,,,unknown,creatures\dog\skeleton_SonicBark.nif,RobotUniqueRex [VTYP:0014F3EA],NVDLC03CrCyberDogMilitary01Ranged [CREA:03015800],0,6,0,4,false,false,exclude_not_actor,Robot or automated turret reserved for the robot pass.,
OldWorldBlues.esm|00015803,OldWorldBlues.esm,00015803,03015803,TaleOfTwoWastelands.esm,NVDLC03CrCyberDogMilitary40Ranged,Military Cyber Dog,,,unknown,creatures\dog\skeleton_SonicBark.nif,RobotUniqueRex [VTYP:0014F3EA],NVDLC03CrCyberDogMilitary01Ranged [CREA:03015800],0,6,0,4,false,false,exclude_not_actor,Robot or automated turret reserved for the robot pass.,
OldWorldBlues.esm|00015802,OldWorldBlues.esm,00015802,03015802,TaleOfTwoWastelands.esm,NVDLC03CrCyberDogMilitary30Ranged,Military Cyber Dog,,,unknown,creatures\dog\skeleton_SonicBark.nif,RobotUniqueRex [VTYP:0014F3EA],NVDLC03CrCyberDogMilitary01Ranged [CREA:03015800],0,6,0,4,false,false,exclude_not_actor,Robot or automated turret reserved for the robot pass.,
OldWorldBlues.esm|00015801,OldWorldBlues.esm,00015801,03015801,TaleOfTwoWastelands.esm,NVDLC03CrCyberDogMilitary20Ranged,Military Cyber Dog,,,unknown,creatures\dog\skeleton_SonicBark.nif,RobotUniqueRex [VTYP:0014F3EA],NVDLC03CrCyberDogMilitary01Ranged [CREA:03015800],0,6,0,4,false,false,exclude_not_actor,Robot or automated turret reserved for the robot pass.,
OldWorldBlues.esm|00015800,OldWorldBlues.esm,00015800,03015800,YUPTTW.esm,NVDLC03CrCyberDogMilitary01Ranged,Military Cyber Dog,,,unknown,creatures\dog\skeleton_SonicBark.nif,RobotUniqueRex [VTYP:0014F3EA],NVDLC03CrCyberDogMilitary01 [CREA:0300CB1F],0,4,0,11,false,false,exclude_not_actor,Robot or automated turret reserved for the robot pass.,
OldWorldBlues.esm|00014DF2,OldWorldBlues.esm,00014DF2,03014DF2,TaleOfTwoWastelands.esm,NVDLC03X13CrRobobrain,Robobrain,,,unknown,Creatures\Robobrain\skeleton.nif,RobotRoboBrain [VTYP:00019FDE],CrRobobrain [CREA:0001CF89],0,0,0,3,false,false,exclude_not_actor,Robot or automated turret reserved for the robot pass.,
OldWorldBlues.esm|000143A7,OldWorldBlues.esm,000143A7,030143A7,TaleOfTwoWastelands.esm,AudioTemplateCyberDog,AudioTemplateCyberDog,,,unknown,,VoiceDoNotRecordF [VTYP:00094EED],,0,0,0,21,false,false,exclude_unused,"Template, corpse, test, cut, or non-reachable archetype record without a distinct new roleplay profile.",
OldWorldBlues.esm|00014348,OldWorldBlues.esm,00014348,03014348,TaleOfTwoWastelands.esm,AudioTemplateNVDLC03RobotMrHandy,AudioTemplateNVDLC03RobotMrHandy,,,unknown,,,,0,0,0,18,false,false,exclude_not_actor,Robot or automated turret reserved for the robot pass.,
OldWorldBlues.esm|00014344,OldWorldBlues.esm,00014344,03014344,TaleOfTwoWastelands.esm,AudioTemplateBrainBot2,AudioTemplateBrainBot2,,,unknown,,,,0,0,0,25,false,false,exclude_unused,"Template, corpse, test, cut, or non-reachable archetype record without a distinct new roleplay profile.",
OldWorldBlues.esm|000141AB,OldWorldBlues.esm,000141AB,030141AB,OldWorldBlues.esm,NVDLC03HologramTemplate,Hologram,,,unknown,NVDLC03\Creatures\Hologram\skeleton.nif,VoiceDoNotRecordM [VTYP:00094EEC],,0,0,0,4,false,false,exclude_unused,"Template, corpse, test, cut, or non-reachable archetype record without a distinct new roleplay profile.",
OldWorldBlues.esm|00014160,OldWorldBlues.esm,00014160,03014160,TaleOfTwoWastelands.esm,AudioTemplateSecuritronMuggy,AudioTemplateSecuritronMuggy,,,unknown,,,,0,0,0,2,false,false,exclude_not_actor,Robot or automated turret reserved for the robot pass.,
OldWorldBlues.esm|00013FA5,OldWorldBlues.esm,00013FA5,03013FA5,TaleOfTwoWastelands.esm,AudioTemplateBrainBot,AudioTemplateBrainBot,,,unknown,,,,0,0,0,3,false,false,exclude_unused,"Template, corpse, test, cut, or non-reachable archetype record without a distinct new roleplay profile.",
OldWorldBlues.esm|00013CFF,OldWorldBlues.esm,00013CFF,03013CFF,TaleOfTwoWastelands.esm,AudioTemplateRoboScorpion,AudioTemplateRoboScorpion,,,unknown,,VoiceDoNotRecordF [VTYP:00094EED],,0,0,0,12,false,false,exclude_not_actor,Robot or automated turret reserved for the robot pass.,
OldWorldBlues.esm|00016147,OldWorldBlues.esm,00016147,03016147,OldWorldBlues.esm,NVDLC03CrRoboScorpionMobiusLvlB,,,,unknown,,,NVDLC03EncRoboScorpionB [LVLC:030136E1],0,0,0,4,false,false,exclude_not_actor,Robot or automated turret reserved for the robot pass.,
OldWorldBlues.esm|00015F7E,OldWorldBlues.esm,00015F7E,03015F7E,YUPTTW.esm,NVDLC03BrainTank,Brain Tank,,,unknown,NVDLC03\Creatures\BrainTank\Skeleton.nif,NVDLC03PlayersBrainVoice [VTYP:03016A78],,0,0,150,152,false,false,exclude_unused,"Template, corpse, test, cut, or non-reachable archetype record without a distinct new roleplay profile.",
OldWorldBlues.esm|00015506,OldWorldBlues.esm,00015506,03015506,TaleOfTwoWastelands.esm,NVDLC03X8CrProtectronDEAD,Protectron Mk1,,,unknown,Creatures\Protectron\skeleton.nif,RobotProtectron [VTYP:00019FDA],,0,0,0,1,false,false,exclude_not_actor,Robot or automated turret reserved for the robot pass.,
OldWorldBlues.esm|00015281,OldWorldBlues.esm,00015281,03015281,TaleOfTwoWastelands.esm,NVDLC03CrDeathclawBossWW,Stripe,,,unknown,Creatures\DeathClaw\Skeleton.nif,VoiceDoNotRecordF [VTYP:00094EED],CrDeathClawAlpha [CREA:000E584F],0,0,0,3,false,false,exclude_unused,A maintained named biography already exists; do not duplicate it.,
OldWorldBlues.esm|00015274,OldWorldBlues.esm,00015274,03015274,OldWorldBlues.esm,NVDLC03LegendaryBloatfly,Legendary Bloatfly,,,unknown,Creatures\Blowfly\Skeleton.nif,VoiceDoNotRecordF [VTYP:00094EED],,0,0,0,2,false,false,include_nonverbal,Reachable official non-verbal creature mapped to a reviewed archetype.,legendary_bloatfly
OldWorldBlues.esm|00014F85,OldWorldBlues.esm,00014F85,03014F85,OldWorldBlues.esm,NVDLC03CrRoboScorpionBLvlX13,,,,unknown,marker_creature.nif,VoiceDoNotRecordF [VTYP:00094EED],NVDLC03EncRoboScorpionB [LVLC:030136E1],0,0,0,16,false,false,exclude_not_actor,Robot or automated turret reserved for the robot pass.,
OldWorldBlues.esm|00014D90,OldWorldBlues.esm,00014D90,03014D90,OldWorldBlues.esm,NVDLC03CrSewerRat20Respawn,Sewer Rat,,,unknown,creatures\NVgiantrat\skeleton.nif,VoiceDoNotRecordF [VTYP:00094EED],NVDLC03CrSewerRat01Respawn [CREA:0300B9C2],0,3,0,2,false,false,include_nonverbal,Reachable official non-verbal creature mapped to a reviewed archetype.,giant_rat
OldWorldBlues.esm|00014D8F,OldWorldBlues.esm,00014D8F,03014D8F,OldWorldBlues.esm,NVDLC03CrSewerRatLvlRespawn,,,,unknown,,,NVDLC03EncSewerRatRespawn [LVLC:03014D91],0,0,0,1,false,false,exclude_not_actor,Ambient/scenery actor or record without a usable identity.,
OldWorldBlues.esm|00014D8E,OldWorldBlues.esm,00014D8E,03014D8E,OldWorldBlues.esm,NVDLC03CrSewerRat10Respawn,Sewer Rat,,,unknown,creatures\NVgiantrat\skeleton.nif,VoiceDoNotRecordF [VTYP:00094EED],NVDLC03CrSewerRat01Respawn [CREA:0300B9C2],0,2,0,1,false,false,include_nonverbal,Reachable official non-verbal creature mapped to a reviewed archetype.,giant_rat
OldWorldBlues.esm|00014D8D,OldWorldBlues.esm,00014D8D,03014D8D,OldWorldBlues.esm,NVDLC03CrSewerRat50Respawn,Sewer Rat,,,unknown,creatures\NVgiantrat\skeleton.nif,VoiceDoNotRecordF [VTYP:00094EED],NVDLC03CrSewerRat01Respawn [CREA:0300B9C2],0,3,0,2,false,false,include_nonverbal,Reachable official non-verbal creature mapped to a reviewed archetype.,giant_rat
OldWorldBlues.esm|00014D8C,OldWorldBlues.esm,00014D8C,03014D8C,OldWorldBlues.esm,NVDLC03CrSewerRat40Respawn,Sewer Rat,,,unknown,creatures\NVgiantrat\skeleton.nif,VoiceDoNotRecordF [VTYP:00094EED],NVDLC03CrSewerRat01Respawn [CREA:0300B9C2],0,3,0,2,false,false,include_nonverbal,Reachable official non-verbal creature mapped to a reviewed archetype.,giant_rat
OldWorldBlues.esm|00014D8B,OldWorldBlues.esm,00014D8B,03014D8B,OldWorldBlues.esm,NVDLC03CrSewerRat30Respawn,Sewer Rat,,,unknown,creatures\NVgiantrat\skeleton.nif,VoiceDoNotRecordF [VTYP:00094EED],NVDLC03CrSewerRat01Respawn [CREA:0300B9C2],0,3,0,2,false,false,include_nonverbal,Reachable official non-verbal creature mapped to a reviewed archetype.,giant_rat
OldWorldBlues.esm|0001471B,OldWorldBlues.esm,0001471B,0301471B,TaleOfTwoWastelands.esm,NVDLC03CrConstructionProtectron,Protectron,,,unknown,Creatures\Protectron\skeleton.nif,RobotProtectron [VTYP:00019FDA],,0,0,0,2,false,false,exclude_not_actor,Robot or automated turret reserved for the robot pass.,
OldWorldBlues.esm|00014659,OldWorldBlues.esm,00014659,03014659,TaleOfTwoWastelands.esm,NVDLC03X8ExperimentRobobrain02,Robobrain,,,unknown,Creatures\Robobrain\skeleton.nif,VoiceDoNotRecordF [VTYP:00094EED],,0,0,0,1,false,false,exclude_not_actor,Robot or automated turret reserved for the robot pass.,
OldWorldBlues.esm|0001445D,OldWorldBlues.esm,0001445D,0301445D,YUPTTW.esm,NVDLC03CrCazadorBoss,Specimen 73,,,unknown,creatures\NVCazadores\Skeleton.nif,VoiceDoNotRecordF [VTYP:00094EED],NVDLC03CrCazador01 [CREA:0300A11F],0,0,0,2,false,false,exclude_unused,"Template, corpse, test, cut, or non-reachable archetype record without a distinct new roleplay profile.",
OldWorldBlues.esm|0001445C,OldWorldBlues.esm,0001445C,0301445C,TaleOfTwoWastelands.esm,NVDLC03CrMisterGutsyBoss,Ironbelly,,,unknown,Creatures\MisterGutsy\Skeleton.nif,RobotMisterGutsy [VTYP:00019FDD],NVDLC03CrMisterGutsy01 [CREA:0300A108],0,0,0,2,false,false,exclude_not_actor,Robot or automated turret reserved for the robot pass.,
OldWorldBlues.esm|0001445B,OldWorldBlues.esm,0001445B,0301445B,OldWorldBlues.esm,NVDLC03CrMisterHandyBoss,Sparks,,,unknown,Creatures\MisterGutsy\Skeleton.nif,RobotMisterHandy [VTYP:00019FDC],NVDLC03CrMisterHandy01Respawn [CREA:0300A10C],0,0,0,1,false,false,exclude_not_actor,Robot or automated turret reserved for the robot pass.,
OldWorldBlues.esm|0001445A,OldWorldBlues.esm,0001445A,0301445A,OldWorldBlues.esm,NVDLC03CrMisterOrderlyBoss,Doctor Orderly MD PHD DDS,,,unknown,Creatures\MisterGutsy\Skeleton.nif,RobotMisterHandy [VTYP:00019FDC],NVDLC03CrMisterOrderly01Respawn [CREA:03012946],0,0,0,1,false,false,exclude_not_actor,Robot or automated turret reserved for the robot pass.,
OldWorldBlues.esm|00014459,OldWorldBlues.esm,00014459,03014459,YUPTTW.esm,NVDLC03CrNightstalkerBoss,Shadis,,,unknown,creatures\NightStalker\Skeleton.nif,VoiceDoNotRecordF [VTYP:00094EED],NVDLC03CrNightstalker01 [CREA:03009D3C],0,0,0,1,false,false,exclude_unused,A maintained named biography already exists; do not duplicate it.,
OldWorldBlues.esm|00014458,OldWorldBlues.esm,00014458,03014458,TaleOfTwoWastelands.esm,NVDLC03CrProtectronBoss,The Custodian,,,unknown,Creatures\Protectron\skeleton.nif,RobotProtectron [VTYP:00019FDA],NVDLC03CrProtectron01 [CREA:03009C90],0,0,0,1,false,false,exclude_not_actor,Robot or automated turret reserved for the robot pass.,
OldWorldBlues.esm|00014457,OldWorldBlues.esm,00014457,03014457,TaleOfTwoWastelands.esm,NVDLC03CrProtectronCSBoss,Construction Drone Foreman,,,unknown,Creatures\Protectron\skeleton.nif,RobotProtectron [VTYP:00019FDA],NVDLC03CrProtectronCS01Respawn [CREA:03011FE2],0,0,0,1,false,false,exclude_not_actor,Robot or automated turret reserved for the robot pass.,
OldWorldBlues.esm|00014456,OldWorldBlues.esm,00014456,03014456,TaleOfTwoWastelands.esm,NVDLC03CrRobobrainBoss,Super-Ego,,,unknown,Creatures\Robobrain\skeleton.nif,RobotRoboBrain [VTYP:00019FDE],NVDLC03CrRobobrain01 [CREA:0300A11A],0,0,0,1,false,false,exclude_not_actor,Robot or automated turret reserved for the robot pass.,
OldWorldBlues.esm|00014455,OldWorldBlues.esm,00014455,03014455,TaleOfTwoWastelands.esm,NVDLC03CrSentryBotBoss,RY-589 Ultimo Bot,,,unknown,Creatures\SentryBot\Skeleton.nif,RobotSentryBot [VTYP:00019FDB],NVDLC03CrSentryBot01 [CREA:0300A111],0,0,0,2,false,false,exclude_not_actor,Robot or automated turret reserved for the robot pass.,
OldWorldBlues.esm|00014454,OldWorldBlues.esm,00014454,03014454,TaleOfTwoWastelands.esm,NVDLC03CrSporeCarrierBoss,Patient Zero,,,unknown,creatures\NVSporeCarrier\skeleton.nif,DLC01UniqueTrogVoice [VTYP:0009467B],NVDLC03CrSporeCarrier01Respawn [CREA:03012A1E],0,0,0,1,false,false,exclude_unused,"Template, corpse, test, cut, or non-reachable archetype record without a distinct new roleplay profile.",
OldWorldBlues.esm|00014453,OldWorldBlues.esm,00014453,03014453,TaleOfTwoWastelands.esm,NVDLC03CrSporePlantBoss,Dionaea Muscipula,,,unknown,creatures\NVSporePlant\skeleton.nif,VoiceDoNotRecordF [VTYP:00094EED],NVDLC03CrSporePlant01Respawn [CREA:03014188],0,0,0,1,false,false,include_nonverbal,Reachable official non-verbal creature mapped to a reviewed archetype.,dionaea_muscipula
OldWorldBlues.esm|00014452,OldWorldBlues.esm,00014452,03014452,TaleOfTwoWastelands.esm,NVDLC03CrTurretBoss,Overclocked Turret,,,unknown,Creatures\SentryTurret\skeleton.nif,RobotEyebot [VTYP:00040D41],NVDLC03CrTurretAvg [CREA:0300A117],0,0,0,1,false,false,exclude_not_actor,Robot or automated turret reserved for the robot pass.,
OldWorldBlues.esm|0001434B,OldWorldBlues.esm,0001434B,0301434B,OldWorldBlues.esm,NVDLC03X8CrTurretTunnel,Hall Monitor,,,unknown,marker_creature.nif,RobotEyebot [VTYP:00040D41],NVDLC03CrTurretLvl [CREA:0300A943],0,0,0,3,false,false,exclude_not_actor,Robot or automated turret reserved for the robot pass.,
OldWorldBlues.esm|00014308,OldWorldBlues.esm,00014308,03014308,TaleOfTwoWastelands.esm,NVDLC03CrGiantRatRADS,Sewer Rat,,,unknown,creatures\NVgiantrat\skeleton.nif,VoiceDoNotRecordF [VTYP:00094EED],,0,0,0,3,false,false,include_nonverbal,Reachable official non-verbal creature mapped to a reviewed archetype.,giant_rat
OldWorldBlues.esm|00014295,OldWorldBlues.esm,00014295,03014295,TaleOfTwoWastelands.esm,NVDLC03CrProtectronLvlRespawn,,,,unknown,,,NVDLC03EncProtectronRespawn [LVLC:0301429B],0,0,0,3,false,false,exclude_not_actor,Robot or automated turret reserved for the robot pass.,
OldWorldBlues.esm|00014294,OldWorldBlues.esm,00014294,03014294,TaleOfTwoWastelands.esm,NVDLC03CrProtectron50Respawn,Protectron Mk6,,,unknown,Creatures\Protectron\skeleton.nif,RobotProtectron [VTYP:00019FDA],NVDLC03CrProtectron01Respawn [CREA:0301428F],0,3,0,2,false,false,exclude_not_actor,Robot or automated turret reserved for the robot pass.,
OldWorldBlues.esm|00014293,OldWorldBlues.esm,00014293,03014293,TaleOfTwoWastelands.esm,NVDLC03CrProtectron40Respawn,Protectron Mk5,,,unknown,Creatures\Protectron\skeleton.nif,RobotProtectron [VTYP:00019FDA],NVDLC03CrProtectron01Respawn [CREA:0301428F],0,3,0,2,false,false,exclude_not_actor,Robot or automated turret reserved for the robot pass.,
OldWorldBlues.esm|00014292,OldWorldBlues.esm,00014292,03014292,TaleOfTwoWastelands.esm,NVDLC03CrProtectron30Respawn,Protectron Mk4,,,unknown,Creatures\Protectron\skeleton.nif,RobotProtectron [VTYP:00019FDA],NVDLC03CrProtectron01Respawn [CREA:0301428F],0,3,0,2,false,false,exclude_not_actor,Robot or automated turret reserved for the robot pass.,
OldWorldBlues.esm|00014291,OldWorldBlues.esm,00014291,03014291,TaleOfTwoWastelands.esm,NVDLC03CrProtectron20Respawn,Protectron Mk3,,,unknown,Creatures\Protectron\skeleton.nif,RobotProtectron [VTYP:00019FDA],NVDLC03CrProtectron01Respawn [CREA:0301428F],0,3,0,2,false,false,exclude_not_actor,Robot or automated turret reserved for the robot pass.,
OldWorldBlues.esm|00014290,OldWorldBlues.esm,00014290,03014290,TaleOfTwoWastelands.esm,NVDLC03CrProtectron10Respawn,Protectron Mk2,,,unknown,Creatures\Protectron\skeleton.nif,RobotProtectron [VTYP:00019FDA],NVDLC03CrProtectron01Respawn [CREA:0301428F],0,2,0,1,false,false,exclude_not_actor,Robot or automated turret reserved for the robot pass.,
OldWorldBlues.esm|0001428F,OldWorldBlues.esm,0001428F,0301428F,TaleOfTwoWastelands.esm,NVDLC03CrProtectron01Respawn,Protectron Mk1,,,unknown,Creatures\Protectron\skeleton.nif,RobotProtectron [VTYP:00019FDA],,0,2,0,11,false,false,exclude_not_actor,Robot or automated turret reserved for the robot pass.,
OldWorldBlues.esm|0001428E,OldWorldBlues.esm,0001428E,0301428E,OldWorldBlues.esm,NVDLC03CrMisterGutsyLvlRespawn,,,,unknown,,,NVDLC03EncMisterGutsyRespawn [LVLC:0301429C],0,0,0,3,false,false,exclude_not_actor,Robot or automated turret reserved for the robot pass.,
OldWorldBlues.esm|0001428D,OldWorldBlues.esm,0001428D,0301428D,OldWorldBlues.esm,NVDLC03CrCazadorLvlRespawn,,,,unknown,marker_creature.nif,,NVDLC03EncCazadorRespawn [LVLC:0301429A],0,0,0,6,false,false,exclude_not_actor,Ambient/scenery actor or record without a usable identity.,
OldWorldBlues.esm|0001428C,OldWorldBlues.esm,0001428C,0301428C,OldWorldBlues.esm,NVDLC03CrSentryBotLvlRespawn,,,,unknown,marker_creature.nif,,NVDLC03EncSentryBotRespawn [LVLC:03014299],0,0,0,1,false,false,exclude_not_actor,Robot or automated turret reserved for the robot pass.,
OldWorldBlues.esm|0001428B,OldWorldBlues.esm,0001428B,0301428B,TaleOfTwoWastelands.esm,NVDLC03CrSentryBot50Respawn,Sentry Bot Mk6,,,unknown,Creatures\SentryBot\Skeleton.nif,RobotSentryBot [VTYP:00019FDB],NVDLC03CrSentryBot01Respawn [CREA:03014286],0,3,0,3,false,false,exclude_not_actor,Robot or automated turret reserved for the robot pass.,
OldWorldBlues.esm|0001428A,OldWorldBlues.esm,0001428A,0301428A,TaleOfTwoWastelands.esm,NVDLC03CrSentryBot40Respawn,Sentry Bot Mk5,,,unknown,Creatures\SentryBot\Skeleton.nif,RobotSentryBot [VTYP:00019FDB],NVDLC03CrSentryBot01Respawn [CREA:03014286],0,3,0,3,false,false,exclude_not_actor,Robot or automated turret reserved for the robot pass.,
OldWorldBlues.esm|00014289,OldWorldBlues.esm,00014289,03014289,TaleOfTwoWastelands.esm,NVDLC03CrSentryBot30Respawn,Sentry Bot Mk4,,,unknown,Creatures\SentryBot\Skeleton.nif,RobotSentryBot [VTYP:00019FDB],NVDLC03CrSentryBot01Respawn [CREA:03014286],0,3,0,3,false,false,exclude_not_actor,Robot or automated turret reserved for the robot pass.,
OldWorldBlues.esm|00014288,OldWorldBlues.esm,00014288,03014288,TaleOfTwoWastelands.esm,NVDLC03CrSentryBot20Respawn,Sentry Bot Mk3,,,unknown,Creatures\SentryBot\Skeleton.nif,RobotSentryBot [VTYP:00019FDB],NVDLC03CrSentryBot01Respawn [CREA:03014286],0,3,0,3,false,false,exclude_not_actor,Robot or automated turret reserved for the robot pass.,
OldWorldBlues.esm|00014287,OldWorldBlues.esm,00014287,03014287,TaleOfTwoWastelands.esm,NVDLC03CrSentryBot10Respawn,Sentry Bot Mk2,,,unknown,Creatures\SentryBot\Skeleton.nif,RobotSentryBot [VTYP:00019FDB],NVDLC03CrSentryBot01Respawn [CREA:03014286],0,2,0,2,false,false,exclude_not_actor,Robot or automated turret reserved for the robot pass.,
OldWorldBlues.esm|00014286,OldWorldBlues.esm,00014286,03014286,TaleOfTwoWastelands.esm,NVDLC03CrSentryBot01Respawn,Sentry Bot Mk1,,,unknown,Creatures\SentryBot\Skeleton.nif,RobotSentryBot [VTYP:00019FDB],,0,2,0,12,false,false,exclude_not_actor,Robot or automated turret reserved for the robot pass.,
OldWorldBlues.esm|00014285,OldWorldBlues.esm,00014285,03014285,OldWorldBlues.esm,NVDLC03CrSecuritronMixedLvlRespawn,,,,unknown,,,NVDLC03EncSecuritronMixedRespawn [LVLC:03014298],0,0,0,4,false,false,exclude_not_actor,Robot or automated turret reserved for the robot pass.,
OldWorldBlues.esm|00014283,OldWorldBlues.esm,00014283,03014283,TaleOfTwoWastelands.esm,NVDLC03CrSecuritronDamaged50Respawn,Damaged Securitron Mk6,,,unknown,creatures\NVSecuritron\Skeleton.nif,NVDLC03DamagedSecuritron [VTYP:03014601],NVDLC03CrSecuritronDamaged01Respawn [CREA:0301427E],0,3,0,2,false,false,exclude_not_actor,Robot or automated turret reserved for the robot pass.,
OldWorldBlues.esm|00014282,OldWorldBlues.esm,00014282,03014282,TaleOfTwoWastelands.esm,NVDLC03CrSecuritronDamaged40Respawn,Damaged Securitron Mk5,,,unknown,creatures\NVSecuritron\Skeleton.nif,NVDLC03DamagedSecuritron [VTYP:03014601],NVDLC03CrSecuritronDamaged01Respawn [CREA:0301427E],0,3,0,2,false,false,exclude_not_actor,Robot or automated turret reserved for the robot pass.,
OldWorldBlues.esm|00014281,OldWorldBlues.esm,00014281,03014281,TaleOfTwoWastelands.esm,NVDLC03CrSecuritronDamaged30Respawn,Damaged Securitron Mk4,,,unknown,creatures\NVSecuritron\Skeleton.nif,NVDLC03DamagedSecuritron [VTYP:03014601],NVDLC03CrSecuritronDamaged01Respawn [CREA:0301427E],0,3,0,2,false,false,exclude_not_actor,Robot or automated turret reserved for the robot pass.,
OldWorldBlues.esm|00014280,OldWorldBlues.esm,00014280,03014280,TaleOfTwoWastelands.esm,NVDLC03CrSecuritronDamaged20Respawn,Damaged Securitron Mk3,,,unknown,creatures\NVSecuritron\Skeleton.nif,NVDLC03DamagedSecuritron [VTYP:03014601],NVDLC03CrSecuritronDamaged01Respawn [CREA:0301427E],0,3,0,2,false,false,exclude_not_actor,Robot or automated turret reserved for the robot pass.,
OldWorldBlues.esm|0001427F,OldWorldBlues.esm,0001427F,0301427F,TaleOfTwoWastelands.esm,NVDLC03CrSecuritronDamaged10Respawn,Damaged Securitron Mk2,,,unknown,creatures\NVSecuritron\Skeleton.nif,NVDLC03DamagedSecuritron [VTYP:03014601],NVDLC03CrSecuritronDamaged01Respawn [CREA:0301427E],0,2,0,1,false,false,exclude_not_actor,Robot or automated turret reserved for the robot pass.,
OldWorldBlues.esm|0001427E,OldWorldBlues.esm,0001427E,0301427E,YUPTTW.esm,NVDLC03CrSecuritronDamaged01Respawn,Damaged Securitron Mk1,,,unknown,creatures\NVSecuritron\Skeleton.nif,NVDLC03DamagedSecuritron [VTYP:03014601],,0,2,0,11,false,false,exclude_not_actor,Robot or automated turret reserved for the robot pass.,
OldWorldBlues.esm|0001427C,OldWorldBlues.esm,0001427C,0301427C,TaleOfTwoWastelands.esm,NVDLC03CrSecuritronBerserk50Respawn,Berserk Securitron Mk6,,,unknown,creatures\NVSecuritron\Skeleton.nif,NVDLC03BerserkSecuritron [VTYP:03014602],NVDLC03CrSecuritronBerserk01Respawn [CREA:03014277],0,3,0,2,false,false,exclude_not_actor,Robot or automated turret reserved for the robot pass.,
OldWorldBlues.esm|0001427B,OldWorldBlues.esm,0001427B,0301427B,TaleOfTwoWastelands.esm,NVDLC03CrSecuritronBerserk40Respawn,Berserk Securitron Mk5,,,unknown,creatures\NVSecuritron\Skeleton.nif,NVDLC03BerserkSecuritron [VTYP:03014602],NVDLC03CrSecuritronBerserk01Respawn [CREA:03014277],0,3,0,2,false,false,exclude_not_actor,Robot or automated turret reserved for the robot pass.,
OldWorldBlues.esm|0001427A,OldWorldBlues.esm,0001427A,0301427A,TaleOfTwoWastelands.esm,NVDLC03CrSecuritronBerserk30Respawn,Berserk Securitron Mk4,,,unknown,creatures\NVSecuritron\Skeleton.nif,NVDLC03BerserkSecuritron [VTYP:03014602],NVDLC03CrSecuritronBerserk01Respawn [CREA:03014277],0,3,0,2,false,false,exclude_not_actor,Robot or automated turret reserved for the robot pass.,
OldWorldBlues.esm|00014279,OldWorldBlues.esm,00014279,03014279,TaleOfTwoWastelands.esm,NVDLC03CrSecuritronBerserk20Respawn,Berserk Securitron Mk3,,,unknown,creatures\NVSecuritron\Skeleton.nif,NVDLC03BerserkSecuritron [VTYP:03014602],NVDLC03CrSecuritronBerserk01Respawn [CREA:03014277],0,3,0,2,false,false,exclude_not_actor,Robot or automated turret reserved for the robot pass.,
OldWorldBlues.esm|00014278,OldWorldBlues.esm,00014278,03014278,TaleOfTwoWastelands.esm,NVDLC03CrSecuritronBerserk10Respawn,Berserk Securitron Mk2,,,unknown,creatures\NVSecuritron\Skeleton.nif,NVDLC03BerserkSecuritron [VTYP:03014602],NVDLC03CrSecuritronBerserk01Respawn [CREA:03014277],0,2,0,1,false,false,exclude_not_actor,Robot or automated turret reserved for the robot pass.,
OldWorldBlues.esm|00014277,OldWorldBlues.esm,00014277,03014277,YUPTTW.esm,NVDLC03CrSecuritronBerserk01Respawn,Berserk Securitron Mk1,,,unknown,creatures\NVSecuritron\Skeleton.nif,NVDLC03BerserkSecuritron [VTYP:03014602],,0,2,0,11,false,false,exclude_not_actor,Robot or automated turret reserved for the robot pass.,
OldWorldBlues.esm|00014275,OldWorldBlues.esm,00014275,03014275,TaleOfTwoWastelands.esm,NVDLC03CrRobobrain50Respawn,Robobrain Mk6,,,unknown,Creatures\Robobrain\skeleton.nif,RobotRoboBrain [VTYP:00019FDE],NVDLC03CrRobobrain01Respawn [CREA:03014270],0,3,0,2,false,false,exclude_not_actor,Robot or automated turret reserved for the robot pass.,
OldWorldBlues.esm|00014274,OldWorldBlues.esm,00014274,03014274,TaleOfTwoWastelands.esm,NVDLC03CrRobobrain40Respawn,Robobrain Mk5,,,unknown,Creatures\Robobrain\skeleton.nif,RobotRoboBrain [VTYP:00019FDE],NVDLC03CrRobobrain01Respawn [CREA:03014270],0,3,0,2,false,false,exclude_not_actor,Robot or automated turret reserved for the robot pass.,
OldWorldBlues.esm|00014273,OldWorldBlues.esm,00014273,03014273,TaleOfTwoWastelands.esm,NVDLC03CrRobobrain30Respawn,Robobrain Mk4,,,unknown,Creatures\Robobrain\skeleton.nif,RobotRoboBrain [VTYP:00019FDE],NVDLC03CrRobobrain01Respawn [CREA:03014270],0,3,0,2,false,false,exclude_not_actor,Robot or automated turret reserved for the robot pass.,
OldWorldBlues.esm|00014272,OldWorldBlues.esm,00014272,03014272,TaleOfTwoWastelands.esm,NVDLC03CrRobobrain20Respawn,Robobrain Mk3,,,unknown,Creatures\Robobrain\skeleton.nif,RobotRoboBrain [VTYP:00019FDE],NVDLC03CrRobobrain01Respawn [CREA:03014270],0,3,0,2,false,false,exclude_not_actor,Robot or automated turret reserved for the robot pass.,
OldWorldBlues.esm|00014271,OldWorldBlues.esm,00014271,03014271,TaleOfTwoWastelands.esm,NVDLC03CrRobobrain10Respawn,Robobrain Mk2,,,unknown,Creatures\Robobrain\skeleton.nif,RobotRoboBrain [VTYP:00019FDE],NVDLC03CrRobobrain01Respawn [CREA:03014270],0,2,0,1,false,false,exclude_not_actor,Robot or automated turret reserved for the robot pass.,
OldWorldBlues.esm|00014270,OldWorldBlues.esm,00014270,03014270,TaleOfTwoWastelands.esm,NVDLC03CrRobobrain01Respawn,Robobrain Mk1,,,unknown,Creatures\Robobrain\skeleton.nif,RobotRoboBrain [VTYP:00019FDE],,0,2,0,11,false,false,exclude_not_actor,Robot or automated turret reserved for the robot pass.,
OldWorldBlues.esm|0001426F,OldWorldBlues.esm,0001426F,0301426F,OldWorldBlues.esm,NVDLC03CrNightstalkerLvlRespawn,,,,unknown,,VoiceDoNotRecordF [VTYP:00094EED],NVDLC03EncNightstalkerRespawn [LVLC:03014296],0,0,0,5,false,false,exclude_not_actor,Ambient/scenery actor or record without a usable identity.,
OldWorldBlues.esm|0001426E,OldWorldBlues.esm,0001426E,0301426E,TaleOfTwoWastelands.esm,NVDLC03CrNightstalker50Respawn,Nightstalker,,,unknown,creatures\NightStalker\Skeleton.nif,VoiceDoNotRecordF [VTYP:00094EED],NVDLC03CrNightstalker01 [CREA:03009D3C],0,3,0,2,false,false,include_nonverbal,Reachable official non-verbal creature mapped to a reviewed archetype.,nightstalker
OldWorldBlues.esm|0001426D,OldWorldBlues.esm,0001426D,0301426D,TaleOfTwoWastelands.esm,NVDLC03CrNightstalker40Respawn,Nightstalker,,,unknown,creatures\NightStalker\Skeleton.nif,VoiceDoNotRecordF [VTYP:00094EED],NVDLC03CrNightstalker01Respawn [CREA:03014269],0,3,0,2,false,false,include_nonverbal,Reachable official non-verbal creature mapped to a reviewed archetype.,nightstalker
OldWorldBlues.esm|0001426C,OldWorldBlues.esm,0001426C,0301426C,TaleOfTwoWastelands.esm,NVDLC03CrNightstalker30Respawn,Nightstalker,,,unknown,creatures\NightStalker\Skeleton.nif,VoiceDoNotRecordF [VTYP:00094EED],NVDLC03CrNightstalker01Respawn [CREA:03014269],0,3,0,2,false,false,include_nonverbal,Reachable official non-verbal creature mapped to a reviewed archetype.,nightstalker
OldWorldBlues.esm|0001426B,OldWorldBlues.esm,0001426B,0301426B,TaleOfTwoWastelands.esm,NVDLC03CrNightstalker20Respawn,Nightstalker,,,unknown,creatures\NightStalker\Skeleton.nif,VoiceDoNotRecordF [VTYP:00094EED],NVDLC03CrNightstalker01Respawn [CREA:03014269],0,3,0,2,false,false,include_nonverbal,Reachable official non-verbal creature mapped to a reviewed archetype.,nightstalker
OldWorldBlues.esm|0001426A,OldWorldBlues.esm,0001426A,0301426A,TaleOfTwoWastelands.esm,NVDLC03CrNightstalker10Respawn,Nightstalker,,,unknown,creatures\NightStalker\Skeleton.nif,VoiceDoNotRecordF [VTYP:00094EED],NVDLC03CrNightstalker01Respawn [CREA:03014269],0,2,0,1,false,false,include_nonverbal,Reachable official non-verbal creature mapped to a reviewed archetype.,nightstalker
OldWorldBlues.esm|00014269,OldWorldBlues.esm,00014269,03014269,YUPTTW.esm,NVDLC03CrNightstalker01Respawn,Nightstalker,,,unknown,creatures\NightStalker\Skeleton.nif,VoiceDoNotRecordF [VTYP:00094EED],,0,2,0,9,false,false,include_nonverbal,Reachable official non-verbal creature mapped to a reviewed archetype.,nightstalker
OldWorldBlues.esm|00014268,OldWorldBlues.esm,00014268,03014268,TaleOfTwoWastelands.esm,NVDLC03CrMisterGutsy40Respawn,Mister Gutsy Mk5,,,unknown,Creatures\MisterGutsy\Skeleton.nif,RobotMisterGutsy [VTYP:00019FDD],NVDLC03CrMisterGutsy01Respawn [CREA:03014263],0,3,0,3,false,false,exclude_not_actor,Robot or automated turret reserved for the robot pass.,
OldWorldBlues.esm|00014267,OldWorldBlues.esm,00014267,03014267,TaleOfTwoWastelands.esm,NVDLC03CrMisterGutsy50Respawn,Mister Gutsy Mk6,,,unknown,Creatures\MisterGutsy\Skeleton.nif,RobotMisterGutsy [VTYP:00019FDD],NVDLC03CrMisterGutsy01Respawn [CREA:03014263],0,3,0,3,false,false,exclude_not_actor,Robot or automated turret reserved for the robot pass.,
OldWorldBlues.esm|00014266,OldWorldBlues.esm,00014266,03014266,TaleOfTwoWastelands.esm,NVDLC03CrMisterGutsy30Respawn,Mister Gutsy Mk4,,,unknown,Creatures\MisterGutsy\Skeleton.nif,RobotMisterGutsy [VTYP:00019FDD],NVDLC03CrMisterGutsy01Respawn [CREA:03014263],0,3,0,3,false,false,exclude_not_actor,Robot or automated turret reserved for the robot pass.,
OldWorldBlues.esm|00014265,OldWorldBlues.esm,00014265,03014265,TaleOfTwoWastelands.esm,NVDLC03CrMisterGutsy20Respawn,Mister Gutsy Mk3,,,unknown,Creatures\MisterGutsy\Skeleton.nif,RobotMisterGutsy [VTYP:00019FDD],NVDLC03CrMisterGutsy01Respawn [CREA:03014263],0,3,0,3,false,false,exclude_not_actor,Robot or automated turret reserved for the robot pass.,
OldWorldBlues.esm|00014264,OldWorldBlues.esm,00014264,03014264,TaleOfTwoWastelands.esm,NVDLC03CrMisterGutsy10Respawn,Mister Gutsy Mk2,,,unknown,Creatures\MisterGutsy\Skeleton.nif,RobotMisterGutsy [VTYP:00019FDD],NVDLC03CrMisterGutsy01Respawn [CREA:03014263],0,2,0,2,false,false,exclude_not_actor,Robot or automated turret reserved for the robot pass.,
OldWorldBlues.esm|00014263,OldWorldBlues.esm,00014263,03014263,TaleOfTwoWastelands.esm,NVDLC03CrMisterGutsy01Respawn,Mister Gutsy Mk1,,,unknown,Creatures\MisterGutsy\Skeleton.nif,RobotMisterGutsy [VTYP:00019FDD],,0,2,0,12,false,false,exclude_not_actor,Robot or automated turret reserved for the robot pass.,
OldWorldBlues.esm|00014262,OldWorldBlues.esm,00014262,03014262,OldWorldBlues.esm,NVDLC03CrCazador50Respawn,Cazador,,,unknown,creatures\NVCazadores\Skeleton.nif,VoiceDoNotRecordF [VTYP:00094EED],NVDLC03CrCazador01Respawn [CREA:0301425D],0,3,0,3,false,false,include_nonverbal,Reachable official non-verbal creature mapped to a reviewed archetype.,cazador
OldWorldBlues.esm|00014261,OldWorldBlues.esm,00014261,03014261,OldWorldBlues.esm,NVDLC03CrCazador40Respawn,Cazador,,,unknown,creatures\NVCazadores\Skeleton.nif,VoiceDoNotRecordF [VTYP:00094EED],NVDLC03CrCazador01Respawn [CREA:0301425D],0,3,0,3,false,false,include_nonverbal,Reachable official non-verbal creature mapped to a reviewed archetype.,cazador
OldWorldBlues.esm|00014260,OldWorldBlues.esm,00014260,03014260,OldWorldBlues.esm,NVDLC03CrCazador30Respawn,Cazador,,,unknown,creatures\NVCazadores\Skeleton.nif,VoiceDoNotRecordF [VTYP:00094EED],NVDLC03CrCazador01Respawn [CREA:0301425D],0,3,0,3,false,false,include_nonverbal,Reachable official non-verbal creature mapped to a reviewed archetype.,cazador
OldWorldBlues.esm|0001425F,OldWorldBlues.esm,0001425F,0301425F,OldWorldBlues.esm,NVDLC03CrCazador20Respawn,Cazador,,,unknown,creatures\NVCazadores\Skeleton.nif,VoiceDoNotRecordF [VTYP:00094EED],NVDLC03CrCazador01Respawn [CREA:0301425D],0,3,0,3,false,false,include_nonverbal,Reachable official non-verbal creature mapped to a reviewed archetype.,cazador
OldWorldBlues.esm|0001425E,OldWorldBlues.esm,0001425E,0301425E,OldWorldBlues.esm,NVDLC03CrCazador10Respawn,Cazador,,,unknown,creatures\NVCazadores\Skeleton.nif,VoiceDoNotRecordF [VTYP:00094EED],NVDLC03CrCazador01Respawn [CREA:0301425D],0,2,0,2,false,false,include_nonverbal,Reachable official non-verbal creature mapped to a reviewed archetype.,cazador
OldWorldBlues.esm|0001425D,OldWorldBlues.esm,0001425D,0301425D,YUPTTW.esm,NVDLC03CrCazador01Respawn,Cazador,,,unknown,creatures\NVCazadores\Skeleton.nif,VoiceDoNotRecordF [VTYP:00094EED],,0,2,0,7,false,false,include_nonverbal,Reachable official non-verbal creature mapped to a reviewed archetype.,cazador
OldWorldBlues.esm|00014245,OldWorldBlues.esm,00014245,03014245,OldWorldBlues.esm,NVDLC03CrRoboScorpionLvlB,,,,unknown,,,NVDLC03EncRoboScorpionB [LVLC:030136E1],0,0,0,19,false,false,exclude_not_actor,Robot or automated turret reserved for the robot pass.,
OldWorldBlues.esm|00014240,OldWorldBlues.esm,00014240,03014240,TaleOfTwoWastelands.esm,NVDLC03CrSecuritronBoss,010011110110111001100101,,,unknown,creatures\NVSecuritron\Skeleton.nif,NVDLC03BerserkSecuritron [VTYP:03014602],NVDLC03CrSecuritronBerserk01 [CREA:030098BA],0,0,0,1,false,false,exclude_not_actor,Robot or automated turret reserved for the robot pass.,
OldWorldBlues.esm|000141FC,OldWorldBlues.esm,000141FC,030141FC,TaleOfTwoWastelands.esm,NVDLC03X42Protectron,Protectron Target Drone,,,unknown,Creatures\Protectron\skeleton.nif,RobotProtectron [VTYP:00019FDA],,0,0,0,12,false,false,exclude_not_actor,Robot or automated turret reserved for the robot pass.,
OldWorldBlues.esm|00014188,OldWorldBlues.esm,00014188,03014188,TaleOfTwoWastelands.esm,NVDLC03CrSporePlant01Respawn,Spore Plant,,,unknown,creatures\NVSporePlant\skeleton.nif,VoiceDoNotRecordF [VTYP:00094EED],,0,2,0,13,false,false,include_nonverbal,Reachable official non-verbal creature mapped to a reviewed archetype.,spore_plant
OldWorldBlues.esm|00014187,OldWorldBlues.esm,00014187,03014187,TaleOfTwoWastelands.esm,NVDLC03CrSecuritronMixedLvl,,,,unknown,marker_creature.nif,,NVDLC03EncSecuritronMixed [LVLC:03014189],0,0,0,6,false,false,exclude_not_actor,Robot or automated turret reserved for the robot pass.,
OldWorldBlues.esm|00014186,OldWorldBlues.esm,00014186,03014186,OldWorldBlues.esm,NVDLC03CrSecuritronDamagedLvl,,,,unknown,,NVDLC03BerserkSecuritron [VTYP:03014602],NVDLC03EncSecuritronDamaged [LVLC:0301418B],0,0,62,62,false,false,exclude_not_actor,Robot or automated turret reserved for the robot pass.,
OldWorldBlues.esm|00014185,OldWorldBlues.esm,00014185,03014185,TaleOfTwoWastelands.esm,NVDLC03CrSecuritronDamaged50,Damaged Securitron Mk6,,,unknown,creatures\NVSecuritron\Skeleton.nif,NVDLC03DamagedSecuritron [VTYP:03014601],NVDLC03CrSecuritronDamaged01 [CREA:03014180],0,6,0,4,false,false,exclude_not_actor,Robot or automated turret reserved for the robot pass.,
OldWorldBlues.esm|00014184,OldWorldBlues.esm,00014184,03014184,TaleOfTwoWastelands.esm,NVDLC03CrSecuritronDamaged40,Damaged Securitron Mk5,,,unknown,creatures\NVSecuritron\Skeleton.nif,NVDLC03DamagedSecuritron [VTYP:03014601],NVDLC03CrSecuritronDamaged01 [CREA:03014180],0,6,0,4,false,false,exclude_not_actor,Robot or automated turret reserved for the robot pass.,
OldWorldBlues.esm|00014183,OldWorldBlues.esm,00014183,03014183,TaleOfTwoWastelands.esm,NVDLC03CrSecuritronDamaged30,Damaged Securitron Mk4,,,unknown,creatures\NVSecuritron\Skeleton.nif,NVDLC03DamagedSecuritron [VTYP:03014601],NVDLC03CrSecuritronDamaged01 [CREA:03014180],0,6,0,4,false,false,exclude_not_actor,Robot or automated turret reserved for the robot pass.,
OldWorldBlues.esm|00014182,OldWorldBlues.esm,00014182,03014182,TaleOfTwoWastelands.esm,NVDLC03CrSecuritronDamaged20,Damaged Securitron Mk3,,,unknown,creatures\NVSecuritron\Skeleton.nif,NVDLC03DamagedSecuritron [VTYP:03014601],NVDLC03CrSecuritronDamaged01 [CREA:03014180],0,6,0,4,false,false,exclude_not_actor,Robot or automated turret reserved for the robot pass.,
OldWorldBlues.esm|00014181,OldWorldBlues.esm,00014181,03014181,TaleOfTwoWastelands.esm,NVDLC03CrSecuritronDamaged10,Damaged Securitron Mk2,,,unknown,creatures\NVSecuritron\Skeleton.nif,NVDLC03DamagedSecuritron [VTYP:03014601],NVDLC03CrSecuritronDamaged01 [CREA:03014180],0,4,0,2,false,false,exclude_not_actor,Robot or automated turret reserved for the robot pass.,
OldWorldBlues.esm|00014180,OldWorldBlues.esm,00014180,03014180,YUPTTW.esm,NVDLC03CrSecuritronDamaged01,Damaged Securitron Mk1,,,unknown,creatures\NVSecuritron\Skeleton.nif,NVDLC03DamagedSecuritron [VTYP:03014601],,0,4,0,12,false,false,exclude_not_actor,Robot or automated turret reserved for the robot pass.,
OldWorldBlues.esm|0001417E,OldWorldBlues.esm,0001417E,0301417E,TaleOfTwoWastelands.esm,NVDLC03CrSporePlant50Respawn,Spore Plant,,,unknown,creatures\NVSporePlant\skeleton.nif,VoiceDoNotRecordF [VTYP:00094EED],NVDLC03CrSporePlant01Respawn [CREA:03014188],0,3,0,2,false,false,include_nonverbal,Reachable official non-verbal creature mapped to a reviewed archetype.,spore_plant
OldWorldBlues.esm|0001417D,OldWorldBlues.esm,0001417D,0301417D,TaleOfTwoWastelands.esm,NVDLC03CrSporePlant40Respawn,Spore Plant,,,unknown,creatures\NVSporePlant\skeleton.nif,VoiceDoNotRecordF [VTYP:00094EED],NVDLC03CrSporePlant01Respawn [CREA:03014188],0,3,0,2,false,false,include_nonverbal,Reachable official non-verbal creature mapped to a reviewed archetype.,spore_plant
OldWorldBlues.esm|0001417C,OldWorldBlues.esm,0001417C,0301417C,TaleOfTwoWastelands.esm,NVDLC03CrSporePlant30Respawn,Spore Plant,,,unknown,creatures\NVSporePlant\skeleton.nif,VoiceDoNotRecordF [VTYP:00094EED],NVDLC03CrSporePlant01Respawn [CREA:03014188],0,3,0,6,false,false,include_nonverbal,Reachable official non-verbal creature mapped to a reviewed archetype.,spore_plant
OldWorldBlues.esm|0001417B,OldWorldBlues.esm,0001417B,0301417B,TaleOfTwoWastelands.esm,NVDLC03CrSporePlant20Respawn,Spore Plant,,,unknown,creatures\NVSporePlant\skeleton.nif,VoiceDoNotRecordF [VTYP:00094EED],NVDLC03CrSporePlant01Respawn [CREA:03014188],0,3,0,2,false,false,include_nonverbal,Reachable official non-verbal creature mapped to a reviewed archetype.,spore_plant
OldWorldBlues.esm|0001417A,OldWorldBlues.esm,0001417A,0301417A,TaleOfTwoWastelands.esm,NVDLC03CrSporePlant10Respawn,Spore Plant,,,unknown,creatures\NVSporePlant\skeleton.nif,VoiceDoNotRecordF [VTYP:00094EED],NVDLC03CrSporePlant01Respawn [CREA:03014188],0,2,0,1,false,false,include_nonverbal,Reachable official non-verbal creature mapped to a reviewed archetype.,spore_plant
OldWorldBlues.esm|000136E0,OldWorldBlues.esm,000136E0,030136E0,YUPTTW.esm,NVDLC03CrRoboScorpion50b,Robo-Scorpion Mk6b,,,unknown,creatures\radscorpion\skeleton_RoboScopion.nif,VoiceDoNotRecordF [VTYP:00094EED],NVDLC03CrRoboScorpion01b [CREA:030136DB],0,3,0,2,false,false,exclude_not_actor,Robot or automated turret reserved for the robot pass.,
OldWorldBlues.esm|000136DF,OldWorldBlues.esm,000136DF,030136DF,YUPTTW.esm,NVDLC03CrRoboScorpion40b,Robo-Scorpion Mk5b,,,unknown,creatures\radscorpion\skeleton_RoboScopion.nif,VoiceDoNotRecordF [VTYP:00094EED],NVDLC03CrRoboScorpion01b [CREA:030136DB],0,3,0,2,false,false,exclude_not_actor,Robot or automated turret reserved for the robot pass.,
OldWorldBlues.esm|000136DE,OldWorldBlues.esm,000136DE,030136DE,YUPTTW.esm,NVDLC03CrRoboScorpion30b,Robo-Scorpion Mk4b,,,unknown,creatures\radscorpion\skeleton_RoboScopion.nif,VoiceDoNotRecordF [VTYP:00094EED],NVDLC03CrRoboScorpion01b [CREA:030136DB],0,3,0,2,false,false,exclude_not_actor,Robot or automated turret reserved for the robot pass.,
OldWorldBlues.esm|000136DD,OldWorldBlues.esm,000136DD,030136DD,YUPTTW.esm,NVDLC03CrRoboScorpion20b,Robo-Scorpion Mk3b,,,unknown,creatures\radscorpion\skeleton_RoboScopion.nif,VoiceDoNotRecordF [VTYP:00094EED],NVDLC03CrRoboScorpion01b [CREA:030136DB],0,3,0,2,false,false,exclude_not_actor,Robot or automated turret reserved for the robot pass.,
OldWorldBlues.esm|000136DC,OldWorldBlues.esm,000136DC,030136DC,YUPTTW.esm,NVDLC03CrRoboScorpion10b,Robo-Scorpion Mk2b,,,unknown,creatures\radscorpion\skeleton_RoboScopion.nif,VoiceDoNotRecordF [VTYP:00094EED],NVDLC03CrRoboScorpion01b [CREA:030136DB],0,2,0,1,false,false,exclude_not_actor,Robot or automated turret reserved for the robot pass.,
OldWorldBlues.esm|000136DB,OldWorldBlues.esm,000136DB,030136DB,TaleOfTwoWastelands.esm,NVDLC03CrRoboScorpion01b,Robo-Scorpion Mk1b,,,unknown,creatures\radscorpion\skeleton_RoboScopion.nif,VoiceDoNotRecordF [VTYP:00094EED],NVDLC03CrRoboScorpion01 [CREA:0300A122],0,2,0,16,false,false,exclude_not_actor,Robot or automated turret reserved for the robot pass.,
OldWorldBlues.esm|0001353A,OldWorldBlues.esm,0001353A,0301353A,YUPTTW.esm,NVDLC03X8NightStalkerExp,Nightstalker,,,unknown,creatures\NightStalker\Skeleton.nif,VoiceDoNotRecordF [VTYP:00094EED],,0,0,0,1,false,false,include_nonverbal,Reachable official non-verbal creature mapped to a reviewed archetype.,nightstalker
OldWorldBlues.esm|00012C73,OldWorldBlues.esm,00012C73,03012C73,OldWorldBlues.esm,NVDLC03CrRoboScorpionLvlX13,,,,unknown,marker_creature.nif,VoiceDoNotRecordF [VTYP:00094EED],NVDLC03EncRoboScorpion [LVLC:0300A12C],0,0,0,13,false,false,exclude_not_actor,Robot or automated turret reserved for the robot pass.,
OldWorldBlues.esm|00012A24,OldWorldBlues.esm,00012A24,03012A24,OldWorldBlues.esm,NVDLC03CrSporeCarrierLvlRespawn,,,,unknown,,DLC01UniqueTrogVoice [VTYP:0009467B],NVDLC03EncSporeCarrierRespawn [LVLC:03012A27],0,0,0,2,false,false,exclude_not_actor,Ambient/scenery actor or record without a usable identity.,
OldWorldBlues.esm|00012A23,OldWorldBlues.esm,00012A23,03012A23,TaleOfTwoWastelands.esm,NVDLC03CrSporeCarrier50Respawn,Spore Carrier Alpha,,,unknown,creatures\NVSporeCarrier\skeleton.nif,DLC01UniqueTrogVoice [VTYP:0009467B],NVDLC03CrSporeCarrier01Respawn [CREA:03012A1E],0,3,0,2,false,false,include_nonverbal,Reachable official non-verbal creature mapped to a reviewed archetype.,spore_carrier_alpha
OldWorldBlues.esm|00012A22,OldWorldBlues.esm,00012A22,03012A22,TaleOfTwoWastelands.esm,NVDLC03CrSporeCarrier40Respawn,Spore Carrier Scavenger,,,unknown,creatures\NVSporeCarrier\skeleton.nif,DLC01UniqueTrogVoice [VTYP:0009467B],NVDLC03CrSporeCarrier01Respawn [CREA:03012A1E],0,3,0,2,false,false,include_nonverbal,Reachable official non-verbal creature mapped to a reviewed archetype.,spore_carrier_scavenger
OldWorldBlues.esm|00012A21,OldWorldBlues.esm,00012A21,03012A21,TaleOfTwoWastelands.esm,NVDLC03CrSporeCarrier30Respawn,Spore Carrier Savage,,,unknown,creatures\NVSporeCarrier\skeleton.nif,DLC01UniqueTrogVoice [VTYP:0009467B],NVDLC03CrSporeCarrier01Respawn [CREA:03012A1E],0,3,0,2,false,false,include_nonverbal,Reachable official non-verbal creature mapped to a reviewed archetype.,spore_carrier_savage
OldWorldBlues.esm|00012A20,OldWorldBlues.esm,00012A20,03012A20,TaleOfTwoWastelands.esm,NVDLC03CrSporeCarrier20Respawn,Spore Carrier Brute,,,unknown,creatures\NVSporeCarrier\skeleton.nif,DLC01UniqueTrogVoice [VTYP:0009467B],NVDLC03CrSporeCarrier01Respawn [CREA:03012A1E],0,3,0,2,false,false,include_nonverbal,Reachable official non-verbal creature mapped to a reviewed archetype.,spore_carrier_brute
OldWorldBlues.esm|00012A1F,OldWorldBlues.esm,00012A1F,03012A1F,OldWorldBlues.esm,NVDLC03CrSporeCarrier10Respawn,Spore Carrier,,,unknown,creatures\NVSporeCarrier\skeleton.nif,DLC01UniqueTrogVoice [VTYP:0009467B],NVDLC03CrSporeCarrier01Respawn [CREA:03012A1E],0,2,0,1,false,false,include_nonverbal,Reachable official non-verbal creature mapped to a reviewed archetype.,spore_carrier
OldWorldBlues.esm|00012A1E,OldWorldBlues.esm,00012A1E,03012A1E,TaleOfTwoWastelands.esm,NVDLC03CrSporeCarrier01Respawn,Spore Carrier Runt,,,unknown,creatures\NVSporeCarrier\skeleton.nif,DLC01UniqueTrogVoice [VTYP:0009467B],CrSporeCarrierFD [CREA:000E585F],0,2,0,12,false,false,include_nonverbal,Reachable official non-verbal creature mapped to a reviewed archetype.,spore_carrier_runt
OldWorldBlues.esm|0001294D,OldWorldBlues.esm,0001294D,0301294D,YUPTTW.esm,NVDLC03CrMisterOrderly50Respawn,Mister Orderly Mk6,,,unknown,Creatures\MisterGutsy\Skeleton.nif,RobotMisterHandy [VTYP:00019FDC],NVDLC03CrMisterOrderly01Respawn [CREA:03012946],0,3,0,2,false,false,exclude_not_actor,Robot or automated turret reserved for the robot pass.,
OldWorldBlues.esm|0001294C,OldWorldBlues.esm,0001294C,0301294C,YUPTTW.esm,NVDLC03CrMisterOrderly40Respawn,Mister Orderly Mk5,,,unknown,Creatures\MisterGutsy\Skeleton.nif,RobotMisterHandy [VTYP:00019FDC],NVDLC03CrMisterOrderly01Respawn [CREA:03012946],0,3,0,2,false,false,exclude_not_actor,Robot or automated turret reserved for the robot pass.,
OldWorldBlues.esm|0001294B,OldWorldBlues.esm,0001294B,0301294B,YUPTTW.esm,NVDLC03CrMisterOrderly30Respawn,Mister Orderly Mk4,,,unknown,Creatures\MisterGutsy\Skeleton.nif,RobotMisterHandy [VTYP:00019FDC],NVDLC03CrMisterOrderly01Respawn [CREA:03012946],0,3,0,2,false,false,exclude_not_actor,Robot or automated turret reserved for the robot pass.,
OldWorldBlues.esm|0001294A,OldWorldBlues.esm,0001294A,0301294A,YUPTTW.esm,NVDLC03CrMisterOrderly20Respawn,Mister Orderly Mk3,,,unknown,Creatures\MisterGutsy\Skeleton.nif,RobotMisterHandy [VTYP:00019FDC],NVDLC03CrMisterOrderly01Respawn [CREA:03012946],0,3,0,2,false,false,exclude_not_actor,Robot or automated turret reserved for the robot pass.,
OldWorldBlues.esm|00012949,OldWorldBlues.esm,00012949,03012949,OldWorldBlues.esm,NVDLC03CrMisterOrderlyLvlRespawn,,,,unknown,,,NVDLC03EncMisterOrderlyRespawn [LVLC:03012948],0,0,0,4,false,false,exclude_not_actor,Robot or automated turret reserved for the robot pass.,
OldWorldBlues.esm|00012947,OldWorldBlues.esm,00012947,03012947,YUPTTW.esm,NVDLC03CrMisterOrderly10Respawn,Mister Orderly Mk2,,,unknown,Creatures\MisterGutsy\Skeleton.nif,RobotMisterHandy [VTYP:00019FDC],NVDLC03CrMisterOrderly01Respawn [CREA:03012946],0,2,0,1,false,false,exclude_not_actor,Robot or automated turret reserved for the robot pass.,
OldWorldBlues.esm|00012946,OldWorldBlues.esm,00012946,03012946,YUPTTW.esm,NVDLC03CrMisterOrderly01Respawn,Mister Orderly Mk1,,,unknown,Creatures\MisterGutsy\Skeleton.nif,RobotMisterHandy [VTYP:00019FDC],CrMisterHandyNV [CREA:000CE6EA],0,2,0,18,false,false,exclude_not_actor,Robot or automated turret reserved for the robot pass.,
OldWorldBlues.esm|000124A6,OldWorldBlues.esm,000124A6,030124A6,YUPTTW.esm,NVDLC03CrMrHandyLvlX8,,,,unknown,marker_creature.nif,RobotMisterGutsy [VTYP:00019FDD],NVDLC03CrMisterOrderlyLvlRespawn [CREA:03012949],0,0,0,3,false,false,exclude_not_actor,Robot or automated turret reserved for the robot pass.,
OldWorldBlues.esm|00011FE8,OldWorldBlues.esm,00011FE8,03011FE8,TaleOfTwoWastelands.esm,NVDLC03CrProtectronCSLvlRespawn,,,,unknown,,RobotProtectron [VTYP:00019FDA],NVDLC03EncProtectronCSRespawn [LVLC:03011FE9],0,0,0,3,false,false,exclude_not_actor,Robot or automated turret reserved for the robot pass.,
OldWorldBlues.esm|00011FE7,OldWorldBlues.esm,00011FE7,03011FE7,TaleOfTwoWastelands.esm,NVDLC03CrProtectronCS50Respawn,Construction Drone,,,unknown,Creatures\Protectron\skeleton.nif,RobotProtectron [VTYP:00019FDA],NVDLC03CrProtectronCS01Respawn [CREA:03011FE2],0,3,0,2,false,false,exclude_not_actor,Robot or automated turret reserved for the robot pass.,
OldWorldBlues.esm|00011FE6,OldWorldBlues.esm,00011FE6,03011FE6,TaleOfTwoWastelands.esm,NVDLC03CrProtectronCS40Respawn,Construction Drone,,,unknown,Creatures\Protectron\skeleton.nif,RobotProtectron [VTYP:00019FDA],NVDLC03CrProtectronCS01Respawn [CREA:03011FE2],0,3,0,2,false,false,exclude_not_actor,Robot or automated turret reserved for the robot pass.,
OldWorldBlues.esm|00011FE5,OldWorldBlues.esm,00011FE5,03011FE5,TaleOfTwoWastelands.esm,NVDLC03CrProtectronCS30Respawn,Construction Drone,,,unknown,Creatures\Protectron\skeleton.nif,RobotProtectron [VTYP:00019FDA],NVDLC03CrProtectronCS01Respawn [CREA:03011FE2],0,3,0,2,false,false,exclude_not_actor,Robot or automated turret reserved for the robot pass.,
OldWorldBlues.esm|00011FE4,OldWorldBlues.esm,00011FE4,03011FE4,TaleOfTwoWastelands.esm,NVDLC03CrProtectronCS20Respawn,Construction Drone,,,unknown,Creatures\Protectron\skeleton.nif,RobotProtectron [VTYP:00019FDA],NVDLC03CrProtectronCS01Respawn [CREA:03011FE2],0,3,0,2,false,false,exclude_not_actor,Robot or automated turret reserved for the robot pass.,
OldWorldBlues.esm|00011FE3,OldWorldBlues.esm,00011FE3,03011FE3,TaleOfTwoWastelands.esm,NVDLC03CrProtectronCS10Respawn,Construction Drone,,,unknown,Creatures\Protectron\skeleton.nif,RobotProtectron [VTYP:00019FDA],NVDLC03CrProtectronCS01Respawn [CREA:03011FE2],0,2,0,1,false,false,exclude_not_actor,Robot or automated turret reserved for the robot pass.,
OldWorldBlues.esm|00011FE2,OldWorldBlues.esm,00011FE2,03011FE2,TaleOfTwoWastelands.esm,NVDLC03CrProtectronCS01Respawn,Construction Drone,,,unknown,Creatures\Protectron\skeleton.nif,RobotProtectron [VTYP:00019FDA],NVDLC03CrConstructionProtectron [CREA:0301471B],0,2,0,13,false,false,exclude_not_actor,Robot or automated turret reserved for the robot pass.,
OldWorldBlues.esm|00011FE1,OldWorldBlues.esm,00011FE1,03011FE1,OldWorldBlues.esm,NVDLC03CrCyberDogMixedLvl,,,,unknown,,,NVDLC03EncCyberDogMixed [LVLC:03011FEB],0,0,0,9,false,false,exclude_not_actor,Ambient/scenery actor or record without a usable identity.,
OldWorldBlues.esm|00011FE0,OldWorldBlues.esm,00011FE0,03011FE0,OldWorldBlues.esm,NVDLC03CrCyberDogPoliceLvl,,,,unknown,,,NVDLC03EncCyberDogPolice [LVLC:03011FEA],0,0,0,1,false,false,exclude_not_actor,Ambient/scenery actor or record without a usable identity.,
OldWorldBlues.esm|00011FDF,OldWorldBlues.esm,00011FDF,03011FDF,TaleOfTwoWastelands.esm,NVDLC03CrCyberDogPolice50,Police Cyber Dog,,,unknown,Creatures\Dog\Skeleton.nif,RobotUniqueRex [VTYP:0014F3EA],NVDLC03CrCyberDogPolice01 [CREA:03011FDA],0,8,0,4,false,false,exclude_not_actor,Robot or automated turret reserved for the robot pass.,
OldWorldBlues.esm|00011FDE,OldWorldBlues.esm,00011FDE,03011FDE,TaleOfTwoWastelands.esm,NVDLC03CrCyberDogPolice40,Police Cyber Dog,,,unknown,Creatures\Dog\Skeleton.nif,RobotUniqueRex [VTYP:0014F3EA],NVDLC03CrCyberDogPolice01 [CREA:03011FDA],0,8,0,4,false,false,exclude_not_actor,Robot or automated turret reserved for the robot pass.,
OldWorldBlues.esm|00011FDD,OldWorldBlues.esm,00011FDD,03011FDD,TaleOfTwoWastelands.esm,NVDLC03CrCyberDogPolice30,Police Cyber Dog,,,unknown,Creatures\Dog\Skeleton.nif,RobotUniqueRex [VTYP:0014F3EA],NVDLC03CrCyberDogPolice01 [CREA:03011FDA],0,8,0,4,false,false,exclude_not_actor,Robot or automated turret reserved for the robot pass.,
OldWorldBlues.esm|00011FDC,OldWorldBlues.esm,00011FDC,03011FDC,TaleOfTwoWastelands.esm,NVDLC03CrCyberDogPolice20,Police Cyber Dog,,,unknown,Creatures\Dog\Skeleton.nif,RobotUniqueRex [VTYP:0014F3EA],NVDLC03CrCyberDogPolice01 [CREA:03011FDA],0,8,0,4,false,false,exclude_not_actor,Robot or automated turret reserved for the robot pass.,
OldWorldBlues.esm|00011FDB,OldWorldBlues.esm,00011FDB,03011FDB,TaleOfTwoWastelands.esm,NVDLC03CrCyberDogPolice10,Police Cyber Dog,,,unknown,Creatures\Dog\Skeleton.nif,RobotUniqueRex [VTYP:0014F3EA],NVDLC03CrCyberDogPolice01 [CREA:03011FDA],0,6,0,3,false,false,exclude_not_actor,Robot or automated turret reserved for the robot pass.,
OldWorldBlues.esm|00011FDA,OldWorldBlues.esm,00011FDA,03011FDA,YUPTTW.esm,NVDLC03CrCyberDogPolice01,Police Cyberdog,,,unknown,Creatures\Dog\Skeleton.nif,RobotUniqueRex [VTYP:0014F3EA],NVDLC03CyberdogPolice [CREA:0300E85B],0,6,0,12,false,false,exclude_not_actor,Robot or automated turret reserved for the robot pass.,
OldWorldBlues.esm|000119CB,OldWorldBlues.esm,000119CB,030119CB,TaleOfTwoWastelands.esm,NVDLC03CrTurretHardX13,Mark IV Turret,,,unknown,Creatures\SentryTurret\skeleton.nif,RobotEyebot [VTYP:00040D41],NVDLC03CrTurretAvg [CREA:0300A117],0,0,0,4,false,false,exclude_not_actor,Robot or automated turret reserved for the robot pass.,
OldWorldBlues.esm|00011441,OldWorldBlues.esm,00011441,03011441,YUPTTW.esm,NVDLC03CrNightstalker20X13,Nightstalker,,,unknown,creatures\NightStalker\Skeleton.nif,VoiceDoNotRecordF [VTYP:00094EED],NVDLC03CrNightstalker01X13 [CREA:0301143C],0,3,0,2,false,false,include_nonverbal,Reachable official non-verbal creature mapped to a reviewed archetype.,nightstalker
OldWorldBlues.esm|00011440,OldWorldBlues.esm,00011440,03011440,YUPTTW.esm,NVDLC03CrNightstalker30X13,Nightstalker,,,unknown,creatures\NightStalker\Skeleton.nif,VoiceDoNotRecordF [VTYP:00094EED],NVDLC03CrNightstalker01X13 [CREA:0301143C],0,3,0,2,false,false,include_nonverbal,Reachable official non-verbal creature mapped to a reviewed archetype.,nightstalker
OldWorldBlues.esm|0001143F,OldWorldBlues.esm,0001143F,0301143F,YUPTTW.esm,NVDLC03CrNightstalker40X13,Nightstalker,,,unknown,creatures\NightStalker\Skeleton.nif,VoiceDoNotRecordF [VTYP:00094EED],NVDLC03CrNightstalker01X13 [CREA:0301143C],0,3,0,2,false,false,include_nonverbal,Reachable official non-verbal creature mapped to a reviewed archetype.,nightstalker
OldWorldBlues.esm|0001143E,OldWorldBlues.esm,0001143E,0301143E,YUPTTW.esm,NVDLC03CrNightstalker50X13,Nightstalker,,,unknown,creatures\NightStalker\Skeleton.nif,VoiceDoNotRecordF [VTYP:00094EED],NVDLC03CrNightstalker01X13 [CREA:0301143C],0,3,0,2,false,false,include_nonverbal,Reachable official non-verbal creature mapped to a reviewed archetype.,nightstalker
OldWorldBlues.esm|0001143D,OldWorldBlues.esm,0001143D,0301143D,OldWorldBlues.esm,NVDLC03CrNightstalkerLvlX13,,,,unknown,,,NVDLC03EncNightstalkerX13 [LVLC:0301143A],0,0,0,10,false,false,exclude_not_actor,Ambient/scenery actor or record without a usable identity.,
OldWorldBlues.esm|0001143C,OldWorldBlues.esm,0001143C,0301143C,YUPTTW.esm,NVDLC03CrNightstalker01X13,Nightstalker,,,unknown,creatures\NightStalker\Skeleton.nif,VoiceDoNotRecordF [VTYP:00094EED],,0,2,0,11,false,false,include_nonverbal,Reachable official non-verbal creature mapped to a reviewed archetype.,nightstalker
OldWorldBlues.esm|0001143B,OldWorldBlues.esm,0001143B,0301143B,YUPTTW.esm,NVDLC03CrNightstalker10X13,Nightstalker,,,unknown,creatures\NightStalker\Skeleton.nif,VoiceDoNotRecordF [VTYP:00094EED],NVDLC03CrNightstalker01X13 [CREA:0301143C],0,3,0,2,false,false,include_nonverbal,Reachable official non-verbal creature mapped to a reviewed archetype.,nightstalker
OldWorldBlues.esm|000104DE,OldWorldBlues.esm,000104DE,030104DE,TaleOfTwoWastelands.esm,NVDLC03CrCyberDog01TEST,Cyber Dog,,,unknown,creatures\dog\skeleton_SonicBark.nif,RobotUniqueRex [VTYP:0014F3EA],,0,0,0,7,false,false,exclude_not_actor,Robot or automated turret reserved for the robot pass.,
OldWorldBlues.esm|0000F487,OldWorldBlues.esm,0000F487,0300F487,OldWorldBlues.esm,NVDLC03Doctor850,Doctor 8,,,unknown,NVDLC03\Creatures\BrainBot\Skeleton.nif,NVDLC03MaleUniqueDoc8 [VTYP:030145FD],NVDLC03Doctor801 [CREA:0300F482],0,3,0,2,false,false,exclude_not_actor,Robot or automated turret reserved for the robot pass.,
OldWorldBlues.esm|0000F486,OldWorldBlues.esm,0000F486,0300F486,OldWorldBlues.esm,NVDLC03Doctor840,Doctor 8,,,unknown,NVDLC03\Creatures\BrainBot\Skeleton.nif,NVDLC03MaleUniqueDoc8 [VTYP:030145FD],NVDLC03Doctor801 [CREA:0300F482],0,3,0,2,false,false,exclude_not_actor,Robot or automated turret reserved for the robot pass.,
OldWorldBlues.esm|0000F485,OldWorldBlues.esm,0000F485,0300F485,OldWorldBlues.esm,NVDLC03Doctor830,Doctor 8,,,unknown,NVDLC03\Creatures\BrainBot\Skeleton.nif,NVDLC03MaleUniqueDoc8 [VTYP:030145FD],NVDLC03Doctor801 [CREA:0300F482],0,3,0,2,false,false,exclude_not_actor,Robot or automated turret reserved for the robot pass.,
OldWorldBlues.esm|0000F484,OldWorldBlues.esm,0000F484,0300F484,OldWorldBlues.esm,NVDLC03Doctor820,Doctor 8,,,unknown,NVDLC03\Creatures\BrainBot\Skeleton.nif,NVDLC03MaleUniqueDoc8 [VTYP:030145FD],NVDLC03Doctor801 [CREA:0300F482],0,3,0,2,false,false,exclude_not_actor,Robot or automated turret reserved for the robot pass.,
OldWorldBlues.esm|0000F483,OldWorldBlues.esm,0000F483,0300F483,OldWorldBlues.esm,NVDLC03Doctor810,Doctor 8,,,unknown,NVDLC03\Creatures\BrainBot\Skeleton.nif,NVDLC03MaleUniqueDoc8 [VTYP:030145FD],NVDLC03Doctor801 [CREA:0300F482],0,3,0,2,false,false,exclude_not_actor,Robot or automated turret reserved for the robot pass.,
OldWorldBlues.esm|0000F482,OldWorldBlues.esm,0000F482,0300F482,OldWorldBlues.esm,NVDLC03Doctor801,Doctor 8,,,unknown,NVDLC03\Creatures\BrainBot\Skeleton.nif,NVDLC03MaleUniqueDoc8 [VTYP:030145FD],NVDLC03BrainBot [CREA:03003250],0,0,0,5,false,false,exclude_not_actor,Robot or automated turret reserved for the robot pass.,
OldWorldBlues.esm|0000F481,OldWorldBlues.esm,0000F481,0300F481,OldWorldBlues.esm,NVDLC03DoctorBorous50,Doctor Borous,,,unknown,NVDLC03\Creatures\BrainBot\Skeleton.nif,NVDLC03MaleUniqueDocBorous [VTYP:030145FE],NVDLC03DoctorBorous01 [CREA:0300F47C],0,3,0,2,false,false,exclude_not_actor,Robot or automated turret reserved for the robot pass.,
OldWorldBlues.esm|0000F480,OldWorldBlues.esm,0000F480,0300F480,OldWorldBlues.esm,NVDLC03DoctorBorous40,Doctor Borous,,,unknown,NVDLC03\Creatures\BrainBot\Skeleton.nif,NVDLC03MaleUniqueDocBorous [VTYP:030145FE],NVDLC03DoctorBorous01 [CREA:0300F47C],0,3,0,2,false,false,exclude_not_actor,Robot or automated turret reserved for the robot pass.,
OldWorldBlues.esm|0000F47F,OldWorldBlues.esm,0000F47F,0300F47F,OldWorldBlues.esm,NVDLC03DoctorBorous30,Doctor Borous,,,unknown,NVDLC03\Creatures\BrainBot\Skeleton.nif,NVDLC03MaleUniqueDocBorous [VTYP:030145FE],NVDLC03DoctorBorous01 [CREA:0300F47C],0,3,0,2,false,false,exclude_not_actor,Robot or automated turret reserved for the robot pass.,
OldWorldBlues.esm|0000F47E,OldWorldBlues.esm,0000F47E,0300F47E,OldWorldBlues.esm,NVDLC03DoctorBorous20,Doctor Borous,,,unknown,NVDLC03\Creatures\BrainBot\Skeleton.nif,NVDLC03MaleUniqueDocBorous [VTYP:030145FE],NVDLC03DoctorBorous01 [CREA:0300F47C],0,3,0,2,false,false,exclude_not_actor,Robot or automated turret reserved for the robot pass.,
OldWorldBlues.esm|0000F47D,OldWorldBlues.esm,0000F47D,0300F47D,OldWorldBlues.esm,NVDLC03DoctorBorous10,Doctor Borous,,,unknown,NVDLC03\Creatures\BrainBot\Skeleton.nif,NVDLC03MaleUniqueDocBorous [VTYP:030145FE],NVDLC03DoctorBorous01 [CREA:0300F47C],0,3,0,2,false,false,exclude_not_actor,Robot or automated turret reserved for the robot pass.,
OldWorldBlues.esm|0000F47C,OldWorldBlues.esm,0000F47C,0300F47C,OldWorldBlues.esm,NVDLC03DoctorBorous01,Doctor Borous,,,unknown,NVDLC03\Creatures\BrainBot\Skeleton.nif,NVDLC03MaleUniqueDocBorous [VTYP:030145FE],NVDLC03BrainBot [CREA:03003250],0,0,0,5,false,false,exclude_not_actor,Robot or automated turret reserved for the robot pass.,
OldWorldBlues.esm|0000F088,OldWorldBlues.esm,0000F088,0300F088,TaleOfTwoWastelands.esm,NVDLC03CrProtectronLvlX8Tunnel,Protectron,,,unknown,marker_creature.nif,RobotProtectron [VTYP:00019FDA],NVDLC03CrProtectronLvl [CREA:03009C92],0,0,0,2,false,false,exclude_not_actor,Robot or automated turret reserved for the robot pass.,
OldWorldBlues.esm|0000F087,OldWorldBlues.esm,0000F087,0300F087,TaleOfTwoWastelands.esm,NVDLC03CrX8ProtectronTunnel,Protectron,,,unknown,Creatures\Protectron\skeleton.nif,RobotProtectron [VTYP:00019FDA],NVDLC03CrProtectron01 [CREA:03009C90],0,0,0,2,false,false,exclude_not_actor,Robot or automated turret reserved for the robot pass.,
OldWorldBlues.esm|0000E85C,OldWorldBlues.esm,0000E85C,0300E85C,YUPTTW.esm,NVDLC03CyberdogMilitary,Military Cyberdog,,,unknown,Creatures\Dog\Skeleton.nif,RobotUniqueRex [VTYP:0014F3EA],,0,0,0,3,false,false,exclude_not_actor,Robot or automated turret reserved for the robot pass.,
OldWorldBlues.esm|0000E85B,OldWorldBlues.esm,0000E85B,0300E85B,YUPTTW.esm,NVDLC03CyberdogPolice,Police Cyberdog,,,unknown,Creatures\Dog\Skeleton.nif,RobotUniqueRex [VTYP:0014F3EA],,0,0,0,3,false,false,exclude_not_actor,Robot or automated turret reserved for the robot pass.,
OldWorldBlues.esm|0000E84F,OldWorldBlues.esm,0000E84F,0300E84F,TaleOfTwoWastelands.esm,NVDLC03RoboScorpionGiant50,X-42 Giant Robo-Scorpion,,,unknown,NVDLC03\Creatures\Roboscorpion\skeleton_RoboScopion.nif,VoiceDoNotRecordF [VTYP:00094EED],NVDLC03RoboScorpionGiant01 [CREA:0300E84A],0,4,0,3,false,false,exclude_not_actor,Robot or automated turret reserved for the robot pass.,
OldWorldBlues.esm|0000E84E,OldWorldBlues.esm,0000E84E,0300E84E,TaleOfTwoWastelands.esm,NVDLC03RoboScorpionGiant40,X-42 Giant Robo-Scorpion,,,unknown,NVDLC03\Creatures\Roboscorpion\skeleton_RoboScopion.nif,VoiceDoNotRecordF [VTYP:00094EED],NVDLC03RoboScorpionGiant01 [CREA:0300E84A],0,4,0,3,false,false,exclude_not_actor,Robot or automated turret reserved for the robot pass.,
OldWorldBlues.esm|0000E84D,OldWorldBlues.esm,0000E84D,0300E84D,TaleOfTwoWastelands.esm,NVDLC03RoboScorpionGiant30,X-42 Giant Robo-Scorpion,,,unknown,NVDLC03\Creatures\Roboscorpion\skeleton_RoboScopion.nif,VoiceDoNotRecordF [VTYP:00094EED],NVDLC03RoboScorpionGiant01 [CREA:0300E84A],0,4,0,3,false,false,exclude_not_actor,Robot or automated turret reserved for the robot pass.,
OldWorldBlues.esm|0000E84C,OldWorldBlues.esm,0000E84C,0300E84C,TaleOfTwoWastelands.esm,NVDLC03RoboScorpionGiant20,X-42 Giant Robo-Scorpion,,,unknown,NVDLC03\Creatures\Roboscorpion\skeleton_RoboScopion.nif,VoiceDoNotRecordF [VTYP:00094EED],NVDLC03RoboScorpionGiant01 [CREA:0300E84A],0,4,0,3,false,false,exclude_not_actor,Robot or automated turret reserved for the robot pass.,
OldWorldBlues.esm|0000E84B,OldWorldBlues.esm,0000E84B,0300E84B,TaleOfTwoWastelands.esm,NVDLC03RoboScorpionGiant10,X-42 Giant Robo-Scorpion,,,unknown,NVDLC03\Creatures\Roboscorpion\skeleton_RoboScopion.nif,VoiceDoNotRecordF [VTYP:00094EED],NVDLC03RoboScorpionGiant01 [CREA:0300E84A],0,2,0,1,false,false,exclude_not_actor,Robot or automated turret reserved for the robot pass.,
OldWorldBlues.esm|0000E84A,OldWorldBlues.esm,0000E84A,0300E84A,TaleOfTwoWastelands.esm,NVDLC03RoboScorpionGiant01,X-42 Giant Robo-Scorpion,,,unknown,NVDLC03\Creatures\Roboscorpion\skeleton_RoboScopion.nif,VoiceDoNotRecordF [VTYP:00094EED],,0,2,0,11,false,false,exclude_not_actor,Robot or automated turret reserved for the robot pass.,
OldWorldBlues.esm|0000E6F9,OldWorldBlues.esm,0000E6F9,0300E6F9,TaleOfTwoWastelands.esm,NVDLC03Muggy,Muggy,,,unknown,creatures\NVSecuritron\Skeleton.nif,NVDLC03MuggyVoiceSinkMale [VTYP:03014FE8],VSecuritronMk1TEMPLATE [CREA:00158646],0,0,29,32,false,false,exclude_unused,A maintained named biography already exists; do not duplicate it.,
OldWorldBlues.esm|0000E616,OldWorldBlues.esm,0000E616,0300E616,TaleOfTwoWastelands.esm,NVDLC03X42Turret,X-42 Security Turret,,,unknown,Creatures\SentryTurret\skeleton.nif,RobotEyebot [VTYP:00040D41],,0,0,0,3,false,false,exclude_not_actor,Robot or automated turret reserved for the robot pass.,
OldWorldBlues.esm|0000E5E3,OldWorldBlues.esm,0000E5E3,0300E5E3,OldWorldBlues.esm,NVDLC03DoctorO50,Doctor O,,,unknown,NVDLC03\Creatures\BrainBot\Skeleton.nif,NVDLC03MaleUniqueDocO [VTYP:03014600],NVDLC03DoctorO01 [CREA:0300E5DE],0,3,0,2,false,false,exclude_not_actor,Robot or automated turret reserved for the robot pass.,
OldWorldBlues.esm|0000E5E2,OldWorldBlues.esm,0000E5E2,0300E5E2,OldWorldBlues.esm,NVDLC03DoctorO40,Doctor O,,,unknown,NVDLC03\Creatures\BrainBot\Skeleton.nif,NVDLC03MaleUniqueDocO [VTYP:03014600],NVDLC03DoctorO01 [CREA:0300E5DE],0,3,0,2,false,false,exclude_not_actor,Robot or automated turret reserved for the robot pass.,
OldWorldBlues.esm|0000E5E1,OldWorldBlues.esm,0000E5E1,0300E5E1,OldWorldBlues.esm,NVDLC03DoctorO30,Doctor O,,,unknown,NVDLC03\Creatures\BrainBot\Skeleton.nif,NVDLC03MaleUniqueDocO [VTYP:03014600],NVDLC03DoctorO01 [CREA:0300E5DE],0,3,0,2,false,false,exclude_not_actor,Robot or automated turret reserved for the robot pass.,
OldWorldBlues.esm|0000E5E0,OldWorldBlues.esm,0000E5E0,0300E5E0,OldWorldBlues.esm,NVDLC03DoctorO20,Doctor O,,,unknown,NVDLC03\Creatures\BrainBot\Skeleton.nif,NVDLC03MaleUniqueDocO [VTYP:03014600],NVDLC03DoctorO01 [CREA:0300E5DE],0,3,0,2,false,false,exclude_not_actor,Robot or automated turret reserved for the robot pass.,
OldWorldBlues.esm|0000E5DF,OldWorldBlues.esm,0000E5DF,0300E5DF,OldWorldBlues.esm,NVDLC03DoctorO10,Doctor O,,,unknown,NVDLC03\Creatures\BrainBot\Skeleton.nif,NVDLC03MaleUniqueDocO [VTYP:03014600],NVDLC03DoctorO01 [CREA:0300E5DE],0,3,0,2,false,false,exclude_not_actor,Robot or automated turret reserved for the robot pass.,
OldWorldBlues.esm|0000E5DE,OldWorldBlues.esm,0000E5DE,0300E5DE,OldWorldBlues.esm,NVDLC03DoctorO01,Doctor O,,,unknown,NVDLC03\Creatures\BrainBot\Skeleton.nif,NVDLC03MaleUniqueDocO [VTYP:03014600],NVDLC03BrainBot [CREA:03003250],0,0,0,5,false,false,exclude_not_actor,Robot or automated turret reserved for the robot pass.,
OldWorldBlues.esm|0000E5DD,OldWorldBlues.esm,0000E5DD,0300E5DD,OldWorldBlues.esm,NVDLC03DoctorDala50,Doctor Dala,,,unknown,NVDLC03\Creatures\BrainBot\Skeleton.nif,NVDLC03FemaleUniqueDala [VTYP:030145FF],NVDLC03DoctorDala01 [CREA:0300E5D8],0,3,0,2,false,false,exclude_not_actor,Robot or automated turret reserved for the robot pass.,
OldWorldBlues.esm|0000E5DC,OldWorldBlues.esm,0000E5DC,0300E5DC,OldWorldBlues.esm,NVDLC03DoctorDala40,Doctor Dala,,,unknown,NVDLC03\Creatures\BrainBot\Skeleton.nif,NVDLC03FemaleUniqueDala [VTYP:030145FF],NVDLC03DoctorDala01 [CREA:0300E5D8],0,3,0,2,false,false,exclude_not_actor,Robot or automated turret reserved for the robot pass.,
OldWorldBlues.esm|0000E5DB,OldWorldBlues.esm,0000E5DB,0300E5DB,OldWorldBlues.esm,NVDLC03DoctorDala30,Doctor Dala,,,unknown,NVDLC03\Creatures\BrainBot\Skeleton.nif,NVDLC03FemaleUniqueDala [VTYP:030145FF],NVDLC03DoctorDala01 [CREA:0300E5D8],0,3,0,2,false,false,exclude_not_actor,Robot or automated turret reserved for the robot pass.,
OldWorldBlues.esm|0000E5DA,OldWorldBlues.esm,0000E5DA,0300E5DA,OldWorldBlues.esm,NVDLC03DoctorDala20,Doctor Dala,,,unknown,NVDLC03\Creatures\BrainBot\Skeleton.nif,NVDLC03FemaleUniqueDala [VTYP:030145FF],NVDLC03DoctorDala01 [CREA:0300E5D8],0,3,0,2,false,false,exclude_not_actor,Robot or automated turret reserved for the robot pass.,
OldWorldBlues.esm|0000E5D9,OldWorldBlues.esm,0000E5D9,0300E5D9,OldWorldBlues.esm,NVDLC03DoctorDala10,Doctor Dala,,,unknown,NVDLC03\Creatures\BrainBot\Skeleton.nif,NVDLC03FemaleUniqueDala [VTYP:030145FF],NVDLC03DoctorDala01 [CREA:0300E5D8],0,3,0,2,false,false,exclude_not_actor,Robot or automated turret reserved for the robot pass.,
OldWorldBlues.esm|0000E5D8,OldWorldBlues.esm,0000E5D8,0300E5D8,OldWorldBlues.esm,NVDLC03DoctorDala01,Doctor Dala,,,unknown,NVDLC03\Creatures\BrainBot\Skeleton.nif,NVDLC03FemaleUniqueDala [VTYP:030145FF],NVDLC03BrainBot [CREA:03003250],0,0,0,5,false,false,exclude_not_actor,Robot or automated turret reserved for the robot pass.,
OldWorldBlues.esm|0000E579,OldWorldBlues.esm,0000E579,0300E579,YUPTTW.esm,NVDLC03CrRoboScorpionMelee01,Robo-Scorpion Pincer Mk1,,,unknown,creatures\radscorpion\skeleton_RoboScopion.nif,VoiceDoNotRecordF [VTYP:00094EED],NVDLC03RoboScorpionSmallMelee [CREA:0300E559],0,2,0,19,false,false,exclude_not_actor,Robot or automated turret reserved for the robot pass.,
OldWorldBlues.esm|0000E578,OldWorldBlues.esm,0000E578,0300E578,YUPTTW.esm,NVDLC03CrRoboScorpionMelee10,Robo-Scorpion Pincer Mk2,,,unknown,creatures\radscorpion\skeleton_RoboScopion.nif,VoiceDoNotRecordF [VTYP:00094EED],NVDLC03CrRoboScorpionMelee01 [CREA:0300E579],0,2,0,1,false,false,exclude_not_actor,Robot or automated turret reserved for the robot pass.,
OldWorldBlues.esm|0000E577,OldWorldBlues.esm,0000E577,0300E577,YUPTTW.esm,NVDLC03CrRoboScorpionMelee20,Robo-Scorpion Pincer Mk3,,,unknown,creatures\radscorpion\skeleton_RoboScopion.nif,VoiceDoNotRecordF [VTYP:00094EED],NVDLC03CrRoboScorpionMelee01 [CREA:0300E579],0,3,0,2,false,false,exclude_not_actor,Robot or automated turret reserved for the robot pass.,
OldWorldBlues.esm|0000E576,OldWorldBlues.esm,0000E576,0300E576,YUPTTW.esm,NVDLC03CrRoboScorpionMelee30,Robo-Scorpion Pincer Mk4,,,unknown,creatures\radscorpion\skeleton_RoboScopion.nif,VoiceDoNotRecordF [VTYP:00094EED],NVDLC03CrRoboScorpionMelee01 [CREA:0300E579],0,3,0,2,false,false,exclude_not_actor,Robot or automated turret reserved for the robot pass.,
OldWorldBlues.esm|0000E575,OldWorldBlues.esm,0000E575,0300E575,YUPTTW.esm,NVDLC03CrRoboScorpionMelee40,Robo-Scorpion Pincer Mk5,,,unknown,creatures\radscorpion\skeleton_RoboScopion.nif,VoiceDoNotRecordF [VTYP:00094EED],NVDLC03CrRoboScorpionMelee01 [CREA:0300E579],0,3,0,2,false,false,exclude_not_actor,Robot or automated turret reserved for the robot pass.,
OldWorldBlues.esm|0000E574,OldWorldBlues.esm,0000E574,0300E574,YUPTTW.esm,NVDLC03CrRoboScorpionMelee50,Robo-Scorpion Pincer Mk6,,,unknown,creatures\radscorpion\skeleton_RoboScopion.nif,VoiceDoNotRecordF [VTYP:00094EED],NVDLC03CrRoboScorpionMelee01 [CREA:0300E579],0,3,0,2,false,false,exclude_not_actor,Robot or automated turret reserved for the robot pass.,
OldWorldBlues.esm|0000E573,OldWorldBlues.esm,0000E573,0300E573,YUPTTW.esm,NVDLC03CrRoboScorpionRanged01,Robo-Scorpion Blaster Mk1,,,unknown,creatures\radscorpion\skeleton_RoboScopion.nif,VoiceDoNotRecordF [VTYP:00094EED],NVDLC03RoboScorpionSmallRanged [CREA:0300E55A],0,2,0,16,false,false,exclude_not_actor,Robot or automated turret reserved for the robot pass.,
OldWorldBlues.esm|0000E572,OldWorldBlues.esm,0000E572,0300E572,YUPTTW.esm,NVDLC03CrRoboScorpionRanged10,Robo-Scorpion Blaster Mk2,,,unknown,creatures\radscorpion\skeleton_RoboScopion.nif,VoiceDoNotRecordF [VTYP:00094EED],NVDLC03CrRoboScorpionRanged01 [CREA:0300E573],0,2,0,1,false,false,exclude_not_actor,Robot or automated turret reserved for the robot pass.,
OldWorldBlues.esm|0000E571,OldWorldBlues.esm,0000E571,0300E571,YUPTTW.esm,NVDLC03CrRoboScorpionRanged20,Robo-Scorpion Blaster Mk3,,,unknown,creatures\radscorpion\skeleton_RoboScopion.nif,VoiceDoNotRecordF [VTYP:00094EED],NVDLC03CrRoboScorpionRanged01 [CREA:0300E573],0,3,0,2,false,false,exclude_not_actor,Robot or automated turret reserved for the robot pass.,
OldWorldBlues.esm|0000E570,OldWorldBlues.esm,0000E570,0300E570,YUPTTW.esm,NVDLC03CrRoboScorpionRanged30,Robo-Scorpion Blaster Mk4,,,unknown,creatures\radscorpion\skeleton_RoboScopion.nif,VoiceDoNotRecordF [VTYP:00094EED],NVDLC03CrRoboScorpionRanged01 [CREA:0300E573],0,3,0,2,false,false,exclude_not_actor,Robot or automated turret reserved for the robot pass.,
OldWorldBlues.esm|0000E56F,OldWorldBlues.esm,0000E56F,0300E56F,YUPTTW.esm,NVDLC03CrRoboScorpionRanged40,Robo-Scorpion Blaster Mk5,,,unknown,creatures\radscorpion\skeleton_RoboScopion.nif,VoiceDoNotRecordF [VTYP:00094EED],NVDLC03CrRoboScorpionRanged01 [CREA:0300E573],0,3,0,2,false,false,exclude_not_actor,Robot or automated turret reserved for the robot pass.,
OldWorldBlues.esm|0000E56E,OldWorldBlues.esm,0000E56E,0300E56E,YUPTTW.esm,NVDLC03CrRoboScorpionRanged50,Robo-Scorpion Blaster Mk6,,,unknown,creatures\radscorpion\skeleton_RoboScopion.nif,VoiceDoNotRecordF [VTYP:00094EED],NVDLC03CrRoboScorpionRanged01 [CREA:0300E573],0,3,0,2,false,false,exclude_not_actor,Robot or automated turret reserved for the robot pass.,
OldWorldBlues.esm|0000E56D,OldWorldBlues.esm,0000E56D,0300E56D,YUPTTW.esm,NVDLC03CrRoboScorpionSuicide01,Robo-Scorpion Bomber Mk1,,,unknown,creatures\radscorpion\skeleton_RoboScopion.nif,VoiceDoNotRecordF [VTYP:00094EED],NVDLC03RoboScorpionSmallSuicide [CREA:0300E55B],0,2,0,16,false,false,exclude_not_actor,Robot or automated turret reserved for the robot pass.,
OldWorldBlues.esm|0000E56C,OldWorldBlues.esm,0000E56C,0300E56C,YUPTTW.esm,NVDLC03CrRoboScorpionSuicide10,Robo-Scorpion Bomber Mk2,,,unknown,creatures\radscorpion\skeleton_RoboScopion.nif,VoiceDoNotRecordF [VTYP:00094EED],NVDLC03CrRoboScorpionSuicide01 [CREA:0300E56D],0,2,0,1,false,false,exclude_not_actor,Robot or automated turret reserved for the robot pass.,
OldWorldBlues.esm|0000E56B,OldWorldBlues.esm,0000E56B,0300E56B,YUPTTW.esm,NVDLC03CrRoboScorpionSuicide20,Robo-Scorpion Bomber Mk3,,,unknown,creatures\radscorpion\skeleton_RoboScopion.nif,VoiceDoNotRecordF [VTYP:00094EED],NVDLC03CrRoboScorpionSuicide01 [CREA:0300E56D],0,3,0,2,false,false,exclude_not_actor,Robot or automated turret reserved for the robot pass.,
OldWorldBlues.esm|0000E56A,OldWorldBlues.esm,0000E56A,0300E56A,YUPTTW.esm,NVDLC03CrRoboScorpionSuicide30,Robo-Scorpion Bomber Mk4,,,unknown,creatures\radscorpion\skeleton_RoboScopion.nif,VoiceDoNotRecordF [VTYP:00094EED],NVDLC03CrRoboScorpionSuicide01 [CREA:0300E56D],0,3,0,2,false,false,exclude_not_actor,Robot or automated turret reserved for the robot pass.,
OldWorldBlues.esm|0000E569,OldWorldBlues.esm,0000E569,0300E569,YUPTTW.esm,NVDLC03CrRoboScorpionSuicide40,Robo-Scorpion Bomber Mk5,,,unknown,creatures\radscorpion\skeleton_RoboScopion.nif,VoiceDoNotRecordF [VTYP:00094EED],NVDLC03CrRoboScorpionSuicide01 [CREA:0300E56D],0,3,0,2,false,false,exclude_not_actor,Robot or automated turret reserved for the robot pass.,
OldWorldBlues.esm|0000E568,OldWorldBlues.esm,0000E568,0300E568,YUPTTW.esm,NVDLC03CrRoboScorpionSuicide50,Robo-Scorpion Bomber Mk6,,,unknown,creatures\radscorpion\skeleton_RoboScopion.nif,VoiceDoNotRecordF [VTYP:00094EED],NVDLC03CrRoboScorpionSuicide01 [CREA:0300E56D],0,3,0,2,false,false,exclude_not_actor,Robot or automated turret reserved for the robot pass.,
OldWorldBlues.esm|0000E567,OldWorldBlues.esm,0000E567,0300E567,OldWorldBlues.esm,NVDLC03CrRoboScorpionMeleeLvl,,,,unknown,,,NVDLC03EncRoboScorpionMelee [LVLC:0300E564],0,0,0,4,false,false,exclude_not_actor,Robot or automated turret reserved for the robot pass.,
OldWorldBlues.esm|0000E566,OldWorldBlues.esm,0000E566,0300E566,OldWorldBlues.esm,NVDLC03CrRoboScorpionRangedLvl,,,,unknown,,,NVDLC03EncRoboScorpionRanged [LVLC:0300E563],0,0,0,3,false,false,exclude_not_actor,Robot or automated turret reserved for the robot pass.,
OldWorldBlues.esm|0000E565,OldWorldBlues.esm,0000E565,0300E565,OldWorldBlues.esm,NVDLC03CrRoboScorpionSuicideLvl,,,,unknown,,,NVDLC03EncRoboScorpionSuicide [LVLC:0300E562],0,0,0,1,false,false,exclude_not_actor,Robot or automated turret reserved for the robot pass.,
OldWorldBlues.esm|0000E55B,OldWorldBlues.esm,0000E55B,0300E55B,YUPTTW.esm,NVDLC03RoboScorpionSmallSuicide,Robo-Scorpion Mk1,,,unknown,NVDLC03\Creatures\Roboscorpion\skeleton_RoboScopion.nif,VoiceDoNotRecordF [VTYP:00094EED],,0,0,0,2,false,false,exclude_not_actor,Robot or automated turret reserved for the robot pass.,
OldWorldBlues.esm|0000E55A,OldWorldBlues.esm,0000E55A,0300E55A,YUPTTW.esm,NVDLC03RoboScorpionSmallRanged,Robo-Scorpion Mk1,,,unknown,NVDLC03\Creatures\Roboscorpion\skeleton_RoboScopion.nif,VoiceDoNotRecordF [VTYP:00094EED],,0,0,0,2,false,false,exclude_not_actor,Robot or automated turret reserved for the robot pass.,
OldWorldBlues.esm|0000E559,OldWorldBlues.esm,0000E559,0300E559,YUPTTW.esm,NVDLC03RoboScorpionSmallMelee,Robo-Scorpion Mk1,,,unknown,NVDLC03\Creatures\Roboscorpion\skeleton_RoboScopion.nif,VoiceDoNotRecordF [VTYP:00094EED],,0,0,0,2,false,false,exclude_not_actor,Robot or automated turret reserved for the robot pass.,
OldWorldBlues.esm|0000DA22,OldWorldBlues.esm,0000DA22,0300DA22,TaleOfTwoWastelands.esm,NVDLC03StealthSuitVoiceCr,Stealth Suit Mk II,,,unknown,Creatures\MisterGutsy\Skeleton.nif,NVDLC03StealthSuitVoice [VTYP:030166E4],,0,0,105,126,false,false,exclude_unused,"Template, corpse, test, cut, or non-reachable archetype record without a distinct new roleplay profile.",
OldWorldBlues.esm|0000D95B,OldWorldBlues.esm,0000D95B,0300D95B,TaleOfTwoWastelands.esm,NVDLC03SecuritronDead,Securitron Mk I,,,unknown,creatures\NVSecuritron\Skeleton.nif,RobotSentryBot [VTYP:00019FDB],,0,0,0,9,false,false,exclude_not_actor,Robot or automated turret reserved for the robot pass.,
OldWorldBlues.esm|0000D628,OldWorldBlues.esm,0000D628,0300D628,OldWorldBlues.esm,NVDLC03DoctorKleinLVL,,,,unknown,,NVDLC03MaleUniqueKlein [VTYP:03014235],NVDLC03EncDoctorKlein [LVLC:0300D622],0,0,385,386,false,false,exclude_not_actor,Ambient/scenery actor or record without a usable identity.,
OldWorldBlues.esm|0000D627,OldWorldBlues.esm,0000D627,0300D627,OldWorldBlues.esm,NVDLC03DoctorKlein50,Doctor Klein,,,unknown,NVDLC03\Creatures\BrainBot\Skeleton.nif,NVDLC03MaleUniqueKlein [VTYP:03014235],NVDLC03DoctorKlein01 [CREA:03003255],0,3,0,2,false,false,exclude_not_actor,Robot or automated turret reserved for the robot pass.,
OldWorldBlues.esm|0000D626,OldWorldBlues.esm,0000D626,0300D626,OldWorldBlues.esm,NVDLC03DoctorKlein40,Doctor Klein,,,unknown,NVDLC03\Creatures\BrainBot\Skeleton.nif,NVDLC03MaleUniqueKlein [VTYP:03014235],NVDLC03DoctorKlein01 [CREA:03003255],0,3,0,2,false,false,exclude_not_actor,Robot or automated turret reserved for the robot pass.,
OldWorldBlues.esm|0000D625,OldWorldBlues.esm,0000D625,0300D625,OldWorldBlues.esm,NVDLC03DoctorKlein30,Doctor Klein,,,unknown,NVDLC03\Creatures\BrainBot\Skeleton.nif,NVDLC03MaleUniqueKlein [VTYP:03014235],NVDLC03DoctorKlein01 [CREA:03003255],0,3,0,2,false,false,exclude_not_actor,Robot or automated turret reserved for the robot pass.,
OldWorldBlues.esm|0000D624,OldWorldBlues.esm,0000D624,0300D624,OldWorldBlues.esm,NVDLC03DoctorKlein20,Doctor Klein,,,unknown,NVDLC03\Creatures\BrainBot\Skeleton.nif,NVDLC03MaleUniqueKlein [VTYP:03014235],NVDLC03DoctorKlein01 [CREA:03003255],0,3,0,2,false,false,exclude_not_actor,Robot or automated turret reserved for the robot pass.,
OldWorldBlues.esm|0000D623,OldWorldBlues.esm,0000D623,0300D623,OldWorldBlues.esm,NVDLC03DoctorKlein10,Doctor Klein,,,unknown,NVDLC03\Creatures\BrainBot\Skeleton.nif,NVDLC03MaleUniqueKlein [VTYP:03014235],NVDLC03DoctorKlein01 [CREA:03003255],0,3,0,2,false,false,exclude_not_actor,Robot or automated turret reserved for the robot pass.,
OldWorldBlues.esm|0000D621,OldWorldBlues.esm,0000D621,0300D621,OldWorldBlues.esm,NVDLC03DoctorMobius50,Doctor Mobius,,,unknown,NVDLC03\Creatures\BrainBot\Skeleton.nif,NVDLC03MaleUniqueMobius [VTYP:03013F1E],NVDLC03DoctorMobius01 [CREA:03003732],0,3,0,2,false,false,exclude_not_actor,Robot or automated turret reserved for the robot pass.,
OldWorldBlues.esm|0000D620,OldWorldBlues.esm,0000D620,0300D620,OldWorldBlues.esm,NVDLC03DoctorMobius40,Doctor Mobius,,,unknown,NVDLC03\Creatures\BrainBot\Skeleton.nif,NVDLC03MaleUniqueMobius [VTYP:03013F1E],NVDLC03DoctorMobius01 [CREA:03003732],0,3,0,2,false,false,exclude_not_actor,Robot or automated turret reserved for the robot pass.,
OldWorldBlues.esm|0000D61F,OldWorldBlues.esm,0000D61F,0300D61F,OldWorldBlues.esm,NVDLC03DoctorMobius30,Doctor Mobius,,,unknown,NVDLC03\Creatures\BrainBot\Skeleton.nif,NVDLC03MaleUniqueMobius [VTYP:03013F1E],NVDLC03DoctorMobius01 [CREA:03003732],0,3,0,2,false,false,exclude_not_actor,Robot or automated turret reserved for the robot pass.,
OldWorldBlues.esm|0000D61E,OldWorldBlues.esm,0000D61E,0300D61E,OldWorldBlues.esm,NVDLC03DoctorMobius20,Doctor Mobius,,,unknown,NVDLC03\Creatures\BrainBot\Skeleton.nif,NVDLC03MaleUniqueMobius [VTYP:03013F1E],NVDLC03DoctorMobius01 [CREA:03003732],0,3,0,2,false,false,exclude_not_actor,Robot or automated turret reserved for the robot pass.,
OldWorldBlues.esm|0000D61D,OldWorldBlues.esm,0000D61D,0300D61D,OldWorldBlues.esm,NVDLC03DoctorMobius10,Doctor Mobius,,,unknown,NVDLC03\Creatures\BrainBot\Skeleton.nif,NVDLC03MaleUniqueMobius [VTYP:03013F1E],NVDLC03DoctorMobius01 [CREA:03003732],0,3,0,2,false,false,exclude_not_actor,Robot or automated turret reserved for the robot pass.,
OldWorldBlues.esm|0000D356,OldWorldBlues.esm,0000D356,0300D356,OldWorldBlues.esm,NVDLC03X8Gabe50,Gabe,,,unknown,creatures\dog\skeleton_SonicBark.nif,RobotUniqueRex [VTYP:0014F3EA],NVDLC03CrCyberDog01TEST [CREA:030104DE],0,3,0,2,false,false,exclude_not_actor,Robot or automated turret reserved for the robot pass.,
OldWorldBlues.esm|0000D355,OldWorldBlues.esm,0000D355,0300D355,OldWorldBlues.esm,NVDLC03X8Gabe40,Gabe,,,unknown,creatures\dog\skeleton_SonicBark.nif,RobotUniqueRex [VTYP:0014F3EA],NVDLC03CrCyberDog01TEST [CREA:030104DE],0,3,0,2,false,false,exclude_not_actor,Robot or automated turret reserved for the robot pass.,
OldWorldBlues.esm|0000D354,OldWorldBlues.esm,0000D354,0300D354,OldWorldBlues.esm,NVDLC03X8Gabe30,Gabe,,,unknown,creatures\dog\skeleton_SonicBark.nif,RobotUniqueRex [VTYP:0014F3EA],NVDLC03CrCyberDog01TEST [CREA:030104DE],0,3,0,2,false,false,exclude_not_actor,Robot or automated turret reserved for the robot pass.,
OldWorldBlues.esm|0000D353,OldWorldBlues.esm,0000D353,0300D353,OldWorldBlues.esm,NVDLC03X8Gabe20,Gabe,,,unknown,creatures\dog\skeleton_SonicBark.nif,RobotUniqueRex [VTYP:0014F3EA],NVDLC03CrCyberDog01TEST [CREA:030104DE],0,3,0,2,false,false,exclude_not_actor,Robot or automated turret reserved for the robot pass.,
OldWorldBlues.esm|0000D352,OldWorldBlues.esm,0000D352,0300D352,YUPTTW.esm,NVDLC03X8Gabe10,Gabe,,,unknown,creatures\dog\skeleton_SonicBark.nif,RobotUniqueRex [VTYP:0014F3EA],NVDLC03CrCyberDog01TEST [CREA:030104DE],0,3,0,2,false,false,exclude_not_actor,Robot or automated turret reserved for the robot pass.,
OldWorldBlues.esm|0000CB39,OldWorldBlues.esm,0000CB39,0300CB39,TaleOfTwoWastelands.esm,NVDLC03CrSentryBot50,Sentry Bot Mk6,,,unknown,Creatures\SentryBot\Skeleton.nif,RobotSentryBot [VTYP:00019FDB],NVDLC03CrSentryBot01 [CREA:0300A111],0,3,0,3,false,false,exclude_not_actor,Robot or automated turret reserved for the robot pass.,
OldWorldBlues.esm|0000CB38,OldWorldBlues.esm,0000CB38,0300CB38,TaleOfTwoWastelands.esm,NVDLC03CrSentryBot40,Sentry Bot Mk5,,,unknown,Creatures\SentryBot\Skeleton.nif,RobotSentryBot [VTYP:00019FDB],NVDLC03CrSentryBot01 [CREA:0300A111],0,3,0,3,false,false,exclude_not_actor,Robot or automated turret reserved for the robot pass.,
OldWorldBlues.esm|0000CB37,OldWorldBlues.esm,0000CB37,0300CB37,TaleOfTwoWastelands.esm,NVDLC03CrSentryBot30,Sentry Bot Mk4,,,unknown,Creatures\SentryBot\Skeleton.nif,RobotSentryBot [VTYP:00019FDB],NVDLC03CrSentryBot01 [CREA:0300A111],0,3,0,3,false,false,exclude_not_actor,Robot or automated turret reserved for the robot pass.,
OldWorldBlues.esm|0000CB36,OldWorldBlues.esm,0000CB36,0300CB36,TaleOfTwoWastelands.esm,NVDLC03CrSecuritronBerserk50,Berserk Securitron Mk6,,,unknown,creatures\NVSecuritron\Skeleton.nif,NVDLC03BerserkSecuritron [VTYP:03014602],NVDLC03CrSecuritronBerserk01 [CREA:030098BA],0,6,0,4,false,false,exclude_not_actor,Robot or automated turret reserved for the robot pass.,
OldWorldBlues.esm|0000CB35,OldWorldBlues.esm,0000CB35,0300CB35,TaleOfTwoWastelands.esm,NVDLC03CrSecuritronBerserk40,Berserk Securitron Mk5,,,unknown,creatures\NVSecuritron\Skeleton.nif,NVDLC03BerserkSecuritron [VTYP:03014602],NVDLC03CrSecuritronBerserk01 [CREA:030098BA],0,6,0,4,false,false,exclude_not_actor,Robot or automated turret reserved for the robot pass.,
OldWorldBlues.esm|0000CB34,OldWorldBlues.esm,0000CB34,0300CB34,TaleOfTwoWastelands.esm,NVDLC03CrSecuritronBerserk30,Berserk Securitron Mk4,,,unknown,creatures\NVSecuritron\Skeleton.nif,NVDLC03BerserkSecuritron [VTYP:03014602],NVDLC03CrSecuritronBerserk01 [CREA:030098BA],0,6,0,4,false,false,exclude_not_actor,Robot or automated turret reserved for the robot pass.,
OldWorldBlues.esm|0000CB33,OldWorldBlues.esm,0000CB33,0300CB33,TaleOfTwoWastelands.esm,NVDLC03CrRobobrain50,Robobrain Mk6,,,unknown,Creatures\Robobrain\skeleton.nif,RobotRoboBrain [VTYP:00019FDE],NVDLC03CrRobobrain01 [CREA:0300A11A],0,3,0,2,false,false,exclude_not_actor,Robot or automated turret reserved for the robot pass.,
OldWorldBlues.esm|0000CB32,OldWorldBlues.esm,0000CB32,0300CB32,TaleOfTwoWastelands.esm,NVDLC03CrRobobrain40,Robobrain Mk5,,,unknown,Creatures\Robobrain\skeleton.nif,RobotRoboBrain [VTYP:00019FDE],NVDLC03CrRobobrain01 [CREA:0300A11A],0,3,0,2,false,false,exclude_not_actor,Robot or automated turret reserved for the robot pass.,
OldWorldBlues.esm|0000CB31,OldWorldBlues.esm,0000CB31,0300CB31,TaleOfTwoWastelands.esm,NVDLC03CrRobobrain20,Robobrain Mk3,,,unknown,Creatures\Robobrain\skeleton.nif,RobotRoboBrain [VTYP:00019FDE],NVDLC03CrRobobrain01 [CREA:0300A11A],0,3,0,2,false,false,exclude_not_actor,Robot or automated turret reserved for the robot pass.,
OldWorldBlues.esm|0000CB30,OldWorldBlues.esm,0000CB30,0300CB30,TaleOfTwoWastelands.esm,NVDLC03CrProtectron50,Protectron Mk6,,,unknown,Creatures\Protectron\skeleton.nif,RobotProtectron [VTYP:00019FDA],NVDLC03CrProtectron01 [CREA:03009C90],0,3,0,2,false,false,exclude_not_actor,Robot or automated turret reserved for the robot pass.,
OldWorldBlues.esm|0000CB2F,OldWorldBlues.esm,0000CB2F,0300CB2F,TaleOfTwoWastelands.esm,NVDLC03CrProtectron40,Protectron Mk5,,,unknown,Creatures\Protectron\skeleton.nif,RobotProtectron [VTYP:00019FDA],NVDLC03CrProtectron01 [CREA:03009C90],0,3,0,2,false,false,exclude_not_actor,Robot or automated turret reserved for the robot pass.,
OldWorldBlues.esm|0000CB2E,OldWorldBlues.esm,0000CB2E,0300CB2E,TaleOfTwoWastelands.esm,NVDLC03CrProtectron30,Protectron Mk4,,,unknown,Creatures\Protectron\skeleton.nif,RobotProtectron [VTYP:00019FDA],NVDLC03CrProtectron01 [CREA:03009C90],0,3,0,2,false,false,exclude_not_actor,Robot or automated turret reserved for the robot pass.,
OldWorldBlues.esm|0000CB2D,OldWorldBlues.esm,0000CB2D,0300CB2D,TaleOfTwoWastelands.esm,NVDLC03CrNightstalker50,Nightstalker,,,unknown,creatures\NightStalker\Skeleton.nif,VoiceDoNotRecordF [VTYP:00094EED],NVDLC03CrNightstalker01 [CREA:03009D3C],0,3,0,2,false,false,include_nonverbal,Reachable official non-verbal creature mapped to a reviewed archetype.,nightstalker
OldWorldBlues.esm|0000CB2C,OldWorldBlues.esm,0000CB2C,0300CB2C,TaleOfTwoWastelands.esm,NVDLC03CrNightstalker40,Nightstalker,,,unknown,creatures\NightStalker\Skeleton.nif,VoiceDoNotRecordF [VTYP:00094EED],NVDLC03CrNightstalker01 [CREA:03009D3C],0,3,0,2,false,false,include_nonverbal,Reachable official non-verbal creature mapped to a reviewed archetype.,nightstalker
OldWorldBlues.esm|0000CB2B,OldWorldBlues.esm,0000CB2B,0300CB2B,TaleOfTwoWastelands.esm,NVDLC03CrNightstalker30,Nightstalker,,,unknown,creatures\NightStalker\Skeleton.nif,VoiceDoNotRecordF [VTYP:00094EED],NVDLC03CrNightstalker01 [CREA:03009D3C],0,3,0,2,false,false,include_nonverbal,Reachable official non-verbal creature mapped to a reviewed archetype.,nightstalker
OldWorldBlues.esm|0000CB2A,OldWorldBlues.esm,0000CB2A,0300CB2A,OldWorldBlues.esm,NVDLC03CrMisterHandy50Respawn,Crazed Mister Handy,,,unknown,Creatures\MisterGutsy\Skeleton.nif,RobotMisterHandy [VTYP:00019FDC],NVDLC03CrMisterHandy01Respawn [CREA:0300A10C],0,3,0,2,false,false,exclude_not_actor,Robot or automated turret reserved for the robot pass.,
OldWorldBlues.esm|0000CB29,OldWorldBlues.esm,0000CB29,0300CB29,OldWorldBlues.esm,NVDLC03CrMisterHandy40Respawn,Crazed Mister Handy,,,unknown,Creatures\MisterGutsy\Skeleton.nif,RobotMisterHandy [VTYP:00019FDC],NVDLC03CrMisterHandy01Respawn [CREA:0300A10C],0,3,0,2,false,false,exclude_not_actor,Robot or automated turret reserved for the robot pass.,
OldWorldBlues.esm|0000CB28,OldWorldBlues.esm,0000CB28,0300CB28,OldWorldBlues.esm,NVDLC03CrMisterHandy30Respawn,Crazed Mister Handy,,,unknown,Creatures\MisterGutsy\Skeleton.nif,RobotMisterHandy [VTYP:00019FDC],NVDLC03CrMisterHandy01Respawn [CREA:0300A10C],0,3,0,2,false,false,exclude_not_actor,Robot or automated turret reserved for the robot pass.,
OldWorldBlues.esm|0000CB27,OldWorldBlues.esm,0000CB27,0300CB27,TaleOfTwoWastelands.esm,NVDLC03CrMisterGutsy50,Mister Gutsy Mk6,,,unknown,Creatures\MisterGutsy\Skeleton.nif,RobotMisterGutsy [VTYP:00019FDD],NVDLC03CrMisterGutsy01 [CREA:0300A108],0,3,0,3,false,false,exclude_not_actor,Robot or automated turret reserved for the robot pass.,
OldWorldBlues.esm|0000CB26,OldWorldBlues.esm,0000CB26,0300CB26,TaleOfTwoWastelands.esm,NVDLC03CrMisterGutsy40,Mister Gutsy Mk5,,,unknown,Creatures\MisterGutsy\Skeleton.nif,RobotMisterGutsy [VTYP:00019FDD],NVDLC03CrMisterGutsy01 [CREA:0300A108],0,3,0,3,false,false,exclude_not_actor,Robot or automated turret reserved for the robot pass.,
OldWorldBlues.esm|0000CB25,OldWorldBlues.esm,0000CB25,0300CB25,TaleOfTwoWastelands.esm,NVDLC03CrMisterGutsy30,Mister Gutsy Mk4,,,unknown,Creatures\MisterGutsy\Skeleton.nif,RobotMisterGutsy [VTYP:00019FDD],NVDLC03CrMisterGutsy01 [CREA:0300A108],0,3,0,3,false,false,exclude_not_actor,Robot or automated turret reserved for the robot pass.,
OldWorldBlues.esm|0000CB24,OldWorldBlues.esm,0000CB24,0300CB24,YUPTTW.esm,NVDLC03CrRoboScorpion50,Robo-Scorpion Mk6,,,unknown,creatures\radscorpion\skeleton_RoboScopion.nif,VoiceDoNotRecordF [VTYP:00094EED],NVDLC03CrRoboScorpion01 [CREA:0300A122],0,3,0,2,false,false,exclude_not_actor,Robot or automated turret reserved for the robot pass.,
OldWorldBlues.esm|0000CB23,OldWorldBlues.esm,0000CB23,0300CB23,YUPTTW.esm,NVDLC03CrRoboScorpion40,Robo-Scorpion Mk5,,,unknown,creatures\radscorpion\skeleton_RoboScopion.nif,VoiceDoNotRecordF [VTYP:00094EED],NVDLC03CrRoboScorpion01 [CREA:0300A122],0,3,0,2,false,false,exclude_not_actor,Robot or automated turret reserved for the robot pass.,
OldWorldBlues.esm|0000CB22,OldWorldBlues.esm,0000CB22,0300CB22,YUPTTW.esm,NVDLC03CrRoboScorpion30,Robo-Scorpion Mk4,,,unknown,creatures\radscorpion\skeleton_RoboScopion.nif,VoiceDoNotRecordF [VTYP:00094EED],NVDLC03CrRoboScorpion01 [CREA:0300A122],0,3,0,2,false,false,exclude_not_actor,Robot or automated turret reserved for the robot pass.,
OldWorldBlues.esm|0000CB21,OldWorldBlues.esm,0000CB21,0300CB21,TaleOfTwoWastelands.esm,NVDLC03CrCyberDogMilitary50,Military Cyber Dog,,,unknown,creatures\dog\skeleton.nif,RobotUniqueRex [VTYP:0014F3EA],NVDLC03CrCyberDogMilitary01 [CREA:0300CB1F],0,6,0,4,false,false,exclude_not_actor,Robot or automated turret reserved for the robot pass.,
OldWorldBlues.esm|0000CB20,OldWorldBlues.esm,0000CB20,0300CB20,TaleOfTwoWastelands.esm,NVDLC03CrCyberDogMilitary40,Military Cyber Dog,,,unknown,creatures\dog\skeleton.nif,RobotUniqueRex [VTYP:0014F3EA],NVDLC03CrCyberDogMilitary01 [CREA:0300CB1F],0,6,0,4,false,false,exclude_not_actor,Robot or automated turret reserved for the robot pass.,
OldWorldBlues.esm|0000CB1F,OldWorldBlues.esm,0000CB1F,0300CB1F,YUPTTW.esm,NVDLC03CrCyberDogMilitary01,Military Cyberdog,,,unknown,creatures\dog\skeleton.nif,RobotUniqueRex [VTYP:0014F3EA],NVDLC03CyberdogMilitary [CREA:0300E85C],0,4,0,15,false,false,exclude_not_actor,Robot or automated turret reserved for the robot pass.,
OldWorldBlues.esm|0000CB1E,OldWorldBlues.esm,0000CB1E,0300CB1E,OldWorldBlues.esm,NVDLC03CrCazador50,Cazador,,,unknown,creatures\NVCazadores\Skeleton.nif,VoiceDoNotRecordF [VTYP:00094EED],NVDLC03CrCazador01 [CREA:0300A11F],0,3,0,3,false,false,include_nonverbal,Reachable official non-verbal creature mapped to a reviewed archetype.,cazador
OldWorldBlues.esm|0000CB1D,OldWorldBlues.esm,0000CB1D,0300CB1D,OldWorldBlues.esm,NVDLC03CrCazador40,Cazador,,,unknown,creatures\NVCazadores\Skeleton.nif,VoiceDoNotRecordF [VTYP:00094EED],NVDLC03CrCazador01 [CREA:0300A11F],0,3,0,3,false,false,include_nonverbal,Reachable official non-verbal creature mapped to a reviewed archetype.,cazador
OldWorldBlues.esm|0000CB1C,OldWorldBlues.esm,0000CB1C,0300CB1C,OldWorldBlues.esm,NVDLC03CrCazador10,Cazador,,,unknown,creatures\NVCazadores\Skeleton.nif,VoiceDoNotRecordF [VTYP:00094EED],NVDLC03CrCazador01 [CREA:0300A11F],0,2,0,2,false,false,include_nonverbal,Reachable official non-verbal creature mapped to a reviewed archetype.,cazador
OldWorldBlues.esm|0000C212,OldWorldBlues.esm,0000C212,0300C212,OldWorldBlues.esm,NVDLC03X8CrTurretLvl,Hall Monitor,,,unknown,marker_creature.nif,RobotEyebot [VTYP:00040D41],NVDLC03X8CrTurretTunnel [CREA:0301434B],0,0,0,3,false,false,exclude_not_actor,Robot or automated turret reserved for the robot pass.,
OldWorldBlues.esm|0000C1CF,OldWorldBlues.esm,0000C1CF,0300C1CF,OldWorldBlues.esm,NVDLC03DoctorMobiusLVL,,,,unknown,,NVDLC03MaleUniqueMobius [VTYP:03013F1E],NVDLC03EncDoctorMobius [LVLC:0300C1CE],0,0,285,286,false,false,exclude_not_actor,Ambient/scenery actor or record without a usable identity.,
OldWorldBlues.esm|0000B9C2,OldWorldBlues.esm,0000B9C2,0300B9C2,TaleOfTwoWastelands.esm,NVDLC03CrSewerRat01Respawn,Sewer Rat,,,unknown,creatures\NVgiantrat\skeleton.nif,VoiceDoNotRecordF [VTYP:00094EED],NVDLC03CrGiantRatRADS [CREA:03014308],0,2,0,6,false,false,include_nonverbal,Reachable official non-verbal creature mapped to a reviewed archetype.,giant_rat
OldWorldBlues.esm|0000AD04,OldWorldBlues.esm,0000AD04,0300AD04,OldWorldBlues.esm,NVDLC03CrX8CyberDogClassRoom,Police Cyber Dog,,,unknown,Creatures\Dog\Skeleton.nif,RobotUniqueRex [VTYP:0014F3EA],NVDLC03CrCyberDogPolice10 [CREA:03011FDB],0,0,0,5,false,false,exclude_not_actor,Robot or automated turret reserved for the robot pass.,
OldWorldBlues.esm|0000A944,OldWorldBlues.esm,0000A944,0300A944,OldWorldBlues.esm,NVDLC03CrRoboScorpionLvl,,,,unknown,,,NVDLC03EncRoboScorpion [LVLC:0300A12C],0,0,0,5,false,false,exclude_not_actor,Robot or automated turret reserved for the robot pass.,
OldWorldBlues.esm|0000A943,OldWorldBlues.esm,0000A943,0300A943,OldWorldBlues.esm,NVDLC03CrTurretLvl,,,,unknown,marker_creature.nif,RobotEyebot [VTYP:00040D41],NVDLC03EncTurret [LVLC:0300A12B],0,0,0,1,false,false,exclude_not_actor,Robot or automated turret reserved for the robot pass.,
OldWorldBlues.esm|0000A942,OldWorldBlues.esm,0000A942,0300A942,OldWorldBlues.esm,NVDLC03CrSentryBotLvl,,,,unknown,,,NVDLC03EncSentryBot [LVLC:0300A127],0,0,0,10,false,false,exclude_not_actor,Robot or automated turret reserved for the robot pass.,
OldWorldBlues.esm|0000A381,OldWorldBlues.esm,0000A381,0300A381,TaleOfTwoWastelands.esm,NVDLC03X8ExperimentRobobrain01,Robobrain,,,unknown,Creatures\Robobrain\skeleton.nif,NVDLC03X8Robobrain [VTYP:0301564D],,0,0,4,5,false,false,exclude_not_actor,Robot or automated turret reserved for the robot pass.,
OldWorldBlues.esm|0000A380,OldWorldBlues.esm,0000A380,0300A380,OldWorldBlues.esm,NVDLC03CrCyberDogX8Experiment,Roxie,,,unknown,marker_creature.nif,,NVDLC03CrCyberDogPoliceLvl [CREA:03011FE0],0,0,9,10,false,false,exclude_unused,A maintained named biography already exists; do not duplicate it.,
OldWorldBlues.esm|0000A125,OldWorldBlues.esm,0000A125,0300A125,OldWorldBlues.esm,NVDLC03CrCazadorLvl,,,,unknown,marker_creature.nif,,NVDLC03EncCazador [LVLC:0300A128],0,0,0,1,false,false,exclude_not_actor,Ambient/scenery actor or record without a usable identity.,
OldWorldBlues.esm|0000A124,OldWorldBlues.esm,0000A124,0300A124,YUPTTW.esm,NVDLC03CrRoboScorpion20,Robo-Scorpion Mk3,,,unknown,creatures\radscorpion\skeleton_RoboScopion.nif,VoiceDoNotRecordF [VTYP:00094EED],NVDLC03CrRoboScorpion01 [CREA:0300A122],0,3,0,2,false,false,exclude_not_actor,Robot or automated turret reserved for the robot pass.,
OldWorldBlues.esm|0000A123,OldWorldBlues.esm,0000A123,0300A123,YUPTTW.esm,NVDLC03CrRoboScorpion10,Robo-Scorpion Mk2,,,unknown,creatures\radscorpion\skeleton_RoboScopion.nif,VoiceDoNotRecordF [VTYP:00094EED],NVDLC03CrRoboScorpion01 [CREA:0300A122],0,2,0,1,false,false,exclude_not_actor,Robot or automated turret reserved for the robot pass.,
OldWorldBlues.esm|0000A122,OldWorldBlues.esm,0000A122,0300A122,YUPTTW.esm,NVDLC03CrRoboScorpion01,Robo-Scorpion Mk1,,,unknown,creatures\radscorpion\skeleton_RoboScopion.nif,VoiceDoNotRecordF [VTYP:00094EED],NVDLC03CrRoboScorpionMelee01 [CREA:0300E579],0,2,0,18,false,false,exclude_not_actor,Robot or automated turret reserved for the robot pass.,
OldWorldBlues.esm|0000A121,OldWorldBlues.esm,0000A121,0300A121,OldWorldBlues.esm,NVDLC03CrCazador30,Cazador,,,unknown,creatures\NVCazadores\Skeleton.nif,VoiceDoNotRecordF [VTYP:00094EED],NVDLC03CrCazador01 [CREA:0300A11F],0,3,0,3,false,false,include_nonverbal,Reachable official non-verbal creature mapped to a reviewed archetype.,cazador
OldWorldBlues.esm|0000A120,OldWorldBlues.esm,0000A120,0300A120,OldWorldBlues.esm,NVDLC03CrCazador20,Cazador,,,unknown,creatures\NVCazadores\Skeleton.nif,VoiceDoNotRecordF [VTYP:00094EED],NVDLC03CrCazador01 [CREA:0300A11F],0,3,0,3,false,false,include_nonverbal,Reachable official non-verbal creature mapped to a reviewed archetype.,cazador
OldWorldBlues.esm|0000A11F,OldWorldBlues.esm,0000A11F,0300A11F,YUPTTW.esm,NVDLC03CrCazador01,Cazador,,,unknown,creatures\NVCazadores\Skeleton.nif,VoiceDoNotRecordF [VTYP:00094EED],,0,2,0,9,false,false,include_nonverbal,Reachable official non-verbal creature mapped to a reviewed archetype.,cazador
OldWorldBlues.esm|0000A11E,OldWorldBlues.esm,0000A11E,0300A11E,OldWorldBlues.esm,NVDLC03CrRobobrainLvl,,,,unknown,,RobotRoboBrain [VTYP:00019FDE],NVDLC03EncRobobrain [LVLC:0300A12A],0,0,0,2,false,false,exclude_not_actor,Robot or automated turret reserved for the robot pass.,
OldWorldBlues.esm|0000A11C,OldWorldBlues.esm,0000A11C,0300A11C,TaleOfTwoWastelands.esm,NVDLC03CrRobobrain30,Robobrain Mk4,,,unknown,Creatures\Robobrain\skeleton.nif,RobotRoboBrain [VTYP:00019FDE],NVDLC03CrRobobrain01 [CREA:0300A11A],0,3,0,2,false,false,exclude_not_actor,Robot or automated turret reserved for the robot pass.,
OldWorldBlues.esm|0000A11B,OldWorldBlues.esm,0000A11B,0300A11B,TaleOfTwoWastelands.esm,NVDLC03CrRobobrain10,Robobrain Mk2,,,unknown,Creatures\Robobrain\skeleton.nif,RobotRoboBrain [VTYP:00019FDE],NVDLC03CrRobobrain01 [CREA:0300A11A],0,2,0,1,false,false,exclude_not_actor,Robot or automated turret reserved for the robot pass.,
OldWorldBlues.esm|0000A11A,OldWorldBlues.esm,0000A11A,0300A11A,TaleOfTwoWastelands.esm,NVDLC03CrRobobrain01,Robobrain Mk1,,,unknown,Creatures\Robobrain\skeleton.nif,RobotRoboBrain [VTYP:00019FDE],,0,2,0,13,false,false,exclude_not_actor,Robot or automated turret reserved for the robot pass.,
OldWorldBlues.esm|0000A119,OldWorldBlues.esm,0000A119,0300A119,TaleOfTwoWastelands.esm,NVDLC03CrTurretHard,Mark VI Turret,,,unknown,Creatures\SentryTurret\skeleton.nif,RobotEyebot [VTYP:00040D41],NVDLC03CrTurretAvg [CREA:0300A117],0,2,0,1,false,false,exclude_not_actor,Robot or automated turret reserved for the robot pass.,
OldWorldBlues.esm|0000A118,OldWorldBlues.esm,0000A118,0300A118,TaleOfTwoWastelands.esm,NVDLC03CrTurretEasy,Mark II Turret,,,unknown,Creatures\SentryTurret\skeleton.nif,RobotEyebot [VTYP:00040D41],NVDLC03CrTurretAvg [CREA:0300A117],0,2,0,1,false,false,exclude_not_actor,Robot or automated turret reserved for the robot pass.,
OldWorldBlues.esm|0000A117,OldWorldBlues.esm,0000A117,0300A117,TaleOfTwoWastelands.esm,NVDLC03CrTurretAvg,Mark IV Turret,,,unknown,Creatures\SentryTurret\skeleton.nif,RobotEyebot [VTYP:00040D41],,0,2,0,12,false,false,exclude_not_actor,Robot or automated turret reserved for the robot pass.,
OldWorldBlues.esm|0000A115,OldWorldBlues.esm,0000A115,0300A115,TaleOfTwoWastelands.esm,NVDLC03CrSecuritronBerserk20,Berserk Securitron Mk3,,,unknown,creatures\NVSecuritron\Skeleton.nif,NVDLC03BerserkSecuritron [VTYP:03014602],NVDLC03CrSecuritronBerserk01 [CREA:030098BA],0,6,0,4,false,false,exclude_not_actor,Robot or automated turret reserved for the robot pass.,
OldWorldBlues.esm|0000A114,OldWorldBlues.esm,0000A114,0300A114,TaleOfTwoWastelands.esm,NVDLC03CrSecuritronBerserk10,Berserk Securitron Mk2,,,unknown,creatures\NVSecuritron\Skeleton.nif,NVDLC03BerserkSecuritron [VTYP:03014602],NVDLC03CrSecuritronBerserk01 [CREA:030098BA],0,4,0,2,false,false,exclude_not_actor,Robot or automated turret reserved for the robot pass.,
OldWorldBlues.esm|0000A113,OldWorldBlues.esm,0000A113,0300A113,TaleOfTwoWastelands.esm,NVDLC03CrSentryBot20,Sentry Bot Mk3,,,unknown,Creatures\SentryBot\Skeleton.nif,RobotSentryBot [VTYP:00019FDB],NVDLC03CrSentryBot01 [CREA:0300A111],0,3,0,3,false,false,exclude_not_actor,Robot or automated turret reserved for the robot pass.,
OldWorldBlues.esm|0000A112,OldWorldBlues.esm,0000A112,0300A112,TaleOfTwoWastelands.esm,NVDLC03CrSentryBot10,Sentry Bot Mk2,,,unknown,Creatures\SentryBot\Skeleton.nif,RobotSentryBot [VTYP:00019FDB],NVDLC03CrSentryBot01 [CREA:0300A111],0,2,0,2,false,false,exclude_not_actor,Robot or automated turret reserved for the robot pass.,
OldWorldBlues.esm|0000A111,OldWorldBlues.esm,0000A111,0300A111,TaleOfTwoWastelands.esm,NVDLC03CrSentryBot01,Sentry Bot Mk1,,,unknown,Creatures\SentryBot\Skeleton.nif,RobotSentryBot [VTYP:00019FDB],,0,2,0,14,false,false,exclude_not_actor,Robot or automated turret reserved for the robot pass.,
OldWorldBlues.esm|0000A10F,OldWorldBlues.esm,0000A10F,0300A10F,OldWorldBlues.esm,NVDLC03CrMisterHandyLvlRespawn,,,,unknown,,,NVDLC03EncMisterHandyRespawn [LVLC:0300A12D],0,0,0,5,false,false,exclude_not_actor,Robot or automated turret reserved for the robot pass.,
OldWorldBlues.esm|0000A10E,OldWorldBlues.esm,0000A10E,0300A10E,OldWorldBlues.esm,NVDLC03CrMisterHandy20Respawn,Crazed Mister Handy,,,unknown,Creatures\MisterGutsy\Skeleton.nif,RobotMisterHandy [VTYP:00019FDC],NVDLC03CrMisterHandy01Respawn [CREA:0300A10C],0,3,0,2,false,false,exclude_not_actor,Robot or automated turret reserved for the robot pass.,
OldWorldBlues.esm|0000A10D,OldWorldBlues.esm,0000A10D,0300A10D,OldWorldBlues.esm,NVDLC03CrMisterHandy10Respawn,Crazed Mister Handy,,,unknown,Creatures\MisterGutsy\Skeleton.nif,RobotMisterHandy [VTYP:00019FDC],NVDLC03CrMisterHandy01Respawn [CREA:0300A10C],0,2,0,1,false,false,exclude_not_actor,Robot or automated turret reserved for the robot pass.,
OldWorldBlues.esm|0000A10C,OldWorldBlues.esm,0000A10C,0300A10C,OldWorldBlues.esm,NVDLC03CrMisterHandy01Respawn,Crazed Mister Handy,,,unknown,Creatures\MisterGutsy\Skeleton.nif,RobotMisterHandy [VTYP:00019FDC],,0,2,0,7,false,false,exclude_not_actor,Robot or automated turret reserved for the robot pass.,
OldWorldBlues.esm|0000A10B,OldWorldBlues.esm,0000A10B,0300A10B,TaleOfTwoWastelands.esm,NVDLC03CrMisterGutsyLvl,,,,unknown,marker_creature.nif,,NVDLC03EncMisterGutsy [LVLC:0300A12E],0,0,0,10,false,false,exclude_not_actor,Robot or automated turret reserved for the robot pass.,
OldWorldBlues.esm|0000A10A,OldWorldBlues.esm,0000A10A,0300A10A,TaleOfTwoWastelands.esm,NVDLC03CrMisterGutsy10,Mister Gutsy Mk2,,,unknown,Creatures\MisterGutsy\Skeleton.nif,RobotMisterGutsy [VTYP:00019FDD],NVDLC03CrMisterGutsy01 [CREA:0300A108],0,2,0,2,false,false,exclude_not_actor,Robot or automated turret reserved for the robot pass.,
OldWorldBlues.esm|0000A109,OldWorldBlues.esm,0000A109,0300A109,TaleOfTwoWastelands.esm,NVDLC03CrMisterGutsy20,Mister Gutsy Mk3,,,unknown,Creatures\MisterGutsy\Skeleton.nif,RobotMisterGutsy [VTYP:00019FDD],NVDLC03CrMisterGutsy01 [CREA:0300A108],0,4,0,4,false,false,exclude_not_actor,Robot or automated turret reserved for the robot pass.,
OldWorldBlues.esm|0000A108,OldWorldBlues.esm,0000A108,0300A108,TaleOfTwoWastelands.esm,NVDLC03CrMisterGutsy01,Mister Gutsy Mk1,,,unknown,Creatures\MisterGutsy\Skeleton.nif,RobotMisterGutsy [VTYP:00019FDD],,0,2,12,26,false,false,exclude_not_actor,Robot or automated turret reserved for the robot pass.,
OldWorldBlues.esm|00009DF2,OldWorldBlues.esm,00009DF2,03009DF2,OldWorldBlues.esm,NVDLC03CrDogX8,Dog,,,unknown,Creatures\Dog\Skeleton.nif,VoiceDoNotRecordF [VTYP:00094EED],CrDog [CREA:0001CF9C],0,0,0,1,false,false,include_nonverbal,Reachable official non-verbal creature mapped to a reviewed archetype.,dog
OldWorldBlues.esm|00009DF1,OldWorldBlues.esm,00009DF1,03009DF1,OldWorldBlues.esm,NVDLC03CrMisterHandyX8,Mister Handy,,,unknown,Creatures\MisterGutsy\Skeleton.nif,RobotMisterHandy [VTYP:00019FDC],NVDLC03CrMisterOrderly01Respawn [CREA:03012946],0,0,0,1,false,false,exclude_not_actor,Robot or automated turret reserved for the robot pass.,
OldWorldBlues.esm|00009D3F,OldWorldBlues.esm,00009D3F,03009D3F,TaleOfTwoWastelands.esm,NVDLC03CrNightstalkerLvl,,,,unknown,marker_creature.nif,VoiceDoNotRecordF [VTYP:00094EED],NVDLC03EncNightstalker [LVLC:03009D40],0,0,0,24,false,false,exclude_not_actor,Ambient/scenery actor or record without a usable identity.,
OldWorldBlues.esm|00009D3E,OldWorldBlues.esm,00009D3E,03009D3E,TaleOfTwoWastelands.esm,NVDLC03CrNightstalker20,Nightstalker,,,unknown,creatures\NightStalker\Skeleton.nif,VoiceDoNotRecordF [VTYP:00094EED],NVDLC03CrNightstalker01 [CREA:03009D3C],0,3,0,2,false,false,include_nonverbal,Reachable official non-verbal creature mapped to a reviewed archetype.,nightstalker
OldWorldBlues.esm|00009D3D,OldWorldBlues.esm,00009D3D,03009D3D,TaleOfTwoWastelands.esm,NVDLC03CrNightstalker10,Nightstalker,,,unknown,creatures\NightStalker\Skeleton.nif,VoiceDoNotRecordF [VTYP:00094EED],NVDLC03CrNightstalker01 [CREA:03009D3C],0,2,0,1,false,false,include_nonverbal,Reachable official non-verbal creature mapped to a reviewed archetype.,nightstalker
OldWorldBlues.esm|00009D3C,OldWorldBlues.esm,00009D3C,03009D3C,YUPTTW.esm,NVDLC03CrNightstalker01,Nightstalker,,,unknown,creatures\NightStalker\Skeleton.nif,VoiceDoNotRecordF [VTYP:00094EED],,0,2,0,15,false,false,include_nonverbal,Reachable official non-verbal creature mapped to a reviewed archetype.,nightstalker
OldWorldBlues.esm|00009D2D,OldWorldBlues.esm,00009D2D,03009D2D,TaleOfTwoWastelands.esm,NVDLC03CrProtectronLvlX8,,,,unknown,marker_creature.nif,RobotProtectron [VTYP:00019FDA],NVDLC03CrProtectronLvl [CREA:03009C92],0,0,0,2,false,false,exclude_not_actor,Robot or automated turret reserved for the robot pass.,
OldWorldBlues.esm|00009CEC,OldWorldBlues.esm,00009CEC,03009CEC,OldWorldBlues.esm,NVDLC03SpawnTier4NightstalkerSchool,,,,unknown,marker_creature.nif,VoiceDoNotRecordF [VTYP:00094EED],NVDLC03EncNightstalker [LVLC:03009D40],0,0,0,17,false,false,exclude_not_actor,Ambient/scenery actor or record without a usable identity.,
OldWorldBlues.esm|00009CEA,OldWorldBlues.esm,00009CEA,03009CEA,TaleOfTwoWastelands.esm,NVDLC03LvlX8Gabe,,,,unknown,,,NVDLC03EncX8Gabe [LVLC:0300D357],0,0,0,1,false,false,exclude_not_actor,Ambient/scenery actor or record without a usable identity.,
OldWorldBlues.esm|00009CE0,OldWorldBlues.esm,00009CE0,03009CE0,OldWorldBlues.esm,NVDLC03CrCyberDogMilitaryLvl,,,,unknown,,,NVDLC03EncCyberDogMilitary [LVLC:03009CE1],0,0,0,3,false,false,exclude_not_actor,Ambient/scenery actor or record without a usable identity.,
OldWorldBlues.esm|00009CDF,OldWorldBlues.esm,00009CDF,03009CDF,TaleOfTwoWastelands.esm,NVDLC03CrCyberDogMilitary30,Military Cyber Dog,,,unknown,creatures\dog\skeleton.nif,RobotUniqueRex [VTYP:0014F3EA],NVDLC03CrCyberDogMilitary01 [CREA:0300CB1F],0,6,0,4,false,false,exclude_not_actor,Robot or automated turret reserved for the robot pass.,
OldWorldBlues.esm|00009CDE,OldWorldBlues.esm,00009CDE,03009CDE,TaleOfTwoWastelands.esm,NVDLC03CrCyberDogMilitary20,Military Cyber Dog,,,unknown,creatures\dog\skeleton.nif,RobotUniqueRex [VTYP:0014F3EA],NVDLC03CrCyberDogMilitary01 [CREA:0300CB1F],0,6,0,4,false,false,exclude_not_actor,Robot or automated turret reserved for the robot pass.,
OldWorldBlues.esm|00009CDD,OldWorldBlues.esm,00009CDD,03009CDD,TaleOfTwoWastelands.esm,NVDLC03CrCyberDogMilitary10,Military Cyber Dog,,,unknown,Creatures\Dog\Skeleton.nif,RobotUniqueRex [VTYP:0014F3EA],NVDLC03CrCyberDogMilitary01 [CREA:0300CB1F],0,4,0,2,false,false,exclude_not_actor,Robot or automated turret reserved for the robot pass.,
OldWorldBlues.esm|00009C92,OldWorldBlues.esm,00009C92,03009C92,TaleOfTwoWastelands.esm,NVDLC03CrProtectronLvl,,,,unknown,,,NVDLC03EncProtectron [LVLC:03009C91],0,0,0,7,false,false,exclude_not_actor,Robot or automated turret reserved for the robot pass.,
OldWorldBlues.esm|00009C90,OldWorldBlues.esm,00009C90,03009C90,TaleOfTwoWastelands.esm,NVDLC03CrProtectron01,Protectron Mk1,,,unknown,Creatures\Protectron\skeleton.nif,RobotProtectron [VTYP:00019FDA],,0,2,0,15,false,false,exclude_not_actor,Robot or automated turret reserved for the robot pass.,
OldWorldBlues.esm|00009C8F,OldWorldBlues.esm,00009C8F,03009C8F,TaleOfTwoWastelands.esm,NVDLC03CrProtectron10,Protectron Mk2,,,unknown,Creatures\Protectron\skeleton.nif,RobotProtectron [VTYP:00019FDA],NVDLC03CrProtectron01 [CREA:03009C90],0,2,0,1,false,false,exclude_not_actor,Robot or automated turret reserved for the robot pass.,
OldWorldBlues.esm|00009C8E,OldWorldBlues.esm,00009C8E,03009C8E,TaleOfTwoWastelands.esm,NVDLC03CrProtectron20,Protectron Mk3,,,unknown,Creatures\Protectron\skeleton.nif,RobotProtectron [VTYP:00019FDA],NVDLC03CrProtectron01 [CREA:03009C90],0,4,0,3,false,false,exclude_not_actor,Robot or automated turret reserved for the robot pass.,
OldWorldBlues.esm|000098BA,OldWorldBlues.esm,000098BA,030098BA,YUPTTW.esm,NVDLC03CrSecuritronBerserk01,Berserk Securitron Mk1,,,unknown,creatures\NVSecuritron\Skeleton.nif,NVDLC03BerserkSecuritron [VTYP:03014602],,0,4,0,14,false,false,exclude_not_actor,Robot or automated turret reserved for the robot pass.,
OldWorldBlues.esm|00009798,OldWorldBlues.esm,00009798,03009798,YUPTTW.esm,NVDLC03CyberDogLvlX8School,,,,unknown,marker_creature.nif,RobotUniqueRex [VTYP:0014F3EA],NVDLC03CrCyberDogMilitaryLvl [CREA:03009CE0],0,0,0,11,false,false,exclude_not_actor,Robot or automated turret reserved for the robot pass.,
OldWorldBlues.esm|00006875,OldWorldBlues.esm,00006875,03006875,OldWorldBlues.esm,NVDLC03DoctorBorousLVL,,,,unknown,,NVDLC03MaleUniqueDocBorous [VTYP:030145FE],NVDLC03EncDoctorBorous [LVLC:0300E5D7],0,0,149,150,false,false,exclude_not_actor,Ambient/scenery actor or record without a usable identity.,
OldWorldBlues.esm|00006874,OldWorldBlues.esm,00006874,03006874,OldWorldBlues.esm,NVDLC03Doctor8LVL,,,,unknown,,NVDLC03MaleUniqueDoc8 [VTYP:030145FD],NVDLC03EncDoctor8 [LVLC:0300E5D6],0,0,115,116,false,false,exclude_not_actor,Ambient/scenery actor or record without a usable identity.,
OldWorldBlues.esm|00006873,OldWorldBlues.esm,00006873,03006873,OldWorldBlues.esm,NVDLC03DoctorOLVL,,,,unknown,,NVDLC03MaleUniqueDocO [VTYP:03014600],NVDLC03EncDoctorO [LVLC:0300E5D5],0,0,152,153,false,false,exclude_not_actor,Ambient/scenery actor or record without a usable identity.,
OldWorldBlues.esm|00006872,OldWorldBlues.esm,00006872,03006872,OldWorldBlues.esm,NVDLC03DoctorDalaLVL,,,,unknown,,NVDLC03FemaleUniqueDala [VTYP:030145FF],NVDLC03EncDoctorDala [LVLC:0300E5D4],0,0,133,134,false,false,exclude_not_actor,Ambient/scenery actor or record without a usable identity.,
OldWorldBlues.esm|00003732,OldWorldBlues.esm,00003732,03003732,OldWorldBlues.esm,NVDLC03DoctorMobius01,Doctor Mobius,,,unknown,NVDLC03\Creatures\BrainBot\Skeleton.nif,NVDLC03MaleUniqueMobius [VTYP:03013F1E],NVDLC03BrainBot [CREA:03003250],0,0,0,5,false,false,exclude_not_actor,Robot or automated turret reserved for the robot pass.,
OldWorldBlues.esm|00003255,OldWorldBlues.esm,00003255,03003255,OldWorldBlues.esm,NVDLC03DoctorKlein01,Doctor Klein,,,unknown,NVDLC03\Creatures\BrainBot\Skeleton.nif,NVDLC03MaleUniqueKlein [VTYP:03014235],NVDLC03BrainBot [CREA:03003250],0,0,0,5,false,false,exclude_not_actor,Robot or automated turret reserved for the robot pass.,
OldWorldBlues.esm|00003250,OldWorldBlues.esm,00003250,03003250,OldWorldBlues.esm,NVDLC03BrainBot,BrainBot Template,,,unknown,NVDLC03\Creatures\BrainBot\Skeleton.nif,RobotRoboBrain [VTYP:00019FDE],,0,0,0,7,false,false,exclude_not_actor,Robot or automated turret reserved for the robot pass.,
OldWorldBlues.esm|00000802,OldWorldBlues.esm,00000802,03000802,OldWorldBlues.esm,NVDLC03RoboScorpionGiantLVL,,,,unknown,,,NVDLC03EncRoboScorpionGiant [LVLC:0300E850],0,0,0,1,false,false,exclude_not_actor,Robot or automated turret reserved for the robot pass.,
LonesomeRoad.esm|0000DA78,LonesomeRoad.esm,0000DA78,0400DA78,LonesomeRoad.esm,NVDLC04DeathclawWandererLVL,,,,unknown,marker_creature.nif,,NVDLC04DeathClawGLENC [LVLC:04009519],0,0,0,3,false,false,exclude_not_actor,Ambient/scenery actor or record without a usable identity.,
LonesomeRoad.esm|0000D91E,LonesomeRoad.esm,0000D91E,0400D91E,LonesomeRoad.esm,NVDLC04CrTurretLVLTempleMaint,,,,unknown,marker_creature.nif,,NVDLC04TurretMarkAllENC [LVLC:0400D91D],0,0,0,2,false,false,exclude_not_actor,Robot or automated turret reserved for the robot pass.,
LonesomeRoad.esm|0000D8C7,LonesomeRoad.esm,0000D8C7,0400D8C7,LonesomeRoad.esm,NVDLC04NukeNCRGlowingGhoulLVL,,,,unknown,marker_creature.nif,,NVDLC04NukeNCRGlowingGhoulENC [LVLC:0400D8C8],0,0,0,7,false,false,exclude_not_actor,Ambient/scenery actor or record without a usable identity.,
LonesomeRoad.esm|0000D8C6,LonesomeRoad.esm,0000D8C6,0400D8C6,TaleOfTwoWastelands.esm,NVDLC04NukeNCRGlowingGhoul50,Glowing Trooper Ghoul,,,unknown,Creatures\Ghoul\Skeleton.nif,CreatureFeralGhoul [VTYP:0007AE96],NVDLC04NukeNCRGlowingGhoul20 [CREA:0400CF86],0,3,0,3,false,false,include_nonverbal,Reachable official non-verbal creature mapped to a reviewed archetype.,glowing_one
LonesomeRoad.esm|0000D8C5,LonesomeRoad.esm,0000D8C5,0400D8C5,LonesomeRoad.esm,NVDLC04NukeNCRGlowingGhoul40,Glowing Trooper Ghoul,,,unknown,Creatures\Ghoul\Skeleton.nif,CreatureFeralGhoul [VTYP:0007AE96],NVDLC04NukeNCRGlowingGhoul20 [CREA:0400CF86],0,0,0,1,false,false,include_nonverbal,Reachable official non-verbal creature mapped to a reviewed archetype.,glowing_one
LonesomeRoad.esm|0000D8C4,LonesomeRoad.esm,0000D8C4,0400D8C4,LonesomeRoad.esm,NVDLC04NukeNCRGlowingGhoul30,Glowing Trooper Ghoul,,,unknown,Creatures\Ghoul\Skeleton.nif,CreatureFeralGhoul [VTYP:0007AE96],NVDLC04NukeNCRGlowingGhoul20 [CREA:0400CF86],0,0,0,1,false,false,include_nonverbal,Reachable official non-verbal creature mapped to a reviewed archetype.,glowing_one
LonesomeRoad.esm|0000D8C3,LonesomeRoad.esm,0000D8C3,0400D8C3,YUPTTW.esm,NVDLC04EyebotMedicalLVL,,,,unknown,,,NVDLC04EyebotMedicalENC [LVLC:0400D8BA],0,0,0,4,false,false,exclude_not_actor,Robot or automated turret reserved for the robot pass.,
LonesomeRoad.esm|0000D8C2,LonesomeRoad.esm,0000D8C2,0400D8C2,TaleOfTwoWastelands.esm,NVDLC04EyebotMedical50,Medical Eyebot,,,unknown,NVDLC04\Creatures\NVDLC04EdeClone\skeleton_Low.nif,RobotEyebot [VTYP:00040D41],NVDLC04EyebotMedical20 [CREA:0400914A],0,3,0,2,false,false,exclude_not_actor,Robot or automated turret reserved for the robot pass.,
LonesomeRoad.esm|0000D8C1,LonesomeRoad.esm,0000D8C1,0400D8C1,TaleOfTwoWastelands.esm,NVDLC04EyebotMedical40,Medical Eyebot,,,unknown,NVDLC04\Creatures\NVDLC04EdeClone\skeleton_Low.nif,RobotEyebot [VTYP:00040D41],NVDLC04EyebotMedical20 [CREA:0400914A],0,3,0,2,false,false,exclude_not_actor,Robot or automated turret reserved for the robot pass.,
LonesomeRoad.esm|0000D8C0,LonesomeRoad.esm,0000D8C0,0400D8C0,TaleOfTwoWastelands.esm,NVDLC04EyebotMedical30,Medical Eyebot,,,unknown,NVDLC04\Creatures\NVDLC04EdeClone\skeleton_Low.nif,RobotEyebot [VTYP:00040D41],NVDLC04EyebotMedical20 [CREA:0400914A],0,3,0,2,false,false,exclude_not_actor,Robot or automated turret reserved for the robot pass.,
LonesomeRoad.esm|0000D8BF,LonesomeRoad.esm,0000D8BF,0400D8BF,TaleOfTwoWastelands.esm,NVDLC04EyebotRepairLVL,,,,unknown,,,NVDLC04EyebotRepairENC [LVLC:0400D8B8],0,0,0,4,false,false,exclude_not_actor,Robot or automated turret reserved for the robot pass.,
LonesomeRoad.esm|0000D8BD,LonesomeRoad.esm,0000D8BD,0400D8BD,TaleOfTwoWastelands.esm,NVDLC04EyebotRepair50,Repair Eyebot,,,unknown,NVDLC04\Creatures\NVDLC04EdeClone\skeleton_Low.nif,RobotEyebot [VTYP:00040D41],NVDLC04EyebotRepair20 [CREA:04009149],0,3,0,2,false,false,exclude_not_actor,Robot or automated turret reserved for the robot pass.,
LonesomeRoad.esm|0000D8BC,LonesomeRoad.esm,0000D8BC,0400D8BC,TaleOfTwoWastelands.esm,NVDLC04EyebotRepair40,Repair Eyebot,,,unknown,NVDLC04\Creatures\NVDLC04EdeClone\skeleton_Low.nif,RobotEyebot [VTYP:00040D41],NVDLC04EyebotRepair20 [CREA:04009149],0,3,0,2,false,false,exclude_not_actor,Robot or automated turret reserved for the robot pass.,
LonesomeRoad.esm|0000D8BB,LonesomeRoad.esm,0000D8BB,0400D8BB,TaleOfTwoWastelands.esm,NVDLC04EyebotRepair30,Repair Eyebot,,,unknown,NVDLC04\Creatures\NVDLC04EdeClone\skeleton_Low.nif,RobotEyebot [VTYP:00040D41],NVDLC04EyebotRepair20 [CREA:04009149],0,3,0,2,false,false,exclude_not_actor,Robot or automated turret reserved for the robot pass.,
LonesomeRoad.esm|0000D5C3,LonesomeRoad.esm,0000D5C3,0400D5C3,TaleOfTwoWastelands.esm,NVDLC04DeathclawBossDead,Rawr,,,unknown,Creatures\DeathClaw\Skeleton.nif,VoiceDoNotRecordF [VTYP:00094EED],,0,0,0,1,false,false,include_nonverbal,Reachable official non-verbal creature mapped to a reviewed archetype.,rawr
LonesomeRoad.esm|0000D567,LonesomeRoad.esm,0000D567,0400D567,LonesomeRoad.esm,NVDLC04DivideDeathClawRespawn,,,,unknown,,,NVDLC04DeathClawGLENC [LVLC:04009519],0,0,0,11,false,false,exclude_not_actor,Ambient/scenery actor or record without a usable identity.,
LonesomeRoad.esm|0000CF86,LonesomeRoad.esm,0000CF86,0400CF86,YUPTTW.esm,NVDLC04NukeNCRGlowingGhoul20,Glowing Trooper Ghoul,,,unknown,Creatures\Ghoul\Skeleton.nif,CreatureFeralGhoul [VTYP:0007AE96],,0,0,0,5,false,false,include_nonverbal,Reachable official non-verbal creature mapped to a reviewed archetype.,glowing_one
LonesomeRoad.esm|0000C64F,LonesomeRoad.esm,0000C64F,0400C64F,TaleOfTwoWastelands.esm,AudioTemplateRobotEde,AudioTemplateRobotEde,,,unknown,,,,0,0,0,3,false,false,exclude_not_actor,Robot or automated turret reserved for the robot pass.,
LonesomeRoad.esm|0000C22D,LonesomeRoad.esm,0000C22D,0400C22D,YUPTTW.esm,NVDLC04DeathclawNuked,Irradiated Deathclaw,,,unknown,,,NVDLC04DeathClawGLENC [LVLC:04009519],0,0,0,10,false,false,include_nonverbal,Reachable official non-verbal creature mapped to a reviewed archetype.,irradiated_deathclaw
LonesomeRoad.esm|0000B6C2,LonesomeRoad.esm,0000B6C2,0400B6C2,TaleOfTwoWastelands.esm,NVDLC04UlyssesSentryBotGL,,,,unknown,,,NVDLC04SentryBotGLENC [LVLC:040086E9],0,0,0,2,false,false,exclude_not_actor,Robot or automated turret reserved for the robot pass.,
LonesomeRoad.esm|0000B6C0,LonesomeRoad.esm,0000B6C0,0400B6C0,TaleOfTwoWastelands.esm,NVDLC04UlyssesSentryBotMG,,,,unknown,,,NVDLC04SentryBotMGENC [LVLC:040086EA],0,0,0,2,false,false,exclude_not_actor,Robot or automated turret reserved for the robot pass.,
LonesomeRoad.esm|0000B3E4,LonesomeRoad.esm,0000B3E4,0400B3E4,LonesomeRoad.esm,NVDLC04Silo02ElevTunnelerVictim02,Tunneler,,,unknown,creatures\NVSporeCarrier\skeleton.nif,DLC01UniqueTrogVoice [VTYP:0009467B],NVDLC04TunnelerAmbusher01 [CREA:04004C45],0,0,0,2,false,false,include_nonverbal,Reachable official non-verbal creature mapped to a reviewed archetype.,tunneler
LonesomeRoad.esm|0000AD12,LonesomeRoad.esm,0000AD12,0400AD12,LonesomeRoad.esm,NVDLC04Silo02ElevTunnelerVictim,Tunneler,,,unknown,creatures\NVSporeCarrier\skeleton.nif,DLC01UniqueTrogVoice [VTYP:0009467B],NVDLC04TunnelerAmbusher01 [CREA:04004C45],0,0,0,1,false,false,include_nonverbal,Reachable official non-verbal creature mapped to a reviewed archetype.,tunneler
LonesomeRoad.esm|0000A389,LonesomeRoad.esm,0000A389,0400A389,LonesomeRoad.esm,NVDLC04Road02OverpassDeathclawLVL,,,,unknown,,,NVDLC04DeathClawGLENC [LVLC:04009519],0,0,0,3,false,false,exclude_not_actor,Ambient/scenery actor or record without a usable identity.,
LonesomeRoad.esm|00009810,LonesomeRoad.esm,00009810,04009810,TaleOfTwoWastelands.esm,NVDLC04Road02DeathClawDEAD,Deathclaw,,,unknown,Creatures\DeathClaw\Skeleton.nif,VoiceDoNotRecordF [VTYP:00094EED],CrDeathClaw [CREA:0001CF9A],0,0,0,1,false,false,include_nonverbal,Reachable official non-verbal creature mapped to a reviewed archetype.,deathclaw
LonesomeRoad.esm|00009688,LonesomeRoad.esm,00009688,04009688,LonesomeRoad.esm,NVDLC04Silo02ElevTunnelerWaveAmb,,,,unknown,marker_creature.nif,,NVDLC04TunnelerAmbusherLVL [CREA:04004C4C],0,0,0,3,false,false,exclude_not_actor,Ambient/scenery actor or record without a usable identity.,
LonesomeRoad.esm|00009687,LonesomeRoad.esm,00009687,04009687,LonesomeRoad.esm,NVDLC04Silo02ElevTunnelerWaveBrute,,,,unknown,marker_creature.nif,,NVDLC04TunnelerBruteLVL [CREA:040086D3],0,0,0,2,false,false,exclude_not_actor,Ambient/scenery actor or record without a usable identity.,
LonesomeRoad.esm|00009686,LonesomeRoad.esm,00009686,04009686,LonesomeRoad.esm,NVDLC04Silo02ElevTunnelerWaveVen,,,,unknown,marker_creature.nif,,NVDLC04TunnelerVenomLVL [CREA:040086DB],0,0,0,2,false,false,exclude_not_actor,Ambient/scenery actor or record without a usable identity.,
LonesomeRoad.esm|00009538,LonesomeRoad.esm,00009538,04009538,TaleOfTwoWastelands.esm,NVDLC04CrTurretMarkVI50,Mark VI Turret,,,unknown,Creatures\SentryTurret\skeleton.nif,RobotEyebot [VTYP:00040D41],NVDLC04CrTurretMarkVI01 [CREA:04009535],0,3,0,2,false,false,exclude_not_actor,Robot or automated turret reserved for the robot pass.,
LonesomeRoad.esm|00009537,LonesomeRoad.esm,00009537,04009537,TaleOfTwoWastelands.esm,NVDLC04CrTurretMarkVI40,Mark VI Turret,,,unknown,Creatures\SentryTurret\skeleton.nif,RobotEyebot [VTYP:00040D41],NVDLC04CrTurretMarkVI01 [CREA:04009535],0,3,0,2,false,false,exclude_not_actor,Robot or automated turret reserved for the robot pass.,
LonesomeRoad.esm|00009535,LonesomeRoad.esm,00009535,04009535,TaleOfTwoWastelands.esm,NVDLC04CrTurretMarkVI01,Mark VI Turret,,,unknown,Creatures\SentryTurret\skeleton.nif,RobotEyebot [VTYP:00040D41],,0,0,0,8,false,false,exclude_not_actor,Robot or automated turret reserved for the robot pass.,
LonesomeRoad.esm|00009533,LonesomeRoad.esm,00009533,04009533,TaleOfTwoWastelands.esm,NVDLC04CrTurretMarkIV40,Mark IV Turret,,,unknown,Creatures\SentryTurret\skeleton.nif,RobotEyebot [VTYP:00040D41],NVDLC04CrTurretMarkIV01 [CREA:04009531],0,3,0,2,false,false,exclude_not_actor,Robot or automated turret reserved for the robot pass.,
LonesomeRoad.esm|00009532,LonesomeRoad.esm,00009532,04009532,TaleOfTwoWastelands.esm,NVDLC04CrTurretMarkIV30,Mark IV Turret,,,unknown,Creatures\SentryTurret\skeleton.nif,RobotEyebot [VTYP:00040D41],NVDLC04CrTurretMarkIV01 [CREA:04009531],0,3,0,2,false,false,exclude_not_actor,Robot or automated turret reserved for the robot pass.,
LonesomeRoad.esm|00009531,LonesomeRoad.esm,00009531,04009531,TaleOfTwoWastelands.esm,NVDLC04CrTurretMarkIV01,Mark IV Turret,,,unknown,Creatures\SentryTurret\skeleton.nif,RobotEyebot [VTYP:00040D41],,0,0,0,8,false,false,exclude_not_actor,Robot or automated turret reserved for the robot pass.,
LonesomeRoad.esm|0000952D,LonesomeRoad.esm,0000952D,0400952D,TaleOfTwoWastelands.esm,NVDLC04CrTurretMarkII30,Mark II Turret,,,unknown,Creatures\SentryTurret\skeleton.nif,RobotEyebot [VTYP:00040D41],NVDLC04CrTurretMarkII01 [CREA:0400952C],0,3,0,2,false,false,exclude_not_actor,Robot or automated turret reserved for the robot pass.,
LonesomeRoad.esm|0000952C,LonesomeRoad.esm,0000952C,0400952C,TaleOfTwoWastelands.esm,NVDLC04CrTurretMarkII01,Mark II Turret,,,unknown,Creatures\SentryTurret\skeleton.nif,RobotEyebot [VTYP:00040D41],,0,0,0,8,false,false,exclude_not_actor,Robot or automated turret reserved for the robot pass.,
LonesomeRoad.esm|0000952A,LonesomeRoad.esm,0000952A,0400952A,LonesomeRoad.esm,NVDLC04CrMoleRatLVL,Mole Rat,,,unknown,marker_creature.nif,,NVDLC04MoleRatGLENC [LVLC:0400952B],0,0,0,7,false,false,include_nonverbal,Reachable official non-verbal creature mapped to a reviewed archetype.,mole_rat
LonesomeRoad.esm|00009529,LonesomeRoad.esm,00009529,04009529,LonesomeRoad.esm,NVDLC04CrMoleRat50,Mole Rat,,,unknown,Creatures\MoleRat\skeleton.nif,VoiceDoNotRecordF [VTYP:00094EED],NVDLC04CrMoleRat01 [CREA:04009526],0,3,0,2,false,false,include_nonverbal,Reachable official non-verbal creature mapped to a reviewed archetype.,mole_rat
LonesomeRoad.esm|00009528,LonesomeRoad.esm,00009528,04009528,LonesomeRoad.esm,NVDLC04CrMoleRat40,Mole Rat,,,unknown,Creatures\MoleRat\skeleton.nif,VoiceDoNotRecordF [VTYP:00094EED],NVDLC04CrMoleRat01 [CREA:04009526],0,3,0,2,false,false,include_nonverbal,Reachable official non-verbal creature mapped to a reviewed archetype.,mole_rat
LonesomeRoad.esm|00009527,LonesomeRoad.esm,00009527,04009527,LonesomeRoad.esm,NVDLC04CrMoleRat30,Mole Rat,,,unknown,Creatures\MoleRat\skeleton.nif,VoiceDoNotRecordF [VTYP:00094EED],NVDLC04CrMoleRat01 [CREA:04009526],0,3,0,2,false,false,include_nonverbal,Reachable official non-verbal creature mapped to a reviewed archetype.,mole_rat
LonesomeRoad.esm|00009526,LonesomeRoad.esm,00009526,04009526,LonesomeRoad.esm,NVDLC04CrMoleRat01,Mole Rat,,,unknown,Creatures\MoleRat\skeleton.nif,VoiceDoNotRecordF [VTYP:00094EED],CrMoleRat [CREA:0001CF9F],0,0,0,4,false,false,include_nonverbal,Reachable official non-verbal creature mapped to a reviewed archetype.,mole_rat
LonesomeRoad.esm|00009524,LonesomeRoad.esm,00009524,04009524,LonesomeRoad.esm,NVDLC04CrDeathClawAlphaLVL,Deathclaw Alpha Male,,,unknown,marker_creature.nif,,NVDLC04DeathClawAlphaGLENC [LVLC:04009525],0,0,0,2,false,false,include_nonverbal,Reachable official non-verbal creature mapped to a reviewed archetype.,deathclaw_alpha
LonesomeRoad.esm|00009523,LonesomeRoad.esm,00009523,04009523,TaleOfTwoWastelands.esm,NVDLC04CrDeathClawAlpha50,Deathclaw Alpha Male,,,unknown,Creatures\DeathClaw\Skeleton.nif,VoiceDoNotRecordF [VTYP:00094EED],NVDLC04CrDeathClawAlpha01 [CREA:04009520],0,3,0,4,false,false,include_nonverbal,Reachable official non-verbal creature mapped to a reviewed archetype.,deathclaw_alpha
LonesomeRoad.esm|00009522,LonesomeRoad.esm,00009522,04009522,TaleOfTwoWastelands.esm,NVDLC04CrDeathClawAlpha40,Deathclaw Alpha Male,,,unknown,Creatures\DeathClaw\Skeleton.nif,VoiceDoNotRecordF [VTYP:00094EED],NVDLC04CrDeathClawAlpha01 [CREA:04009520],0,3,0,4,false,false,include_nonverbal,Reachable official non-verbal creature mapped to a reviewed archetype.,deathclaw_alpha
LonesomeRoad.esm|00009521,LonesomeRoad.esm,00009521,04009521,TaleOfTwoWastelands.esm,NVDLC04CrDeathClawAlpha30,Deathclaw Alpha Male,,,unknown,Creatures\DeathClaw\Skeleton.nif,VoiceDoNotRecordF [VTYP:00094EED],NVDLC04CrDeathClawAlpha01 [CREA:04009520],0,3,0,4,false,false,include_nonverbal,Reachable official non-verbal creature mapped to a reviewed archetype.,deathclaw_alpha
LonesomeRoad.esm|00009520,LonesomeRoad.esm,00009520,04009520,TaleOfTwoWastelands.esm,NVDLC04CrDeathClawAlpha01,Deathclaw Alpha Male,,,unknown,Creatures\DeathClaw\Skeleton.nif,VoiceDoNotRecordF [VTYP:00094EED],CrDeathClawAlphaVariant [CREA:000E62FB],0,0,0,10,false,false,include_nonverbal,Reachable official non-verbal creature mapped to a reviewed archetype.,deathclaw_alpha
LonesomeRoad.esm|0000951E,LonesomeRoad.esm,0000951E,0400951E,LonesomeRoad.esm,NVDLC04CrMoleRatPupLVL,Mole Rat Pup,,,unknown,marker_creature.nif,,NVDLC04MoleRatPupGLENC [LVLC:0400951F],0,0,0,4,false,false,include_nonverbal,Reachable official non-verbal creature mapped to a reviewed archetype.,mole_rat_pup
LonesomeRoad.esm|0000951D,LonesomeRoad.esm,0000951D,0400951D,LonesomeRoad.esm,NVDLC04CrMoleRatPup50,Mole Rat Pup,,,unknown,Creatures\MoleRat\skeleton.nif,VoiceDoNotRecordF [VTYP:00094EED],NVDLC04CrMoleRatPup01 [CREA:0400951A],0,3,0,2,false,false,include_nonverbal,Reachable official non-verbal creature mapped to a reviewed archetype.,mole_rat_pup
LonesomeRoad.esm|0000951C,LonesomeRoad.esm,0000951C,0400951C,LonesomeRoad.esm,NVDLC04CrMoleRatPup40,Mole Rat Pup,,,unknown,Creatures\MoleRat\skeleton.nif,VoiceDoNotRecordF [VTYP:00094EED],NVDLC04CrMoleRatPup01 [CREA:0400951A],0,3,0,2,false,false,include_nonverbal,Reachable official non-verbal creature mapped to a reviewed archetype.,mole_rat_pup
LonesomeRoad.esm|0000951B,LonesomeRoad.esm,0000951B,0400951B,LonesomeRoad.esm,NVDLC04CrMoleRatPup30,Mole Rat Pup,,,unknown,Creatures\MoleRat\skeleton.nif,VoiceDoNotRecordF [VTYP:00094EED],NVDLC04CrMoleRatPup01 [CREA:0400951A],0,3,0,2,false,false,include_nonverbal,Reachable official non-verbal creature mapped to a reviewed archetype.,mole_rat_pup
LonesomeRoad.esm|0000951A,LonesomeRoad.esm,0000951A,0400951A,TaleOfTwoWastelands.esm,NVDLC04CrMoleRatPup01,Mole Rat Pup,,,unknown,Creatures\MoleRat\skeleton.nif,VoiceDoNotRecordF [VTYP:00094EED],,0,0,0,4,false,false,include_nonverbal,Reachable official non-verbal creature mapped to a reviewed archetype.,mole_rat_pup
LonesomeRoad.esm|00009516,LonesomeRoad.esm,00009516,04009516,TaleOfTwoWastelands.esm,NVDLC04CrDeathClawYoungLVL,Young Deathclaw,,,unknown,Creatures\DeathClaw\Skeleton.nif,,NVDLC04DeathClawYoungGLENC [LVLC:04009517],0,0,0,1,false,false,include_nonverbal,Reachable official non-verbal creature mapped to a reviewed archetype.,young_deathclaw
LonesomeRoad.esm|00009515,LonesomeRoad.esm,00009515,04009515,LonesomeRoad.esm,NVDLC04CrDeathClaw50,Deathclaw,,,unknown,Creatures\DeathClaw\Skeleton.nif,VoiceDoNotRecordF [VTYP:00094EED],NVDLC04CrDeathClaw01 [CREA:04009512],0,3,0,4,false,false,include_nonverbal,Reachable official non-verbal creature mapped to a reviewed archetype.,deathclaw
LonesomeRoad.esm|00009514,LonesomeRoad.esm,00009514,04009514,LonesomeRoad.esm,NVDLC04CrDeathClaw40,Deathclaw,,,unknown,Creatures\DeathClaw\Skeleton.nif,VoiceDoNotRecordF [VTYP:00094EED],NVDLC04CrDeathClaw01 [CREA:04009512],0,3,0,4,false,false,include_nonverbal,Reachable official non-verbal creature mapped to a reviewed archetype.,deathclaw
LonesomeRoad.esm|00009513,LonesomeRoad.esm,00009513,04009513,LonesomeRoad.esm,NVDLC04CrDeathClaw30,Deathclaw,,,unknown,Creatures\DeathClaw\Skeleton.nif,VoiceDoNotRecordF [VTYP:00094EED],NVDLC04CrDeathClaw01 [CREA:04009512],0,3,0,4,false,false,include_nonverbal,Reachable official non-verbal creature mapped to a reviewed archetype.,deathclaw
LonesomeRoad.esm|00009512,LonesomeRoad.esm,00009512,04009512,LonesomeRoad.esm,NVDLC04CrDeathClaw01,Deathclaw,,,unknown,Creatures\DeathClaw\Skeleton.nif,VoiceDoNotRecordF [VTYP:00094EED],CrDeathClaw [CREA:0001CF9A],0,0,0,6,false,false,include_nonverbal,Reachable official non-verbal creature mapped to a reviewed archetype.,deathclaw
LonesomeRoad.esm|00009511,LonesomeRoad.esm,00009511,04009511,TaleOfTwoWastelands.esm,NVDLC04CrDeathClawYoung50,Young Deathclaw,,,unknown,Creatures\DeathClaw\Skeleton.nif,VoiceDoNotRecordF [VTYP:00094EED],NVDLC04CrDeathClawYoung01 [CREA:0400950E],0,3,0,3,false,false,include_nonverbal,Reachable official non-verbal creature mapped to a reviewed archetype.,young_deathclaw
LonesomeRoad.esm|00009510,LonesomeRoad.esm,00009510,04009510,TaleOfTwoWastelands.esm,NVDLC04CrDeathClawYoung40,Young Deathclaw,,,unknown,Creatures\DeathClaw\Skeleton.nif,VoiceDoNotRecordF [VTYP:00094EED],NVDLC04CrDeathClawYoung01 [CREA:0400950E],0,3,0,3,false,false,include_nonverbal,Reachable official non-verbal creature mapped to a reviewed archetype.,young_deathclaw
LonesomeRoad.esm|0000950F,LonesomeRoad.esm,0000950F,0400950F,TaleOfTwoWastelands.esm,NVDLC04CrDeathClawYoung30,Young Deathclaw,,,unknown,Creatures\DeathClaw\Skeleton.nif,VoiceDoNotRecordF [VTYP:00094EED],NVDLC04CrDeathClawYoung01 [CREA:0400950E],0,3,0,3,false,false,include_nonverbal,Reachable official non-verbal creature mapped to a reviewed archetype.,young_deathclaw
LonesomeRoad.esm|0000950E,LonesomeRoad.esm,0000950E,0400950E,TaleOfTwoWastelands.esm,NVDLC04CrDeathClawYoung01,Young Deathclaw,,,unknown,Creatures\DeathClaw\Skeleton.nif,VoiceDoNotRecordF [VTYP:00094EED],CrDeathClawBaby [CREA:000E5850],0,0,0,8,false,false,include_nonverbal,Reachable official non-verbal creature mapped to a reviewed archetype.,young_deathclaw
LonesomeRoad.esm|00009492,LonesomeRoad.esm,00009492,04009492,TaleOfTwoWastelands.esm,NVDLC04TunnelTunnelerWaveVen,,,,unknown,marker_creature.nif,,NVDLC04TunnelerVenomLVL [CREA:040086DB],0,0,0,3,false,false,exclude_not_actor,Ambient/scenery actor or record without a usable identity.,
LonesomeRoad.esm|00009491,LonesomeRoad.esm,00009491,04009491,TaleOfTwoWastelands.esm,NVDLC04TunnelTunnelerWaveAmb,,,,unknown,marker_creature.nif,,NVDLC04TunnelerAmbusherLVL [CREA:04004C4C],0,0,0,3,false,false,exclude_not_actor,Ambient/scenery actor or record without a usable identity.,
LonesomeRoad.esm|00009490,LonesomeRoad.esm,00009490,04009490,TaleOfTwoWastelands.esm,NVDLC04TunnelTunnelerWaveBrute,,,,unknown,marker_creature.nif,,NVDLC04TunnelerBruteLVL [CREA:040086D3],0,0,0,3,false,false,exclude_not_actor,Ambient/scenery actor or record without a usable identity.,
LonesomeRoad.esm|00009457,LonesomeRoad.esm,00009457,04009457,TaleOfTwoWastelands.esm,NVDLC04TunnelTunnelerScare02,Hulking Tunneler,,,unknown,creatures\NVSporeCarrier\skeleton.nif,DLC01UniqueTrogVoice [VTYP:0009467B],NVDLC04TunnelerBrute01 [CREA:040086CC],0,0,0,1,false,false,include_nonverbal,Reachable official non-verbal creature mapped to a reviewed archetype.,hulking_tunneler
LonesomeRoad.esm|00009419,LonesomeRoad.esm,00009419,04009419,TaleOfTwoWastelands.esm,NVDLC04TunnelTunnelerScare,Tunneler,,,unknown,creatures\NVSporeCarrier\skeleton.nif,DLC01UniqueTrogVoice [VTYP:0009467B],NVDLC04Tunneler01 [CREA:04004689],0,0,0,1,false,false,include_nonverbal,Reachable official non-verbal creature mapped to a reviewed archetype.,tunneler
LonesomeRoad.esm|00009418,LonesomeRoad.esm,00009418,04009418,TaleOfTwoWastelands.esm,NVDLC04CrDeathClawTunnel,Deathclaw,,,unknown,Creatures\DeathClaw\Skeleton.nif,VoiceDoNotRecordF [VTYP:00094EED],CrDeathClaw [CREA:0001CF9A],0,0,0,3,false,false,include_nonverbal,Reachable official non-verbal creature mapped to a reviewed archetype.,deathclaw
LonesomeRoad.esm|0000914A,LonesomeRoad.esm,0000914A,0400914A,TaleOfTwoWastelands.esm,NVDLC04EyebotMedical20,Medical Eyebot,,,unknown,NVDLC04\Creatures\NVDLC04EdeClone\skeleton_Low.nif,RobotEyebot [VTYP:00040D41],,0,3,0,8,false,false,exclude_not_actor,Robot or automated turret reserved for the robot pass.,
LonesomeRoad.esm|00009149,LonesomeRoad.esm,00009149,04009149,TaleOfTwoWastelands.esm,NVDLC04EyebotRepair20,Repair Eyebot,,,unknown,NVDLC04\Creatures\NVDLC04EdeClone\skeleton_Low.nif,RobotEyebot [VTYP:00040D41],,0,3,0,8,false,false,exclude_not_actor,Robot or automated turret reserved for the robot pass.,
LonesomeRoad.esm|000090A6,LonesomeRoad.esm,000090A6,040090A6,TaleOfTwoWastelands.esm,NVDLC04CrSentryBotMGArmySilo01DeadBot,Sentry Bot,,,unknown,Creatures\SentryBot\Skeleton.nif,RobotSentryBot [VTYP:00019FDB],NVDLC04CrSentryBotMGArmy01 [CREA:040086E0],0,0,0,3,false,false,exclude_not_actor,Robot or automated turret reserved for the robot pass.,
LonesomeRoad.esm|00008E70,LonesomeRoad.esm,00008E70,04008E70,LonesomeRoad.esm,NVDLC04DivideCaveTBrute,,,,unknown,marker_creature.nif,,NVDLC04TunnelerBruteLVL [CREA:040086D3],0,0,0,6,false,false,exclude_not_actor,Ambient/scenery actor or record without a usable identity.,
LonesomeRoad.esm|00008E6D,LonesomeRoad.esm,00008E6D,04008E6D,LonesomeRoad.esm,NVDLC04DivideCaveTVenom,,,,unknown,marker_creature.nif,,NVDLC04TunnelerVenomLVL [CREA:040086DB],0,0,0,5,false,false,exclude_not_actor,Ambient/scenery actor or record without a usable identity.,
LonesomeRoad.esm|00008C0E,LonesomeRoad.esm,00008C0E,04008C0E,LonesomeRoad.esm,NVDLC04DivideWPTunneler,,,,unknown,marker_creature.nif,,NVDLC04TunnelerAmbusherLVL [CREA:04004C4C],0,0,0,2,false,false,exclude_not_actor,Ambient/scenery actor or record without a usable identity.,
LonesomeRoad.esm|00008978,LonesomeRoad.esm,00008978,04008978,LonesomeRoad.esm,NVDLC04DivideMoleRatMed,Mole Rat,,,unknown,marker_creature.nif,,NVDLC04CrMoleRatLVL [CREA:0400952A],0,0,0,6,false,false,include_nonverbal,Reachable official non-verbal creature mapped to a reviewed archetype.,mole_rat
LonesomeRoad.esm|00008975,LonesomeRoad.esm,00008975,04008975,LonesomeRoad.esm,NVDLC04DivideDeathClawMed,,,,unknown,,,NVDLC04DeathClawGLENC [LVLC:04009519],0,0,0,6,false,false,exclude_not_actor,Ambient/scenery actor or record without a usable identity.,
LonesomeRoad.esm|00008949,LonesomeRoad.esm,00008949,04008949,LonesomeRoad.esm,NVDLC04CrSentryBotMGArmyLVLSilo01Floor02,,,,unknown,,,NVDLC04SentryBotMGENC [LVLC:040086EA],0,0,0,2,false,false,exclude_not_actor,Robot or automated turret reserved for the robot pass.,
LonesomeRoad.esm|00008948,LonesomeRoad.esm,00008948,04008948,LonesomeRoad.esm,NVDLC04CrTurretLVLSilo01Floo01,,,,unknown,,,NVDLC04TurretMarkAllENC [LVLC:0400D91D],0,0,0,4,false,false,exclude_not_actor,Robot or automated turret reserved for the robot pass.,
LonesomeRoad.esm|00008947,LonesomeRoad.esm,00008947,04008947,LonesomeRoad.esm,NVDLC04CrSentryBotGLArmyLVLSilo01Attack01,,,,unknown,,,NVDLC04SentryBotGLENC [LVLC:040086E9],0,0,0,5,false,false,exclude_not_actor,Robot or automated turret reserved for the robot pass.,
LonesomeRoad.esm|00008946,LonesomeRoad.esm,00008946,04008946,LonesomeRoad.esm,NVDLC04CrSentryBotMGArmyLVLSilo01Attack02,,,,unknown,,,NVDLC04SentryBotMGENC [LVLC:040086EA],0,0,0,7,false,false,exclude_not_actor,Robot or automated turret reserved for the robot pass.,
LonesomeRoad.esm|000086FB,LonesomeRoad.esm,000086FB,040086FB,LonesomeRoad.esm,NVDLC04DeathclawAmbusherLVL,,,,unknown,,,NVDLC04DeathClawGLENC [LVLC:04009519],0,0,0,9,false,false,exclude_not_actor,Ambient/scenery actor or record without a usable identity.,
LonesomeRoad.esm|000086F6,LonesomeRoad.esm,000086F6,040086F6,TaleOfTwoWastelands.esm,NVDLC04CrTurretMarkII20,Mark II Turret,,,unknown,Creatures\SentryTurret\skeleton.nif,RobotEyebot [VTYP:00040D41],NVDLC04CrTurretMarkII01 [CREA:0400952C],0,3,0,2,false,false,exclude_not_actor,Robot or automated turret reserved for the robot pass.,
LonesomeRoad.esm|000086EC,LonesomeRoad.esm,000086EC,040086EC,LonesomeRoad.esm,NVDLC04CrSentryBotMGArmyLVL,,,,unknown,marker_creature.nif,,NVDLC04SentryBotMGENC [LVLC:040086EA],0,0,0,3,false,false,exclude_not_actor,Robot or automated turret reserved for the robot pass.,
LonesomeRoad.esm|000086EB,LonesomeRoad.esm,000086EB,040086EB,LonesomeRoad.esm,NVDLC04CrSentryBotGLArmyLVL,,,,unknown,marker_creature.nif,,NVDLC04SentryBotGLENC [LVLC:040086E9],0,0,0,2,false,false,exclude_not_actor,Robot or automated turret reserved for the robot pass.,
LonesomeRoad.esm|000086E8,LonesomeRoad.esm,000086E8,040086E8,TaleOfTwoWastelands.esm,NVDLC04CrSentryBotMGArmy50,Sentry Bot,,,unknown,Creatures\SentryBot\Skeleton.nif,RobotSentryBot [VTYP:00019FDB],NVDLC04CrSentryBotMGArmy01 [CREA:040086E0],0,2,0,2,false,false,exclude_not_actor,Robot or automated turret reserved for the robot pass.,
LonesomeRoad.esm|000086E7,LonesomeRoad.esm,000086E7,040086E7,TaleOfTwoWastelands.esm,NVDLC04CrSentryBotMGArmy40,Sentry Bot,,,unknown,Creatures\SentryBot\Skeleton.nif,RobotSentryBot [VTYP:00019FDB],NVDLC04CrSentryBotMGArmy01 [CREA:040086E0],0,2,0,2,false,false,exclude_not_actor,Robot or automated turret reserved for the robot pass.,
LonesomeRoad.esm|000086E6,LonesomeRoad.esm,000086E6,040086E6,TaleOfTwoWastelands.esm,NVDLC04CrSentryBotMGArmy30,Sentry Bot,,,unknown,Creatures\SentryBot\Skeleton.nif,RobotSentryBot [VTYP:00019FDB],NVDLC04CrSentryBotMGArmy01 [CREA:040086E0],0,2,0,2,false,false,exclude_not_actor,Robot or automated turret reserved for the robot pass.,
LonesomeRoad.esm|000086E5,LonesomeRoad.esm,000086E5,040086E5,TaleOfTwoWastelands.esm,NVDLC04CrSentryBotMGArmy20,Sentry Bot,,,unknown,Creatures\SentryBot\Skeleton.nif,RobotSentryBot [VTYP:00019FDB],NVDLC04CrSentryBotMGArmy01 [CREA:040086E0],0,2,0,2,false,false,exclude_not_actor,Robot or automated turret reserved for the robot pass.,
LonesomeRoad.esm|000086E4,LonesomeRoad.esm,000086E4,040086E4,TaleOfTwoWastelands.esm,NVDLC04CrSentryBotGLArmy50,Sentry Bot,,,unknown,Creatures\SentryBot\Skeleton.nif,RobotSentryBot [VTYP:00019FDB],NVDLC04CrSentryBotGLArmy01 [CREA:040086DF],0,2,0,2,false,false,exclude_not_actor,Robot or automated turret reserved for the robot pass.,
LonesomeRoad.esm|000086E3,LonesomeRoad.esm,000086E3,040086E3,TaleOfTwoWastelands.esm,NVDLC04CrSentryBotGLArmy40,Sentry Bot,,,unknown,Creatures\SentryBot\Skeleton.nif,RobotSentryBot [VTYP:00019FDB],NVDLC04CrSentryBotGLArmy01 [CREA:040086DF],0,3,0,2,false,false,exclude_not_actor,Robot or automated turret reserved for the robot pass.,
LonesomeRoad.esm|000086E2,LonesomeRoad.esm,000086E2,040086E2,TaleOfTwoWastelands.esm,NVDLC04CrSentryBotGLArmy20,Sentry Bot,,,unknown,Creatures\SentryBot\Skeleton.nif,RobotSentryBot [VTYP:00019FDB],NVDLC04CrSentryBotGLArmy01 [CREA:040086DF],0,2,0,2,false,false,exclude_not_actor,Robot or automated turret reserved for the robot pass.,
LonesomeRoad.esm|000086E1,LonesomeRoad.esm,000086E1,040086E1,TaleOfTwoWastelands.esm,NVDLC04CrSentryBotGLArmy30,Sentry Bot,,,unknown,Creatures\SentryBot\Skeleton.nif,RobotSentryBot [VTYP:00019FDB],NVDLC04CrSentryBotGLArmy01 [CREA:040086DF],0,2,0,2,false,false,exclude_not_actor,Robot or automated turret reserved for the robot pass.,
LonesomeRoad.esm|000086E0,LonesomeRoad.esm,000086E0,040086E0,YUPTTW.esm,NVDLC04CrSentryBotMGArmy01,Sentry Bot,,,unknown,Creatures\SentryBot\Skeleton.nif,RobotSentryBot [VTYP:00019FDB],,0,0,0,11,false,false,exclude_not_actor,Robot or automated turret reserved for the robot pass.,
LonesomeRoad.esm|000086DF,LonesomeRoad.esm,000086DF,040086DF,YUPTTW.esm,NVDLC04CrSentryBotGLArmy01,Sentry Bot,,,unknown,Creatures\SentryBot\Skeleton.nif,RobotSentryBot [VTYP:00019FDB],,0,0,0,9,false,false,exclude_not_actor,Robot or automated turret reserved for the robot pass.,
LonesomeRoad.esm|000086DE,LonesomeRoad.esm,000086DE,040086DE,LonesomeRoad.esm,NVDLC04CrMoleRatPup20,Mole Rat Pup,,,unknown,Creatures\MoleRat\skeleton.nif,VoiceDoNotRecordF [VTYP:00094EED],NVDLC04CrMoleRatPup01 [CREA:0400951A],0,3,0,2,false,false,include_nonverbal,Reachable official non-verbal creature mapped to a reviewed archetype.,mole_rat_pup
LonesomeRoad.esm|000086DD,LonesomeRoad.esm,000086DD,040086DD,LonesomeRoad.esm,NVDLC04CrMoleRat20,Mole Rat,,,unknown,Creatures\MoleRat\skeleton.nif,VoiceDoNotRecordF [VTYP:00094EED],NVDLC04CrMoleRat01 [CREA:04009526],0,3,0,2,false,false,include_nonverbal,Reachable official non-verbal creature mapped to a reviewed archetype.,mole_rat
LonesomeRoad.esm|000086DC,LonesomeRoad.esm,000086DC,040086DC,TaleOfTwoWastelands.esm,NVDLC04TunnelerBoss,Tunneler Queen,,,unknown,creatures\NVSporeCarrier\skeleton.nif,DLC01UniqueTrogVoice [VTYP:0009467B],,0,0,0,1,false,false,include_nonverbal,Reachable official non-verbal creature mapped to a reviewed archetype.,tunneler_queen
LonesomeRoad.esm|000086DB,LonesomeRoad.esm,000086DB,040086DB,LonesomeRoad.esm,NVDLC04TunnelerVenomLVL,,,,unknown,,,NVDLC04TunnelerVenomENC [LVLC:040086DA],0,0,0,10,false,false,exclude_not_actor,Ambient/scenery actor or record without a usable identity.,
LonesomeRoad.esm|000086D9,LonesomeRoad.esm,000086D9,040086D9,TaleOfTwoWastelands.esm,NVDLC04TunnelerVenom50,Venomous Tunneler,,,unknown,creatures\NVSporeCarrier\skeleton.nif,DLC01UniqueTrogVoice [VTYP:0009467B],NVDLC04TunnelerVenom01 [CREA:040086D4],0,3,0,2,false,false,include_nonverbal,Reachable official non-verbal creature mapped to a reviewed archetype.,venomous_tunneler
LonesomeRoad.esm|000086D8,LonesomeRoad.esm,000086D8,040086D8,TaleOfTwoWastelands.esm,NVDLC04TunnelerVenom40,Venomous Tunneler,,,unknown,creatures\NVSporeCarrier\skeleton.nif,DLC01UniqueTrogVoice [VTYP:0009467B],NVDLC04TunnelerVenom01 [CREA:040086D4],0,3,0,2,false,false,include_nonverbal,Reachable official non-verbal creature mapped to a reviewed archetype.,venomous_tunneler
LonesomeRoad.esm|000086D7,LonesomeRoad.esm,000086D7,040086D7,TaleOfTwoWastelands.esm,NVDLC04TunnelerVenom30,Venomous Tunneler,,,unknown,creatures\NVSporeCarrier\skeleton.nif,DLC01UniqueTrogVoice [VTYP:0009467B],NVDLC04TunnelerVenom01 [CREA:040086D4],0,3,0,2,false,false,include_nonverbal,Reachable official non-verbal creature mapped to a reviewed archetype.,venomous_tunneler
LonesomeRoad.esm|000086D6,LonesomeRoad.esm,000086D6,040086D6,TaleOfTwoWastelands.esm,NVDLC04TunnelerVenom20,Venomous Tunneler,,,unknown,creatures\NVSporeCarrier\skeleton.nif,DLC01UniqueTrogVoice [VTYP:0009467B],NVDLC04TunnelerVenom01 [CREA:040086D4],0,4,0,2,false,false,include_nonverbal,Reachable official non-verbal creature mapped to a reviewed archetype.,venomous_tunneler
LonesomeRoad.esm|000086D4,LonesomeRoad.esm,000086D4,040086D4,TaleOfTwoWastelands.esm,NVDLC04TunnelerVenom01,Venomous Tunneler,,,unknown,creatures\NVSporeCarrier\skeleton.nif,DLC01UniqueTrogVoice [VTYP:0009467B],,0,0,0,8,false,false,include_nonverbal,Reachable official non-verbal creature mapped to a reviewed archetype.,venomous_tunneler
LonesomeRoad.esm|000086D3,LonesomeRoad.esm,000086D3,040086D3,LonesomeRoad.esm,NVDLC04TunnelerBruteLVL,,,,unknown,,,NVDLC04TunnelerBruteENC [LVLC:040086D2],0,0,0,8,false,false,exclude_not_actor,Ambient/scenery actor or record without a usable identity.,
LonesomeRoad.esm|000086D1,LonesomeRoad.esm,000086D1,040086D1,TaleOfTwoWastelands.esm,NVDLC04TunnelerBrute50,Hulking Tunneler,,,unknown,creatures\NVSporeCarrier\skeleton.nif,DLC01UniqueTrogVoice [VTYP:0009467B],NVDLC04TunnelerBrute01 [CREA:040086CC],0,3,0,2,false,false,include_nonverbal,Reachable official non-verbal creature mapped to a reviewed archetype.,hulking_tunneler
LonesomeRoad.esm|000086D0,LonesomeRoad.esm,000086D0,040086D0,TaleOfTwoWastelands.esm,NVDLC04TunnelerBrute40,Hulking Tunneler,,,unknown,creatures\NVSporeCarrier\skeleton.nif,DLC01UniqueTrogVoice [VTYP:0009467B],NVDLC04TunnelerBrute01 [CREA:040086CC],0,3,0,2,false,false,include_nonverbal,Reachable official non-verbal creature mapped to a reviewed archetype.,hulking_tunneler
LonesomeRoad.esm|000086CF,LonesomeRoad.esm,000086CF,040086CF,TaleOfTwoWastelands.esm,NVDLC04TunnelerBrute30,Hulking Tunneler,,,unknown,creatures\NVSporeCarrier\skeleton.nif,DLC01UniqueTrogVoice [VTYP:0009467B],NVDLC04TunnelerBrute01 [CREA:040086CC],0,3,0,2,false,false,include_nonverbal,Reachable official non-verbal creature mapped to a reviewed archetype.,hulking_tunneler
LonesomeRoad.esm|000086CE,LonesomeRoad.esm,000086CE,040086CE,TaleOfTwoWastelands.esm,NVDLC04TunnelerBrute20,Hulking Tunneler,,,unknown,creatures\NVSporeCarrier\skeleton.nif,DLC01UniqueTrogVoice [VTYP:0009467B],NVDLC04TunnelerBrute01 [CREA:040086CC],0,3,0,2,false,false,include_nonverbal,Reachable official non-verbal creature mapped to a reviewed archetype.,hulking_tunneler
LonesomeRoad.esm|000086CC,LonesomeRoad.esm,000086CC,040086CC,TaleOfTwoWastelands.esm,NVDLC04TunnelerBrute01,Hulking Tunneler,,,unknown,creatures\NVSporeCarrier\skeleton.nif,DLC01UniqueTrogVoice [VTYP:0009467B],,0,0,0,10,false,false,include_nonverbal,Reachable official non-verbal creature mapped to a reviewed archetype.,hulking_tunneler
LonesomeRoad.esm|000086CB,LonesomeRoad.esm,000086CB,040086CB,TaleOfTwoWastelands.esm,NVDLC04CrDeathClawAlpha20,Deathclaw Alpha Male,,,unknown,Creatures\DeathClaw\Skeleton.nif,VoiceDoNotRecordF [VTYP:00094EED],NVDLC04CrDeathClawAlpha01 [CREA:04009520],0,3,0,4,false,false,include_nonverbal,Reachable official non-verbal creature mapped to a reviewed archetype.,deathclaw_alpha
LonesomeRoad.esm|000086CA,LonesomeRoad.esm,000086CA,040086CA,LonesomeRoad.esm,NVDLC04CrDeathClaw20,Deathclaw,,,unknown,Creatures\DeathClaw\Skeleton.nif,VoiceDoNotRecordF [VTYP:00094EED],NVDLC04CrDeathClaw01 [CREA:04009512],0,3,0,4,false,false,include_nonverbal,Reachable official non-verbal creature mapped to a reviewed archetype.,deathclaw
LonesomeRoad.esm|000086C9,LonesomeRoad.esm,000086C9,040086C9,LonesomeRoad.esm,NVDLC04CrDeathClawYoung20,Young Deathclaw,,,unknown,Creatures\DeathClaw\Skeleton.nif,VoiceDoNotRecordF [VTYP:00094EED],NVDLC04CrDeathClawYoung01 [CREA:0400950E],0,3,0,3,false,false,include_nonverbal,Reachable official non-verbal creature mapped to a reviewed archetype.,young_deathclaw
LonesomeRoad.esm|00007D22,LonesomeRoad.esm,00007D22,04007D22,TaleOfTwoWastelands.esm,NVDLC04DeathclawBoss,Rawr,,,unknown,Creatures\DeathClaw\Skeleton.nif,VoiceDoNotRecordF [VTYP:00094EED],,0,0,0,5,false,false,include_nonverbal,Reachable official non-verbal creature mapped to a reviewed archetype.,rawr
LonesomeRoad.esm|00004CDA,LonesomeRoad.esm,00004CDA,04004CDA,YUPTTW.esm,NVDLC04EDE,ED-E,,,unknown,NVDLC04\Creatures\NVDLC04EdeClone\skeleton_Low.nif,NVDLC04RobotEdE [VTYP:0400D92E],,0,0,427,435,false,false,exclude_not_actor,Robot or automated turret reserved for the robot pass.,
LonesomeRoad.esm|00004C4C,LonesomeRoad.esm,00004C4C,04004C4C,LonesomeRoad.esm,NVDLC04TunnelerAmbusherLVL,,,,unknown,,,NVDLC04TunnelerAmbusherENC [LVLC:04004C4B],0,0,0,8,false,false,exclude_not_actor,Ambient/scenery actor or record without a usable identity.,
LonesomeRoad.esm|00004C4A,LonesomeRoad.esm,00004C4A,04004C4A,TaleOfTwoWastelands.esm,NVDLC04TunnelerAmbusher50,Tunneler,,,unknown,creatures\NVSporeCarrier\skeleton.nif,DLC01UniqueTrogVoice [VTYP:0009467B],NVDLC04TunnelerAmbusher01 [CREA:04004C45],0,3,0,2,false,false,include_nonverbal,Reachable official non-verbal creature mapped to a reviewed archetype.,tunneler
LonesomeRoad.esm|00004C49,LonesomeRoad.esm,00004C49,04004C49,TaleOfTwoWastelands.esm,NVDLC04TunnelerAmbusher40,Tunneler,,,unknown,creatures\NVSporeCarrier\skeleton.nif,DLC01UniqueTrogVoice [VTYP:0009467B],NVDLC04TunnelerAmbusher01 [CREA:04004C45],0,3,0,2,false,false,include_nonverbal,Reachable official non-verbal creature mapped to a reviewed archetype.,tunneler
LonesomeRoad.esm|00004C48,LonesomeRoad.esm,00004C48,04004C48,TaleOfTwoWastelands.esm,NVDLC04TunnelerAmbusher30,Tunneler,,,unknown,creatures\NVSporeCarrier\skeleton.nif,DLC01UniqueTrogVoice [VTYP:0009467B],NVDLC04TunnelerAmbusher01 [CREA:04004C45],0,3,0,2,false,false,include_nonverbal,Reachable official non-verbal creature mapped to a reviewed archetype.,tunneler
LonesomeRoad.esm|00004C47,LonesomeRoad.esm,00004C47,04004C47,TaleOfTwoWastelands.esm,NVDLC04TunnelerAmbusher20,Tunneler,,,unknown,creatures\NVSporeCarrier\skeleton.nif,DLC01UniqueTrogVoice [VTYP:0009467B],NVDLC04TunnelerAmbusher01 [CREA:04004C45],0,3,0,2,false,false,include_nonverbal,Reachable official non-verbal creature mapped to a reviewed archetype.,tunneler
LonesomeRoad.esm|00004C45,LonesomeRoad.esm,00004C45,04004C45,LonesomeRoad.esm,NVDLC04TunnelerAmbusher01,Tunneler,,,unknown,creatures\NVSporeCarrier\skeleton.nif,DLC01UniqueTrogVoice [VTYP:0009467B],,0,0,0,10,false,false,include_nonverbal,Reachable official non-verbal creature mapped to a reviewed archetype.,tunneler
LonesomeRoad.esm|00004C44,LonesomeRoad.esm,00004C44,04004C44,LonesomeRoad.esm,NVDLC04TunnelerLVL,,,,unknown,,,NVDLC04TunnelerENC [LVLC:04004C43],0,0,0,18,false,false,exclude_not_actor,Ambient/scenery actor or record without a usable identity.,
LonesomeRoad.esm|00004C42,LonesomeRoad.esm,00004C42,04004C42,TaleOfTwoWastelands.esm,NVDLC04Tunneler50,Tunneler,,,unknown,creatures\NVSporeCarrier\skeleton.nif,DLC01UniqueTrogVoice [VTYP:0009467B],NVDLC04Tunneler01 [CREA:04004689],0,3,0,2,false,false,include_nonverbal,Reachable official non-verbal creature mapped to a reviewed archetype.,tunneler
LonesomeRoad.esm|00004C41,LonesomeRoad.esm,00004C41,04004C41,TaleOfTwoWastelands.esm,NVDLC04Tunneler40,Tunneler,,,unknown,creatures\NVSporeCarrier\skeleton.nif,DLC01UniqueTrogVoice [VTYP:0009467B],NVDLC04Tunneler01 [CREA:04004689],0,3,0,2,false,false,include_nonverbal,Reachable official non-verbal creature mapped to a reviewed archetype.,tunneler
LonesomeRoad.esm|00004C40,LonesomeRoad.esm,00004C40,04004C40,TaleOfTwoWastelands.esm,NVDLC04Tunneler30,Tunneler,,,unknown,creatures\NVSporeCarrier\skeleton.nif,DLC01UniqueTrogVoice [VTYP:0009467B],NVDLC04Tunneler01 [CREA:04004689],0,3,0,2,false,false,include_nonverbal,Reachable official non-verbal creature mapped to a reviewed archetype.,tunneler
LonesomeRoad.esm|00004C3F,LonesomeRoad.esm,00004C3F,04004C3F,TaleOfTwoWastelands.esm,NVDLC04Tunneler20,Tunneler,,,unknown,creatures\NVSporeCarrier\skeleton.nif,DLC01UniqueTrogVoice [VTYP:0009467B],NVDLC04Tunneler01 [CREA:04004689],0,3,0,2,false,false,include_nonverbal,Reachable official non-verbal creature mapped to a reviewed archetype.,tunneler
LonesomeRoad.esm|00004689,LonesomeRoad.esm,00004689,04004689,LonesomeRoad.esm,NVDLC04Tunneler01,Tunneler,,,unknown,creatures\NVSporeCarrier\skeleton.nif,DLC01UniqueTrogVoice [VTYP:0009467B],,0,0,0,10,false,false,include_nonverbal,Reachable official non-verbal creature mapped to a reviewed archetype.,tunneler
Fallout3.esm|00003402,Fallout3.esm,00003402,06003402,TaleOfTwoWastelands.esm,MQ09ZAXEyeMasterControl,Eye Intercom,,,unknown,Creatures\ZaxEye\Skeleton.nif,MaleUniquePresident [VTYP:00019FE0],CrZaxEye [CREA:0608F086],0,0,5,12,false,false,exclude_unused,"Template, corpse, test, cut, or non-reachable archetype record without a distinct new roleplay profile.",
Fallout3.esm|00003A78,Fallout3.esm,00003A78,06003A78,Fallout3.esm,MS15ButtonGwinnett,Button Gwinnett,,,unknown,Creatures\Protectron\skeleton.nif,MaleUniqueButton [VTYP:0607C235],CrProtectronDC [CREA:0601CF8F],0,0,82,91,false,false,exclude_talking,Conversational humanoid or intelligible speaking creature.,
Fallout3.esm|00003AD8,Fallout3.esm,00003AD8,06003AD8,Fallout3.esm,MS12FeralGhoul1A,Feral Ghoul,,,unknown,Creatures\GhoulDC\Skeleton.nif,CreatureFeralGhoulDC [VTYP:0607AE96],CrFeralGhoul1ADC [CREA:0609FAFA],0,0,0,4,false,false,include_nonverbal,Reachable official non-verbal creature mapped to a reviewed archetype.,feral_ghoul
Fallout3.esm|00014F82,Fallout3.esm,00014F82,06014F82,TaleOfTwoWastelands.esm,MQ03Robobrain,Robobrain,,,unknown,Creatures\Robobrain\skeleton.nif,RobotRoboBrainDC [VTYP:06019FDE],CrRobobrainDC [CREA:0601CF89],0,0,13,14,false,false,exclude_not_actor,Robot or automated turret reserved for the robot pass.,
Fallout3.esm|00018FAE,Fallout3.esm,00018FAE,06018FAE,Fallout3.esm,MQ01GNNBattleSuperMutant,,,,unknown,marker_creature.nif,,LvlSupermutantGunDC [CREA:0603A6FD],0,0,0,4,false,false,exclude_not_actor,Ambient/scenery actor or record without a usable identity.,
Fallout3.esm|0001CF6D,Fallout3.esm,0001CF6D,0601CF6D,TaleOfTwoWastelands.esm,CrRobobrainSteelDC,Brotherhood Robobrain,,,unknown,Creatures\Robobrain\skeleton.nif,RobotRoboBrainDC [VTYP:06019FDE],CrRobobrainDC [CREA:0601CF89],0,4,0,2,false,false,exclude_not_actor,Robot or automated turret reserved for the robot pass.,
Fallout3.esm|0001CF6E,Fallout3.esm,0001CF6E,0601CF6E,TaleOfTwoWastelands.esm,CrSentryBotGLSteelDC,Brotherhood Sentry Bot,,,unknown,Creatures\SentryBot\Skeleton.nif,RobotSentryBotDC [VTYP:06019FDB],CrSentryBotGLDC [CREA:0601CF8A],0,4,0,4,false,false,exclude_not_actor,Robot or automated turret reserved for the robot pass.,
Fallout3.esm|0001CF70,Fallout3.esm,0001CF70,0601CF70,TaleOfTwoWastelands.esm,CrRobobrainOutcastDC,Outcast Robobrain,,,unknown,Creatures\Robobrain\skeleton.nif,RobotRoboBrainDC [VTYP:06019FDE],CrRobobrainDC [CREA:0601CF89],0,2,0,3,false,false,exclude_not_actor,Robot or automated turret reserved for the robot pass.,
Fallout3.esm|0001CF71,Fallout3.esm,0001CF71,0601CF71,TaleOfTwoWastelands.esm,CrSentryBotGLOutcastDC,Outcast Sentry Bot,,,unknown,Creatures\SentryBot\Skeleton.nif,RobotSentryBotDC [VTYP:06019FDB],CrSentryBotGLDC [CREA:0601CF8A],0,2,0,4,false,false,exclude_not_actor,Robot or automated turret reserved for the robot pass.,
Fallout3.esm|0001CF74,Fallout3.esm,0001CF74,0601CF74,TaleOfTwoWastelands.esm,CrRobobrainEnclaveDC,Enclave Robobrain,,,unknown,Creatures\Robobrain\skeleton.nif,RobotRoboBrainDC [VTYP:06019FDE],CrRobobrainDC [CREA:0601CF89],0,4,0,2,false,false,exclude_not_actor,Robot or automated turret reserved for the robot pass.,
Fallout3.esm|0001CF75,Fallout3.esm,0001CF75,0601CF75,TaleOfTwoWastelands.esm,CrSentryBotGLEnclaveDC,Enclave Sentry Bot,,,unknown,Creatures\SentryBot\Skeleton.nif,RobotSentryBotDC [VTYP:06019FDB],CrSentryBotGLDC [CREA:0601CF8A],0,0,0,11,false,false,exclude_not_actor,Robot or automated turret reserved for the robot pass.,
Fallout3.esm|0001CF77,Fallout3.esm,0001CF77,0601CF77,Fallout3.esm,CrFeralGhoul2BDC,Feral Ghoul Roamer,,,unknown,Creatures\GhoulDC\Skeleton.nif,CreatureFeralGhoulDC [VTYP:0607AE96],CrFeralGhoul2ADC [CREA:0609FAFB],0,2,0,3,false,false,include_nonverbal,Reachable official non-verbal creature mapped to a reviewed archetype.,feral_ghoul_roamer
Fallout3.esm|0001CF7A,Fallout3.esm,0001CF7A,0601CF7A,TaleOfTwoWastelands.esm,CrFeralGhoul1BDC,Feral Ghoul,,,unknown,Creatures\GhoulDC\Skeleton.nif,CreatureFeralGhoulDC [VTYP:0607AE96],CrFeralGhoul1ADC [CREA:0609FAFA],0,2,0,7,false,false,include_nonverbal,Reachable official non-verbal creature mapped to a reviewed archetype.,feral_ghoul
Fallout3.esm|0001CF7B,Fallout3.esm,0001CF7B,0601CF7B,TaleOfTwoWastelands.esm,CrFeralGhoulGlowingOneDC,Glowing One,,,unknown,Creatures\GhoulDC\Skeleton.nif,CreatureFeralGhoulDC [VTYP:0607AE96],,0,8,0,23,false,false,include_nonverbal,Reachable official non-verbal creature mapped to a reviewed archetype.,glowing_one
Fallout3.esm|0001CF7C,Fallout3.esm,0001CF7C,0601CF7C,TaleOfTwoWastelands.esm,CrRadroachDC,Radroach,,,unknown,Creatures\Radroach\skeleton.nif,VoiceDoNotRecordF [VTYP:00094EED],,0,0,0,185,false,false,include_nonverbal,Reachable official non-verbal creature mapped to a reviewed archetype.,radroach
Fallout3.esm|0001CF7F,Fallout3.esm,0001CF7F,0601CF7F,TaleOfTwoWastelands.esm,CrAnt3QueenDC,Giant Ant Queen,,,unknown,Creatures\QueenAnt\skeleton.nif,VoiceDoNotRecordF [VTYP:00094EED],,0,0,0,5,false,false,include_nonverbal,Reachable official non-verbal creature mapped to a reviewed archetype.,giant_ant_queen
Fallout3.esm|0001CF80,Fallout3.esm,0001CF80,0601CF80,TaleOfTwoWastelands.esm,CrAnt2SoldierDC,Giant Soldier Ant,,,unknown,Creatures\GiantAnt\skeleton.nif,VoiceDoNotRecordF [VTYP:00094EED],,0,4,0,9,false,false,include_nonverbal,Reachable official non-verbal creature mapped to a reviewed archetype.,giant_soldier_ant
Fallout3.esm|0001CF81,Fallout3.esm,0001CF81,0601CF81,TaleOfTwoWastelands.esm,CrAnt1WorkerDC,Giant Worker Ant,,,unknown,Creatures\GiantAnt\skeleton.nif,VoiceDoNotRecordF [VTYP:00094EED],,0,4,0,10,false,false,include_nonverbal,Reachable official non-verbal creature mapped to a reviewed archetype.,giant_worker_ant
Fallout3.esm|0001CF89,Fallout3.esm,0001CF89,0601CF89,TaleOfTwoWastelands.esm,CrRobobrainDC,Robobrain,,,unknown,Creatures\Robobrain\skeleton.nif,RobotRoboBrainDC [VTYP:06019FDE],,0,4,0,28,false,false,exclude_not_actor,Robot or automated turret reserved for the robot pass.,
Fallout3.esm|0001CF8A,Fallout3.esm,0001CF8A,0601CF8A,TaleOfTwoWastelands.esm,CrSentryBotGLDC,Sentry Bot,,,unknown,Creatures\SentryBot\Skeleton.nif,RobotSentryBotDC [VTYP:06019FDB],,0,2,0,20,false,false,exclude_not_actor,Robot or automated turret reserved for the robot pass.,
Fallout3.esm|0001CF8B,Fallout3.esm,0001CF8B,0601CF8B,TaleOfTwoWastelands.esm,CrProtectronEnclaveDC,Enclave Protectron,,,unknown,Creatures\Protectron\skeleton.nif,RobotProtectronDC [VTYP:06019FDA],CrProtectronDC [CREA:0601CF8F],0,4,0,2,false,false,exclude_not_actor,Robot or automated turret reserved for the robot pass.,
Fallout3.esm|0001CF8D,Fallout3.esm,0001CF8D,0601CF8D,TaleOfTwoWastelands.esm,CrProtectronOutcastDC,Outcast Protectron,,,unknown,Creatures\Protectron\skeleton.nif,RobotProtectronDC [VTYP:06019FDA],CrProtectronDC [CREA:0601CF8F],0,2,0,3,false,false,exclude_not_actor,Robot or automated turret reserved for the robot pass.,
Fallout3.esm|0001CF8E,Fallout3.esm,0001CF8E,0601CF8E,TaleOfTwoWastelands.esm,CrProtectronSteelDC,Brotherhood Protectron,,,unknown,Creatures\Protectron\skeleton.nif,RobotProtectronDC [VTYP:06019FDA],CrProtectronDC [CREA:0601CF8F],0,4,0,2,false,false,exclude_not_actor,Robot or automated turret reserved for the robot pass.,
Fallout3.esm|0001CF8F,Fallout3.esm,0001CF8F,0601CF8F,TaleOfTwoWastelands.esm,CrProtectronDC,Protectron,,,unknown,Creatures\Protectron\skeleton.nif,RobotProtectronDC [VTYP:06019FDA],,0,4,2,61,false,false,exclude_not_actor,Robot or automated turret reserved for the robot pass.,
Fallout3.esm|0001CF90,Fallout3.esm,0001CF90,0601CF90,TaleOfTwoWastelands.esm,CrCentaurDC,Centaur,,,unknown,Creatures\Centaur\Skeleton.nif,VoiceDoNotRecordF [VTYP:00094EED],,0,8,0,48,false,false,include_nonverbal,Reachable official non-verbal creature mapped to a reviewed archetype.,centaur
Fallout3.esm|0001CF93,Fallout3.esm,0001CF93,0601CF93,TaleOfTwoWastelands.esm,CrSuperMutant1GunADC,Super Mutant,,,unknown,Creatures\SMSpineBreakerDC\Skeleton.nif,CreatureSuperMutantDC [VTYP:06019FD9],,0,2,0,15,false,false,exclude_talking,Conversational humanoid or intelligible speaking creature.,
Fallout3.esm|0001CF9D,Fallout3.esm,0001CF9D,0601CF9D,TaleOfTwoWastelands.esm,CrRadscorpion1SmallDC,Radscorpion,,,unknown,Creatures\Radscorpion\Skeleton.nif,VoiceDoNotRecordF [VTYP:00094EED],,0,15,0,11,false,false,include_nonverbal,Reachable official non-verbal creature mapped to a reviewed archetype.,radscorpion
Fallout3.esm|0001CF9E,Fallout3.esm,0001CF9E,0601CF9E,TaleOfTwoWastelands.esm,CrRadscorpion2LargeDC,Giant Radscorpion,,,unknown,Creatures\Radscorpion\Skeleton.nif,VoiceDoNotRecordF [VTYP:00094EED],CrRadscorpion1Small [CREA:0001CF9D],0,15,0,13,false,false,include_nonverbal,Reachable official non-verbal creature mapped to a reviewed archetype.,giant_radscorpion
Fallout3.esm|0001CFA0,Fallout3.esm,0001CFA0,0601CFA0,TaleOfTwoWastelands.esm,CrYaoGuai,Yao Guai,,,unknown,Creatures\YaoGuai\Skeleton.nif,VoiceDoNotRecordF [VTYP:00094EED],,0,14,0,46,false,false,include_nonverbal,Reachable official non-verbal creature mapped to a reviewed archetype.,yao_guai
Fallout3.esm|0001CFA2,Fallout3.esm,0001CFA2,0601CFA2,TaleOfTwoWastelands.esm,CrBrahminDC,Brahmin,,,unknown,Creatures\BrahminDC\Skeleton.nif,VoiceDoNotRecordF [VTYP:00094EED],,0,0,0,62,false,false,include_nonverbal,Reachable official non-verbal creature mapped to a reviewed archetype.,brahmin
Fallout3.esm|0001CFA3,Fallout3.esm,0001CFA3,0601CFA3,TaleOfTwoWastelands.esm,CrDogViciousDC,Vicious Dog,,,unknown,Creatures\Dog\Skeleton.nif,VoiceDoNotRecordF [VTYP:00094EED],,0,5,0,49,false,false,include_nonverbal,Reachable official non-verbal creature mapped to a reviewed archetype.,vicious_dog
Fallout3.esm|0001D418,Fallout3.esm,0001D418,0601D418,Fallout3.esm,MQ01CitySuperMutant,,,,unknown,marker_creature.nif,,LvlSupermutantGunDC [CREA:0603A6FD],0,0,0,2,false,false,exclude_not_actor,Ambient/scenery actor or record without a usable identity.,
Fallout3.esm|0001D529,Fallout3.esm,0001D529,0601D529,Fallout3.esm,MQ01CityMutantSpineBreaker02,,,,unknown,marker_creature.nif,,MQ01CitySuperMutant [CREA:0601D418],0,0,0,1,false,false,exclude_not_actor,Ambient/scenery actor or record without a usable identity.,
Fallout3.esm|0001D6E2,Fallout3.esm,0001D6E2,0601D6E2,TaleOfTwoWastelands.esm,MetroCenter02Protectron,Metro Protectron,,,unknown,Creatures\Protectron\skeleton.nif,RobotProtectronDC [VTYP:06019FDA],GenericMetroProtectron [CREA:0603BEB2],0,0,16,17,false,false,exclude_not_actor,Robot or automated turret reserved for the robot pass.,
Fallout3.esm|0001D6EA,Fallout3.esm,0001D6EA,0601D6EA,TaleOfTwoWastelands.esm,MetroCenter02SuperMutant01,Super Mutant,,,unknown,,,VarSupermutant1GunDC [LVLC:06094ECF],0,0,7,8,false,false,exclude_talking,Conversational humanoid or intelligible speaking creature.,
Fallout3.esm|0001D6EC,Fallout3.esm,0001D6EC,0601D6EC,Fallout3.esm,MetroCenter02SuperMutant02,Super Mutant,,,unknown,,,VarSupermutant1MeleeDC [LVLC:06094ED0],0,0,2,4,false,false,exclude_talking,Conversational humanoid or intelligible speaking creature.,
Fallout3.esm|0001D76F,Fallout3.esm,0001D76F,0601D76F,Fallout3.esm,DeputySteel,Deputy Steel,,,unknown,Creatures\MisterGutsy\Skeleton.nif,RobotMisterGutsyDC [VTYP:06019FDD],CrMisterGutsyDC [CREA:06021EBD],0,0,6,8,false,false,exclude_not_actor,Robot or automated turret reserved for the robot pass.,
Fallout3.esm|0001D770,Fallout3.esm,0001D770,0601D770,Fallout3.esm,MegatonMisterMulberry,Mister Mulberry,,,unknown,Creatures\MisterGutsy\Skeleton.nif,RobotMisterHandyDC [VTYP:06019FDC],CrMisterHandyDC [CREA:0602977A],0,0,2,2,false,false,exclude_not_actor,Robot or automated turret reserved for the robot pass.,
Fallout3.esm|0001EE61,Fallout3.esm,0001EE61,0601EE61,TaleOfTwoWastelands.esm,MS17VaultTecMasterbrain,Masterbrain,,,unknown,Creatures\Robobrain\skeleton.nif,RobotRoboBrainDC [VTYP:06019FDE],CrRobobrainDC [CREA:0601CF89],0,0,10,15,false,false,exclude_not_actor,Robot or automated turret reserved for the robot pass.,
Fallout3.esm|0001F1F8,Fallout3.esm,0001F1F8,0601F1F8,TaleOfTwoWastelands.esm,MQ01Behemoth,Super Mutant Behemoth,,,unknown,Creatures\SMBehemoth\Skeleton.nif,CreatureSupMutBehemoth [VTYP:00022429],CrSuperMutantBehemoth [CREA:0001CF95],0,0,0,2,false,false,exclude_talking,Conversational humanoid or intelligible speaking creature.,
Fallout3.esm|0001F567,Fallout3.esm,0001F567,0601F567,Fallout3.esm,MQ01SchoolSuperMutant03,,,,unknown,marker_creature.nif,,MQ01SchoolSuperMutant01 [CREA:06020220],0,0,0,1,false,false,exclude_not_actor,Ambient/scenery actor or record without a usable identity.,
Fallout3.esm|0001F67C,Fallout3.esm,0001F67C,0601F67C,Fallout3.esm,LvlSupermutantGunStayAtEdLocDC,,,,unknown,,,EncSuperMutantGunDC [LVLC:0602359F],0,0,0,2,false,false,exclude_not_actor,Ambient/scenery actor or record without a usable identity.,
Fallout3.esm|0001FB39,Fallout3.esm,0001FB39,0601FB39,TaleOfTwoWastelands.esm,DeputyWeld,Deputy Weld,,,unknown,Creatures\Protectron\skeleton.nif,RobotProtectronDC [VTYP:06019FDA],CrProtectronDC [CREA:0601CF8F],0,0,21,23,false,false,exclude_not_actor,Robot or automated turret reserved for the robot pass.,
Fallout3.esm|0001FF5F,Fallout3.esm,0001FF5F,0601FF5F,Fallout3.esm,AudioTemplateSuperMutantDC,AudioTemplateSuperMutant,,,unknown,Creatures\SMSpineBreakerDC\Skeleton.nif,CreatureSuperMutantDC [VTYP:06019FD9],,0,0,0,128,false,false,exclude_unused,"Template, corpse, test, cut, or non-reachable archetype record without a distinct new roleplay profile.",
Fallout3.esm|00020220,Fallout3.esm,00020220,06020220,Fallout3.esm,MQ01SchoolSuperMutant01,,,,unknown,marker_creature.nif,,LvlSupermutantGunDC [CREA:0603A6FD],0,0,0,6,false,false,exclude_not_actor,Ambient/scenery actor or record without a usable identity.,
Fallout3.esm|00020221,Fallout3.esm,00020221,06020221,Fallout3.esm,MQ01SchoolSuperMutant02,,,,unknown,marker_creature.nif,,MQ01SchoolSuperMutant01 [CREA:06020220],0,0,0,1,false,false,exclude_not_actor,Ambient/scenery actor or record without a usable identity.,
Fallout3.esm|0002040E,Fallout3.esm,0002040E,0602040E,Fallout3.esm,MQ01SchoolSuperMutant04,,,,unknown,marker_creature.nif,,MQ01SchoolSuperMutant01 [CREA:06020220],0,0,0,1,false,false,exclude_not_actor,Ambient/scenery actor or record without a usable identity.,
Fallout3.esm|00020414,Fallout3.esm,00020414,06020414,Fallout3.esm,MQ01SchoolSuperMutant05,,,,unknown,marker_creature.nif,,MQ01SchoolSuperMutant01 [CREA:06020220],0,0,0,1,false,false,exclude_not_actor,Ambient/scenery actor or record without a usable identity.,
Fallout3.esm|00020415,Fallout3.esm,00020415,06020415,Fallout3.esm,MQ01SchoolSuperMutant06,,,,unknown,marker_creature.nif,,MQ01SchoolSuperMutant01 [CREA:06020220],0,0,0,1,false,false,exclude_not_actor,Ambient/scenery actor or record without a usable identity.,
Fallout3.esm|000205D9,Fallout3.esm,000205D9,060205D9,TaleOfTwoWastelands.esm,MS15Supermutant1AssaultRifle,,,,unknown,marker_creature.nif,,EncSuperMutantGunDC [LVLC:0602359F],0,0,0,3,false,false,exclude_not_actor,Ambient/scenery actor or record without a usable identity.,
Fallout3.esm|00020776,Fallout3.esm,00020776,06020776,Fallout3.esm,MQ01AmbushMutant,,,,unknown,marker_creature.nif,,LvlSupermutantMeleeDC [CREA:0603A6FE],0,0,0,3,false,false,exclude_not_actor,Ambient/scenery actor or record without a usable identity.,
Fallout3.esm|00021490,Fallout3.esm,00021490,06021490,Fallout3.esm,MegatonBrahminDC,Brahmin,,,unknown,Creatures\BrahminDC\Skeleton.nif,VoiceDoNotRecordF [VTYP:00094EED],CrBrahminDC [CREA:0601CFA2],0,0,0,1,false,false,include_nonverbal,Reachable official non-verbal creature mapped to a reviewed archetype.,brahmin
Fallout3.esm|00021EBD,Fallout3.esm,00021EBD,06021EBD,TaleOfTwoWastelands.esm,CrMisterGutsyDC,Mister Gutsy,,,unknown,Creatures\MisterGutsy\Skeleton.nif,RobotMisterGutsyDC [VTYP:06019FDD],,0,10,17,43,false,false,exclude_not_actor,Robot or automated turret reserved for the robot pass.,
Fallout3.esm|00021EBE,Fallout3.esm,00021EBE,06021EBE,TaleOfTwoWastelands.esm,CrMisterGutsyEnclaveDC,Enclave Mister Gutsy,,,unknown,Creatures\MisterGutsy\Skeleton.nif,RobotMisterGutsyDC [VTYP:06019FDD],CrMisterGutsyDC [CREA:06021EBD],0,4,0,3,false,false,exclude_not_actor,Robot or automated turret reserved for the robot pass.,
Fallout3.esm|00021EC0,Fallout3.esm,00021EC0,06021EC0,TaleOfTwoWastelands.esm,CrMisterGutsyOutcastDC,Outcast Mister Gutsy,,,unknown,Creatures\MisterGutsy\Skeleton.nif,RobotMisterGutsyDC [VTYP:06019FDD],CrMisterGutsyDC [CREA:06021EBD],0,2,0,2,false,false,exclude_not_actor,Robot or automated turret reserved for the robot pass.,
Fallout3.esm|00021EC1,Fallout3.esm,00021EC1,06021EC1,TaleOfTwoWastelands.esm,CrMisterGutsySteelDC,Brotherhood Mister Gutsy,,,unknown,Creatures\MisterGutsy\Skeleton.nif,RobotMisterGutsyDC [VTYP:06019FDD],CrMisterGutsyDC [CREA:06021EBD],0,4,0,4,false,false,exclude_not_actor,Robot or automated turret reserved for the robot pass.,
Fallout3.esm|00023B56,Fallout3.esm,00023B56,06023B56,TaleOfTwoWastelands.esm,DeadSuperMutant1GunNOAMMODC,Super Mutant,,,unknown,Creatures\SMSpineBreakerDC\Skeleton.nif,CreatureSuperMutantDC [VTYP:06019FD9],,0,0,0,11,false,false,exclude_talking,Conversational humanoid or intelligible speaking creature.,
Fallout3.esm|00027053,Fallout3.esm,00027053,06027053,TaleOfTwoWastelands.esm,AudioTemplateAntDC,AudioTemplateAntDC,,,unknown,Creatures\GiantAnt\skeleton.nif,VoiceDoNotRecordF [VTYP:00094EED],,0,0,0,13,false,false,exclude_unused,"Template, corpse, test, cut, or non-reachable archetype record without a distinct new roleplay profile.",
Fallout3.esm|00027970,Fallout3.esm,00027970,06027970,Fallout3.esm,LvlSupermutantMeleeAmbush400HideDC,,,,unknown,,,EncSuperMutantMeleeDC [LVLC:0603A14A],0,0,0,3,false,false,exclude_not_actor,Ambient/scenery actor or record without a usable identity.,
Fallout3.esm|00027FA7,Fallout3.esm,00027FA7,06027FA7,TaleOfTwoWastelands.esm,MS06TempleDog,Four Score,,,unknown,Creatures\Dog\Skeleton.nif,VoiceDoNotRecordF [VTYP:00094EED],CrDog [CREA:0001CF9C],0,0,10,11,false,false,exclude_unused,A maintained named biography already exists; do not duplicate it.,
Fallout3.esm|00027FAD,Fallout3.esm,00027FAD,06027FAD,TaleOfTwoWastelands.esm,MS06BrahminDC,Brahmin,,,unknown,Creatures\BrahminDC\Skeleton.nif,VoiceDoNotRecordF [VTYP:00094EED],CrBrahminDC [CREA:0601CFA2],0,0,0,11,false,false,include_nonverbal,Reachable official non-verbal creature mapped to a reviewed archetype.,brahmin
Fallout3.esm|00027FB2,Fallout3.esm,00027FB2,06027FB2,TaleOfTwoWastelands.esm,CrSuperMutant3MinigunADC,Super Mutant Master,,,unknown,Creatures\SMSpineBreakerDC\Skeleton.nif,CreatureSuperMutantDC [VTYP:06019FD9],,0,2,0,3,false,false,exclude_talking,Conversational humanoid or intelligible speaking creature.,
Fallout3.esm|00027FB3,Fallout3.esm,00027FB3,06027FB3,TaleOfTwoWastelands.esm,CrSuperMutant2GunADC,Super Mutant Brute,,,unknown,Creatures\SMSpineBreakerDC\Skeleton.nif,CreatureSuperMutantDC [VTYP:06019FD9],,0,2,0,6,false,false,exclude_talking,Conversational humanoid or intelligible speaking creature.,
Fallout3.esm|00027FB4,Fallout3.esm,00027FB4,06027FB4,TaleOfTwoWastelands.esm,MS06SuperMutantGunDEAD,Super Mutant,,,unknown,Creatures\SMSpineBreakerDC\Skeleton.nif,CreatureSuperMutantDC [VTYP:06019FD9],DeadSuperMutant1GunDC [CREA:060513EE],0,0,0,4,false,false,exclude_talking,Conversational humanoid or intelligible speaking creature.,
Fallout3.esm|00027FB6,Fallout3.esm,00027FB6,06027FB6,TaleOfTwoWastelands.esm,MS06SuperMutantMeleeDEAD,Super Mutant Brute,,,unknown,Creatures\SMSpineBreakerDC\Skeleton.nif,CreatureSuperMutantDC [VTYP:06019FD9],DeadSuperMutant2MeleeDC [CREA:060513F1],0,0,0,1,false,false,exclude_talking,Conversational humanoid or intelligible speaking creature.,
Fallout3.esm|00028047,Fallout3.esm,00028047,06028047,TaleOfTwoWastelands.esm,AudioTemplateBrahminDC,AudioTemplateBrahminDC,,,unknown,Creatures\BrahminDC\Skeleton.nif,VoiceDoNotRecordF [VTYP:00094EED],,0,0,0,16,false,false,exclude_unused,"Template, corpse, test, cut, or non-reachable archetype record without a distinct new roleplay profile.",
Fallout3.esm|0002977A,Fallout3.esm,0002977A,0602977A,TaleOfTwoWastelands.esm,CrMisterHandyDC,Mister Handy,,,unknown,Creatures\MisterGutsy\Skeleton.nif,RobotMisterHandyDC [VTYP:06019FDC],,0,0,0,18,false,false,exclude_not_actor,Robot or automated turret reserved for the robot pass.,
Fallout3.esm|0002AB96,Fallout3.esm,0002AB96,0602AB96,TaleOfTwoWastelands.esm,MS01KitchenSuperMutant,,,,unknown,,,EncSuperMutantGunDC [LVLC:0602359F],0,0,10,11,false,false,exclude_not_actor,Ambient/scenery actor or record without a usable identity.,
Fallout3.esm|0002B8EA,Fallout3.esm,0002B8EA,0602B8EA,TaleOfTwoWastelands.esm,Cerberus,Cerberus,,,unknown,Creatures\MisterGutsy\Skeleton.nif,RobotMisterGutsyDC [VTYP:06019FDD],CrMisterGutsyDC [CREA:06021EBD],0,0,90,95,false,false,exclude_not_actor,Robot or automated turret reserved for the robot pass.,
Fallout3.esm|0002C11A,Fallout3.esm,0002C11A,0602C11A,Fallout3.esm,MS01RobotDefender1,Sentry Bot,,,unknown,Creatures\SentryBot\Skeleton.nif,RobotSentryBotDC [VTYP:06019FDB],CrSentryBotMGDC [CREA:0605F9CA],0,0,0,2,false,false,exclude_not_actor,Robot or automated turret reserved for the robot pass.,
Fallout3.esm|0002CCD4,Fallout3.esm,0002CCD4,0602CCD4,Fallout3.esm,MS18MutantVarSupermutant3Minigun,,,,unknown,,,VarSupermutant3MinigunDC [LVLC:0609FAFC],0,0,0,1,false,false,exclude_not_actor,Ambient/scenery actor or record without a usable identity.,
Fallout3.esm|0002CCDD,Fallout3.esm,0002CCDD,0602CCDD,Fallout3.esm,MS18MutantAmbush01VarSupermutant1Gun,,,,unknown,,,VarSupermutant1GunDC [LVLC:06094ECF],0,0,0,1,false,false,exclude_not_actor,Ambient/scenery actor or record without a usable identity.,
Fallout3.esm|0002CCDE,Fallout3.esm,0002CCDE,0602CCDE,Fallout3.esm,MS18MutantAmbush03VarSupermutant2Gun,,,,unknown,,,VarSupermutant2GunDC [LVLC:06094ED1],0,0,0,1,false,false,exclude_not_actor,Ambient/scenery actor or record without a usable identity.,
Fallout3.esm|0002CCDF,Fallout3.esm,0002CCDF,0602CCDF,Fallout3.esm,MS18MutantAmbush04VarSupermutant1Gun,,,,unknown,,,VarSupermutant1GunDC [LVLC:06094ECF],0,0,0,1,false,false,exclude_not_actor,Ambient/scenery actor or record without a usable identity.,
Fallout3.esm|0002D06B,Fallout3.esm,0002D06B,0602D06B,Fallout3.esm,MS18MutantAmbush02VarSupermutant2Gun,,,,unknown,,,VarSupermutant2GunDC [LVLC:06094ED1],0,0,0,1,false,false,exclude_not_actor,Ambient/scenery actor or record without a usable identity.,
Fallout3.esm|0002D3BD,Fallout3.esm,0002D3BD,0602D3BD,Fallout3.esm,MS03MirelurkKing,Mirelurk King,,,unknown,Creatures\MirelurkKing\Skeleton.nif,VoiceDoNotRecordF [VTYP:00094EED],CrMirelurk3King [CREA:0007C6EF],0,0,0,2,false,false,include_nonverbal,Reachable official non-verbal creature mapped to a reviewed archetype.,mirelurk_king
Fallout3.esm|0002D3BE,Fallout3.esm,0002D3BE,0602D3BE,Fallout3.esm,MS03Centaur,Clancy,,,unknown,Creatures\Centaur\Skeleton.nif,VoiceDoNotRecordF [VTYP:00094EED],CrCentaurDC [CREA:0601CF90],0,0,0,1,false,false,exclude_unused,"Template, corpse, test, cut, or non-reachable archetype record without a distinct new roleplay profile.",
Fallout3.esm|0002D509,Fallout3.esm,0002D509,0602D509,TaleOfTwoWastelands.esm,MS18WreckedProtectron01,Maintenance Protectron,,,unknown,Creatures\Protectron\skeleton.nif,RobotProtectronDC [VTYP:06019FDA],CrProtectronDC [CREA:0601CF8F],0,0,0,1,false,false,exclude_not_actor,Robot or automated turret reserved for the robot pass.,
Fallout3.esm|0002DB93,Fallout3.esm,0002DB93,0602DB93,TaleOfTwoWastelands.esm,MS01BigTownSuperMutant1,,,,unknown,marker_creature.nif,,EncSuperMutantMeleeDC [LVLC:0603A14A],0,0,0,4,false,false,exclude_not_actor,Ambient/scenery actor or record without a usable identity.,
Fallout3.esm|0002DB94,Fallout3.esm,0002DB94,0602DB94,Fallout3.esm,MS01BigTownSuperMutant2,Super Mutant,,,unknown,marker_creature.nif,,MS01BigTownSuperMutant1 [CREA:0602DB93],0,0,0,2,false,false,exclude_talking,Conversational humanoid or intelligible speaking creature.,
Fallout3.esm|00031810,Fallout3.esm,00031810,06031810,Fallout3.esm,MS04DoctorLeskosRobot,Protectron,,,unknown,Creatures\Protectron\skeleton.nif,RobotProtectronDC [VTYP:06019FDA],CrProtectronDC [CREA:0601CF8F],0,0,2,3,false,false,exclude_not_actor,Robot or automated turret reserved for the robot pass.,
Fallout3.esm|0003181D,Fallout3.esm,0003181D,0603181D,TaleOfTwoWastelands.esm,MS04CrQueenAnt,Marigold Ant Queen,,,unknown,Creatures\QueenAnt\skeleton.nif,VoiceDoNotRecordF [VTYP:00094EED],CrAnt3QueenDC [CREA:0601CF7F],0,0,5,7,false,false,include_nonverbal,Reachable official non-verbal creature mapped to a reviewed archetype.,fire_ant_queen
Fallout3.esm|000393EC,Fallout3.esm,000393EC,060393EC,Fallout3.esm,MS04CrAnt1WorkerDC,Fire Ant Worker,,,unknown,Creatures\GiantAnt\skeleton.nif,VoiceDoNotRecordF [VTYP:00094EED],CrAnt1WorkerDC [CREA:0601CF81],0,2,0,2,false,false,include_nonverbal,Reachable official non-verbal creature mapped to a reviewed archetype.,fire_ant_worker
Fallout3.esm|000393ED,Fallout3.esm,000393ED,060393ED,Fallout3.esm,MS04CrAnt2SoldierDC,Fire Ant Soldier,,,unknown,Creatures\GiantAnt\skeleton.nif,VoiceDoNotRecordF [VTYP:00094EED],CrAnt2SoldierDC [CREA:0601CF80],0,2,0,2,false,false,include_nonverbal,Reachable official non-verbal creature mapped to a reviewed archetype.,fire_ant_soldier
Fallout3.esm|0003A147,Fallout3.esm,0003A147,0603A147,TaleOfTwoWastelands.esm,CrSuperMutant1MeleeADC,Super Mutant,,,unknown,Creatures\SMSpineBreakerDC\Skeleton.nif,CreatureSuperMutantDC [VTYP:06019FD9],,0,2,0,14,false,false,exclude_talking,Conversational humanoid or intelligible speaking creature.,
Fallout3.esm|0003A148,Fallout3.esm,0003A148,0603A148,TaleOfTwoWastelands.esm,CrSuperMutant2MeleeADC,Super Mutant Brute,,,unknown,Creatures\SMSpineBreakerDC\Skeleton.nif,CreatureSuperMutantDC [VTYP:06019FD9],,0,2,0,5,false,false,exclude_talking,Conversational humanoid or intelligible speaking creature.,
Fallout3.esm|0003A149,Fallout3.esm,0003A149,0603A149,TaleOfTwoWastelands.esm,CrSuperMutant3MissileLauncherADC,Super Mutant Master,,,unknown,Creatures\SMSpineBreakerDC\Skeleton.nif,CreatureSuperMutantDC [VTYP:06019FD9],,0,2,0,4,false,false,exclude_talking,Conversational humanoid or intelligible speaking creature.,
Fallout3.esm|0003A387,Fallout3.esm,0003A387,0603A387,TaleOfTwoWastelands.esm,MQ09ControlRoomSentryBot,Enclave Sentry Bot,,,unknown,Creatures\SentryBot\Skeleton.nif,RobotSentryBotDC [VTYP:06019FDB],CrSentryBotGLEnclaveDC [CREA:0601CF75],0,0,5,7,false,false,exclude_not_actor,Robot or automated turret reserved for the robot pass.,
Fallout3.esm|0003A6F8,Fallout3.esm,0003A6F8,0603A6F8,Fallout3.esm,LvlAntDC,,,,unknown,,,EncAntDC [LVLC:06021EBC],0,0,0,74,false,false,exclude_not_actor,Ambient/scenery actor or record without a usable identity.,
Fallout3.esm|0003A6FA,Fallout3.esm,0003A6FA,0603A6FA,Fallout3.esm,LvlFeralGhoulDC,,,,unknown,,,EncFeralGhoulDC [LVLC:060235A7],0,0,0,354,false,false,exclude_not_actor,Ambient/scenery actor or record without a usable identity.,
Fallout3.esm|0003A6FC,Fallout3.esm,0003A6FC,0603A6FC,Fallout3.esm,LvlRadscorpionDC,,,,unknown,,,EncRadScorpionDC [LVLC:0602359D],0,0,0,28,false,false,exclude_not_actor,Ambient/scenery actor or record without a usable identity.,
Fallout3.esm|0003A6FD,Fallout3.esm,0003A6FD,0603A6FD,Fallout3.esm,LvlSupermutantGunDC,,,,unknown,,,EncSuperMutantGunDC [LVLC:0602359F],0,0,0,250,false,false,exclude_not_actor,Ambient/scenery actor or record without a usable identity.,
Fallout3.esm|0003A6FE,Fallout3.esm,0003A6FE,0603A6FE,Fallout3.esm,LvlSupermutantMeleeDC,,,,unknown,,,EncSuperMutantMeleeDC [LVLC:0603A14A],0,0,0,69,false,false,exclude_not_actor,Ambient/scenery actor or record without a usable identity.,
Fallout3.esm|0003A6FF,Fallout3.esm,0003A6FF,0603A6FF,Fallout3.esm,LvlWastelandAllDC,,,,unknown,,,EncWastelandDC [LVLC:0602359E],0,0,0,392,false,false,exclude_not_actor,Ambient/scenery actor or record without a usable identity.,
Fallout3.esm|0003BEB2,Fallout3.esm,0003BEB2,0603BEB2,TaleOfTwoWastelands.esm,GenericMetroProtectron,Metro Protectron,,,unknown,Creatures\Protectron\skeleton.nif,RobotProtectronDC [VTYP:06019FDA],CrProtectronDC [CREA:0601CF8F],0,0,13,22,false,false,exclude_not_actor,Robot or automated turret reserved for the robot pass.,
Fallout3.esm|0003E592,Fallout3.esm,0003E592,0603E592,TaleOfTwoWastelands.esm,MS03Radroach,Radroach,,,unknown,Creatures\Radroach\skeleton.nif,VoiceDoNotRecordF [VTYP:00094EED],CrRadroachDC [CREA:0601CF7C],0,0,0,3,false,false,include_nonverbal,Reachable official non-verbal creature mapped to a reviewed archetype.,radroach
Fallout3.esm|0004147C,Fallout3.esm,0004147C,0604147C,TaleOfTwoWastelands.esm,MS15SupermutantBigGun,,,,unknown,marker_creature.nif,,EncSuperMutantBigGunsDC [LVLC:06092C52],0,0,0,1,false,false,exclude_not_actor,Ambient/scenery actor or record without a usable identity.,
Fallout3.esm|0004147E,Fallout3.esm,0004147E,0604147E,TaleOfTwoWastelands.esm,MS15SupermutantMelee,,,,unknown,marker_creature.nif,,EncSuperMutantMeleeDC [LVLC:0603A14A],0,0,0,1,false,false,exclude_not_actor,Ambient/scenery actor or record without a usable identity.,
Fallout3.esm|00044DCE,Fallout3.esm,00044DCE,06044DCE,TaleOfTwoWastelands.esm,MS15LvlRobot,,,,unknown,,,EncRobot [LVLC:000235A0],0,0,0,8,false,false,exclude_not_actor,Robot or automated turret reserved for the robot pass.,
Fallout3.esm|0004AD9F,Fallout3.esm,0004AD9F,0604AD9F,TaleOfTwoWastelands.esm,MQ04RoboCustodian,Robobrain,,,unknown,Creatures\Robobrain\skeleton.nif,RobotRoboBrainDC [VTYP:06019FDE],CrRobobrainDC [CREA:0601CF89],0,0,0,1,false,false,exclude_not_actor,Robot or automated turret reserved for the robot pass.,
Fallout3.esm|0004BAF8,Fallout3.esm,0004BAF8,0604BAF8,Fallout3.esm,TheMallLvlSupermutantGunGuard,,,,unknown,,,EncSuperMutantGunDC [LVLC:0602359F],0,0,0,4,false,false,exclude_not_actor,Ambient/scenery actor or record without a usable identity.,
Fallout3.esm|0004D5B7,Fallout3.esm,0004D5B7,0604D5B7,TaleOfTwoWastelands.esm,MS05NukaColaFactoryForeman,"Milo, Shipping Foreman",,,unknown,Creatures\MisterGutsy\Skeleton.nif,RobotMisterHandyDC [VTYP:06019FDC],CrMisterHandyDC [CREA:0602977A],0,0,46,47,false,false,exclude_not_actor,Robot or automated turret reserved for the robot pass.,
Fallout3.esm|0004E13F,Fallout3.esm,0004E13F,0604E13F,Fallout3.esm,FFER68SupermutantGun,,,,unknown,marker_creature.nif,,LvlSupermutantGunDC [CREA:0603A6FD],0,0,0,2,false,false,exclude_not_actor,Ambient/scenery actor or record without a usable identity.,
Fallout3.esm|0004E140,Fallout3.esm,0004E140,0604E140,Fallout3.esm,FFER68SupermutantMelee,,,,unknown,marker_creature.nif,,LvlSupermutantMeleeDC [CREA:0603A6FE],0,0,0,2,false,false,exclude_not_actor,Ambient/scenery actor or record without a usable identity.,
Fallout3.esm|0004E79C,Fallout3.esm,0004E79C,0604E79C,Fallout3.esm,MQ04Doc,Doc,,,unknown,Creatures\Dog\Skeleton.nif,VoiceDoNotRecordF [VTYP:00094EED],CrDog [CREA:0001CF9C],0,0,4,5,false,false,exclude_unused,"Template, corpse, test, cut, or non-reachable archetype record without a distinct new roleplay profile.",
Fallout3.esm|000500B8,Fallout3.esm,000500B8,060500B8,TaleOfTwoWastelands.esm,MQ03Robobrain2,Robobrain,,,unknown,Creatures\Robobrain\skeleton.nif,RobotRoboBrainDC [VTYP:06019FDE],CrRobobrainDC [CREA:0601CF89],0,0,6,7,false,false,exclude_not_actor,Robot or automated turret reserved for the robot pass.,
Fallout3.esm|000513EE,Fallout3.esm,000513EE,060513EE,TaleOfTwoWastelands.esm,DeadSuperMutant1GunDC,Super Mutant,,,unknown,Creatures\SMSpineBreakerDC\Skeleton.nif,CreatureSuperMutantDC [VTYP:06019FD9],,0,0,0,7,false,false,exclude_talking,Conversational humanoid or intelligible speaking creature.,
Fallout3.esm|000513F1,Fallout3.esm,000513F1,060513F1,TaleOfTwoWastelands.esm,DeadSuperMutant2MeleeDC,Super Mutant Brute,,,unknown,Creatures\SMSpineBreakerDC\Skeleton.nif,CreatureSuperMutantDC [VTYP:06019FD9],,0,0,0,3,false,false,exclude_talking,Conversational humanoid or intelligible speaking creature.,
Fallout3.esm|000526E2,Fallout3.esm,000526E2,060526E2,Fallout3.esm,MS18LvlSupermutantMiniGun,,,,unknown,,,EncSuperMutantMinigunDC [LVLC:06092C53],0,0,0,1,false,false,exclude_not_actor,Ambient/scenery actor or record without a usable identity.,
Fallout3.esm|00052B9A,Fallout3.esm,00052B9A,06052B9A,Fallout3.esm,MS12FeralGhoulAttack1A,Feral Ghoul,,,unknown,Creatures\GhoulDC\Skeleton.nif,CreatureFeralGhoulDC [VTYP:0607AE96],MS12FeralGhoul1A [CREA:06003AD8],0,0,0,4,false,false,include_nonverbal,Reachable official non-verbal creature mapped to a reviewed archetype.,feral_ghoul
Fallout3.esm|00054C54,Fallout3.esm,00054C54,06054C54,Fallout3.esm,LvlTurret1024BrotherHoodDC,,,,unknown,,,EncTurret [LVLC:0007D40F],0,0,0,2,false,false,exclude_not_actor,Robot or automated turret reserved for the robot pass.,
Fallout3.esm|00054D75,Fallout3.esm,00054D75,06054D75,Fallout3.esm,LvlSupermutantMeleeAmbush1024HideDC,,,,unknown,,,EncSuperMutantMeleeDC [LVLC:0603A14A],0,0,0,1,false,false,exclude_not_actor,Ambient/scenery actor or record without a usable identity.,
Fallout3.esm|00058771,Fallout3.esm,00058771,06058771,Fallout3.esm,LvlSupermutantMeleeCentaurDC,,,,unknown,,,EncSuperMutantMeleeCentaurDC [LVLC:0605876F],0,0,0,1,false,false,exclude_not_actor,Ambient/scenery actor or record without a usable identity.,
Fallout3.esm|00058772,Fallout3.esm,00058772,06058772,Fallout3.esm,LvlSupermutantAllWithCentaurDC,,,,unknown,,,EncSuperMutantAllDC [LVLC:06058770],0,0,0,93,false,false,exclude_not_actor,Ambient/scenery actor or record without a usable identity.,
Fallout3.esm|0005AC77,Fallout3.esm,0005AC77,0605AC77,Fallout3.esm,MS01RobotDefender2,Protectron,,,unknown,Creatures\Protectron\skeleton.nif,RobotProtectronDC [VTYP:06019FDA],CrProtectronDC [CREA:0601CF8F],0,0,0,1,false,false,exclude_not_actor,Robot or automated turret reserved for the robot pass.,
Fallout3.esm|0005C342,Fallout3.esm,0005C342,0605C342,Fallout3.esm,MS12FeralGhoulCorpseBasement,Feral Ghoul,,,unknown,Creatures\GhoulDC\Skeleton.nif,CreatureFeralGhoulDC [VTYP:0607AE96],MS12FeralGhoul1A [CREA:06003AD8],0,0,0,1,false,false,include_nonverbal,Reachable official non-verbal creature mapped to a reviewed archetype.,feral_ghoul
Fallout3.esm|0005C3AA,Fallout3.esm,0005C3AA,0605C3AA,Fallout3.esm,MS03LvlMirelurkAmbush,,,,unknown,,,EncMirelurk [LVLC:000235A2],0,0,0,4,false,false,exclude_not_actor,Ambient/scenery actor or record without a usable identity.,
Fallout3.esm|0005CF6E,Fallout3.esm,0005CF6E,0605CF6E,TaleOfTwoWastelands.esm,AudioTemplateRobotEyebotDC,AudioTemplateRobotEyebot,,,unknown,,,,0,0,0,15,false,false,exclude_not_actor,Robot or automated turret reserved for the robot pass.,
Fallout3.esm|0005F182,Fallout3.esm,0005F182,0605F182,Fallout3.esm,MS04LvlAnt,,,,unknown,marker_creature.nif,,MS04EncFireAntDC [LVLC:060668F3],0,0,0,48,false,false,exclude_not_actor,Ambient/scenery actor or record without a usable identity.,
Fallout3.esm|0005F9CA,Fallout3.esm,0005F9CA,0605F9CA,TaleOfTwoWastelands.esm,CrSentryBotMGDC,Sentry Bot,,,unknown,Creatures\SentryBot\Skeleton.nif,RobotSentryBotDC [VTYP:06019FDB],,0,2,0,21,false,false,exclude_not_actor,Robot or automated turret reserved for the robot pass.,
Fallout3.esm|0005F9CB,Fallout3.esm,0005F9CB,0605F9CB,TaleOfTwoWastelands.esm,CrSentryBotMGOutcastDC,Outcast Sentry Bot,,,unknown,Creatures\SentryBot\Skeleton.nif,RobotSentryBotDC [VTYP:06019FDB],CrSentryBotMGDC [CREA:0605F9CA],0,2,0,2,false,false,exclude_not_actor,Robot or automated turret reserved for the robot pass.,
Fallout3.esm|0005F9CC,Fallout3.esm,0005F9CC,0605F9CC,TaleOfTwoWastelands.esm,CrSentryBotMGSteelDC,Brotherhood Sentry Bot,,,unknown,Creatures\SentryBot\Skeleton.nif,RobotSentryBotDC [VTYP:06019FDB],CrSentryBotMGDC [CREA:0605F9CA],0,4,0,3,false,false,exclude_not_actor,Robot or automated turret reserved for the robot pass.,
Fallout3.esm|0005F9D1,Fallout3.esm,0005F9D1,0605F9D1,TaleOfTwoWastelands.esm,CrSentryBotMGEnclaveDC,Enclave Sentry Bot,,,unknown,Creatures\SentryBot\Skeleton.nif,RobotSentryBotDC [VTYP:06019FDB],CrSentryBotMGDC [CREA:0605F9CA],0,0,0,1,false,false,exclude_not_actor,Robot or automated turret reserved for the robot pass.,
Fallout3.esm|0005FD26,Fallout3.esm,0005FD26,0605FD26,TaleOfTwoWastelands.esm,MQ11LibertyPrime,Liberty Prime,,,unknown,Creatures\LibertyPrime\skeleton.nif,RobotLibertyPrime [VTYP:00078DFF],,0,0,1,3,false,false,exclude_not_actor,Robot or automated turret reserved for the robot pass.,
Fallout3.esm|0006020B,Fallout3.esm,0006020B,0606020B,Fallout3.esm,MS04CrAnt3NestGuard,Fire Ant Nest Guardian,,,unknown,Creatures\GiantAnt\skeleton.nif,VoiceDoNotRecordF [VTYP:00094EED],MS04CrAnt3WarriorDC [CREA:060C58EF],0,0,0,5,false,false,include_nonverbal,Reachable official non-verbal creature mapped to a reviewed archetype.,fire_ant_nest_guardian
Fallout3.esm|00065712,Fallout3.esm,00065712,06065712,TaleOfTwoWastelands.esm,AudioTemplateFeralGhoulDC,AudioTemplateFeralGhoul,,,unknown,,CreatureFeralGhoulDC [VTYP:0607AE96],,0,0,0,48,false,false,exclude_unused,"Template, corpse, test, cut, or non-reachable archetype record without a distinct new roleplay profile.",
Fallout3.esm|0006A772,Fallout3.esm,0006A772,0606A772,TaleOfTwoWastelands.esm,FFEU255Dogmeat,Dogmeat,,,unknown,Creatures\Dog\Skeleton.nif,CreatureUniqueDogmeat [VTYP:060A6012],CrDog [CREA:0001CF9C],0,0,128,131,false,false,exclude_unused,A maintained named biography already exists; do not duplicate it.,
Fallout3.esm|0006A901,Fallout3.esm,0006A901,0606A901,Fallout3.esm,MQ05TunnelBot,Enclave Eyebot,,,unknown,Creatures\Eyebot\Skeleton.nif,,CrEyebotEnclave [CREA:0001CF73],0,0,0,2,false,false,exclude_not_actor,Robot or automated turret reserved for the robot pass.,
Fallout3.esm|0006F772,Fallout3.esm,0006F772,0606F772,TaleOfTwoWastelands.esm,MS15Turret,Mark II Turret,,,unknown,Creatures\SentryTurret\skeleton.nif,RobotEyebot [VTYP:00040D41],CrTurret01 [CREA:0007B235],0,0,0,2,false,false,exclude_not_actor,Robot or automated turret reserved for the robot pass.,
Fallout3.esm|00072B59,Fallout3.esm,00072B59,06072B59,Fallout3.esm,MS12FeralGhoulAttack1B,Feral Ghoul,,,unknown,Creatures\GhoulDC\Skeleton.nif,CreatureFeralGhoulDC [VTYP:0607AE96],MS12FeralGhoul1B [CREA:06072B87],0,0,0,4,false,false,include_nonverbal,Reachable official non-verbal creature mapped to a reviewed archetype.,feral_ghoul
Fallout3.esm|00072B79,Fallout3.esm,00072B79,06072B79,Fallout3.esm,MS12FeralGhoulAttack2A,Feral Ghoul Roamer,,,unknown,Creatures\GhoulDC\Skeleton.nif,CreatureFeralGhoulDC [VTYP:0607AE96],MS12FeralGhoul2A [CREA:06072B88],0,0,0,5,false,false,include_nonverbal,Reachable official non-verbal creature mapped to a reviewed archetype.,feral_ghoul_roamer
Fallout3.esm|00072B7F,Fallout3.esm,00072B7F,06072B7F,Fallout3.esm,MS12FeralGhoulAttack2B,Feral Ghoul Roamer,,,unknown,Creatures\GhoulDC\Skeleton.nif,CreatureFeralGhoulDC [VTYP:0607AE96],MS12FeralGhoul2B [CREA:06072B8A],0,0,0,5,false,false,include_nonverbal,Reachable official non-verbal creature mapped to a reviewed archetype.,feral_ghoul_roamer
Fallout3.esm|00072B82,Fallout3.esm,00072B82,06072B82,Fallout3.esm,MS12FeralGhoulGlowingOne,Glowing One,,,unknown,Creatures\GhoulDC\Skeleton.nif,CreatureFeralGhoulDC [VTYP:0607AE96],CrFeralGhoulGlowingOneDC [CREA:0601CF7B],0,0,0,4,false,false,include_nonverbal,Reachable official non-verbal creature mapped to a reviewed archetype.,glowing_one
Fallout3.esm|00072B87,Fallout3.esm,00072B87,06072B87,Fallout3.esm,MS12FeralGhoul1B,Feral Ghoul,,,unknown,Creatures\GhoulDC\Skeleton.nif,CreatureFeralGhoulDC [VTYP:0607AE96],CrFeralGhoul1BDC [CREA:0601CF7A],0,0,0,3,false,false,include_nonverbal,Reachable official non-verbal creature mapped to a reviewed archetype.,feral_ghoul
Fallout3.esm|00072B88,Fallout3.esm,00072B88,06072B88,Fallout3.esm,MS12FeralGhoul2A,Feral Ghoul Roamer,,,unknown,Creatures\GhoulDC\Skeleton.nif,CreatureFeralGhoulDC [VTYP:0607AE96],CrFeralGhoul1BDC [CREA:0601CF7A],0,0,0,4,false,false,include_nonverbal,Reachable official non-verbal creature mapped to a reviewed archetype.,feral_ghoul_roamer
Fallout3.esm|00072B8A,Fallout3.esm,00072B8A,06072B8A,Fallout3.esm,MS12FeralGhoul2B,Feral Ghoul Roamer,,,unknown,Creatures\GhoulDC\Skeleton.nif,CreatureFeralGhoulDC [VTYP:0607AE96],CrFeralGhoul2BDC [CREA:0601CF77],0,0,0,4,false,false,include_nonverbal,Reachable official non-verbal creature mapped to a reviewed archetype.,feral_ghoul_roamer
Fallout3.esm|00072B8B,Fallout3.esm,00072B8B,06072B8B,Fallout3.esm,MS12FeralGhoulAttackGlowingOne,Glowing One,,,unknown,Creatures\GhoulDC\Skeleton.nif,CreatureFeralGhoulDC [VTYP:0607AE96],MS12FeralGhoulGlowingOne [CREA:06072B82],0,0,0,5,false,false,include_nonverbal,Reachable official non-verbal creature mapped to a reviewed archetype.,glowing_one
Fallout3.esm|0007323F,Fallout3.esm,0007323F,0607323F,Fallout3.esm,FFER05YaoGuai,Scavenger's Yao Guai,,,unknown,Creatures\YaoGuai\Skeleton.nif,VoiceDoNotRecordF [VTYP:00094EED],YaoGuaiScavenger [CREA:06073243],0,0,0,1,false,false,include_nonverbal,Reachable official non-verbal creature mapped to a reviewed archetype.,yao_guai
Fallout3.esm|00073243,Fallout3.esm,00073243,06073243,TaleOfTwoWastelands.esm,YaoGuaiScavenger,Scavenger's Yao Guai,,,unknown,Creatures\YaoGuai\Skeleton.nif,VoiceDoNotRecordF [VTYP:00094EED],CrYaoGuai [CREA:0601CFA0],0,0,0,7,false,false,include_nonverbal,Reachable official non-verbal creature mapped to a reviewed archetype.,yao_guai
Fallout3.esm|00073244,Fallout3.esm,00073244,06073244,Fallout3.esm,FFER10YaoGuai,Scavenger's Yao Guai,,,unknown,Creatures\YaoGuai\Skeleton.nif,VoiceDoNotRecordF [VTYP:00094EED],YaoGuaiScavenger [CREA:06073243],0,0,0,1,false,false,include_nonverbal,Reachable official non-verbal creature mapped to a reviewed archetype.,yao_guai
Fallout3.esm|00073E08,Fallout3.esm,00073E08,06073E08,Fallout3.esm,FFER15YaoGuai,Scavenger's Yao Guai,,,unknown,Creatures\YaoGuai\Skeleton.nif,,YaoGuaiScavenger [CREA:06073243],0,0,0,1,false,false,include_nonverbal,Reachable official non-verbal creature mapped to a reviewed archetype.,yao_guai
Fallout3.esm|00073E12,Fallout3.esm,00073E12,06073E12,Fallout3.esm,FFER58YaoGuai,Scavenger's Yao Guai,,,unknown,Creatures\YaoGuai\Skeleton.nif,,YaoGuaiScavenger [CREA:06073243],0,0,0,2,false,false,include_nonverbal,Reachable official non-verbal creature mapped to a reviewed archetype.,yao_guai
Fallout3.esm|00073E1E,Fallout3.esm,00073E1E,06073E1E,Fallout3.esm,FFER73YaoGuai,Scavenger's Yao Guai,,,unknown,Creatures\YaoGuai\Skeleton.nif,,YaoGuaiScavenger [CREA:06073243],0,0,0,2,false,false,include_nonverbal,Reachable official non-verbal creature mapped to a reviewed archetype.,yao_guai
Fallout3.esm|00073E23,Fallout3.esm,00073E23,06073E23,Fallout3.esm,FFEU11YaoGuai,Scavenger's Yao Guai,,,unknown,Creatures\YaoGuai\Skeleton.nif,,YaoGuaiScavenger [CREA:06073243],0,0,0,2,false,false,include_nonverbal,Reachable official non-verbal creature mapped to a reviewed archetype.,yao_guai
Fallout3.esm|00073E25,Fallout3.esm,00073E25,06073E25,Fallout3.esm,FFEU12YaoGuai,Scavenger's Yao Guai,,,unknown,Creatures\YaoGuai\Skeleton.nif,,YaoGuaiScavenger [CREA:06073243],0,0,0,2,false,false,include_nonverbal,Reachable official non-verbal creature mapped to a reviewed archetype.,yao_guai
Fallout3.esm|00074163,Fallout3.esm,00074163,06074163,TaleOfTwoWastelands.esm,MS16Andy,Andy,,,unknown,Creatures\MisterGutsy\Skeleton.nif,RobotMisterHandyDC [VTYP:06019FDC],CrMisterHandyDC [CREA:0602977A],0,0,12,14,false,false,exclude_not_actor,Robot or automated turret reserved for the robot pass.,
Fallout3.esm|00077722,Fallout3.esm,00077722,06077722,Fallout3.esm,MQ08LvlSupermutantGun,,,,unknown,,,EncSuperMutantGunDC [LVLC:0602359F],0,0,0,24,false,false,exclude_not_actor,Ambient/scenery actor or record without a usable identity.,
Fallout3.esm|00077729,Fallout3.esm,00077729,06077729,Fallout3.esm,MQ08LvlSupermutantMelee,,,,unknown,,,EncSuperMutantMeleeDC [LVLC:0603A14A],0,0,0,5,false,false,exclude_not_actor,Ambient/scenery actor or record without a usable identity.,
Fallout3.esm|00078803,Fallout3.esm,00078803,06078803,Fallout3.esm,MQ03Mutants,,,,unknown,,,EncSuperMutantAllDC [LVLC:06058770],0,0,0,14,false,false,exclude_not_actor,Ambient/scenery actor or record without a usable identity.,
Fallout3.esm|00079F2B,Fallout3.esm,00079F2B,06079F2B,TaleOfTwoWastelands.esm,MQ11EyebotKamikaze,Enclave Eyebot,,,unknown,Creatures\Eyebot\Skeleton.nif,,CrEyebotEnclave [CREA:0001CF73],0,0,0,6,false,false,exclude_not_actor,Robot or automated turret reserved for the robot pass.,
Fallout3.esm|0007E1B4,Fallout3.esm,0007E1B4,0607E1B4,TaleOfTwoWastelands.esm,RaiderBrahminDC,Brahmin,,,unknown,Creatures\BrahminDC\Skeleton.nif,VoiceDoNotRecordF [VTYP:00094EED],CrBrahminDC [CREA:0601CFA2],0,0,0,4,false,false,include_nonverbal,Reachable official non-verbal creature mapped to a reviewed archetype.,brahmin
Fallout3.esm|0007E1D0,Fallout3.esm,0007E1D0,0607E1D0,Fallout3.esm,YaoGuaiDenRunner,Yao Guai,,,unknown,Creatures\YaoGuai\Skeleton.nif,VoiceDoNotRecordF [VTYP:00094EED],CrYaoGuai [CREA:0601CFA0],0,0,0,1,false,false,include_nonverbal,Reachable official non-verbal creature mapped to a reviewed archetype.,yao_guai
Fallout3.esm|0007F476,Fallout3.esm,0007F476,0607F476,Fallout3.esm,HD00MrHandyGodfrey,Godfrey,,,unknown,Creatures\MisterGutsy\Skeleton.nif,RobotMisterHandyDC [VTYP:06019FDC],CrMisterHandyDC [CREA:0602977A],0,0,6,7,false,false,exclude_not_actor,Robot or automated turret reserved for the robot pass.,
Fallout3.esm|0007F477,Fallout3.esm,0007F477,0607F477,Fallout3.esm,HD00MrHandyWadsworth,Wadsworth,,,unknown,Creatures\MisterGutsy\Skeleton.nif,RobotMisterHandyDC [VTYP:06019FDC],CrMisterHandyDC [CREA:0602977A],0,0,6,7,false,false,exclude_not_actor,Robot or automated turret reserved for the robot pass.,
Fallout3.esm|0007F4E3,Fallout3.esm,0007F4E3,0607F4E3,Fallout3.esm,AudioTemplateYaoGuaiDC,AudioTemplateYaoGuai,,,unknown,,VoiceDoNotRecordF [VTYP:00094EED],,0,0,0,6,false,false,exclude_unused,"Template, corpse, test, cut, or non-reachable archetype record without a distinct new roleplay profile.",
Fallout3.esm|00083EB5,Fallout3.esm,00083EB5,06083EB5,Fallout3.esm,MS04CrAnt1MarigoldWorkerDC,Fire Ant Worker,,,unknown,Creatures\GiantAnt\skeleton.nif,VoiceDoNotRecordF [VTYP:00094EED],CrAnt1WorkerDC [CREA:0601CF81],0,2,0,1,false,false,include_nonverbal,Reachable official non-verbal creature mapped to a reviewed archetype.,fire_ant_worker
Fallout3.esm|00083EB6,Fallout3.esm,00083EB6,06083EB6,Fallout3.esm,MS04CrAnt2MarigoldSoldierDC,Fire Ant Soldier,,,unknown,Creatures\GiantAnt\skeleton.nif,VoiceDoNotRecordF [VTYP:00094EED],CrAnt2SoldierDC [CREA:0601CF80],0,2,0,1,false,false,include_nonverbal,Reachable official non-verbal creature mapped to a reviewed archetype.,fire_ant_soldier
Fallout3.esm|00083EB7,Fallout3.esm,00083EB7,06083EB7,Fallout3.esm,MS04MarigoldaLvlAnt,,,,unknown,,,MS04EncMarigoldFireAntDC [LVLC:06083EB8],0,0,0,16,false,false,exclude_not_actor,Ambient/scenery actor or record without a usable identity.,
Fallout3.esm|000854D5,Fallout3.esm,000854D5,060854D5,Fallout3.esm,MS05LvlNukaColaMirelurk,,,,unknown,,,MS05EncMirelurk [LVLC:000854D6],0,0,0,14,false,false,exclude_not_actor,Ambient/scenery actor or record without a usable identity.,
Fallout3.esm|0008646C,Fallout3.esm,0008646C,0608646C,TaleOfTwoWastelands.esm,CrTurret01SteelDC,Mark II Turret,,,unknown,Creatures\SentryTurret\skeleton.nif,RobotEyebot [VTYP:00040D41],CrTurret01 [CREA:0007B235],0,3,0,2,false,false,exclude_not_actor,Robot or automated turret reserved for the robot pass.,
Fallout3.esm|0008646F,Fallout3.esm,0008646F,0608646F,TaleOfTwoWastelands.esm,CrTurret02SteelDC,Mark IV Turret,,,unknown,Creatures\SentryTurret\skeleton.nif,RobotEyebot [VTYP:00040D41],CrTurret02 [CREA:0007B23B],0,3,0,2,false,false,exclude_not_actor,Robot or automated turret reserved for the robot pass.,
Fallout3.esm|00086472,Fallout3.esm,00086472,06086472,TaleOfTwoWastelands.esm,CrTurret03SteelDC,Mark VI Turret,,,unknown,Creatures\SentryTurret\skeleton.nif,RobotEyebot [VTYP:00040D41],CrTurret03 [CREA:0007B23C],0,3,0,4,false,false,exclude_not_actor,Robot or automated turret reserved for the robot pass.,
Fallout3.esm|0008B5FE,Fallout3.esm,0008B5FE,0608B5FE,Fallout3.esm,MS06BrahminLoadedDC,Brahmin,,,unknown,Creatures\BrahminDC\Skeleton.nif,VoiceDoNotRecordF [VTYP:00094EED],CrBrahminDC [CREA:0601CFA2],0,0,0,1,false,false,include_nonverbal,Reachable official non-verbal creature mapped to a reviewed archetype.,brahmin
Fallout3.esm|0008F086,Fallout3.esm,0008F086,0608F086,TaleOfTwoWastelands.esm,CrZaxEye,Eye Intercom,,,unknown,Creatures\ZaxEye\Skeleton.nif,MaleUniquePresident [VTYP:00019FE0],,0,0,5,26,false,false,exclude_unused,"Template, corpse, test, cut, or non-reachable archetype record without a distinct new roleplay profile.",
Fallout3.esm|00092C49,Fallout3.esm,00092C49,06092C49,TaleOfTwoWastelands.esm,CrSuperMutant2MissileLauncherADC,Super Mutant Brute,,,unknown,Creatures\SMSpineBreakerDC\Skeleton.nif,CreatureSuperMutantDC [VTYP:06019FD9],,0,2,0,5,false,false,exclude_talking,Conversational humanoid or intelligible speaking creature.,
Fallout3.esm|00092C4A,Fallout3.esm,00092C4A,06092C4A,Fallout3.esm,LvlSupermutantBigGuns,,,,unknown,,,EncSuperMutantBigGunsDC [LVLC:06092C52],0,0,0,7,false,false,exclude_not_actor,Ambient/scenery actor or record without a usable identity.,
Fallout3.esm|00092C4B,Fallout3.esm,00092C4B,06092C4B,Fallout3.esm,LvlSupermutantMinigunDC,,,,unknown,,,EncSuperMutantMinigunDC [LVLC:06092C53],0,0,0,25,false,false,exclude_not_actor,Ambient/scenery actor or record without a usable identity.,
Fallout3.esm|00092C4C,Fallout3.esm,00092C4C,06092C4C,Fallout3.esm,LvlSupermutantMissileDC,,,,unknown,,,EncSuperMutantMissileDC [LVLC:06092C50],0,0,0,7,false,false,exclude_not_actor,Ambient/scenery actor or record without a usable identity.,
Fallout3.esm|00092C4D,Fallout3.esm,00092C4D,06092C4D,TaleOfTwoWastelands.esm,CrSuperMutant3GunADC,Super Mutant Master,,,unknown,Creatures\SMSpineBreakerDC\Skeleton.nif,CreatureSuperMutantDC [VTYP:06019FD9],,0,2,0,4,false,false,exclude_talking,Conversational humanoid or intelligible speaking creature.,
Fallout3.esm|00092C4E,Fallout3.esm,00092C4E,06092C4E,TaleOfTwoWastelands.esm,CrSuperMutant3MeleeADC,Super Mutant Master,,,unknown,Creatures\SMSpineBreakerDC\Skeleton.nif,CreatureSuperMutantDC [VTYP:06019FD9],,0,2,0,4,false,false,exclude_talking,Conversational humanoid or intelligible speaking creature.,
Fallout3.esm|00092C4F,Fallout3.esm,00092C4F,06092C4F,TaleOfTwoWastelands.esm,CrSuperMutant2MinigunADC,Super Mutant Brute,,,unknown,Creatures\SMSpineBreakerDC\Skeleton.nif,CreatureSuperMutantDC [VTYP:06019FD9],,0,2,0,5,false,false,exclude_talking,Conversational humanoid or intelligible speaking creature.,
Fallout3.esm|00094680,Fallout3.esm,00094680,06094680,Fallout3.esm,MS02Robot,,,,unknown,,,EncRobot [LVLC:000235A0],0,0,5,5,false,false,exclude_not_actor,Robot or automated turret reserved for the robot pass.,
Fallout3.esm|00094EC5,Fallout3.esm,00094EC5,06094EC5,TaleOfTwoWastelands.esm,CrSuperMutant1GunBDC,Super Mutant,,,unknown,Creatures\SMSpineBreakerDC\Skeleton.nif,CreatureSuperMutantDC [VTYP:06019FD9],CrSuperMutant1GunADC [CREA:0601CF93],0,2,0,3,false,false,exclude_talking,Conversational humanoid or intelligible speaking creature.,
Fallout3.esm|00094EC6,Fallout3.esm,00094EC6,06094EC6,TaleOfTwoWastelands.esm,CrSuperMutant1MeleeBDC,Super Mutant,,,unknown,Creatures\SMSpineBreakerDC\Skeleton.nif,CreatureSuperMutantDC [VTYP:06019FD9],CrSuperMutant1MeleeADC [CREA:0603A147],0,2,0,1,false,false,exclude_talking,Conversational humanoid or intelligible speaking creature.,
Fallout3.esm|00094EC7,Fallout3.esm,00094EC7,06094EC7,TaleOfTwoWastelands.esm,CrSuperMutant2GunBDC,Super Mutant Brute,,,unknown,Creatures\SMSpineBreakerDC\Skeleton.nif,CreatureSuperMutantDC [VTYP:06019FD9],CrSuperMutant2GunADC [CREA:06027FB3],0,2,0,1,false,false,exclude_talking,Conversational humanoid or intelligible speaking creature.,
Fallout3.esm|00094EC8,Fallout3.esm,00094EC8,06094EC8,TaleOfTwoWastelands.esm,CrSuperMutant2MeleeBDC,Super Mutant Brute,,,unknown,Creatures\SMSpineBreakerDC\Skeleton.nif,CreatureSuperMutantDC [VTYP:06019FD9],CrSuperMutant2MeleeADC [CREA:0603A148],0,2,0,1,false,false,exclude_talking,Conversational humanoid or intelligible speaking creature.,
Fallout3.esm|00094EC9,Fallout3.esm,00094EC9,06094EC9,TaleOfTwoWastelands.esm,CrSuperMutant2MinigunBDC,Super Mutant Brute,,,unknown,Creatures\SMSpineBreakerDC\Skeleton.nif,CreatureSuperMutantDC [VTYP:06019FD9],CrSuperMutant2MinigunADC [CREA:06092C4F],0,2,0,1,false,false,exclude_talking,Conversational humanoid or intelligible speaking creature.,
Fallout3.esm|00094ECA,Fallout3.esm,00094ECA,06094ECA,TaleOfTwoWastelands.esm,CrSuperMutant2MissileLauncherBDC,Super Mutant Brute,,,unknown,Creatures\SMSpineBreakerDC\Skeleton.nif,CreatureSuperMutantDC [VTYP:06019FD9],CrSuperMutant2MissileLauncherADC [CREA:06092C49],0,2,0,1,false,false,exclude_talking,Conversational humanoid or intelligible speaking creature.,
Fallout3.esm|00094ECB,Fallout3.esm,00094ECB,06094ECB,TaleOfTwoWastelands.esm,CrSuperMutant3GunBDC,Super Mutant Master,,,unknown,Creatures\SMSpineBreakerDC\Skeleton.nif,CreatureSuperMutantDC [VTYP:06019FD9],CrSuperMutant3GunADC [CREA:06092C4D],0,2,0,1,false,false,exclude_talking,Conversational humanoid or intelligible speaking creature.,
Fallout3.esm|00094ECC,Fallout3.esm,00094ECC,06094ECC,TaleOfTwoWastelands.esm,CrSuperMutant3MeleeBDC,Super Mutant Master,,,unknown,Creatures\SMSpineBreakerDC\Skeleton.nif,CreatureSuperMutantDC [VTYP:06019FD9],CrSuperMutant3MeleeADC [CREA:06092C4E],0,2,0,1,false,false,exclude_talking,Conversational humanoid or intelligible speaking creature.,
Fallout3.esm|00094ECD,Fallout3.esm,00094ECD,06094ECD,TaleOfTwoWastelands.esm,CrSuperMutant3MinigunBDC,Super Mutant Master,,,unknown,Creatures\SMSpineBreakerDC\Skeleton.nif,CreatureSuperMutantDC [VTYP:06019FD9],CrSuperMutant3MinigunADC [CREA:06027FB2],0,2,0,1,false,false,exclude_talking,Conversational humanoid or intelligible speaking creature.,
Fallout3.esm|00094ECE,Fallout3.esm,00094ECE,06094ECE,TaleOfTwoWastelands.esm,CrSuperMutant3MissileLauncherBDC,Super Mutant Master,,,unknown,Creatures\SMSpineBreakerDC\Skeleton.nif,CreatureSuperMutantDC [VTYP:06019FD9],CrSuperMutant3MissileLauncherADC [CREA:0603A149],0,2,0,1,false,false,exclude_talking,Conversational humanoid or intelligible speaking creature.,
Fallout3.esm|0009B91A,Fallout3.esm,0009B91A,0609B91A,Fallout3.esm,MQ08LvlSupermutantGunSchool,,,,unknown,,,EncSuperMutantGunDC [LVLC:0602359F],0,0,0,5,false,false,exclude_not_actor,Ambient/scenery actor or record without a usable identity.,
Fallout3.esm|0009E8DE,Fallout3.esm,0009E8DE,0609E8DE,TaleOfTwoWastelands.esm,CrSuperMutant2GunCDC,Super Mutant Brute,,,unknown,Creatures\SMSpineBreakerDC\Skeleton.nif,CreatureSuperMutantDC [VTYP:06019FD9],CrSuperMutant2GunADC [CREA:06027FB3],0,2,0,1,false,false,exclude_talking,Conversational humanoid or intelligible speaking creature.,
Fallout3.esm|0009E8E0,Fallout3.esm,0009E8E0,0609E8E0,TaleOfTwoWastelands.esm,CrSuperMutant2MeleeCDC,Super Mutant Brute,,,unknown,Creatures\SMSpineBreakerDC\Skeleton.nif,CreatureSuperMutantDC [VTYP:06019FD9],CrSuperMutant2MeleeADC [CREA:0603A148],0,2,0,1,false,false,exclude_talking,Conversational humanoid or intelligible speaking creature.,
Fallout3.esm|0009E8E1,Fallout3.esm,0009E8E1,0609E8E1,TaleOfTwoWastelands.esm,CrSuperMutant2MinigunCDC,Super Mutant Brute,,,unknown,Creatures\SMSpineBreakerDC\Skeleton.nif,CreatureSuperMutantDC [VTYP:06019FD9],CrSuperMutant2MinigunADC [CREA:06092C4F],0,2,0,1,false,false,exclude_talking,Conversational humanoid or intelligible speaking creature.,
Fallout3.esm|0009E8E2,Fallout3.esm,0009E8E2,0609E8E2,TaleOfTwoWastelands.esm,CrSuperMutant2MissileLauncherCDC,Super Mutant Brute,,,unknown,Creatures\SMSpineBreakerDC\Skeleton.nif,CreatureSuperMutantDC [VTYP:06019FD9],CrSuperMutant2MissileLauncherADC [CREA:06092C49],0,2,0,1,false,false,exclude_talking,Conversational humanoid or intelligible speaking creature.,
Fallout3.esm|0009E8E3,Fallout3.esm,0009E8E3,0609E8E3,TaleOfTwoWastelands.esm,CrSuperMutant1GunCDC,Super Mutant,,,unknown,Creatures\SMSpineBreakerDC\Skeleton.nif,CreatureSuperMutantDC [VTYP:06019FD9],CrSuperMutant1GunADC [CREA:0601CF93],0,2,0,1,false,false,exclude_talking,Conversational humanoid or intelligible speaking creature.,
Fallout3.esm|0009E8E4,Fallout3.esm,0009E8E4,0609E8E4,TaleOfTwoWastelands.esm,CrSuperMutant1MeleeCDC,Super Mutant,,,unknown,Creatures\SMSpineBreakerDC\Skeleton.nif,CreatureSuperMutantDC [VTYP:06019FD9],CrSuperMutant1MeleeADC [CREA:0603A147],0,2,0,1,false,false,exclude_talking,Conversational humanoid or intelligible speaking creature.,
Fallout3.esm|0009E8E5,Fallout3.esm,0009E8E5,0609E8E5,TaleOfTwoWastelands.esm,CrSuperMutant1GunDDC,Super Mutant,,,unknown,Creatures\SMSpineBreakerDC\Skeleton.nif,CreatureSuperMutantDC [VTYP:06019FD9],CrSuperMutant1GunADC [CREA:0601CF93],0,2,0,1,false,false,exclude_talking,Conversational humanoid or intelligible speaking creature.,
Fallout3.esm|0009E8E6,Fallout3.esm,0009E8E6,0609E8E6,TaleOfTwoWastelands.esm,CrSuperMutant1GunEDC,Super Mutant,,,unknown,Creatures\SMSpineBreakerDC\Skeleton.nif,CreatureSuperMutantDC [VTYP:06019FD9],CrSuperMutant1GunADC [CREA:0601CF93],0,2,0,1,false,false,exclude_talking,Conversational humanoid or intelligible speaking creature.,
Fallout3.esm|0009E8E7,Fallout3.esm,0009E8E7,0609E8E7,TaleOfTwoWastelands.esm,CrSuperMutant1GunFDC,Super Mutant,,,unknown,Creatures\SMSpineBreakerDC\Skeleton.nif,CreatureSuperMutantDC [VTYP:06019FD9],CrSuperMutant1GunADC [CREA:0601CF93],0,2,0,1,false,false,exclude_talking,Conversational humanoid or intelligible speaking creature.,
Fallout3.esm|0009E8E8,Fallout3.esm,0009E8E8,0609E8E8,TaleOfTwoWastelands.esm,CrSuperMutant1MeleeDDC,Super Mutant,,,unknown,Creatures\SMSpineBreakerDC\Skeleton.nif,CreatureSuperMutantDC [VTYP:06019FD9],CrSuperMutant1MeleeADC [CREA:0603A147],0,2,0,1,false,false,exclude_talking,Conversational humanoid or intelligible speaking creature.,
Fallout3.esm|0009E8E9,Fallout3.esm,0009E8E9,0609E8E9,TaleOfTwoWastelands.esm,CrSuperMutant1MeleeEDC,Super Mutant,,,unknown,Creatures\SMSpineBreakerDC\Skeleton.nif,CreatureSuperMutantDC [VTYP:06019FD9],CrSuperMutant1MeleeADC [CREA:0603A147],0,2,0,1,false,false,exclude_talking,Conversational humanoid or intelligible speaking creature.,
Fallout3.esm|0009E8EA,Fallout3.esm,0009E8EA,0609E8EA,TaleOfTwoWastelands.esm,CrSuperMutant1MeleeFDC,Super Mutant,,,unknown,Creatures\SMSpineBreakerDC\Skeleton.nif,CreatureSuperMutantDC [VTYP:06019FD9],CrSuperMutant1MeleeADC [CREA:0603A147],0,2,0,1,false,false,exclude_talking,Conversational humanoid or intelligible speaking creature.,
Fallout3.esm|0009E9EB,Fallout3.esm,0009E9EB,0609E9EB,Fallout3.esm,LvlFeralGhoulTravelDC,,,,unknown,,,EncFeralGhoulDC [LVLC:060235A7],0,0,0,8,false,false,exclude_not_actor,Ambient/scenery actor or record without a usable identity.,
Fallout3.esm|0009FAFA,Fallout3.esm,0009FAFA,0609FAFA,TaleOfTwoWastelands.esm,CrFeralGhoul1ADC,Feral Ghoul,,,unknown,Creatures\GhoulDC\Skeleton.nif,CreatureFeralGhoulDC [VTYP:0607AE96],,0,4,0,20,false,false,include_nonverbal,Reachable official non-verbal creature mapped to a reviewed archetype.,feral_ghoul
Fallout3.esm|0009FAFB,Fallout3.esm,0009FAFB,0609FAFB,TaleOfTwoWastelands.esm,CrFeralGhoul2ADC,Feral Ghoul Roamer,,,unknown,Creatures\GhoulDC\Skeleton.nif,CreatureFeralGhoulDC [VTYP:0607AE96],,0,4,0,5,false,false,include_nonverbal,Reachable official non-verbal creature mapped to a reviewed archetype.,feral_ghoul_roamer
Fallout3.esm|0009FE8B,Fallout3.esm,0009FE8B,0609FE8B,Fallout3.esm,TheMallLvlSupermutantMissile01,,,,unknown,,,EncSuperMutantMissileDC [LVLC:06092C50],0,0,0,4,false,false,exclude_not_actor,Ambient/scenery actor or record without a usable identity.,
Fallout3.esm|000A0617,Fallout3.esm,000A0617,060A0617,Fallout3.esm,LvlMS02AntDC,,,,unknown,,,EncAntDC [LVLC:06021EBC],0,0,0,4,false,false,exclude_not_actor,Ambient/scenery actor or record without a usable identity.,
Fallout3.esm|000A0845,Fallout3.esm,000A0845,060A0845,Fallout3.esm,TheMallLvlSupermutantMinigun,,,,unknown,,,EncSuperMutantMinigunDC [LVLC:06092C53],0,0,0,3,false,false,exclude_not_actor,Ambient/scenery actor or record without a usable identity.,
Fallout3.esm|000A09CF,Fallout3.esm,000A09CF,060A09CF,Fallout3.esm,LvlFeralGhoulAmbushDC,,,,unknown,,,EncFeralGhoulDC [LVLC:060235A7],0,0,0,25,false,false,exclude_not_actor,Ambient/scenery actor or record without a usable identity.,
Fallout3.esm|000A25B1,Fallout3.esm,000A25B1,060A25B1,Fallout3.esm,RadroachTravelDC,Radroach,,,unknown,Creatures\Radroach\skeleton.nif,VoiceDoNotRecordF [VTYP:00094EED],CrRadroachDC [CREA:0601CF7C],0,0,0,17,false,false,include_nonverbal,Reachable official non-verbal creature mapped to a reviewed archetype.,radroach
Fallout3.esm|000A4447,Fallout3.esm,000A4447,060A4447,TaleOfTwoWastelands.esm,ForgeGenericProtectron,Protectron,,,unknown,Creatures\Protectron\skeleton.nif,RobotProtectronDC [VTYP:06019FDA],CrProtectronDC [CREA:0601CF8F],0,0,0,1,false,false,exclude_not_actor,Robot or automated turret reserved for the robot pass.,
Fallout3.esm|000A4E5D,Fallout3.esm,000A4E5D,060A4E5D,TaleOfTwoWastelands.esm,CrBrahminPackADC,Pack Brahmin,,,unknown,Creatures\BrahminDC\Skeleton.nif,VoiceDoNotRecordF [VTYP:00094EED],CrBrahminDC [CREA:0601CFA2],0,2,0,3,false,false,include_nonverbal,Reachable official non-verbal creature mapped to a reviewed archetype.,brahmin
Fallout3.esm|000A4E5E,Fallout3.esm,000A4E5E,060A4E5E,TaleOfTwoWastelands.esm,CrBrahminPackBDC,Pack Brahmin,,,unknown,Creatures\BrahminDC\Skeleton.nif,VoiceDoNotRecordF [VTYP:00094EED],CrBrahminPackADC [CREA:060A4E5D],0,2,0,2,false,false,include_nonverbal,Reachable official non-verbal creature mapped to a reviewed archetype.,brahmin
Fallout3.esm|000A53F0,Fallout3.esm,000A53F0,060A53F0,TaleOfTwoWastelands.esm,ForgeGenericProtectron02,Protectron,,,unknown,Creatures\Protectron\skeleton.nif,RobotProtectronDC [VTYP:06019FDA],CrProtectronDC [CREA:0601CF8F],0,0,0,1,false,false,exclude_not_actor,Robot or automated turret reserved for the robot pass.,
Fallout3.esm|000A592B,Fallout3.esm,000A592B,060A592B,TaleOfTwoWastelands.esm,CrProtectronArmyDC,Army Protectron,,,unknown,Creatures\Protectron\skeleton.nif,RobotProtectronDC [VTYP:06019FDA],CrProtectronDC [CREA:0601CF8F],0,6,0,5,false,false,exclude_not_actor,Robot or automated turret reserved for the robot pass.,
Fallout3.esm|000A5C6C,Fallout3.esm,000A5C6C,060A5C6C,TaleOfTwoWastelands.esm,CrRobobrainArmyDC,Army Robobrain,,,unknown,Creatures\Robobrain\skeleton.nif,RobotRoboBrainDC [VTYP:06019FDE],CrRobobrainDC [CREA:0601CF89],0,6,0,3,false,false,exclude_not_actor,Robot or automated turret reserved for the robot pass.,
Fallout3.esm|000A5C6E,Fallout3.esm,000A5C6E,060A5C6E,TaleOfTwoWastelands.esm,CrSentryBotGLArmyDC,Army Sentry Bot,,,unknown,Creatures\SentryBot\Skeleton.nif,RobotSentryBotDC [VTYP:06019FDB],CrSentryBotGLDC [CREA:0601CF8A],0,2,0,5,false,false,exclude_not_actor,Robot or automated turret reserved for the robot pass.,
Fallout3.esm|000A5C6F,Fallout3.esm,000A5C6F,060A5C6F,TaleOfTwoWastelands.esm,CrSentryBotMGArmyDC,Army Sentry Bot,,,unknown,Creatures\SentryBot\Skeleton.nif,RobotSentryBotDC [VTYP:06019FDB],CrSentryBotMGDC [CREA:0605F9CA],0,2,0,3,false,false,exclude_not_actor,Robot or automated turret reserved for the robot pass.,
Fallout3.esm|000A6013,Fallout3.esm,000A6013,060A6013,Fallout3.esm,MS03LvlMirelurk,,,,unknown,,,EncMirelurk [LVLC:000235A2],0,0,0,9,false,false,exclude_not_actor,Ambient/scenery actor or record without a usable identity.,
Fallout3.esm|000A7B11,Fallout3.esm,000A7B11,060A7B11,Fallout3.esm,MQ08LvlSupermutantConvo1a,,,,unknown,,,EncSuperMutantGunDC [LVLC:0602359F],0,0,5,6,false,false,exclude_not_actor,Ambient/scenery actor or record without a usable identity.,
Fallout3.esm|000A7B12,Fallout3.esm,000A7B12,060A7B12,Fallout3.esm,MQ08LvlSupermutantConvo1b,,,,unknown,,,EncSuperMutantGunDC [LVLC:0602359F],0,0,4,5,false,false,exclude_not_actor,Ambient/scenery actor or record without a usable identity.,
Fallout3.esm|000A7B1E,Fallout3.esm,000A7B1E,060A7B1E,Fallout3.esm,FFER19Supermutant,,,,unknown,marker_creature.nif,,FFSupermutantCaptiveCaptor [CREA:00097161],0,0,0,1,false,false,exclude_not_actor,Ambient/scenery actor or record without a usable identity.,
Fallout3.esm|000A86EB,Fallout3.esm,000A86EB,060A86EB,Fallout3.esm,LvlSupermutantGunOrMeleeDC,,,,unknown,,,EncSuperMutantGunOrMeleeDC [LVLC:060A86EC],0,0,0,6,false,false,exclude_not_actor,Ambient/scenery actor or record without a usable identity.,
Fallout3.esm|000A9268,Fallout3.esm,000A9268,060A9268,TaleOfTwoWastelands.esm,AudioTemplateBrahminPackDC,AudioTemplateBrahminPackDC,,,unknown,Creatures\BrahminDC\Skeleton.nif,VoiceDoNotRecordF [VTYP:00094EED],,0,0,0,22,false,false,exclude_unused,"Template, corpse, test, cut, or non-reachable archetype record without a distinct new roleplay profile.",
Fallout3.esm|000AA7BF,Fallout3.esm,000AA7BF,060AA7BF,Fallout3.esm,MS18LvlSupermutantMelee,,,,unknown,,,EncSuperMutantMeleeDC [LVLC:0603A14A],0,0,0,7,false,false,exclude_not_actor,Ambient/scenery actor or record without a usable identity.,
Fallout3.esm|000AA7C0,Fallout3.esm,000AA7C0,060AA7C0,Fallout3.esm,MS18LvlSupermutantGun,,,,unknown,,,EncSuperMutantGunDC [LVLC:0602359F],0,0,0,13,false,false,exclude_not_actor,Ambient/scenery actor or record without a usable identity.,
Fallout3.esm|000AB48B,Fallout3.esm,000AB48B,060AB48B,TaleOfTwoWastelands.esm,FFEU16Dog,Vicious Dog,,,unknown,Creatures\Dog\Skeleton.nif,VoiceDoNotRecordF [VTYP:00094EED],CrDogViciousDC [CREA:0601CFA3],0,0,0,2,false,false,include_nonverbal,Reachable official non-verbal creature mapped to a reviewed archetype.,vicious_dog
Fallout3.esm|000AB4A1,Fallout3.esm,000AB4A1,060AB4A1,TaleOfTwoWastelands.esm,MQ09ControlRoomSentryBot2,Enclave Sentry Bot,,,unknown,Creatures\SentryBot\Skeleton.nif,RobotSentryBotDC [VTYP:06019FDB],CrSentryBotGLEnclaveDC [CREA:0601CF75],0,0,0,2,false,false,exclude_not_actor,Robot or automated turret reserved for the robot pass.,
Fallout3.esm|000AC045,Fallout3.esm,000AC045,060AC045,TaleOfTwoWastelands.esm,MS02SpecialAnt,,,,unknown,,,EncAntDC [LVLC:06021EBC],0,0,0,11,false,false,exclude_not_actor,Ambient/scenery actor or record without a usable identity.,
Fallout3.esm|000AC046,Fallout3.esm,000AC046,060AC046,TaleOfTwoWastelands.esm,MS02SpecialRobot,,,,unknown,,,MS02EncSpecialRobot [LVLC:000663A7],0,0,0,6,false,false,exclude_not_actor,Robot or automated turret reserved for the robot pass.,
Fallout3.esm|000AEDE3,Fallout3.esm,000AEDE3,060AEDE3,Fallout3.esm,FFER74FireAntWorkerDC,Fire Ant Worker,,,unknown,Creatures\GiantAnt\skeleton.nif,VoiceDoNotRecordF [VTYP:00094EED],MS04CrAnt1WorkerDC [CREA:060393EC],0,0,0,2,false,false,include_nonverbal,Reachable official non-verbal creature mapped to a reviewed archetype.,fire_ant_worker
Fallout3.esm|000AEDE4,Fallout3.esm,000AEDE4,060AEDE4,Fallout3.esm,FFER74FireAntSoldierDC,Fire Ant Soldier,,,unknown,Creatures\GiantAnt\skeleton.nif,VoiceDoNotRecordF [VTYP:00094EED],MS04CrAnt2SoldierDC [CREA:060393ED],0,0,0,2,false,false,include_nonverbal,Reachable official non-verbal creature mapped to a reviewed archetype.,fire_ant_soldier
Fallout3.esm|000B037F,Fallout3.esm,000B037F,060B037F,TaleOfTwoWastelands.esm,AudioTemplateAntQueenDC,AudioTemplateAntQueenDC,,,unknown,,VoiceDoNotRecordF [VTYP:00094EED],,0,0,0,2,false,false,exclude_unused,"Template, corpse, test, cut, or non-reachable archetype record without a distinct new roleplay profile.",
Fallout3.esm|000B0449,Fallout3.esm,000B0449,060B0449,Fallout3.esm,LvlTurretCeiling3000BrotherhoodDC,,,,unknown,marker_creature.nif,,LvlTurretCeiling3000 [CREA:000B0448],0,0,0,2,false,false,exclude_not_actor,Robot or automated turret reserved for the robot pass.,
Fallout3.esm|000B05E3,Fallout3.esm,000B05E3,060B05E3,TaleOfTwoWastelands.esm,LvlSupermutantGunDISMEMBERDC,Super Mutant,,,unknown,,,EncSuperMutantGunDC [LVLC:0602359F],0,0,0,13,false,false,exclude_talking,Conversational humanoid or intelligible speaking creature.,
Fallout3.esm|000B05E4,Fallout3.esm,000B05E4,060B05E4,TaleOfTwoWastelands.esm,LvlSupermutantMeleeDISMEMBERDC,Super Mutant,,,unknown,,,EncSuperMutantMeleeDC [LVLC:0603A14A],0,0,0,5,false,false,exclude_talking,Conversational humanoid or intelligible speaking creature.,
Fallout3.esm|000B05E5,Fallout3.esm,000B05E5,060B05E5,TaleOfTwoWastelands.esm,LvlSupermutantMeleeDISMEMBERNOAMMODC,Super Mutant,,,unknown,,,EncSuperMutantMeleeDC [LVLC:0603A14A],0,0,0,6,false,false,exclude_talking,Conversational humanoid or intelligible speaking creature.,
Fallout3.esm|000B05E6,Fallout3.esm,000B05E6,060B05E6,TaleOfTwoWastelands.esm,LvlSupermutantGunDISMEMBERNOAMMODC,Super Mutant,,,unknown,,,EncSuperMutantGunDC [LVLC:0602359F],0,0,0,10,false,false,exclude_talking,Conversational humanoid or intelligible speaking creature.,
Fallout3.esm|000B2935,Fallout3.esm,000B2935,060B2935,TaleOfTwoWastelands.esm,MS02BattleRobot,Battle Robot,,,unknown,,,EncRobot [LVLC:000235A0],0,0,5,9,false,false,exclude_not_actor,Robot or automated turret reserved for the robot pass.,
Fallout3.esm|000B2936,Fallout3.esm,000B2936,060B2936,TaleOfTwoWastelands.esm,MS02BattleAnt,Battle Ant,,,unknown,,,EncAntDC [LVLC:06021EBC],0,0,0,6,false,false,include_nonverbal,Reachable official non-verbal creature mapped to a reviewed archetype.,specialized_ant
Fallout3.esm|000B2981,Fallout3.esm,000B2981,060B2981,Fallout3.esm,MQ05TaftTurret,,,,unknown,marker_creature.nif,,LvlTurretCeiling384 [CREA:000A8A5C],0,0,0,2,false,false,exclude_not_actor,Robot or automated turret reserved for the robot pass.,
Fallout3.esm|000B2997,Fallout3.esm,000B2997,060B2997,Fallout3.esm,MQ05TaftGhouls,,,,unknown,,,EncFeralGhoulDC [LVLC:060235A7],0,0,0,1,false,false,exclude_not_actor,Ambient/scenery actor or record without a usable identity.,
Fallout3.esm|000BAD1A,Fallout3.esm,000BAD1A,060BAD1A,TaleOfTwoWastelands.esm,FeralGhoulDEADDC,Feral Ghoul,,,unknown,Creatures\GhoulDC\Skeleton.nif,CreatureFeralGhoulDC [VTYP:0607AE96],,0,0,0,17,false,false,include_nonverbal,Reachable official non-verbal creature mapped to a reviewed archetype.,feral_ghoul
Fallout3.esm|000BC11C,Fallout3.esm,000BC11C,060BC11C,Fallout3.esm,MQ09HoldingCellZaxEye,Eye Intercom,,,unknown,Creatures\ZaxEye\Skeleton.nif,MaleUniquePresident [VTYP:00019FE0],CrZaxEye [CREA:0608F086],0,0,8,16,false,false,exclude_unused,"Template, corpse, test, cut, or non-reachable archetype record without a distinct new roleplay profile.",
Fallout3.esm|000BE92A,Fallout3.esm,000BE92A,060BE92A,Fallout3.esm,LvlSupermutantGunGuardNPCDC,,,,unknown,,,EncSuperMutantGunDC [LVLC:0602359F],0,0,0,1,false,false,exclude_not_actor,Ambient/scenery actor or record without a usable identity.,
Fallout3.esm|000BE92C,Fallout3.esm,000BE92C,060BE92C,Fallout3.esm,LvlSupermutantMeleeGuardNPCDC,,,,unknown,,,EncSuperMutantMeleeDC [LVLC:0603A14A],0,0,0,1,false,false,exclude_not_actor,Ambient/scenery actor or record without a usable identity.,
Fallout3.esm|000BE92D,Fallout3.esm,000BE92D,060BE92D,Fallout3.esm,LenfantLvlSupermutantBigGuns,,,,unknown,,,EncSuperMutantBigGunsDC [LVLC:06092C52],0,0,0,1,false,false,exclude_not_actor,Ambient/scenery actor or record without a usable identity.,
Fallout3.esm|000C053E,Fallout3.esm,000C053E,060C053E,TaleOfTwoWastelands.esm,MS15BackupProtectron,Backup Protectron Unit,,,unknown,Creatures\Protectron\skeleton.nif,RobotProtectronDC [VTYP:06019FDA],CrProtectronDC [CREA:0601CF8F],0,0,0,1,false,false,exclude_not_actor,Robot or automated turret reserved for the robot pass.,
Fallout3.esm|000C053F,Fallout3.esm,000C053F,060C053F,TaleOfTwoWastelands.esm,MS15ThomasJefferson,Thomas Jefferson,,,unknown,Creatures\Protectron\skeleton.nif,MaleUniqueButton [VTYP:0607C235],CrProtectronDC [CREA:0601CF8F],0,0,0,1,false,false,exclude_unused,"Template, corpse, test, cut, or non-reachable archetype record without a distinct new roleplay profile.",
Fallout3.esm|000C34D2,Fallout3.esm,000C34D2,060C34D2,Fallout3.esm,MS01BigTownSuperMutant3,Super Mutant,,,unknown,marker_creature.nif,,MS01BigTownSuperMutant1 [CREA:0602DB93],0,0,0,4,false,false,exclude_talking,Conversational humanoid or intelligible speaking creature.,
Fallout3.esm|000C394C,Fallout3.esm,000C394C,060C394C,TaleOfTwoWastelands.esm,DEADCrYaoGuai,Yao Guai,,,unknown,Creatures\YaoGuai\Skeleton.nif,VoiceDoNotRecordF [VTYP:00094EED],CrYaoGuai [CREA:0601CFA0],0,0,0,1,false,false,include_nonverbal,Reachable official non-verbal creature mapped to a reviewed archetype.,yao_guai
Fallout3.esm|000C48F0,Fallout3.esm,000C48F0,060C48F0,Fallout3.esm,LvlWastelandDogDC,,,,unknown,,,EncWastelandDogDC [LVLC:060C48ED],0,0,0,149,false,false,exclude_not_actor,Ambient/scenery actor or record without a usable identity.,
Fallout3.esm|000C48F1,Fallout3.esm,000C48F1,060C48F1,Fallout3.esm,LvlWastelandBloatflyDC,,,,unknown,,,EncWastelandBloatflyDC [LVLC:060C48EE],0,0,0,144,false,false,exclude_not_actor,Ambient/scenery actor or record without a usable identity.,
Fallout3.esm|000C48F2,Fallout3.esm,000C48F2,060C48F2,Fallout3.esm,LvlWastelandMoleRatDC,,,,unknown,,,EncWastelandMoleRatDC [LVLC:060C48EF],0,0,0,150,false,false,exclude_not_actor,Ambient/scenery actor or record without a usable identity.,
Fallout3.esm|000C4976,Fallout3.esm,000C4976,060C4976,Fallout3.esm,FFEU56SupermutantGun,,,,unknown,marker_creature.nif,,LvlSupermutantGunDC [CREA:0603A6FD],0,0,0,2,false,false,exclude_not_actor,Ambient/scenery actor or record without a usable identity.,
Fallout3.esm|000C4977,Fallout3.esm,000C4977,060C4977,Fallout3.esm,FFEU56SupermutantMelee,,,,unknown,marker_creature.nif,,LvlSupermutantMeleeDC [CREA:0603A6FE],0,0,0,2,false,false,exclude_not_actor,Ambient/scenery actor or record without a usable identity.,
Fallout3.esm|000C58EF,Fallout3.esm,000C58EF,060C58EF,Fallout3.esm,MS04CrAnt3WarriorDC,Fire Ant Warrior,,,unknown,Creatures\GiantAnt\skeleton.nif,VoiceDoNotRecordF [VTYP:00094EED],,0,2,0,2,false,false,include_nonverbal,Reachable official non-verbal creature mapped to a reviewed archetype.,fire_ant_warrior
Fallout3.esm|000C5BAE,Fallout3.esm,000C5BAE,060C5BAE,Fallout3.esm,MS04CrAnt3MarigoldWarriorDC,Fire Ant Warrior,,,unknown,Creatures\GiantAnt\skeleton.nif,VoiceDoNotRecordF [VTYP:00094EED],,0,2,0,1,false,false,include_nonverbal,Reachable official non-verbal creature mapped to a reviewed archetype.,fire_ant_warrior
Fallout3.esm|000C5CA9,Fallout3.esm,000C5CA9,060C5CA9,Fallout3.esm,LvlSupermutantMissileStayAtEdLocDC,,,,unknown,,,EncSuperMutantMissileDC [LVLC:06092C50],0,0,0,5,false,false,exclude_not_actor,Ambient/scenery actor or record without a usable identity.,
Fallout3.esm|000C6E5E,Fallout3.esm,000C6E5E,060C6E5E,Fallout3.esm,LvlSupermutantMinigunStayAtEdLocDC,,,,unknown,,,EncSuperMutantMinigunDC [LVLC:06092C53],0,0,0,5,false,false,exclude_not_actor,Ambient/scenery actor or record without a usable identity.,
Fallout3.esm|000C8513,Fallout3.esm,000C8513,060C8513,TaleOfTwoWastelands.esm,FFRaiderCamp17SuperMutantDeadDC,Super Mutant,,,unknown,Creatures\SMSpineBreakerDC\Skeleton.nif,CreatureSuperMutantDC [VTYP:06019FD9],CrSuperMutant1MeleeADC [CREA:0603A147],0,0,0,3,false,false,exclude_talking,Conversational humanoid or intelligible speaking creature.,
Fallout3.esm|000C938B,Fallout3.esm,000C938B,060C938B,Fallout3.esm,DogScavengerDC,Scavenger's Dog,,,unknown,Creatures\Dog\Skeleton.nif,VoiceDoNotRecordF [VTYP:00094EED],CrDog [CREA:0001CF9C],0,0,0,13,false,false,exclude_unused,"Template, corpse, test, cut, or non-reachable archetype record without a distinct new roleplay profile.",
Fallout3.esm|000CA032,Fallout3.esm,000CA032,060CA032,Fallout3.esm,FFER78BrahminDC,Brahmin,,,unknown,Creatures\BrahminDC\Skeleton.nif,VoiceDoNotRecordF [VTYP:00094EED],CrBrahminDC [CREA:0601CFA2],0,0,0,2,false,false,include_nonverbal,Reachable official non-verbal creature mapped to a reviewed archetype.,brahmin
Fallout3.esm|000CA037,Fallout3.esm,000CA037,060CA037,Fallout3.esm,FFEU58BrahminDC,Mad Brahmin,,,unknown,Creatures\Brahmin\Skeleton.nif,VoiceDoNotRecordF [VTYP:00094EED],CrBrahminDC [CREA:0601CFA2],0,0,0,2,false,false,exclude_unused,"Template, corpse, test, cut, or non-reachable archetype record without a distinct new roleplay profile.",
Fallout3.esm|000CAFF8,Fallout3.esm,000CAFF8,060CAFF8,Fallout3.esm,BrahminWastelandDC,Brahmin,,,unknown,Creatures\BrahminDC\Skeleton.nif,VoiceDoNotRecordF [VTYP:00094EED],CrBrahminDC [CREA:0601CFA2],0,0,0,23,false,false,include_nonverbal,Reachable official non-verbal creature mapped to a reviewed archetype.,brahmin
Anchorage.esm|00001F0A,Anchorage.esm,00001F0A,07001F0A,TaleOfTwoWastelands.esm,DLCAnchSnowBotMG,Sentry Bot,,,unknown,Creatures\SentryBot\Skeleton.nif,RobotSentryBotDC [VTYP:06019FDB],CrSentryBotMGDC [CREA:0605F9CA],0,0,0,1,false,false,exclude_not_actor,Robot or automated turret reserved for the robot pass.,
Anchorage.esm|00001F0B,Anchorage.esm,00001F0B,07001F0B,TaleOfTwoWastelands.esm,DLCAnchSnowGutsy,Mister Gutsy,,,unknown,Creatures\MisterGutsy\Skeleton.nif,RobotMisterGutsyDC [VTYP:06019FDD],,0,0,0,1,false,false,exclude_not_actor,Robot or automated turret reserved for the robot pass.,
Anchorage.esm|00001F0C,Anchorage.esm,00001F0C,07001F0C,TaleOfTwoWastelands.esm,DLCAnchSnowBotGL,Sentry Bot,,,unknown,Creatures\SentryBot\Skeleton.nif,RobotSentryBotDC [VTYP:06019FDB],CrSentryBotGLDC [CREA:0601CF8A],0,0,0,1,false,false,exclude_not_actor,Robot or automated turret reserved for the robot pass.,
Anchorage.esm|00002D01,Anchorage.esm,00002D01,07002D01,TaleOfTwoWastelands.esm,DLC02StrikeTeamGutsy1Template,Strike Team Mister Gutsy,,,unknown,Creatures\MisterGutsy\Skeleton.nif,RobotMisterGutsyDC [VTYP:06019FDD],,0,1,0,11,false,false,exclude_not_actor,Robot or automated turret reserved for the robot pass.,
Anchorage.esm|0000301F,Anchorage.esm,0000301F,0700301F,TaleOfTwoWastelands.esm,DLCAnchCreaturesChimera,Chimera Tank,,,unknown,DLCAnch\Creatures\Chimera\Skeleton.nif,,,0,0,0,4,false,false,include_nonverbal,Reachable official non-verbal creature mapped to a reviewed archetype.,chimera_tank
Anchorage.esm|0000347A,Anchorage.esm,0000347A,0700347A,Anchorage.esm,AudioTemplateChimera,AudioTemplateChimera,,,unknown,,,,0,0,0,8,false,false,exclude_unused,"Template, corpse, test, cut, or non-reachable archetype record without a distinct new roleplay profile.",
Anchorage.esm|00005013,Anchorage.esm,00005013,07005013,TaleOfTwoWastelands.esm,DLC02StrikeTeamRobotSentryBot1Template,Strike Team Sentry Bot,,,unknown,Creatures\SentryBot\Skeleton.nif,RobotSentryBotDC [VTYP:06019FDB],,0,1,0,11,false,false,exclude_not_actor,Robot or automated turret reserved for the robot pass.,
Anchorage.esm|00005014,Anchorage.esm,00005014,07005014,Anchorage.esm,DLC02LvlStrikeTeamGutsy,,,,unknown,,,DLC02EncStrikeTeamGutsy [LVLC:07005011],0,0,0,3,false,false,exclude_not_actor,Ambient/scenery actor or record without a usable identity.,
Anchorage.esm|00005015,Anchorage.esm,00005015,07005015,Anchorage.esm,DLC02LvlStrikeTeamSentry,,,,unknown,,,DLC02EncStrikeTeamSentry [LVLC:07005012],0,0,0,2,false,false,exclude_not_actor,Robot or automated turret reserved for the robot pass.,
Anchorage.esm|000068AD,Anchorage.esm,000068AD,070068AD,TaleOfTwoWastelands.esm,DLC02ArtyBaseCavern,Chimera Tank,,,unknown,DLCAnch\Creatures\Chimera\Skeleton.nif,,,0,0,0,2,false,false,include_nonverbal,Reachable official non-verbal creature mapped to a reviewed archetype.,chimera_tank
Anchorage.esm|00008CB4,Anchorage.esm,00008CB4,07008CB4,TaleOfTwoWastelands.esm,DLCCrTurret02Outcast,Mark IV Turret,,,unknown,Creatures\SentryTurret\skeleton.nif,RobotEyebot [VTYP:00040D41],CrTurret02 [CREA:0007B23B],0,0,0,2,false,false,exclude_not_actor,Robot or automated turret reserved for the robot pass.,
Anchorage.esm|00008CDE,Anchorage.esm,00008CDE,07008CDE,TaleOfTwoWastelands.esm,DLC02StrikeTeamGutsy2,Strike Team Mister Gutsy,,,unknown,Creatures\MisterGutsy\Skeleton.nif,RobotMisterGutsyDC [VTYP:06019FDD],DLC02StrikeTeamGutsy1Template [CREA:07002D01],0,3,0,3,false,false,exclude_not_actor,Robot or automated turret reserved for the robot pass.,
Anchorage.esm|00008CDF,Anchorage.esm,00008CDF,07008CDF,TaleOfTwoWastelands.esm,DLC02StrikeTeamGutsy3,Strike Team Mister Gutsy,,,unknown,Creatures\MisterGutsy\Skeleton.nif,RobotMisterGutsyDC [VTYP:06019FDD],DLC02StrikeTeamGutsy1Template [CREA:07002D01],0,3,0,3,false,false,exclude_not_actor,Robot or automated turret reserved for the robot pass.,
Anchorage.esm|00008CE0,Anchorage.esm,00008CE0,07008CE0,TaleOfTwoWastelands.esm,DLC02StrikeTeamGutsy4,Strike Team Mister Gutsy,,,unknown,Creatures\MisterGutsy\Skeleton.nif,RobotMisterGutsyDC [VTYP:06019FDD],DLC02StrikeTeamGutsy1Template [CREA:07002D01],0,3,0,3,false,false,exclude_not_actor,Robot or automated turret reserved for the robot pass.,
Anchorage.esm|00008CE1,Anchorage.esm,00008CE1,07008CE1,TaleOfTwoWastelands.esm,DLC02StrikeTeamGutsy5,Strike Team Mister Gutsy,,,unknown,Creatures\MisterGutsy\Skeleton.nif,RobotMisterGutsyDC [VTYP:06019FDD],DLC02StrikeTeamGutsy1Template [CREA:07002D01],0,3,0,3,false,false,exclude_not_actor,Robot or automated turret reserved for the robot pass.,
Anchorage.esm|00008CF2,Anchorage.esm,00008CF2,07008CF2,TaleOfTwoWastelands.esm,DLC02StrikeTeamRobotSentryBot2,Strike Team Sentry Bot,,,unknown,Creatures\SentryBot\Skeleton.nif,RobotSentryBotDC [VTYP:06019FDB],DLC02StrikeTeamRobotSentryBot1Template [CREA:07005013],0,3,0,3,false,false,exclude_not_actor,Robot or automated turret reserved for the robot pass.,
Anchorage.esm|00008CF3,Anchorage.esm,00008CF3,07008CF3,TaleOfTwoWastelands.esm,DLC02StrikeTeamRobotSentryBot3,Strike Team Sentry Bot,,,unknown,Creatures\SentryBot\Skeleton.nif,RobotSentryBotDC [VTYP:06019FDB],DLC02StrikeTeamRobotSentryBot1Template [CREA:07005013],0,3,0,3,false,false,exclude_not_actor,Robot or automated turret reserved for the robot pass.,
Anchorage.esm|00008CF4,Anchorage.esm,00008CF4,07008CF4,TaleOfTwoWastelands.esm,DLC02StrikeTeamRobotSentryBot4,Strike Team Sentry Bot,,,unknown,Creatures\SentryBot\Skeleton.nif,RobotSentryBotDC [VTYP:06019FDB],DLC02StrikeTeamRobotSentryBot1Template [CREA:07005013],0,3,0,3,false,false,exclude_not_actor,Robot or automated turret reserved for the robot pass.,
Anchorage.esm|00008CF5,Anchorage.esm,00008CF5,07008CF5,TaleOfTwoWastelands.esm,DLC02StrikeTeamRobotSentryBot5,Strike Team Sentry Bot,,,unknown,Creatures\SentryBot\Skeleton.nif,RobotSentryBotDC [VTYP:06019FDB],DLC02StrikeTeamRobotSentryBot1Template [CREA:07005013],0,3,0,3,false,false,exclude_not_actor,Robot or automated turret reserved for the robot pass.,
Anchorage.esm|00009849,Anchorage.esm,00009849,07009849,Anchorage.esm,DLCAnchCreaturesChimeraIceCamp01,Chimera Tank,,,unknown,DLCAnch\Creatures\Chimera\Skeleton.nif,,DLCAnchCreaturesChimera [CREA:0700301F],0,0,0,1,false,false,include_nonverbal,Reachable official non-verbal creature mapped to a reviewed archetype.,chimera_tank
Anchorage.esm|0000A4E0,Anchorage.esm,0000A4E0,0700A4E0,TaleOfTwoWastelands.esm,DLC02SpiderMine,Spider Drone,,,unknown,DLCAnch\Creatures\SpiderMine\Skeleton.nif,RobotEyebot [VTYP:00040D41],CrProtectronDC [CREA:0601CF8F],0,0,0,24,false,false,exclude_not_actor,Robot or automated turret reserved for the robot pass.,
Anchorage.esm|0000AB27,Anchorage.esm,0000AB27,0700AB27,TaleOfTwoWastelands.esm,DLC02TurretCeiling2500,Mark I Turret,,,unknown,Creatures\MiniSentryTurret\Skeleton.nif,RobotEyebot [VTYP:00040D41],,0,0,0,10,false,false,exclude_not_actor,Robot or automated turret reserved for the robot pass.,
Anchorage.esm|0000AD4E,Anchorage.esm,0000AD4E,0700AD4E,Anchorage.esm,DLC02TurretCeiling2048,Mark I Turret,,,unknown,Creatures\MiniSentryTurret\Skeleton.nif,RobotEyebot [VTYP:00040D41],CrTurretCeiling01 [CREA:000A84B8],0,0,0,4,false,false,exclude_not_actor,Robot or automated turret reserved for the robot pass.,
Anchorage.esm|0000C065,Anchorage.esm,0000C065,0700C065,Anchorage.esm,DLC02LvlTurretCeiling1024Outcast,,,,unknown,marker_creature.nif,,LvlTurretCeiling1024 [CREA:000251AA],0,0,0,2,false,false,exclude_not_actor,Robot or automated turret reserved for the robot pass.,
Anchorage.esm|0000C16B,Anchorage.esm,0000C16B,0700C16B,TaleOfTwoWastelands.esm,DLC02ChineseDogIceCamp,Guard Dog,,,unknown,Creatures\Dog\Skeleton.nif,VoiceDoNotRecordF [VTYP:00094EED],CrDog [CREA:0001CF9C],0,0,0,4,false,false,exclude_unused,"Template, corpse, test, cut, or non-reachable archetype record without a distinct new roleplay profile.",
Anchorage.esm|0000C487,Anchorage.esm,0000C487,0700C487,TaleOfTwoWastelands.esm,DLC02ChineseGateTurret,Mark II Turret,,,unknown,Creatures\SentryTurret\skeleton.nif,RobotEyebot [VTYP:00040D41],,0,0,0,2,false,false,exclude_not_actor,Robot or automated turret reserved for the robot pass.,
Anchorage.esm|0000C700,Anchorage.esm,0000C700,0700C700,TaleOfTwoWastelands.esm,DLC02ChineseDogMines,Guard Dog,,,unknown,Creatures\Dog\Skeleton.nif,VoiceDoNotRecordF [VTYP:00094EED],CrDog [CREA:0001CF9C],0,0,0,5,false,false,exclude_unused,"Template, corpse, test, cut, or non-reachable archetype record without a distinct new roleplay profile.",
Anchorage.esm|0000CC68,Anchorage.esm,0000CC68,0700CC68,TaleOfTwoWastelands.esm,AudioTemplateMineSpider,AudioTemplateMineSpider,,,unknown,,,,0,0,0,2,false,false,exclude_unused,"Template, corpse, test, cut, or non-reachable archetype record without a distinct new roleplay profile.",
Anchorage.esm|0000CF2D,Anchorage.esm,0000CF2D,0700CF2D,TaleOfTwoWastelands.esm,DLCAnchCreaturesChimeraBLOCKER,Chimera Tank,,,unknown,DLCAnch\Creatures\Chimera\Skeleton.nif,,,0,0,0,3,false,false,include_nonverbal,Reachable official non-verbal creature mapped to a reviewed archetype.,chimera_tank
ThePitt.esm|00002BE1,ThePitt.esm,00002BE1,08002BE1,ThePitt.esm,DLCPittTestStreetTrog,TestStreetTrog,,,unknown,DLCPitt\Creatures\StreetTrog\Skeleton.nif,,,0,0,0,1,false,false,exclude_unused,"Template, corpse, test, cut, or non-reachable archetype record without a distinct new roleplay profile.",
ThePitt.esm|0000350A,ThePitt.esm,0000350A,0800350A,ThePitt.esm,DLC01LvlTrog,,,,unknown,,,DLC01EncTrog [LVLC:0800A777],0,0,0,78,false,false,exclude_not_actor,Ambient/scenery actor or record without a usable identity.,
ThePitt.esm|000038BE,ThePitt.esm,000038BE,080038BE,TaleOfTwoWastelands.esm,DLC01BridgeMoleRat01,Mole Rat,,,unknown,Creatures\MoleRat\skeleton.nif,VoiceDoNotRecordF [VTYP:00094EED],,0,0,0,2,false,false,include_nonverbal,Reachable official non-verbal creature mapped to a reviewed archetype.,mole_rat
ThePitt.esm|000038C7,ThePitt.esm,000038C7,080038C7,TaleOfTwoWastelands.esm,DLC01BridgeDog01,Vicious Dog,,,unknown,Creatures\Dog\Skeleton.nif,VoiceDoNotRecordF [VTYP:00094EED],,0,0,0,1,false,false,include_nonverbal,Reachable official non-verbal creature mapped to a reviewed archetype.,vicious_dog
ThePitt.esm|000038C9,ThePitt.esm,000038C9,080038C9,TaleOfTwoWastelands.esm,DLC01BridgeDog02,Vicious Dog,,,unknown,Creatures\Dog\Skeleton.nif,VoiceDoNotRecordF [VTYP:00094EED],,0,0,0,5,false,false,include_nonverbal,Reachable official non-verbal creature mapped to a reviewed archetype.,vicious_dog
ThePitt.esm|0000503D,ThePitt.esm,0000503D,0800503D,ThePitt.esm,DLC01LvlTrogPassive,,,,unknown,marker_creature.nif,,DLC01LvlTrog [CREA:0800350A],0,0,0,13,false,false,exclude_not_actor,Ambient/scenery actor or record without a usable identity.,
ThePitt.esm|00005D33,ThePitt.esm,00005D33,08005D33,ThePitt.esm,AudioTemplateTrog,AudioTemplateTrog,,,unknown,,,,0,0,0,4,false,false,exclude_unused,"Template, corpse, test, cut, or non-reachable archetype record without a distinct new roleplay profile.",
ThePitt.esm|0000618D,ThePitt.esm,0000618D,0800618D,ThePitt.esm,DLC01LvlTurretCeiling1024Survivor,,,,unknown,,,EncTurretCeiling [LVLC:000A8A5D],0,0,0,1,false,false,exclude_not_actor,Robot or automated turret reserved for the robot pass.,
ThePitt.esm|000070B2,ThePitt.esm,000070B2,080070B2,ThePitt.esm,DLC01LvlTrogUptownDark01,,,,unknown,marker_creature.nif,,DLC01LvlTrog [CREA:0800350A],0,0,0,26,false,false,exclude_not_actor,Ambient/scenery actor or record without a usable identity.,
ThePitt.esm|00007888,ThePitt.esm,00007888,08007888,ThePitt.esm,DLC01LvlTrogAmbush,,,,unknown,marker_creature.nif,,DLC01LvlTrog [CREA:0800350A],0,0,0,10,false,false,exclude_not_actor,Ambient/scenery actor or record without a usable identity.,
ThePitt.esm|000093F2,ThePitt.esm,000093F2,080093F2,ThePitt.esm,DLC01LvlTrogPatrolAlwaysRun,,,,unknown,marker_creature.nif,,DLC01LvlTrog [CREA:0800350A],0,0,0,5,false,false,exclude_not_actor,Ambient/scenery actor or record without a usable identity.,
ThePitt.esm|00009B69,ThePitt.esm,00009B69,08009B69,ThePitt.esm,DLC01LvlTrogPassive128,,,,unknown,marker_creature.nif,,DLC01LvlTrog [CREA:0800350A],0,0,0,3,false,false,exclude_not_actor,Ambient/scenery actor or record without a usable identity.,
ThePitt.esm|0000A849,ThePitt.esm,0000A849,0800A849,TaleOfTwoWastelands.esm,DLC01GenericFactoryProtectron,Factory Protectron,,,unknown,Creatures\Protectron\skeleton.nif,RobotProtectronDC [VTYP:06019FDA],CrProtectronDC [CREA:0601CF8F],0,0,0,2,false,false,exclude_not_actor,Robot or automated turret reserved for the robot pass.,
ThePitt.esm|0000A84A,ThePitt.esm,0000A84A,0800A84A,TaleOfTwoWastelands.esm,DLC01DeadProtectron,Factory Protectron,,,unknown,Creatures\Protectron\skeleton.nif,RobotProtectronDC [VTYP:06019FDA],CrProtectronDC [CREA:0601CF8F],0,0,0,4,false,false,exclude_not_actor,Robot or automated turret reserved for the robot pass.,
ThePitt.esm|0000A8BE,ThePitt.esm,0000A8BE,0800A8BE,ThePitt.esm,DLC01LvlTrogNoAggro,,,,unknown,marker_creature.nif,,DLC01LvlTrog [CREA:0800350A],0,0,0,4,false,false,exclude_not_actor,Ambient/scenery actor or record without a usable identity.,
ThePitt.esm|0000A93B,ThePitt.esm,0000A93B,0800A93B,TaleOfTwoWastelands.esm,DLC01GenericFactoryProtectron02,Factory Protectron,,,unknown,Creatures\Protectron\skeleton.nif,RobotProtectronDC [VTYP:06019FDA],CrProtectronDC [CREA:0601CF8F],0,0,0,1,false,false,exclude_not_actor,Robot or automated turret reserved for the robot pass.,
ThePitt.esm|0000A93C,ThePitt.esm,0000A93C,0800A93C,TaleOfTwoWastelands.esm,DLC01SteelyardProtectron,Factory Protectron,,,unknown,Creatures\Protectron\skeleton.nif,RobotProtectronDC [VTYP:06019FDA],CrProtectronDC [CREA:0601CF8F],0,0,0,4,false,false,exclude_not_actor,Robot or automated turret reserved for the robot pass.,
ThePitt.esm|0000B163,ThePitt.esm,0000B163,0800B163,ThePitt.esm,DLC01FF007Trog,,,,unknown,marker_creature.nif,,DLC01LvlTrog [CREA:0800350A],0,0,4,6,false,false,exclude_not_actor,Ambient/scenery actor or record without a usable identity.,
ThePitt.esm|0000B6C9,ThePitt.esm,0000B6C9,0800B6C9,ThePitt.esm,DLC01LvlTurretCeilingAshur,,,,unknown,marker_creature.nif,,LvlTurretCeiling768 [CREA:000251A4],0,0,0,1,false,false,exclude_not_actor,Robot or automated turret reserved for the robot pass.,
BrokenSteel.esm|000013B2,BrokenSteel.esm,000013B2,090013B2,TaleOfTwoWastelands.esm,DLC03EncounterRCBrahmin,Brahmin,,,unknown,Creatures\BrahminDC\Skeleton.nif,VoiceDoNotRecordF [VTYP:00094EED],DLC03CrBrahminPackWater [CREA:000E2C16],0,0,0,1,false,false,include_nonverbal,Reachable official non-verbal creature mapped to a reviewed archetype.,brahmin
BrokenSteel.esm|000019CB,BrokenSteel.esm,000019CB,090019CB,BrokenSteel.esm,DLC03LvlTurretEnclave3500,,,,unknown,,,EncTurret [LVLC:0007D40F],0,0,0,27,false,false,exclude_not_actor,Robot or automated turret reserved for the robot pass.,
BrokenSteel.esm|00001D2F,BrokenSteel.esm,00001D2F,09001D2F,TaleOfTwoWastelands.esm,DLC03EncounterPPDeadMirelurk01,Mirelurk,,,unknown,Creatures\Mirelurk\Skeleton2.nif,,DLC03DeadMirelurk01 [CREA:090056BC],0,0,0,7,false,false,include_nonverbal,Reachable official non-verbal creature mapped to a reviewed archetype.,mirelurk
BrokenSteel.esm|00001FCC,BrokenSteel.esm,00001FCC,09001FCC,TaleOfTwoWastelands.esm,DLC03LibertyPrime,Liberty Prime,,,unknown,Creatures\LibertyPrime\skeleton.nif,RobotLibertyPrime [VTYP:00078DFF],,0,0,6,7,false,false,exclude_not_actor,Robot or automated turret reserved for the robot pass.,
BrokenSteel.esm|00002092,BrokenSteel.esm,00002092,09002092,TaleOfTwoWastelands.esm,DLC03EncounterPPDyingMirelurk,Mirelurk,,,unknown,Creatures\Mirelurk\Skeleton2.nif,VoiceDoNotRecordF [VTYP:00094EED],DLC03DeadMirelurk02 [CREA:090056BD],0,0,4,6,false,false,include_nonverbal,Reachable official non-verbal creature mapped to a reviewed archetype.,mirelurk
BrokenSteel.esm|0000223C,BrokenSteel.esm,0000223C,0900223C,BrokenSteel.esm,DLC03CrDeathClaw,Deathclaw,,,unknown,Creatures\DeathClaw\Skeleton.nif,VoiceDoNotRecordF [VTYP:00094EED],CrDeathClaw [CREA:0001CF9A],0,0,0,5,false,false,include_nonverbal,Reachable official non-verbal creature mapped to a reviewed archetype.,deathclaw
BrokenSteel.esm|00002651,BrokenSteel.esm,00002651,09002651,TaleOfTwoWastelands.esm,DLC03EncounterMegBrahmin,Brahmin,,,unknown,Creatures\Brahmin\Skeleton.nif,VoiceDoNotRecordF [VTYP:00094EED],DLC03CrBrahminPackWater [CREA:000E2C16],0,0,0,2,false,false,include_nonverbal,Reachable official non-verbal creature mapped to a reviewed archetype.,brahmin
BrokenSteel.esm|00002767,BrokenSteel.esm,00002767,09002767,TaleOfTwoWastelands.esm,DLC03EncounterTPBrahmin,Brahmin,,,unknown,Creatures\Brahmin\Skeleton.nif,VoiceDoNotRecordF [VTYP:00094EED],DLC03CrBrahminPackWater [CREA:000E2C16],0,0,0,2,false,false,include_nonverbal,Reachable official non-verbal creature mapped to a reviewed archetype.,brahmin
BrokenSteel.esm|00002E0E,BrokenSteel.esm,00002E0E,09002E0E,TaleOfTwoWastelands.esm,DLC03EncounterFBBrahmin,Brahmin,,,unknown,Creatures\Brahmin\Skeleton.nif,VoiceDoNotRecordF [VTYP:00094EED],DLC03CrBrahminPackWater [CREA:000E2C16],0,0,0,2,false,false,include_nonverbal,Reachable official non-verbal creature mapped to a reviewed archetype.,brahmin
BrokenSteel.esm|0000341C,BrokenSteel.esm,0000341C,0900341C,TaleOfTwoWastelands.esm,DLC03EncounterBTBrahmin,Brahmin,,,unknown,Creatures\Brahmin\Skeleton.nif,VoiceDoNotRecordF [VTYP:00094EED],DLC03CrBrahminPackWater [CREA:000E2C16],0,0,0,5,false,false,include_nonverbal,Reachable official non-verbal creature mapped to a reviewed archetype.,brahmin
BrokenSteel.esm|0000372A,BrokenSteel.esm,0000372A,0900372A,TaleOfTwoWastelands.esm,DLC03EncounterPPCBrahmin,Brahmin,,,unknown,Creatures\Brahmin\Skeleton.nif,VoiceDoNotRecordF [VTYP:00094EED],DLC03CrBrahminPackWater [CREA:000E2C16],0,0,0,2,false,false,include_nonverbal,Reachable official non-verbal creature mapped to a reviewed archetype.,brahmin
BrokenSteel.esm|00003894,BrokenSteel.esm,00003894,09003894,BrokenSteel.esm,DLC03CagedDeathclawEnclave,Deathclaw,,,unknown,Creatures\DeathClaw\Skeleton.nif,VoiceDoNotRecordF [VTYP:00094EED],CrDeathClaw [CREA:0001CF9A],0,0,0,2,false,false,include_nonverbal,Reachable official non-verbal creature mapped to a reviewed archetype.,deathclaw
BrokenSteel.esm|00003B33,BrokenSteel.esm,00003B33,09003B33,BrokenSteel.esm,DLC03WQ01Brahmin,Brahmin,,,unknown,Creatures\Brahmin\Skeleton.nif,VoiceDoNotRecordF [VTYP:00094EED],DLC03CrBrahminPackWater [CREA:000E2C16],0,0,0,1,false,false,include_nonverbal,Reachable official non-verbal creature mapped to a reviewed archetype.,brahmin
BrokenSteel.esm|00004C16,BrokenSteel.esm,00004C16,09004C16,TaleOfTwoWastelands.esm,DLC03EncounterADOutcastA1,Outcast Sentry Bot,,,unknown,Creatures\SentryBot\Skeleton.nif,RobotSentryBotDC [VTYP:06019FDB],CrSentryBotGLOutcastDC [CREA:0601CF71],0,0,0,2,false,false,exclude_not_actor,Robot or automated turret reserved for the robot pass.,
BrokenSteel.esm|000056BC,BrokenSteel.esm,000056BC,090056BC,TaleOfTwoWastelands.esm,DLC03DeadMirelurk01,Mirelurk,,,unknown,Creatures\Mirelurk\Skeleton2.nif,VoiceDoNotRecordF [VTYP:00094EED],,0,0,0,2,false,false,include_nonverbal,Reachable official non-verbal creature mapped to a reviewed archetype.,mirelurk
BrokenSteel.esm|000056BD,BrokenSteel.esm,000056BD,090056BD,TaleOfTwoWastelands.esm,DLC03DeadMirelurk02,Mirelurk,,,unknown,Creatures\Mirelurk\Skeleton2.nif,VoiceDoNotRecordF [VTYP:00094EED],CrMirelurk1 [CREA:0001CF83],0,0,0,4,false,false,include_nonverbal,Reachable official non-verbal creature mapped to a reviewed archetype.,mirelurk
BrokenSteel.esm|00005815,BrokenSteel.esm,00005815,09005815,TaleOfTwoWastelands.esm,DLC03EncounterPPDeadMirelurk02,Mirelurk,,,unknown,Creatures\Mirelurk\Skeleton2.nif,,DLC03DeadMirelurk02 [CREA:090056BD],0,0,0,5,false,false,include_nonverbal,Reachable official non-verbal creature mapped to a reviewed archetype.,mirelurk
BrokenSteel.esm|00006430,BrokenSteel.esm,00006430,09006430,BrokenSteel.esm,DLC03PresMetroEncTurretCeil,,,,unknown,,,EncTurretCeiling [LVLC:000A8A5D],0,0,0,1,false,false,exclude_not_actor,Robot or automated turret reserved for the robot pass.,
BrokenSteel.esm|00006444,BrokenSteel.esm,00006444,09006444,BrokenSteel.esm,DLC03PresMetroLvlRobot,,,,unknown,marker_creature.nif,,EncRobot [LVLC:000235A0],0,0,0,17,false,false,exclude_not_actor,Robot or automated turret reserved for the robot pass.,
BrokenSteel.esm|00006449,BrokenSteel.esm,00006449,09006449,BrokenSteel.esm,DLC03PresMetroCeilTurret,,,,unknown,marker_creature.nif,,EncTurretCeiling [LVLC:000A8A5D],0,0,0,2,false,false,exclude_not_actor,Robot or automated turret reserved for the robot pass.,
BrokenSteel.esm|000064A3,BrokenSteel.esm,000064A3,090064A3,TaleOfTwoWastelands.esm,DLC03PresMetroGhoul01DEAD,Feral Ghoul,,,unknown,Creatures\GhoulDC\Skeleton.nif,CreatureFeralGhoulDC [VTYP:0607AE96],CrFeralGhoul1ADC [CREA:0609FAFA],0,0,0,2,false,false,include_nonverbal,Reachable official non-verbal creature mapped to a reviewed archetype.,feral_ghoul
BrokenSteel.esm|000064A5,BrokenSteel.esm,000064A5,090064A5,TaleOfTwoWastelands.esm,DLC03PresMetroGhoul02DEAD,Feral Ghoul,,,unknown,Creatures\GhoulDC\Skeleton.nif,CreatureFeralGhoulDC [VTYP:0607AE96],,0,0,0,2,false,false,include_nonverbal,Reachable official non-verbal creature mapped to a reviewed archetype.,feral_ghoul
BrokenSteel.esm|000064A6,BrokenSteel.esm,000064A6,090064A6,BrokenSteel.esm,DLC03PresMetroFeralGhoul01,,,,unknown,,,EncFeralGhoulDC [LVLC:060235A7],0,0,0,1,false,false,exclude_not_actor,Ambient/scenery actor or record without a usable identity.,
BrokenSteel.esm|000064A9,BrokenSteel.esm,000064A9,090064A9,BrokenSteel.esm,DLC03PresMetroFeralGhoul02,,,,unknown,,,EncFeralGhoulDC [LVLC:060235A7],0,0,0,2,false,false,exclude_not_actor,Ambient/scenery actor or record without a usable identity.,
BrokenSteel.esm|000064AC,BrokenSteel.esm,000064AC,090064AC,BrokenSteel.esm,DLC03PresMetroFeralGhoul03,,,,unknown,,,EncFeralGhoulDC [LVLC:060235A7],0,0,0,19,false,false,exclude_not_actor,Ambient/scenery actor or record without a usable identity.,
BrokenSteel.esm|000064BD,BrokenSteel.esm,000064BD,090064BD,BrokenSteel.esm,DLC03PresMetroLvlRobotWave01,,,,unknown,marker_creature.nif,,EncRobot [LVLC:000235A0],0,0,0,7,false,false,exclude_not_actor,Robot or automated turret reserved for the robot pass.,
BrokenSteel.esm|000064C9,BrokenSteel.esm,000064C9,090064C9,BrokenSteel.esm,DLC03PresMetroTurretWave01,,,,unknown,marker_creature.nif,,EncTurretCeiling [LVLC:000A8A5D],0,0,0,2,false,false,exclude_not_actor,Robot or automated turret reserved for the robot pass.,
BrokenSteel.esm|000064D6,BrokenSteel.esm,000064D6,090064D6,TaleOfTwoWastelands.esm,DLC03PresMetroLvlRobotBoss,Presidential Metro Sentinel Unit,,,unknown,Creatures\SentryBot\Skeleton.nif,RobotSentryBotDC [VTYP:06019FDB],CrSentryBotGLDC [CREA:0601CF8A],0,0,0,2,false,false,exclude_not_actor,Robot or automated turret reserved for the robot pass.,
BrokenSteel.esm|00006520,BrokenSteel.esm,00006520,09006520,TaleOfTwoWastelands.esm,DLC03WQ03SunOfAtom,Atom's Champion,,,unknown,Creatures\GhoulDC\Skeleton.nif,CreatureFeralGhoulDC [VTYP:0607AE96],DLC03CrFeralGhoul4A [CREA:000E2C18],0,0,13,14,false,false,exclude_unused,A maintained named biography already exists; do not duplicate it.,
BrokenSteel.esm|00006FD0,BrokenSteel.esm,00006FD0,09006FD0,BrokenSteel.esm,DLC03LvlRobotEnclave,,,,unknown,,,DLC03EncRobotEnclave [LVLC:09009AD9],0,0,0,2,false,false,exclude_not_actor,Robot or automated turret reserved for the robot pass.,
BrokenSteel.esm|000074B1,BrokenSteel.esm,000074B1,090074B1,BrokenSteel.esm,DLC03PresMetroAlarmTurret,,,,unknown,,,EncTurretCeiling [LVLC:000A8A5D],0,0,0,2,false,false,exclude_not_actor,Robot or automated turret reserved for the robot pass.,
BrokenSteel.esm|00007E36,BrokenSteel.esm,00007E36,09007E36,TaleOfTwoWastelands.esm,DLC03WQ03CrGlowingApostle,Sun of Atom,,,unknown,Creatures\GhoulDC\Skeleton.nif,CreatureFeralGhoulDC [VTYP:0607AE96],,0,0,13,15,false,false,exclude_unused,A maintained named biography already exists; do not duplicate it.,
BrokenSteel.esm|00008899,BrokenSteel.esm,00008899,09008899,BrokenSteel.esm,DLC03LvlTurretCeilingEnclave,,,,unknown,,,EncTurretCeiling [LVLC:000A8A5D],0,0,0,2,false,false,exclude_not_actor,Robot or automated turret reserved for the robot pass.,
BrokenSteel.esm|000088F3,BrokenSteel.esm,000088F3,090088F3,TaleOfTwoWastelands.esm,DLC03SentryBotGLArmory,Enclave Sentry Bot,,,unknown,Creatures\SentryBot\Skeleton.nif,RobotSentryBotDC [VTYP:06019FDB],DLC03CrSentryBotGLEnclave [CREA:000E2C00],0,0,0,2,false,false,exclude_not_actor,Robot or automated turret reserved for the robot pass.,
BrokenSteel.esm|00008CBC,BrokenSteel.esm,00008CBC,09008CBC,BrokenSteel.esm,DLC03LvlTurretCeilingEnclaveMB,,,,unknown,marker_creature.nif,,DLC03LvlTurretCeilingEnclave [CREA:09008899],0,0,0,5,false,false,exclude_not_actor,Robot or automated turret reserved for the robot pass.,
BrokenSteel.esm|00008CBD,BrokenSteel.esm,00008CBD,09008CBD,TaleOfTwoWastelands.esm,DLC03SentryBotGLEnclaveMB,Enclave Sentry Bot,,,unknown,Creatures\SentryBot\Skeleton.nif,RobotSentryBotDC [VTYP:06019FDB],DLC03CrSentryBotGLEnclave [CREA:000E2C00],0,0,0,7,false,false,exclude_not_actor,Robot or automated turret reserved for the robot pass.,
BrokenSteel.esm|00008CC0,BrokenSteel.esm,00008CC0,09008CC0,BrokenSteel.esm,DLC03MisterGutsyEnclaveMB,Mister Gutsy,,,unknown,Creatures\MisterGutsy\Skeleton.nif,RobotMisterGutsyDC [VTYP:06019FDD],DLC03CrMisterGutsyEnclave [CREA:000E2BFD],0,0,0,3,false,false,exclude_not_actor,Robot or automated turret reserved for the robot pass.,
BrokenSteel.esm|00008CCF,BrokenSteel.esm,00008CCF,09008CCF,TaleOfTwoWastelands.esm,DLC03CrTurret04EnclaveMB,Mark VIII Turret,,,unknown,Creatures\SentryTurret\skeleton.nif,RobotEyebot [VTYP:00040D41],DLC03CrTurret04 [CREA:000E2C02],0,0,0,4,false,false,exclude_not_actor,Robot or automated turret reserved for the robot pass.,
BrokenSteel.esm|0000946B,BrokenSteel.esm,0000946B,0900946B,TaleOfTwoWastelands.esm,DLC03DeathClawEnclaveBase,Deathclaw,,,unknown,Creatures\DeathClaw\Skeleton.nif,VoiceDoNotRecordF [VTYP:00094EED],CrDeathClawEnclave [CREA:0001CF72],0,0,0,5,false,false,include_nonverbal,Reachable official non-verbal creature mapped to a reviewed archetype.,deathclaw
BrokenSteel.esm|00009518,BrokenSteel.esm,00009518,09009518,BrokenSteel.esm,DLC03PowerWorksEmployeeCargo,,,,unknown,marker_creature.nif,,EncRobot [LVLC:000235A0],0,0,0,3,false,false,exclude_not_actor,Ambient/scenery actor or record without a usable identity.,
BrokenSteel.esm|00009519,BrokenSteel.esm,00009519,09009519,BrokenSteel.esm,DLC03PowerWorksEmployeeVats,,,,unknown,,,EncRobot [LVLC:000235A0],0,0,0,2,false,false,exclude_not_actor,Ambient/scenery actor or record without a usable identity.,
BrokenSteel.esm|00009AE1,BrokenSteel.esm,00009AE1,09009AE1,TaleOfTwoWastelands.esm,DLC03SentryBotMGEnclaveStiggs,Sparky,,,unknown,Creatures\SentryBot\Skeleton.nif,RobotSentryBotDC [VTYP:06019FDB],DLC03CrSentryBotMGEnclave [CREA:000E2C01],0,0,0,2,false,false,exclude_not_actor,Robot or automated turret reserved for the robot pass.,
BrokenSteel.esm|0000AD89,BrokenSteel.esm,0000AD89,0900AD89,TaleOfTwoWastelands.esm,DLC03CrRadscorpion3Albino,Albino Radscorpion,,,unknown,Creatures\Radscorpion\Skeleton.nif,VoiceDoNotRecordF [VTYP:00094EED],,0,15,0,6,false,false,include_nonverbal,Reachable official non-verbal creature mapped to a reviewed archetype.,albino_radscorpion
BrokenSteel.esm|0000B81E,BrokenSteel.esm,0000B81E,0900B81E,BrokenSteel.esm,DLC03WQ03MotherCurieGhoul,Mother Curie III,,,unknown,Creatures\GhoulDC\Skeleton.nif,CreatureFeralGhoulDC [VTYP:0607AE96],DLC03CrFeralGhoul4A [CREA:000E2C18],0,0,0,2,false,false,exclude_talking,Conversational humanoid or intelligible speaking creature.,
BrokenSteel.esm|0000BB36,BrokenSteel.esm,0000BB36,0900BB36,BrokenSteel.esm,DLC03WQWaterBrahmin,Brahmin,,,unknown,Creatures\Brahmin\Skeleton.nif,VoiceDoNotRecordF [VTYP:00094EED],DLC03CrBrahminPackWater [CREA:000E2C16],0,0,0,2,false,false,include_nonverbal,Reachable official non-verbal creature mapped to a reviewed archetype.,brahmin
BrokenSteel.esm|0000CF37,BrokenSteel.esm,0000CF37,0900CF37,TaleOfTwoWastelands.esm,DLC03zCarTunnelTurretDC,Mark VI Turret,,,unknown,Creatures\SentryTurret\skeleton.nif,RobotEyebot [VTYP:00040D41],CrTurret03SteelDC [CREA:06086472],0,0,0,1,false,false,exclude_not_actor,Robot or automated turret reserved for the robot pass.,
PointLookout.esm|000035DB,PointLookout.esm,000035DB,0A0035DB,PointLookout.esm,DLC04MQ02LvlTurretCeiling1024,,,,unknown,,,EncTurretCeiling [LVLC:000A8A5D],0,0,0,2,false,false,exclude_not_actor,Robot or automated turret reserved for the robot pass.,
PointLookout.esm|00006646,PointLookout.esm,00006646,0A006646,TaleOfTwoWastelands.esm,DLC04DesmondDog01,Freki,,,unknown,Creatures\Dog\Skeleton.nif,VoiceDoNotRecordF [VTYP:00094EED],CrDogViciousDC [CREA:0601CFA3],0,0,0,1,false,false,exclude_unused,A maintained named biography already exists; do not duplicate it.,
PointLookout.esm|0000732E,PointLookout.esm,0000732E,0A00732E,PointLookout.esm,DLC04FF05Protectron,Protectron,,,unknown,Creatures\Protectron\skeleton.nif,DLC04RobotVoice [VTYP:0A00A884],CrProtectronDC [CREA:0601CF8F],0,0,5,6,false,false,exclude_not_actor,Robot or automated turret reserved for the robot pass.,
PointLookout.esm|00008807,PointLookout.esm,00008807,0A008807,TaleOfTwoWastelands.esm,DLC04CrSwampGhoul,Swamp Ghoul,,,unknown,Creatures\GhoulDC\Skeleton.nif,CreatureFeralGhoulDC [VTYP:0607AE96],CrFeralGhoul1ADC [CREA:0609FAFA],0,5,0,13,false,false,include_nonverbal,Reachable official non-verbal creature mapped to a reviewed archetype.,swamp_ghoul
PointLookout.esm|00009BF5,PointLookout.esm,00009BF5,0A009BF5,PointLookout.esm,DLC04FF06Ghoul01,,,,unknown,,,DLC04FF06EncFeralGhoul [LVLC:0A01115A],0,0,0,2,false,false,exclude_not_actor,Ambient/scenery actor or record without a usable identity.,
PointLookout.esm|00009C09,PointLookout.esm,00009C09,0A009C09,TaleOfTwoWastelands.esm,DLC04FF06GhoulPassive,Swamp Ghoul,,,unknown,Creatures\GhoulDC\Skeleton.nif,CreatureFeralGhoulDC [VTYP:0607AE96],DLC04CrSwampGhoul [CREA:0A008807],0,0,0,3,false,false,include_nonverbal,Reachable official non-verbal creature mapped to a reviewed archetype.,swamp_ghoul
PointLookout.esm|0000A56C,PointLookout.esm,0000A56C,0A00A56C,TaleOfTwoWastelands.esm,DLC04crSwamplurkQueen,Swamplurk Queen,,,unknown,Creatures\MirelurkKing\Skeleton.nif,VoiceDoNotRecordF [VTYP:00094EED],,0,3,0,5,false,false,include_nonverbal,Reachable official non-verbal creature mapped to a reviewed archetype.,swamplurk_queen
PointLookout.esm|0000B001,PointLookout.esm,0000B001,0A00B001,TaleOfTwoWastelands.esm,DLC04crSwamplurk,Swamplurk,,,unknown,Creatures\Mirelurk\Skeleton2.nif,VoiceDoNotRecordF [VTYP:00094EED],CrMirelurk1 [CREA:0001CF83],0,3,0,5,false,false,include_nonverbal,Reachable official non-verbal creature mapped to a reviewed archetype.,swamplurk
PointLookout.esm|0000B850,PointLookout.esm,0000B850,0A00B850,TaleOfTwoWastelands.esm,DLC04LabProtectronBrain,Protectron,,,unknown,Creatures\Protectron\skeleton.nif,RobotProtectronDC [VTYP:06019FDA],CrProtectronDC [CREA:0601CF8F],0,0,0,19,false,false,exclude_not_actor,Robot or automated turret reserved for the robot pass.,
PointLookout.esm|0000C1DE,PointLookout.esm,0000C1DE,0A00C1DE,PointLookout.esm,DLC04LvlGhoul,,,,unknown,,,DLC04EncFeralGhoul [LVLC:0A00D85E],0,0,0,48,false,false,exclude_not_actor,Ambient/scenery actor or record without a usable identity.,
PointLookout.esm|0000C1DF,PointLookout.esm,0000C1DF,0A00C1DF,PointLookout.esm,DLC04LvlSwampFolkRanged,,,,unknown,,,DLC04EncSwampFolkRanged [LVLC:0A0107BF],0,0,0,20,false,false,exclude_talking,Conversational humanoid or intelligible speaking creature.,
PointLookout.esm|0000C1E1,PointLookout.esm,0000C1E1,0A00C1E1,PointLookout.esm,DLC04LvlMirelurk,,,,unknown,,,DLC04EncMirelurk [LVLC:0A00DA31],0,0,0,46,false,false,exclude_not_actor,Ambient/scenery actor or record without a usable identity.,
PointLookout.esm|0000C1E2,PointLookout.esm,0000C1E2,0A00C1E2,PointLookout.esm,DLC04LvlNuisance,,,,unknown,,,DLC04EncNuisance [LVLC:0A0102F2],0,0,0,4,false,false,exclude_not_actor,Ambient/scenery actor or record without a usable identity.,
PointLookout.esm|0000C1E7,PointLookout.esm,0000C1E7,0A00C1E7,TaleOfTwoWastelands.esm,DLC04DesmondDog03,Geri,,,unknown,Creatures\Dog\Skeleton.nif,VoiceDoNotRecordF [VTYP:00094EED],CrDogWastelander [CREA:00076926],0,0,0,1,false,false,exclude_unused,A maintained named biography already exists; do not duplicate it.,
PointLookout.esm|0000C9C2,PointLookout.esm,0000C9C2,0A00C9C2,TaleOfTwoWastelands.esm,DLC04CagedSwamplurk,Swamplurk,,,unknown,Creatures\Mirelurk\Skeleton2.nif,VoiceDoNotRecordF [VTYP:00094EED],DLC04crSwamplurk [CREA:0A00B001],0,0,0,1,false,false,include_nonverbal,Reachable official non-verbal creature mapped to a reviewed archetype.,swamplurk
PointLookout.esm|0000D5D7,PointLookout.esm,0000D5D7,0A00D5D7,TaleOfTwoWastelands.esm,DLC04LabRobobrainSentry,Robobrain Sentry,,,unknown,Creatures\Robobrain\skeleton.nif,RobotRoboBrainDC [VTYP:06019FDE],CrRobobrainDC [CREA:0601CF89],0,0,0,8,false,false,exclude_not_actor,Robot or automated turret reserved for the robot pass.,
PointLookout.esm|0000E1A1,PointLookout.esm,0000E1A1,0A00E1A1,TaleOfTwoWastelands.esm,DLC04LabRoundRoomRobobrainSentry,Robobrain Sentry,,,unknown,Creatures\Robobrain\skeleton.nif,RobotRoboBrainDC [VTYP:06019FDE],CrRobobrainDC [CREA:0601CF89],0,0,0,1,false,false,exclude_not_actor,Robot or automated turret reserved for the robot pass.,
PointLookout.esm|0000E76E,PointLookout.esm,0000E76E,0A00E76E,TaleOfTwoWastelands.esm,DLC04crSwampFolk1Ranged,Scrapper,,,unknown,DLC04\Creatures\Hillfolk2and3\Anims\Skeleton.nif,DLC04MaleYokelSmall [VTYP:0A00A881],,0,6,0,7,false,false,exclude_talking,Conversational humanoid or intelligible speaking creature.,
PointLookout.esm|0000E76F,PointLookout.esm,0000E76F,0A00E76F,TaleOfTwoWastelands.esm,DLC04crSwampFolk3Ranged,Creeper,,,unknown,DLC04\Creatures\Hillfolk2and3\Anims\Skeleton.nif,DLC04MaleYokelSmall [VTYP:0A00A881],,0,6,0,6,false,false,exclude_talking,Conversational humanoid or intelligible speaking creature.,
PointLookout.esm|0000E770,PointLookout.esm,0000E770,0A00E770,TaleOfTwoWastelands.esm,DLC04crSwampFolk5Melee,Bruiser,,,unknown,DLC04\Creatures\Hillfolk1\Skeleton.nif,DLC04MaleYokelLarge [VTYP:0A00A882],,0,6,0,8,false,false,exclude_talking,Conversational humanoid or intelligible speaking creature.,
PointLookout.esm|0000E771,PointLookout.esm,0000E771,0A00E771,TaleOfTwoWastelands.esm,DLC04crSwampFolk2Ranged,Brawler,,,unknown,DLC04\Creatures\Hillfolk2and3\Anims\Skeleton.nif,DLC04MaleYokelMedium [VTYP:0A0112E9],,0,6,0,6,false,false,exclude_talking,Conversational humanoid or intelligible speaking creature.,
PointLookout.esm|0000EA7E,PointLookout.esm,0000EA7E,0A00EA7E,TaleOfTwoWastelands.esm,DLC04StoreProtectron,Protectron,,,unknown,Creatures\Protectron\skeleton.nif,RobotProtectronDC [VTYP:06019FDA],DLC04CrProtectron [CREA:0A00EA7F],0,0,0,1,false,false,exclude_not_actor,Robot or automated turret reserved for the robot pass.,
PointLookout.esm|0000EA7F,PointLookout.esm,0000EA7F,0A00EA7F,PointLookout.esm,DLC04CrProtectron,Protectron,,,unknown,Creatures\Protectron\skeleton.nif,RobotProtectronDC [VTYP:06019FDA],CrProtectronDC [CREA:0601CF8F],0,0,0,2,false,false,exclude_not_actor,Robot or automated turret reserved for the robot pass.,
PointLookout.esm|0000ECF9,PointLookout.esm,0000ECF9,0A00ECF9,TaleOfTwoWastelands.esm,DLC04CrYaoGuai,Ruzka,,,unknown,Creatures\YaoGuai\Skeleton.nif,VoiceDoNotRecordF [VTYP:00094EED],CrYaoGuai [CREA:0601CFA0],0,0,0,1,false,false,exclude_unused,A maintained named biography already exists; do not duplicate it.,
PointLookout.esm|0000F7A8,PointLookout.esm,0000F7A8,0A00F7A8,TaleOfTwoWastelands.esm,DLC04crSwamplurkDead,Swamplurk,,,unknown,Creatures\Mirelurk\Skeleton.nif,VoiceDoNotRecordF [VTYP:00094EED],CrMirelurk1 [CREA:0001CF83],0,0,0,2,false,false,include_nonverbal,Reachable official non-verbal creature mapped to a reviewed archetype.,swamplurk
PointLookout.esm|0000FAE2,PointLookout.esm,0000FAE2,0A00FAE2,TaleOfTwoWastelands.esm,DLC04BlackhallManorSwampFolk03DEAD,Creeper,,,unknown,DLC04\Creatures\Hillfolk2and3\Anims\Skeleton.nif,DLC04MaleYokelSmall [VTYP:0A00A881],DLC04crSwampFolk3Melee [CREA:0A0107BB],0,0,0,1,false,false,exclude_talking,Conversational humanoid or intelligible speaking creature.,
PointLookout.esm|0000FCAD,PointLookout.esm,0000FCAD,0A00FCAD,TaleOfTwoWastelands.esm,DLC04crSwamplurkDeadBearTrap,Swamplurk,,,unknown,Creatures\Mirelurk\Skeleton.nif,VoiceDoNotRecordF [VTYP:00094EED],CrMirelurk1 [CREA:0001CF83],0,0,0,1,false,false,include_nonverbal,Reachable official non-verbal creature mapped to a reviewed archetype.,swamplurk
PointLookout.esm|00010089,PointLookout.esm,00010089,0A010089,PointLookout.esm,DLC04LvlSwampfolkRitualToAltarRanged,,,,unknown,marker_creature.nif,,DLC04LvlSwampFolkRanged [CREA:0A00C1DF],0,0,0,3,false,false,exclude_talking,Conversational humanoid or intelligible speaking creature.,
PointLookout.esm|00010346,PointLookout.esm,00010346,0A010346,PointLookout.esm,DLC04CrDogVicious,Vicious Dog,,,unknown,Creatures\Dog\Skeleton.nif,VoiceDoNotRecordF [VTYP:00094EED],CrDogViciousDC [CREA:0601CFA3],0,3,0,2,false,false,include_nonverbal,Reachable official non-verbal creature mapped to a reviewed archetype.,vicious_dog
PointLookout.esm|0001034B,PointLookout.esm,0001034B,0A01034B,PointLookout.esm,DLC04CrBloatFly,Bloatfly,,,unknown,Creatures\Blowfly\Skeleton.nif,VoiceDoNotRecordF [VTYP:00094EED],CrBloatFly [CREA:0009189C],0,3,0,2,false,false,include_nonverbal,Reachable official non-verbal creature mapped to a reviewed archetype.,bloatfly
PointLookout.esm|0001034D,PointLookout.esm,0001034D,0A01034D,PointLookout.esm,DLC04CrMoleRat,Mole Rat,,,unknown,Creatures\MoleRat\skeleton.nif,VoiceDoNotRecordF [VTYP:00094EED],CrMoleRat [CREA:0001CF9F],0,3,0,3,false,false,include_nonverbal,Reachable official non-verbal creature mapped to a reviewed archetype.,mole_rat
PointLookout.esm|000106AD,PointLookout.esm,000106AD,0A0106AD,TaleOfTwoWastelands.esm,DLC04CrFeralGhoul4A,Feral Ghoul Reaver,,,unknown,Creatures\GhoulDC\Skeleton.nif,CreatureFeralGhoulDC [VTYP:0607AE96],,0,3,0,4,false,false,include_nonverbal,Reachable official non-verbal creature mapped to a reviewed archetype.,feral_ghoul_reaver
PointLookout.esm|000107B9,PointLookout.esm,000107B9,0A0107B9,TaleOfTwoWastelands.esm,DLC04crSwampFolk1Melee,Scrapper,,,unknown,DLC04\Creatures\Hillfolk2and3\Anims\Skeleton.nif,DLC04MaleYokelSmall [VTYP:0A00A881],,0,6,0,12,false,false,exclude_talking,Conversational humanoid or intelligible speaking creature.,
PointLookout.esm|000107BA,PointLookout.esm,000107BA,0A0107BA,TaleOfTwoWastelands.esm,DLC04crSwampFolk2Melee,Brawler,,,unknown,DLC04\Creatures\Hillfolk2and3\Anims\Skeleton.nif,DLC04MaleYokelMedium [VTYP:0A0112E9],,0,6,0,7,false,false,exclude_talking,Conversational humanoid or intelligible speaking creature.,
PointLookout.esm|000107BB,PointLookout.esm,000107BB,0A0107BB,TaleOfTwoWastelands.esm,DLC04crSwampFolk3Melee,Creeper,,,unknown,DLC04\Creatures\Hillfolk2and3\Anims\Skeleton.nif,DLC04MaleYokelSmall [VTYP:0A00A881],,0,6,0,8,false,false,exclude_talking,Conversational humanoid or intelligible speaking creature.,
PointLookout.esm|000107BC,PointLookout.esm,000107BC,0A0107BC,TaleOfTwoWastelands.esm,DLC04crSwampFolk4Melee,Tracker,,,unknown,DLC04\Creatures\Hillfolk1\Skeleton.nif,DLC04MaleYokelLarge [VTYP:0A00A882],,0,6,0,8,false,false,exclude_talking,Conversational humanoid or intelligible speaking creature.,
PointLookout.esm|000107BD,PointLookout.esm,000107BD,0A0107BD,PointLookout.esm,DLC04LvlSwampFolkMelee,,,,unknown,,,DLC04EncSwampFolkMelee [LVLC:0A0107C1],0,0,0,12,false,false,exclude_talking,Conversational humanoid or intelligible speaking creature.,
PointLookout.esm|000107BE,PointLookout.esm,000107BE,0A0107BE,PointLookout.esm,DLC04LvlSwampFolkRandom,,,,unknown,,,DLC04EncSwampFolkRandom [LVLC:0A0107C0],0,0,0,13,false,false,exclude_talking,Conversational humanoid or intelligible speaking creature.,
PointLookout.esm|00010A69,PointLookout.esm,00010A69,0A010A69,PointLookout.esm,DLC04LvlSwampFolkGrenadier,,,,unknown,,,DLC04EncSwampFolkRanged [LVLC:0A0107BF],0,0,0,1,false,false,exclude_talking,Conversational humanoid or intelligible speaking creature.,
PointLookout.esm|00010ADD,PointLookout.esm,00010ADD,0A010ADD,PointLookout.esm,DLC04IntroCrDogVicious,Vicious Dog,,,unknown,Creatures\Dog\Skeleton.nif,VoiceDoNotRecordF [VTYP:00094EED],CrDogViciousDC [CREA:0601CFA3],0,0,0,2,false,false,include_nonverbal,Reachable official non-verbal creature mapped to a reviewed archetype.,vicious_dog
PointLookout.esm|00011098,PointLookout.esm,00011098,0A011098,TaleOfTwoWastelands.esm,DLC04staticShotgunScrapper,Scrapper,,,unknown,DLC04\Creatures\Hillfolk2and3\Anims\Skeleton.nif,DLC04MaleYokelSmall [VTYP:0A00A881],DLC04crSwampFolk1Melee [CREA:0A0107B9],0,0,0,2,false,false,exclude_talking,Conversational humanoid or intelligible speaking creature.,
PointLookout.esm|00011147,PointLookout.esm,00011147,0A011147,PointLookout.esm,DLC04LvlSwampfolkRitualToAltarMelee,,,,unknown,marker_creature.nif,,DLC04LvlSwampFolkMelee [CREA:0A0107BD],0,0,0,2,false,false,exclude_talking,Conversational humanoid or intelligible speaking creature.,
PointLookout.esm|0001115C,PointLookout.esm,0001115C,0A01115C,PointLookout.esm,DLC04crSwampFolk1MeleeNoRespawn,Scrapper,,,unknown,DLC04\Creatures\Hillfolk2and3\Anims\Skeleton.nif,DLC04MaleYokelSmall [VTYP:0A00A881],DLC04crSwampFolk1Melee [CREA:0A0107B9],0,6,0,5,false,false,exclude_talking,Conversational humanoid or intelligible speaking creature.,
PointLookout.esm|0001115D,PointLookout.esm,0001115D,0A01115D,PointLookout.esm,DLC04crSwampFolk1RangedNoRespawn,Scrapper,,,unknown,DLC04\Creatures\Hillfolk2and3\Anims\Skeleton.nif,DLC04MaleYokelSmall [VTYP:0A00A881],DLC04crSwampFolk1Ranged [CREA:0A00E76E],0,6,0,5,false,false,exclude_talking,Conversational humanoid or intelligible speaking creature.,
PointLookout.esm|0001115E,PointLookout.esm,0001115E,0A01115E,PointLookout.esm,DLC04crSwampFolk2MeleeNoRespawn,Brawler,,,unknown,DLC04\Creatures\Hillfolk2and3\Anims\Skeleton.nif,DLC04MaleYokelMedium [VTYP:0A0112E9],DLC04crSwampFolk2Melee [CREA:0A0107BA],0,6,0,5,false,false,exclude_talking,Conversational humanoid or intelligible speaking creature.,
PointLookout.esm|0001115F,PointLookout.esm,0001115F,0A01115F,PointLookout.esm,DLC04crSwampFolk2RangedNoRespawn,Brawler,,,unknown,DLC04\Creatures\Hillfolk2and3\Anims\Skeleton.nif,DLC04MaleYokelMedium [VTYP:0A0112E9],DLC04crSwampFolk2Ranged [CREA:0A00E771],0,6,0,5,false,false,exclude_talking,Conversational humanoid or intelligible speaking creature.,
PointLookout.esm|00011160,PointLookout.esm,00011160,0A011160,PointLookout.esm,DLC04crSwampFolk3MeleeNoRespawn,Creeper,,,unknown,DLC04\Creatures\Hillfolk2and3\Anims\Skeleton.nif,DLC04MaleYokelSmall [VTYP:0A00A881],DLC04crSwampFolk3Melee [CREA:0A0107BB],0,6,0,5,false,false,exclude_talking,Conversational humanoid or intelligible speaking creature.,
PointLookout.esm|00011161,PointLookout.esm,00011161,0A011161,PointLookout.esm,DLC04crSwampFolk3RangedNoRespawn,Creeper,,,unknown,DLC04\Creatures\Hillfolk2and3\Anims\Skeleton.nif,DLC04MaleYokelSmall [VTYP:0A00A881],DLC04crSwampFolk3Ranged [CREA:0A00E76F],0,6,0,5,false,false,exclude_talking,Conversational humanoid or intelligible speaking creature.,
PointLookout.esm|00011162,PointLookout.esm,00011162,0A011162,PointLookout.esm,DLC04crSwampFolk4MeleeNoRespawn,Tracker,,,unknown,DLC04\Creatures\Hillfolk1\Skeleton.nif,DLC04MaleYokelLarge [VTYP:0A00A882],DLC04crSwampFolk4Melee [CREA:0A0107BC],0,6,0,9,false,false,exclude_talking,Conversational humanoid or intelligible speaking creature.,
PointLookout.esm|00011163,PointLookout.esm,00011163,0A011163,PointLookout.esm,DLC04crSwampFolk5MeleeNoRespawn,Bruiser,,,unknown,DLC04\Creatures\Hillfolk1\Skeleton.nif,DLC04MaleYokelLarge [VTYP:0A00A882],DLC04crSwampFolk5Melee [CREA:0A00E770],0,6,0,7,false,false,exclude_talking,Conversational humanoid or intelligible speaking creature.,
PointLookout.esm|00011165,PointLookout.esm,00011165,0A011165,PointLookout.esm,DLC04LvlSwampFolkMeleeNoRespawn,,,,unknown,,,DLC04EncSwampFolkMeleeNoRespawn [LVLC:0A011168],0,0,0,9,false,false,exclude_talking,Conversational humanoid or intelligible speaking creature.,
PointLookout.esm|00011167,PointLookout.esm,00011167,0A011167,PointLookout.esm,DLC04LvlSwampFolkRangedNoRespawn,,,,unknown,,,DLC04EncSwampFolkRangedNoRespawn [LVLC:0A01116A],0,0,0,7,false,false,exclude_talking,Conversational humanoid or intelligible speaking creature.,
PointLookout.esm|000116F6,PointLookout.esm,000116F6,0A0116F6,TaleOfTwoWastelands.esm,DLC04BogHallucinationGhoul,Swamp Ghoul,,,unknown,Creatures\GhoulDC\Skeleton.nif,CreatureFeralGhoulDC [VTYP:0607AE96],CrFeralGhoul1ADC [CREA:0609FAFA],0,0,0,6,false,false,include_nonverbal,Reachable official non-verbal creature mapped to a reviewed archetype.,swamp_ghoul
PointLookout.esm|00011CFB,PointLookout.esm,00011CFB,0A011CFB,PointLookout.esm,DLC04LabLvlTurretCeiling768,,,,unknown,,,EncTurretCeiling [LVLC:000A8A5D],0,0,0,6,false,false,exclude_not_actor,Robot or automated turret reserved for the robot pass.,
Zeta.esm|00001FAF,Zeta.esm,00001FAF,0B001FAF,Zeta.esm,DLC05TESTcrAlien1,Alien,,,unknown,DLC05\Creatures\Alien\Skeleton.nif,DLC05CreatureAlien [VTYP:0B0034CC],DLC05crAlien1GunATemplate [CREA:0B003C65],0,0,2,21,false,false,exclude_talking,Conversational humanoid or intelligible speaking creature.,
Zeta.esm|000034DA,Zeta.esm,000034DA,0B0034DA,TaleOfTwoWastelands.esm,DLC05TESTcrAlien2,Alien,,,unknown,DLC05\Creatures\Alien\Skeleton.nif,DLC05CreatureAlien [VTYP:0B0034CC],DLC05TESTcrAlien1 [CREA:0B001FAF],0,0,0,6,false,false,exclude_talking,Conversational humanoid or intelligible speaking creature.,
Zeta.esm|000034DB,Zeta.esm,000034DB,0B0034DB,Zeta.esm,DLC05TESTcrAlien3,Alien,,,unknown,DLC05\Creatures\Alien\Skeleton.nif,DLC05CreatureAlien [VTYP:0B0034CC],DLC05TESTcrAlien1 [CREA:0B001FAF],0,0,0,4,false,false,exclude_talking,Conversational humanoid or intelligible speaking creature.,
Zeta.esm|00003C45,Zeta.esm,00003C45,0B003C45,Zeta.esm,DLC05ERoomRobot,,,,unknown,marker_creature.nif,,DLC05LvlRobotRandom [CREA:0B0058E7],0,0,0,20,false,false,exclude_not_actor,Robot or automated turret reserved for the robot pass.,
Zeta.esm|00003C65,Zeta.esm,00003C65,0B003C65,TaleOfTwoWastelands.esm,DLC05crAlien1GunATemplate,Alien,,,unknown,DLC05\Creatures\Alien\Skeleton.nif,DLC05CreatureAlien [VTYP:0B0034CC],,0,2,0,25,false,false,exclude_talking,Conversational humanoid or intelligible speaking creature.,
Zeta.esm|00003C66,Zeta.esm,00003C66,0B003C66,TaleOfTwoWastelands.esm,DLC05crAlien1GunB,Alien,,,unknown,DLC05\Creatures\Alien\Skeleton.nif,DLC05CreatureAlien [VTYP:0B0034CC],DLC05crAlien1GunATemplate [CREA:0B003C65],0,6,0,5,false,false,exclude_talking,Conversational humanoid or intelligible speaking creature.,
Zeta.esm|00003C6C,Zeta.esm,00003C6C,0B003C6C,TaleOfTwoWastelands.esm,DLC05crAlien2GunATemplate,Alien,,,unknown,DLC05\Creatures\Alien\Skeleton.nif,DLC05CreatureAlien [VTYP:0B0034CC],,0,2,0,8,false,false,exclude_talking,Conversational humanoid or intelligible speaking creature.,
Zeta.esm|00003C6D,Zeta.esm,00003C6D,0B003C6D,TaleOfTwoWastelands.esm,DLC05crAlien2GunB,Alien,,,unknown,DLC05\Creatures\Alien\Skeleton.nif,DLC05CreatureAlien [VTYP:0B0034CC],DLC05crAlien2GunATemplate [CREA:0B003C6C],0,6,0,5,false,false,exclude_talking,Conversational humanoid or intelligible speaking creature.,
Zeta.esm|00003C6F,Zeta.esm,00003C6F,0B003C6F,TaleOfTwoWastelands.esm,DLC05crAlien3GunATemplate,Alien,,,unknown,DLC05\Creatures\Alien\Skeleton.nif,DLC05CreatureAlien [VTYP:0B0034CC],,0,2,0,8,false,false,exclude_talking,Conversational humanoid or intelligible speaking creature.,
Zeta.esm|00003C72,Zeta.esm,00003C72,0B003C72,Zeta.esm,DLC05LvlAlienGun,,,,unknown,,,DLC05EncAlienGun [LVLC:0B003C68],0,0,0,64,false,false,exclude_talking,Conversational humanoid or intelligible speaking creature.,
Zeta.esm|00003C77,Zeta.esm,00003C77,0B003C77,Zeta.esm,DLC05LvlAlienMelee,,,,unknown,,,DLC05EncAlienMelee [LVLC:0B003C78],0,0,0,46,false,false,exclude_talking,Conversational humanoid or intelligible speaking creature.,
Zeta.esm|00003C79,Zeta.esm,00003C79,0B003C79,TaleOfTwoWastelands.esm,DLC05crAlien1MeleeATemplate,Alien,,,unknown,DLC05\Creatures\Alien\Skeleton.nif,DLC05CreatureAlien [VTYP:0B0034CC],,0,1,0,24,false,false,exclude_talking,Conversational humanoid or intelligible speaking creature.,
Zeta.esm|00003C7A,Zeta.esm,00003C7A,0B003C7A,TaleOfTwoWastelands.esm,DLC05crAlien1MeleeB,Alien,,,unknown,DLC05\Creatures\Alien\Skeleton.nif,DLC05CreatureAlien [VTYP:0B0034CC],DLC05crAlien1MeleeATemplate [CREA:0B003C79],0,3,0,3,false,false,exclude_talking,Conversational humanoid or intelligible speaking creature.,
Zeta.esm|00003C7C,Zeta.esm,00003C7C,0B003C7C,TaleOfTwoWastelands.esm,DLC05crAlien2MeleeATemplate,Alien,,,unknown,DLC05\Creatures\Alien\Skeleton.nif,DLC05CreatureAlien [VTYP:0B0034CC],,0,1,0,7,false,false,exclude_talking,Conversational humanoid or intelligible speaking creature.,
Zeta.esm|00003C7D,Zeta.esm,00003C7D,0B003C7D,TaleOfTwoWastelands.esm,DLC05crAlien2MeleeB,Alien,,,unknown,DLC05\Creatures\Alien\Skeleton.nif,DLC05CreatureAlien [VTYP:0B0034CC],DLC05crAlien2MeleeATemplate [CREA:0B003C7C],0,3,0,3,false,false,exclude_talking,Conversational humanoid or intelligible speaking creature.,
Zeta.esm|00003C7F,Zeta.esm,00003C7F,0B003C7F,TaleOfTwoWastelands.esm,DLC05crAlien3MeleeATemplate,Alien,,,unknown,DLC05\Creatures\Alien\Skeleton.nif,DLC05CreatureAlien [VTYP:0B0034CC],,0,1,0,8,false,false,exclude_talking,Conversational humanoid or intelligible speaking creature.,
Zeta.esm|00003F63,Zeta.esm,00003F63,0B003F63,Zeta.esm,DLC05ERoomEngineer,,,,unknown,marker_creature.nif,,DLC05LvlAlienMelee [CREA:0B003C77],0,0,0,12,false,false,exclude_not_actor,Ambient/scenery actor or record without a usable identity.,
Zeta.esm|00003FC8,Zeta.esm,00003FC8,0B003FC8,TaleOfTwoWastelands.esm,DLC05TESTcrAlienTalk,Alien,,,unknown,DLC05\Creatures\Alien\Skeleton.nif,DLC05CreatureAlien [VTYP:0B0034CC],DLC05TESTcrAlien1 [CREA:0B001FAF],0,0,2,5,false,false,exclude_talking,Conversational humanoid or intelligible speaking creature.,
Zeta.esm|000040A2,Zeta.esm,000040A2,0B0040A2,TaleOfTwoWastelands.esm,DLC05MZ1AlienGuard,Alien,,,unknown,DLC05\Creatures\Alien\Skeleton.nif,DLC05CreatureAlien [VTYP:0B0034CC],DLC05crAlien1MeleeATemplate [CREA:0B003C79],0,0,1,4,false,false,exclude_talking,Conversational humanoid or intelligible speaking creature.,
Zeta.esm|0000419D,Zeta.esm,0000419D,0B00419D,Zeta.esm,testPhilShieldGhoul,,,,unknown,,,EncFeralGhoulDC [LVLC:060235A7],0,0,0,3,false,false,exclude_not_actor,Ambient/scenery actor or record without a usable identity.,
Zeta.esm|0000498D,Zeta.esm,0000498D,0B00498D,Zeta.esm,DLC05SteamAlienWalkAndStay,,,,unknown,marker_creature.nif,,DLC05LvlAlienMelee [CREA:0B003C77],0,0,0,7,false,false,exclude_talking,Conversational humanoid or intelligible speaking creature.,
Zeta.esm|000049AB,Zeta.esm,000049AB,0B0049AB,Zeta.esm,DLC05SteamAlienStay,,,,unknown,marker_creature.nif,,DLC05LvlAlienGun [CREA:0B003C72],0,0,0,8,false,false,exclude_talking,Conversational humanoid or intelligible speaking creature.,
Zeta.esm|00004BED,Zeta.esm,00004BED,0B004BED,TaleOfTwoWastelands.esm,DLC05BrahminExperiment01,Brahmin,,,unknown,Creatures\BrahminDC\Skeleton.nif,VoiceDoNotRecordF [VTYP:00094EED],,0,0,0,7,false,false,include_nonverbal,Reachable official non-verbal creature mapped to a reviewed archetype.,brahmin
Zeta.esm|00004E42,Zeta.esm,00004E42,0B004E42,Zeta.esm,DLC05BridgeCrew,,,,unknown,marker_creature.nif,,DLC05LvlAlienGunNoHelmet [CREA:0B00C4EC],0,0,0,4,false,false,exclude_not_actor,Ambient/scenery actor or record without a usable identity.,
Zeta.esm|0000511E,Zeta.esm,0000511E,0B00511E,TaleOfTwoWastelands.esm,DLC05TESTcrAlien2HR,Alien,,,unknown,DLC05\Creatures\Alien\Skeleton.nif,DLC05CreatureAlien [VTYP:0B0034CC],DLC05TESTcrAlien1 [CREA:0B001FAF],0,0,0,2,false,false,exclude_talking,Conversational humanoid or intelligible speaking creature.,
Zeta.esm|0000511F,Zeta.esm,0000511F,0B00511F,TaleOfTwoWastelands.esm,DLC05TESTcrAlien1HMelee,Alien,,,unknown,DLC05\Creatures\Alien\Skeleton.nif,DLC05CreatureAlien [VTYP:0B0034CC],DLC05TESTcrAlien1 [CREA:0B001FAF],0,0,0,2,false,false,exclude_talking,Conversational humanoid or intelligible speaking creature.,
Zeta.esm|00005182,Zeta.esm,00005182,0B005182,Zeta.esm,DLC05AsmRobotD,,,,unknown,marker_creature.nif,,DLC05LvlRobotRanged [CREA:0B0058E4],0,0,0,3,false,false,exclude_not_actor,Robot or automated turret reserved for the robot pass.,
Zeta.esm|0000537C,Zeta.esm,0000537C,0B00537C,Zeta.esm,DLC05CryoGhoulInStasis,,,,unknown,,,EncFeralGhoulDC [LVLC:060235A7],0,0,0,5,false,false,exclude_not_actor,Ambient/scenery actor or record without a usable identity.,
Zeta.esm|000054D0,Zeta.esm,000054D0,0B0054D0,Zeta.esm,DLC05BridgeTeleporter,,,,unknown,marker_creature.nif,,DLC05LvlAlienGun [CREA:0B003C72],0,0,6,9,false,false,exclude_not_actor,Ambient/scenery actor or record without a usable identity.,
Zeta.esm|000055D9,Zeta.esm,000055D9,0B0055D9,Zeta.esm,DLC05TeleportTestAlien,Alien,,,unknown,DLC05\Creatures\Alien\Skeleton.nif,DLC05CreatureAlien [VTYP:0B0034CC],DLC05crAlien1MeleeATemplate [CREA:0B003C79],0,0,0,2,false,false,exclude_talking,Conversational humanoid or intelligible speaking creature.,
Zeta.esm|000055E0,Zeta.esm,000055E0,0B0055E0,Zeta.esm,DLC05LvlTurret,,,,unknown,,,DLC05EncTurret [LVLC:0B0058D2],0,0,0,38,false,false,exclude_not_actor,Robot or automated turret reserved for the robot pass.,
Zeta.esm|00005668,Zeta.esm,00005668,0B005668,TaleOfTwoWastelands.esm,DLC05TESTcrAlien2HRALWAYSOUT,Alien,,,unknown,DLC05\Creatures\Alien\Skeleton.nif,DLC05CreatureAlien [VTYP:0B0034CC],DLC05TESTcrAlien1 [CREA:0B001FAF],0,0,0,1,false,false,exclude_talking,Conversational humanoid or intelligible speaking creature.,
Zeta.esm|00005784,Zeta.esm,00005784,0B005784,Zeta.esm,DLC05AsmRobotB,,,,unknown,marker_creature.nif,,DLC05LvlRobotRandom [CREA:0B0058E7],0,0,0,7,false,false,exclude_not_actor,Robot or automated turret reserved for the robot pass.,
Zeta.esm|00005786,Zeta.esm,00005786,0B005786,Zeta.esm,DLC05AsmCeilingTurretPartC,,,,unknown,marker_creature.nif,,DLC05LvlTurret [CREA:0B0055E0],0,0,0,12,false,false,exclude_not_actor,Robot or automated turret reserved for the robot pass.,
Zeta.esm|0000585D,Zeta.esm,0000585D,0B00585D,Zeta.esm,DLC05AlienMaintenanceRobot,Support Drone,,,unknown,marker_creature.nif,,DLC05LvlRobotMelee [CREA:0B0058CD],0,0,0,6,false,false,exclude_not_actor,Robot or automated turret reserved for the robot pass.,
Zeta.esm|0000586B,Zeta.esm,0000586B,0B00586B,Zeta.esm,DLC05LvlAlienRandom,,,,unknown,,,DLC05EncAlienRandom [LVLC:0B00586C],0,0,0,28,false,false,exclude_talking,Conversational humanoid or intelligible speaking creature.,
Zeta.esm|000058C9,Zeta.esm,000058C9,0B0058C9,TaleOfTwoWastelands.esm,DLC05CrRobot1MeleeTemplate,Support Drone,,,unknown,DLC05\Creatures\MaintenanceRobot\Skeleton.nif,DLC05Robot [VTYP:0B006099],,0,2,0,8,false,false,exclude_not_actor,Robot or automated turret reserved for the robot pass.,
Zeta.esm|000058CA,Zeta.esm,000058CA,0B0058CA,Zeta.esm,DLC05CrRobot2Melee,Support Drone,,,unknown,DLC05\Creatures\MaintenanceRobot\Skeleton.nif,DLC05Robot [VTYP:0B006099],DLC05CrRobot1MeleeTemplate [CREA:0B0058C9],0,6,0,4,false,false,exclude_not_actor,Robot or automated turret reserved for the robot pass.,
Zeta.esm|000058CB,Zeta.esm,000058CB,0B0058CB,Zeta.esm,DLC05CrRobot3Melee,Support Drone,,,unknown,DLC05\Creatures\MaintenanceRobot\Skeleton.nif,DLC05Robot [VTYP:0B006099],DLC05CrRobot1MeleeTemplate [CREA:0B0058C9],0,6,0,4,false,false,exclude_not_actor,Robot or automated turret reserved for the robot pass.,
Zeta.esm|000058CD,Zeta.esm,000058CD,0B0058CD,Zeta.esm,DLC05LvlRobotMelee,,,,unknown,,,DLC05EncRobotMelee [LVLC:0B0058CC],0,0,0,6,false,false,exclude_not_actor,Robot or automated turret reserved for the robot pass.,
Zeta.esm|000058CF,Zeta.esm,000058CF,0B0058CF,TaleOfTwoWastelands.esm,DLC05crTurret2,Turret,,,unknown,Creatures\MiniSentryTurret\Skeleton.nif,DLC05Turret [VTYP:0B00609A],,0,3,0,2,false,false,exclude_not_actor,Robot or automated turret reserved for the robot pass.,
Zeta.esm|000058D0,Zeta.esm,000058D0,0B0058D0,TaleOfTwoWastelands.esm,DLC05crTurret3,Turret,,,unknown,Creatures\MiniSentryTurret\Skeleton.nif,DLC05Turret [VTYP:0B00609A],,0,3,0,2,false,false,exclude_not_actor,Robot or automated turret reserved for the robot pass.,
Zeta.esm|000058D1,Zeta.esm,000058D1,0B0058D1,TaleOfTwoWastelands.esm,DLC05crTurret1,Turret,,,unknown,Creatures\MiniSentryTurret\Skeleton.nif,DLC05Turret [VTYP:0B00609A],,0,3,0,2,false,false,exclude_not_actor,Robot or automated turret reserved for the robot pass.,
Zeta.esm|000058D4,Zeta.esm,000058D4,0B0058D4,TaleOfTwoWastelands.esm,DLC05crAbomination1Template,Abomination,,,unknown,DLC05\Creatures\Abomination\Skeleton.nif,DLC05Abomination [VTYP:0B00609B],,0,1,0,9,false,false,include_nonverbal,Reachable official non-verbal creature mapped to a reviewed archetype.,abomination
Zeta.esm|000058D5,Zeta.esm,000058D5,0B0058D5,Zeta.esm,DLC05crAbomination2,Abomination,,,unknown,DLC05\Creatures\Abomination\Skeleton.nif,DLC05Abomination [VTYP:0B00609B],DLC05crAbomination1Template [CREA:0B0058D4],0,3,0,2,false,false,include_nonverbal,Reachable official non-verbal creature mapped to a reviewed archetype.,abomination
Zeta.esm|000058D6,Zeta.esm,000058D6,0B0058D6,Zeta.esm,DLC05crAbomination3,Abomination,,,unknown,DLC05\Creatures\Abomination\Skeleton.nif,DLC05Abomination [VTYP:0B00609B],DLC05crAbomination1Template [CREA:0B0058D4],0,3,0,2,false,false,include_nonverbal,Reachable official non-verbal creature mapped to a reviewed archetype.,abomination
Zeta.esm|000058D8,Zeta.esm,000058D8,0B0058D8,Zeta.esm,DLC05LvlAbomination,,,,unknown,,,DLC05EncAbomination [LVLC:0B0058D7],0,0,0,9,false,false,exclude_not_actor,Ambient/scenery actor or record without a usable identity.,
Zeta.esm|000058E1,Zeta.esm,000058E1,0B0058E1,TaleOfTwoWastelands.esm,DLC05CrRobot1RangedTemplate,Guardian Drone,,,unknown,DLC05\Creatures\CombatDroid\Skeleton.nif,DLC05Robot [VTYP:0B006099],,0,2,0,11,false,false,exclude_not_actor,Robot or automated turret reserved for the robot pass.,
Zeta.esm|000058E2,Zeta.esm,000058E2,0B0058E2,Zeta.esm,DLC05CrRobot2Ranged,Guardian Drone,,,unknown,DLC05\Creatures\CombatDroid\Skeleton.nif,DLC05Robot [VTYP:0B006099],DLC05CrRobot1RangedTemplate [CREA:0B0058E1],0,6,0,4,false,false,exclude_not_actor,Robot or automated turret reserved for the robot pass.,
Zeta.esm|000058E3,Zeta.esm,000058E3,0B0058E3,Zeta.esm,DLC05CrRobot3Ranged,Guardian Drone,,,unknown,DLC05\Creatures\CombatDroid\Skeleton.nif,DLC05Robot [VTYP:0B006099],DLC05CrRobot1RangedTemplate [CREA:0B0058E1],0,6,0,4,false,false,exclude_not_actor,Robot or automated turret reserved for the robot pass.,
Zeta.esm|000058E4,Zeta.esm,000058E4,0B0058E4,Zeta.esm,DLC05LvlRobotRanged,,,,unknown,marker_creature.nif,,DLC05EncRobotRanged [LVLC:0B0058E5],0,0,0,7,false,false,exclude_not_actor,Robot or automated turret reserved for the robot pass.,
Zeta.esm|000058E7,Zeta.esm,000058E7,0B0058E7,Zeta.esm,DLC05LvlRobotRandom,,,,unknown,marker_creature.nif,,DLC05EncRobotRandom [LVLC:0B0058E6],0,0,0,7,false,false,exclude_not_actor,Robot or automated turret reserved for the robot pass.,
Zeta.esm|00005BC4,Zeta.esm,00005BC4,0B005BC4,Zeta.esm,DLC05LvlAlienMeleeRunToLinkonSpawn,,,,unknown,,,DLC05EncAlienMelee [LVLC:0B003C78],0,0,0,5,false,false,exclude_talking,Conversational humanoid or intelligible speaking creature.,
Zeta.esm|00005BE8,Zeta.esm,00005BE8,0B005BE8,Zeta.esm,DLC05LvlAlienGunRunToLinkSpawn,,,,unknown,,,DLC05EncAlienGun [LVLC:0B003C68],0,0,0,10,false,false,exclude_talking,Conversational humanoid or intelligible speaking creature.,
Zeta.esm|00005C86,Zeta.esm,00005C86,0B005C86,Zeta.esm,DLC05CryoFreezeRoomAlien01,Alien,,,unknown,DLC05\Creatures\Alien\Skeleton.nif,DLC05CreatureAlien [VTYP:0B0034CC],DLC05crAlien1MeleeATemplate [CREA:0B003C79],0,0,0,4,false,false,exclude_talking,Conversational humanoid or intelligible speaking creature.,
Zeta.esm|00005E01,Zeta.esm,00005E01,0B005E01,Zeta.esm,DLC05HangarLvlSiege,,,,unknown,marker_creature.nif,,DLC05LvlAlienGun [CREA:0B003C72],0,0,0,2,false,false,exclude_not_actor,Ambient/scenery actor or record without a usable identity.,
Zeta.esm|00005E41,Zeta.esm,00005E41,0B005E41,Zeta.esm,DLC05HangarLvlSiegeSpecialA,,,,unknown,marker_creature.nif,,DLC05LvlRobotRandom [CREA:0B0058E7],0,0,0,1,false,false,exclude_not_actor,Ambient/scenery actor or record without a usable identity.,
Zeta.esm|00005E42,Zeta.esm,00005E42,0B005E42,Zeta.esm,DLC05HangarLvlSiegeSpecialB,,,,unknown,marker_creature.nif,,DLC05LvlAlienMelee [CREA:0B003C77],0,0,0,1,false,false,exclude_not_actor,Ambient/scenery actor or record without a usable identity.,
Zeta.esm|000066F0,Zeta.esm,000066F0,0B0066F0,TaleOfTwoWastelands.esm,DLC05TESTcrAlien1HP,Alien,,,unknown,DLC05\Creatures\Alien\Skeleton.nif,DLC05CreatureAlien [VTYP:0B0034CC],DLC05TESTcrAlien1 [CREA:0B001FAF],0,0,0,2,false,false,exclude_talking,Conversational humanoid or intelligible speaking creature.,
Zeta.esm|000066F7,Zeta.esm,000066F7,0B0066F7,TaleOfTwoWastelands.esm,DLC05MZ1AnimationAlien1,Alien,,,unknown,DLC05\Creatures\Alien\Skeleton.nif,DLC05CreatureAlien [VTYP:0B0034CC],DLC05crAlien1MeleeATemplate [CREA:0B003C79],0,0,0,2,false,false,exclude_talking,Conversational humanoid or intelligible speaking creature.,
Zeta.esm|000066F8,Zeta.esm,000066F8,0B0066F8,TaleOfTwoWastelands.esm,DLC05MZ1AnimationAlien2,Alien,,,unknown,DLC05\Creatures\Alien\Skeleton.nif,DLC05CreatureAlien [VTYP:0B0034CC],DLC05crAlien1MeleeATemplate [CREA:0B003C79],0,0,0,2,false,false,exclude_talking,Conversational humanoid or intelligible speaking creature.,
Zeta.esm|000066F9,Zeta.esm,000066F9,0B0066F9,TaleOfTwoWastelands.esm,DLC05MZ1AnimationAlien3,Alien,,,unknown,DLC05\Creatures\Alien\Skeleton.nif,DLC05CreatureAlien [VTYP:0B0034CC],DLC05crAlien1MeleeATemplate [CREA:0B003C79],0,0,0,2,false,false,exclude_talking,Conversational humanoid or intelligible speaking creature.,
Zeta.esm|000068E1,Zeta.esm,000068E1,0B0068E1,TaleOfTwoWastelands.esm,DLC05MZ1AlienHCMelee,Alien,,,unknown,DLC05\Creatures\Alien\Skeleton.nif,DLC05CreatureAlien [VTYP:0B0034CC],DLC05crAlien1MeleeATemplate [CREA:0B003C79],0,0,0,4,false,false,exclude_talking,Conversational humanoid or intelligible speaking creature.,
Zeta.esm|00006A89,Zeta.esm,00006A89,0B006A89,Zeta.esm,DLC05LQShieldGunner,,,,unknown,,,DLC05EncAlienGun [LVLC:0B003C68],0,0,0,2,false,false,exclude_not_actor,Ambient/scenery actor or record without a usable identity.,
Zeta.esm|00006E1F,Zeta.esm,00006E1F,0B006E1F,TaleOfTwoWastelands.esm,DLC05crAlienDeadA,Alien,,,unknown,DLC05\Creatures\Alien\Skeleton.nif,DLC05CreatureAlien [VTYP:0B0034CC],DLC05crAlien1GunATemplate [CREA:0B003C65],0,0,0,14,false,false,exclude_talking,Conversational humanoid or intelligible speaking creature.,
Zeta.esm|00006E20,Zeta.esm,00006E20,0B006E20,TaleOfTwoWastelands.esm,DLC05crAlienDeadB,Alien,,,unknown,DLC05\Creatures\Alien\Skeleton.nif,DLC05CreatureAlien [VTYP:0B0034CC],DLC05crAlienDeadA [CREA:0B006E1F],0,0,0,8,false,false,exclude_talking,Conversational humanoid or intelligible speaking creature.,
Zeta.esm|00006E21,Zeta.esm,00006E21,0B006E21,TaleOfTwoWastelands.esm,DLC05crAlienDeadC,Alien,,,unknown,DLC05\Creatures\Alien\Skeleton.nif,DLC05CreatureAlien [VTYP:0B0034CC],DLC05crAlienDeadA [CREA:0B006E1F],0,0,0,6,false,false,exclude_talking,Conversational humanoid or intelligible speaking creature.,
Zeta.esm|00006E22,Zeta.esm,00006E22,0B006E22,TaleOfTwoWastelands.esm,DLC05CoreSceneAlien,Alien,,,unknown,DLC05\Creatures\Alien\Skeleton.nif,DLC05CreatureAlien [VTYP:0B0034CC],DLC05crAlien1GunATemplate [CREA:0B003C65],0,0,0,3,false,false,exclude_talking,Conversational humanoid or intelligible speaking creature.,
Zeta.esm|00007125,Zeta.esm,00007125,0B007125,TaleOfTwoWastelands.esm,DLC05YaoGuaiDEAD,Yao Guai,,,unknown,Creatures\YaoGuai\Skeleton.nif,VoiceDoNotRecordF [VTYP:00094EED],,0,0,0,1,false,false,include_nonverbal,Reachable official non-verbal creature mapped to a reviewed archetype.,yao_guai
Zeta.esm|0000724A,Zeta.esm,0000724A,0B00724A,Zeta.esm,DLC05CryoLvlSupermutantCryoPod,,,,unknown,,,EncSuperMutantMeleeDC [LVLC:0603A14A],0,0,0,4,false,false,exclude_not_actor,Ambient/scenery actor or record without a usable identity.,
Zeta.esm|0000775A,Zeta.esm,0000775A,0B00775A,Zeta.esm,DLC05LvlHangarAlienController,,,,unknown,,,DLC05EncAlienGun [LVLC:0B003C68],0,0,0,1,false,false,exclude_talking,Conversational humanoid or intelligible speaking creature.,
Zeta.esm|000079CD,Zeta.esm,000079CD,0B0079CD,Zeta.esm,DLC05ERoomEngineerTeleport,,,,unknown,marker_creature.nif,,DLC05LvlAlienMelee [CREA:0B003C77],0,0,0,2,false,false,exclude_not_actor,Ambient/scenery actor or record without a usable identity.,
Zeta.esm|000079D6,Zeta.esm,000079D6,0B0079D6,Zeta.esm,DLC05ERoomRobotMelee,,,,unknown,marker_creature.nif,,DLC05LvlRobotMelee [CREA:0B0058CD],0,0,0,7,false,false,exclude_not_actor,Robot or automated turret reserved for the robot pass.,
Zeta.esm|00007B99,Zeta.esm,00007B99,0B007B99,Zeta.esm,DLC05SteamAlienWalkAndStayExplosion,,,,unknown,marker_creature.nif,,DLC05LvlAlienMelee [CREA:0B003C77],0,0,0,2,false,false,exclude_talking,Conversational humanoid or intelligible speaking creature.,
Zeta.esm|00007BB9,Zeta.esm,00007BB9,0B007BB9,Zeta.esm,DLC05LvlAlienGunGuard,,,,unknown,,,DLC05EncAlienGun [LVLC:0B003C68],0,0,0,6,false,false,exclude_talking,Conversational humanoid or intelligible speaking creature.,
Zeta.esm|000081BD,Zeta.esm,000081BD,0B0081BD,Zeta.esm,DLC05TESTAbomination,Abomination,,,unknown,DLC05\Creatures\Abomination\Skeleton.nif,,,0,0,0,1,false,false,include_nonverbal,Reachable official non-verbal creature mapped to a reviewed archetype.,abomination
Zeta.esm|00009978,Zeta.esm,00009978,0B009978,Zeta.esm,DLC05AsmRobotC,,,,unknown,marker_creature.nif,,DLC05LvlRobotRandom [CREA:0B0058E7],0,0,0,2,false,false,exclude_not_actor,Robot or automated turret reserved for the robot pass.,
Zeta.esm|0000A2A6,Zeta.esm,0000A2A6,0B00A2A6,Zeta.esm,DLC05TESTcrAlien1red,Alien,,,unknown,DLC05\Creatures\Alien\Skeleton.nif,DLC05CreatureAlien [VTYP:0B0034CC],DLC05crAlien1GunATemplate [CREA:0B003C65],0,0,0,1,false,false,exclude_talking,Conversational humanoid or intelligible speaking creature.,
Zeta.esm|0000A2A8,Zeta.esm,0000A2A8,0B00A2A8,Zeta.esm,DLC05TESTcrAlien1Captain,Alien,,,unknown,DLC05\Creatures\Alien\Skeleton.nif,DLC05CreatureAlien [VTYP:0B0034CC],DLC05crAlien1GunATemplate [CREA:0B003C65],0,0,0,1,false,false,exclude_talking,Conversational humanoid or intelligible speaking creature.,
Zeta.esm|0000A602,Zeta.esm,0000A602,0B00A602,TaleOfTwoWastelands.esm,DLC05LvlRobotMeleePod,,,,unknown,marker_creature.nif,,DLC05EncRobotMelee [LVLC:0B0058CC],0,0,0,19,false,false,exclude_not_actor,Robot or automated turret reserved for the robot pass.,
Zeta.esm|0000A89C,Zeta.esm,0000A89C,0B00A89C,TaleOfTwoWastelands.esm,DLC05FF01Brahmin,Brahmin,,,unknown,creatures\brahmindc\skeleton.nif,VoiceDoNotRecordF [VTYP:00094EED],,0,0,0,4,false,false,include_nonverbal,Reachable official non-verbal creature mapped to a reviewed archetype.,brahmin
Zeta.esm|0000A93D,Zeta.esm,0000A93D,0B00A93D,Zeta.esm,DLC05DeathRayLvlAlienRandomSpawn01,,,,unknown,,,DLC05EncAlienGun [LVLC:0B003C68],0,0,0,1,false,false,exclude_talking,Conversational humanoid or intelligible speaking creature.,
Zeta.esm|0000A93E,Zeta.esm,0000A93E,0B00A93E,Zeta.esm,DLC05DeathRayLvlAlienRandomSpawn02,,,,unknown,,,DLC05EncAlienGun [LVLC:0B003C68],0,0,0,1,false,false,exclude_talking,Conversational humanoid or intelligible speaking creature.,
Zeta.esm|0000A944,Zeta.esm,0000A944,0B00A944,Zeta.esm,DLC05DeathRayLvlAlienRandom,,,,unknown,,,DLC05EncAlienRandom [LVLC:0B00586C],0,0,0,4,false,false,exclude_talking,Conversational humanoid or intelligible speaking creature.,
Zeta.esm|0000A94C,Zeta.esm,0000A94C,0B00A94C,TaleOfTwoWastelands.esm,DLC05CrAlienNONHOSTILE,Alien Worker,,,unknown,DLC05\Creatures\Alien\Skeleton.nif,DLC05CreatureAlien [VTYP:0B0034CC],,0,0,0,21,false,false,exclude_talking,Conversational humanoid or intelligible speaking creature.,
Zeta.esm|0000A9AE,Zeta.esm,0000A9AE,0B00A9AE,Zeta.esm,DLC05crAbomination6,Abomination,,,unknown,DLC05\Creatures\Abomination\Skeleton.nif,DLC05Abomination [VTYP:0B00609B],DLC05crAbomination1Template [CREA:0B0058D4],0,3,0,2,false,false,include_nonverbal,Reachable official non-verbal creature mapped to a reviewed archetype.,abomination
Zeta.esm|0000A9AF,Zeta.esm,0000A9AF,0B00A9AF,TaleOfTwoWastelands.esm,DLC05crTurret4,Turret,,,unknown,Creatures\MiniSentryTurret\Skeleton.nif,DLC05Turret [VTYP:0B00609A],,0,3,0,2,false,false,exclude_not_actor,Robot or automated turret reserved for the robot pass.,
Zeta.esm|0000A9B0,Zeta.esm,0000A9B0,0B00A9B0,TaleOfTwoWastelands.esm,DLC05crTurret5,Turret,,,unknown,Creatures\MiniSentryTurret\Skeleton.nif,DLC05Turret [VTYP:0B00609A],,0,3,0,2,false,false,exclude_not_actor,Robot or automated turret reserved for the robot pass.,
Zeta.esm|0000A9B1,Zeta.esm,0000A9B1,0B00A9B1,TaleOfTwoWastelands.esm,DLC05crTurret6,Turret,,,unknown,Creatures\MiniSentryTurret\Skeleton.nif,DLC05Turret [VTYP:0B00609A],,0,3,0,2,false,false,exclude_not_actor,Robot or automated turret reserved for the robot pass.,
Zeta.esm|0000A9B2,Zeta.esm,0000A9B2,0B00A9B2,Zeta.esm,DLC05CrRobot4Melee,Support Drone,,,unknown,DLC05\Creatures\MaintenanceRobot\Skeleton.nif,DLC05Robot [VTYP:0B006099],DLC05CrRobot1MeleeTemplate [CREA:0B0058C9],0,6,0,4,false,false,exclude_not_actor,Robot or automated turret reserved for the robot pass.,
Zeta.esm|0000A9B3,Zeta.esm,0000A9B3,0B00A9B3,Zeta.esm,DLC05CrRobot5Melee,Support Drone,,,unknown,DLC05\Creatures\MaintenanceRobot\Skeleton.nif,DLC05Robot [VTYP:0B006099],DLC05CrRobot1MeleeTemplate [CREA:0B0058C9],0,6,0,4,false,false,exclude_not_actor,Robot or automated turret reserved for the robot pass.,
Zeta.esm|0000A9B4,Zeta.esm,0000A9B4,0B00A9B4,Zeta.esm,DLC05CrRobot6Melee,Support Drone,,,unknown,DLC05\Creatures\MaintenanceRobot\Skeleton.nif,DLC05Robot [VTYP:0B006099],DLC05CrRobot1MeleeTemplate [CREA:0B0058C9],0,6,0,4,false,false,exclude_not_actor,Robot or automated turret reserved for the robot pass.,
Zeta.esm|0000A9B5,Zeta.esm,0000A9B5,0B00A9B5,TaleOfTwoWastelands.esm,DLC05CrRobot4Ranged,Guardian Drone,,,unknown,DLC05\Creatures\CombatDroid\Skeleton.nif,DLC05Robot [VTYP:0B006099],DLC05CrRobot1RangedTemplate [CREA:0B0058E1],0,6,0,4,false,false,exclude_not_actor,Robot or automated turret reserved for the robot pass.,
Zeta.esm|0000A9B6,Zeta.esm,0000A9B6,0B00A9B6,TaleOfTwoWastelands.esm,DLC05CrRobot5Ranged,Guardian Drone,,,unknown,DLC05\Creatures\CombatDroid\Skeleton.nif,DLC05Robot [VTYP:0B006099],DLC05CrRobot1RangedTemplate [CREA:0B0058E1],0,6,0,4,false,false,exclude_not_actor,Robot or automated turret reserved for the robot pass.,
Zeta.esm|0000A9B7,Zeta.esm,0000A9B7,0B00A9B7,TaleOfTwoWastelands.esm,DLC05CrRobot6Ranged,Guardian Drone,,,unknown,DLC05\Creatures\CombatDroid\Skeleton.nif,DLC05Robot [VTYP:0B006099],DLC05CrRobot1RangedTemplate [CREA:0B0058E1],0,6,0,4,false,false,exclude_not_actor,Robot or automated turret reserved for the robot pass.,
Zeta.esm|0000A9B8,Zeta.esm,0000A9B8,0B00A9B8,TaleOfTwoWastelands.esm,DLC05crAlien4GunB,Alien,,,unknown,DLC05\Creatures\Alien\Skeleton.nif,DLC05CreatureAlien [VTYP:0B0034CC],DLC05crAlien4GunATemplate [CREA:0B00A9CC],0,6,0,5,false,false,exclude_talking,Conversational humanoid or intelligible speaking creature.,
Zeta.esm|0000A9B9,Zeta.esm,0000A9B9,0B00A9B9,TaleOfTwoWastelands.esm,DLC05crAlien5GunB,Alien,,,unknown,DLC05\Creatures\Alien\Skeleton.nif,DLC05CreatureAlien [VTYP:0B0034CC],DLC05crAlien5GunATemplate [CREA:0B00A9CD],0,6,0,5,false,false,exclude_talking,Conversational humanoid or intelligible speaking creature.,
Zeta.esm|0000A9BA,Zeta.esm,0000A9BA,0B00A9BA,TaleOfTwoWastelands.esm,DLC05crAlien6GunB,Alien,,,unknown,DLC05\Creatures\Alien\Skeleton.nif,DLC05CreatureAlien [VTYP:0B0034CC],DLC05crAlien6GunATemplate [CREA:0B00A9D0],0,6,0,5,false,false,exclude_talking,Conversational humanoid or intelligible speaking creature.,
Zeta.esm|0000A9BB,Zeta.esm,0000A9BB,0B00A9BB,TaleOfTwoWastelands.esm,DLC05crAlien1GunC,Alien,,,unknown,DLC05\Creatures\Alien\Skeleton.nif,DLC05CreatureAlien [VTYP:0B0034CC],DLC05crAlien1GunATemplate [CREA:0B003C65],0,3,0,3,false,false,exclude_talking,Conversational humanoid or intelligible speaking creature.,
Zeta.esm|0000A9BC,Zeta.esm,0000A9BC,0B00A9BC,TaleOfTwoWastelands.esm,DLC05crAlien2GunC,Alien,,,unknown,DLC05\Creatures\Alien\Skeleton.nif,DLC05CreatureAlien [VTYP:0B0034CC],DLC05crAlien2GunATemplate [CREA:0B003C6C],0,3,0,3,false,false,exclude_talking,Conversational humanoid or intelligible speaking creature.,
Zeta.esm|0000A9BD,Zeta.esm,0000A9BD,0B00A9BD,TaleOfTwoWastelands.esm,DLC05crAlien3GunC,Alien,,,unknown,DLC05\Creatures\Alien\Skeleton.nif,DLC05CreatureAlien [VTYP:0B0034CC],DLC05crAlien3GunATemplate [CREA:0B003C6F],0,3,0,3,false,false,exclude_talking,Conversational humanoid or intelligible speaking creature.,
Zeta.esm|0000A9BE,Zeta.esm,0000A9BE,0B00A9BE,TaleOfTwoWastelands.esm,DLC05crAlien4GunC,Alien,,,unknown,DLC05\Creatures\Alien\Skeleton.nif,DLC05CreatureAlien [VTYP:0B0034CC],DLC05crAlien4GunATemplate [CREA:0B00A9CC],0,3,0,3,false,false,exclude_talking,Conversational humanoid or intelligible speaking creature.,
Zeta.esm|0000A9BF,Zeta.esm,0000A9BF,0B00A9BF,TaleOfTwoWastelands.esm,DLC05crAlien5GunC,Alien,,,unknown,DLC05\Creatures\Alien\Skeleton.nif,DLC05CreatureAlien [VTYP:0B0034CC],DLC05crAlien5GunATemplate [CREA:0B00A9CD],0,3,0,3,false,false,exclude_talking,Conversational humanoid or intelligible speaking creature.,
Zeta.esm|0000A9C0,Zeta.esm,0000A9C0,0B00A9C0,TaleOfTwoWastelands.esm,DLC05crAlien6GunC,Alien,,,unknown,DLC05\Creatures\Alien\Skeleton.nif,DLC05CreatureAlien [VTYP:0B0034CC],DLC05crAlien6GunATemplate [CREA:0B00A9D0],0,3,0,3,false,false,exclude_talking,Conversational humanoid or intelligible speaking creature.,
Zeta.esm|0000A9C1,Zeta.esm,0000A9C1,0B00A9C1,TaleOfTwoWastelands.esm,DLC05crAlien1MeleeC,Alien,,,unknown,DLC05\Creatures\Alien\Skeleton.nif,DLC05CreatureAlien [VTYP:0B0034CC],DLC05crAlien1MeleeATemplate [CREA:0B003C79],0,3,0,3,false,false,exclude_talking,Conversational humanoid or intelligible speaking creature.,
Zeta.esm|0000A9C2,Zeta.esm,0000A9C2,0B00A9C2,TaleOfTwoWastelands.esm,DLC05crAlien2MeleeC,Alien,,,unknown,DLC05\Creatures\Alien\Skeleton.nif,DLC05CreatureAlien [VTYP:0B0034CC],DLC05crAlien2MeleeATemplate [CREA:0B003C7C],0,3,0,3,false,false,exclude_talking,Conversational humanoid or intelligible speaking creature.,
Zeta.esm|0000A9C3,Zeta.esm,0000A9C3,0B00A9C3,TaleOfTwoWastelands.esm,DLC05crAlien3MeleeC,Alien,,,unknown,DLC05\Creatures\Alien\Skeleton.nif,DLC05CreatureAlien [VTYP:0B0034CC],DLC05crAlien3MeleeATemplate [CREA:0B003C7F],0,3,0,3,false,false,exclude_talking,Conversational humanoid or intelligible speaking creature.,
Zeta.esm|0000A9C4,Zeta.esm,0000A9C4,0B00A9C4,TaleOfTwoWastelands.esm,DLC05crAlien4MeleeC,Alien,,,unknown,DLC05\Creatures\Alien\Skeleton.nif,DLC05CreatureAlien [VTYP:0B0034CC],DLC05crAlien4MeleeATemplate [CREA:0B00A9CE],0,3,0,3,false,false,exclude_talking,Conversational humanoid or intelligible speaking creature.,
Zeta.esm|0000A9C5,Zeta.esm,0000A9C5,0B00A9C5,TaleOfTwoWastelands.esm,DLC05crAlien5MeleeC,Alien,,,unknown,DLC05\Creatures\Alien\Skeleton.nif,DLC05CreatureAlien [VTYP:0B0034CC],DLC05crAlien5MeleeATemplate [CREA:0B00A9CF],0,3,0,3,false,false,exclude_talking,Conversational humanoid or intelligible speaking creature.,
Zeta.esm|0000A9C6,Zeta.esm,0000A9C6,0B00A9C6,TaleOfTwoWastelands.esm,DLC05crAlien6MeleeC,Alien,,,unknown,DLC05\Creatures\Alien\Skeleton.nif,DLC05CreatureAlien [VTYP:0B0034CC],DLC05crAlien6MeleeATemplate [CREA:0B00A9D1],0,3,0,3,false,false,exclude_talking,Conversational humanoid or intelligible speaking creature.,
Zeta.esm|0000A9C7,Zeta.esm,0000A9C7,0B00A9C7,TaleOfTwoWastelands.esm,DLC05crAlien3GunB,Alien,,,unknown,DLC05\Creatures\Alien\Skeleton.nif,DLC05CreatureAlien [VTYP:0B0034CC],DLC05crAlien3GunATemplate [CREA:0B003C6F],0,6,0,5,false,false,exclude_talking,Conversational humanoid or intelligible speaking creature.,
Zeta.esm|0000A9C8,Zeta.esm,0000A9C8,0B00A9C8,TaleOfTwoWastelands.esm,DLC05crAlien3MeleeB,Alien,,,unknown,DLC05\Creatures\Alien\Skeleton.nif,DLC05CreatureAlien [VTYP:0B0034CC],DLC05crAlien3MeleeATemplate [CREA:0B003C7F],0,3,0,3,false,false,exclude_talking,Conversational humanoid or intelligible speaking creature.,
Zeta.esm|0000A9C9,Zeta.esm,0000A9C9,0B00A9C9,TaleOfTwoWastelands.esm,DLC05crAlien4MeleeB,Alien,,,unknown,DLC05\Creatures\Alien\Skeleton.nif,DLC05CreatureAlien [VTYP:0B0034CC],DLC05crAlien4MeleeATemplate [CREA:0B00A9CE],0,3,0,3,false,false,exclude_talking,Conversational humanoid or intelligible speaking creature.,
Zeta.esm|0000A9CA,Zeta.esm,0000A9CA,0B00A9CA,TaleOfTwoWastelands.esm,DLC05crAlien5MeleeB,Alien,,,unknown,DLC05\Creatures\Alien\Skeleton.nif,DLC05CreatureAlien [VTYP:0B0034CC],DLC05crAlien5MeleeATemplate [CREA:0B00A9CF],0,3,0,3,false,false,exclude_talking,Conversational humanoid or intelligible speaking creature.,
Zeta.esm|0000A9CB,Zeta.esm,0000A9CB,0B00A9CB,TaleOfTwoWastelands.esm,DLC05crAlien6MeleeB,Alien,,,unknown,DLC05\Creatures\Alien\Skeleton.nif,DLC05CreatureAlien [VTYP:0B0034CC],DLC05crAlien6MeleeATemplate [CREA:0B00A9D1],0,3,0,3,false,false,exclude_talking,Conversational humanoid or intelligible speaking creature.,
Zeta.esm|0000A9CC,Zeta.esm,0000A9CC,0B00A9CC,TaleOfTwoWastelands.esm,DLC05crAlien4GunATemplate,Alien,,,unknown,DLC05\Creatures\Alien\Skeleton.nif,DLC05CreatureAlien [VTYP:0B0034CC],,0,2,0,8,false,false,exclude_talking,Conversational humanoid or intelligible speaking creature.,
Zeta.esm|0000A9CD,Zeta.esm,0000A9CD,0B00A9CD,TaleOfTwoWastelands.esm,DLC05crAlien5GunATemplate,Alien,,,unknown,DLC05\Creatures\Alien\Skeleton.nif,DLC05CreatureAlien [VTYP:0B0034CC],,0,2,0,8,false,false,exclude_talking,Conversational humanoid or intelligible speaking creature.,
Zeta.esm|0000A9CE,Zeta.esm,0000A9CE,0B00A9CE,TaleOfTwoWastelands.esm,DLC05crAlien4MeleeATemplate,Alien,,,unknown,DLC05\Creatures\Alien\Skeleton.nif,DLC05CreatureAlien [VTYP:0B0034CC],,0,1,0,7,false,false,exclude_talking,Conversational humanoid or intelligible speaking creature.,
Zeta.esm|0000A9CF,Zeta.esm,0000A9CF,0B00A9CF,TaleOfTwoWastelands.esm,DLC05crAlien5MeleeATemplate,Alien,,,unknown,DLC05\Creatures\Alien\Skeleton.nif,DLC05CreatureAlien [VTYP:0B0034CC],,0,1,0,7,false,false,exclude_talking,Conversational humanoid or intelligible speaking creature.,
Zeta.esm|0000A9D0,Zeta.esm,0000A9D0,0B00A9D0,TaleOfTwoWastelands.esm,DLC05crAlien6GunATemplate,Alien,,,unknown,DLC05\Creatures\Alien\Skeleton.nif,DLC05CreatureAlien [VTYP:0B0034CC],,0,2,0,8,false,false,exclude_talking,Conversational humanoid or intelligible speaking creature.,
Zeta.esm|0000A9D1,Zeta.esm,0000A9D1,0B00A9D1,TaleOfTwoWastelands.esm,DLC05crAlien6MeleeATemplate,Alien,,,unknown,DLC05\Creatures\Alien\Skeleton.nif,DLC05CreatureAlien [VTYP:0B0034CC],,0,1,0,7,false,false,exclude_talking,Conversational humanoid or intelligible speaking creature.,
Zeta.esm|0000A9D2,Zeta.esm,0000A9D2,0B00A9D2,Zeta.esm,DLC05crAbomination4,Abomination,,,unknown,DLC05\Creatures\Abomination\Skeleton.nif,DLC05Abomination [VTYP:0B00609B],DLC05crAbomination1Template [CREA:0B0058D4],0,3,0,2,false,false,include_nonverbal,Reachable official non-verbal creature mapped to a reviewed archetype.,abomination
Zeta.esm|0000A9D3,Zeta.esm,0000A9D3,0B00A9D3,Zeta.esm,DLC05crAbomination5,Abomination,,,unknown,DLC05\Creatures\Abomination\Skeleton.nif,DLC05Abomination [VTYP:0B00609B],DLC05crAbomination1Template [CREA:0B0058D4],0,3,0,2,false,false,include_nonverbal,Reachable official non-verbal creature mapped to a reviewed archetype.,abomination
Zeta.esm|0000AA22,Zeta.esm,0000AA22,0B00AA22,TaleOfTwoWastelands.esm,DLC05Captain,Alien Captain,,,unknown,DLC05\Creatures\Alien\Skeleton.nif,DLC05CreatureAlien [VTYP:0B0034CC],DLC05crAlien1Captain [CREA:0B00C4E4],0,0,0,2,false,false,exclude_talking,Conversational humanoid or intelligible speaking creature.,
Zeta.esm|0000AD55,Zeta.esm,0000AD55,0B00AD55,Zeta.esm,DLC05LvlRobotRangedPod,,,,unknown,,,DLC05EncRobotRanged [LVLC:0B0058E5],0,0,0,15,false,false,exclude_not_actor,Robot or automated turret reserved for the robot pass.,
Zeta.esm|0000AD56,Zeta.esm,0000AD56,0B00AD56,TaleOfTwoWastelands.esm,DLC05LvlRobotRangedPodExLab,Experimental Weapons Drone,,,unknown,DLC05\Creatures\CombatDroid\Skeleton.nif,DLC05Robot [VTYP:0B006099],,0,0,0,4,false,false,exclude_not_actor,Robot or automated turret reserved for the robot pass.,
Zeta.esm|0000B027,Zeta.esm,0000B027,0B00B027,Zeta.esm,DLC05SpaceWalkAlienRunPatrol,,,,unknown,,,DLC05EncAlienGun [LVLC:0B003C68],0,0,0,6,false,false,exclude_talking,Conversational humanoid or intelligible speaking creature.,
Zeta.esm|0000B289,Zeta.esm,0000B289,0B00B289,Zeta.esm,DLC05AsmAlienGunD,,,,unknown,,,DLC05EncAlienGun [LVLC:0B003C68],0,0,0,3,false,false,exclude_talking,Conversational humanoid or intelligible speaking creature.,
Zeta.esm|0000B28A,Zeta.esm,0000B28A,0B00B28A,Zeta.esm,DLC05AsmAlienGunDBoss,,,,unknown,marker_creature.nif,,DLC05AsmAlienGunD [CREA:0B00B289],0,0,0,1,false,false,exclude_talking,Conversational humanoid or intelligible speaking creature.,
Zeta.esm|0000C0C8,Zeta.esm,0000C0C8,0B00C0C8,Zeta.esm,DLC05ExLabAlienResearcher,Alien Worker,,,unknown,DLC05\Creatures\Alien\Skeleton.nif,DLC05CreatureAlien [VTYP:0B0034CC],DLC05CrAlienNONHOSTILE [CREA:0B00A94C],0,0,0,4,false,false,exclude_talking,Conversational humanoid or intelligible speaking creature.,
Zeta.esm|0000C2F9,Zeta.esm,0000C2F9,0B00C2F9,TaleOfTwoWastelands.esm,DLC05AbominationDEAD,Abomination,,,unknown,DLC05\Creatures\Abomination\Skeleton.nif,DLC05Abomination [VTYP:0B00609B],DLC05crAbomination1Template [CREA:0B0058D4],0,0,0,2,false,false,include_nonverbal,Reachable official non-verbal creature mapped to a reviewed archetype.,abomination
Zeta.esm|0000C30B,Zeta.esm,0000C30B,0B00C30B,Zeta.esm,DLC05LvlAbominationExLab01,,,,unknown,,,DLC05EncAbomination [LVLC:0B0058D7],0,0,0,2,false,false,exclude_not_actor,Ambient/scenery actor or record without a usable identity.,
Zeta.esm|0000C30C,Zeta.esm,0000C30C,0B00C30C,Zeta.esm,DLC05LvlAbominationExLab02,,,,unknown,,,DLC05EncAbomination [LVLC:0B0058D7],0,0,0,1,false,false,exclude_not_actor,Ambient/scenery actor or record without a usable identity.,
Zeta.esm|0000C30D,Zeta.esm,0000C30D,0B00C30D,Zeta.esm,DLC05LvlAbominationExLab03,,,,unknown,,,DLC05EncAbomination [LVLC:0B0058D7],0,0,0,7,false,false,exclude_not_actor,Ambient/scenery actor or record without a usable identity.,
Zeta.esm|0000C4CB,Zeta.esm,0000C4CB,0B00C4CB,Zeta.esm,DLC05crAlienCaptain,Alien,,,unknown,DLC05\Creatures\Alien\Skeleton.nif,DLC05CreatureAlien [VTYP:0B0034CC],DLC05crAlien1GunATemplate [CREA:0B003C65],0,0,0,1,false,false,exclude_talking,Conversational humanoid or intelligible speaking creature.,
Zeta.esm|0000C4E4,Zeta.esm,0000C4E4,0B00C4E4,TaleOfTwoWastelands.esm,DLC05crAlien1Captain,Alien,,,unknown,DLC05\Creatures\Alien\Skeleton.nif,DLC05CreatureAlien [VTYP:0B0034CC],DLC05crAlien1GunATemplate [CREA:0B003C65],0,0,0,3,false,false,exclude_talking,Conversational humanoid or intelligible speaking creature.,
Zeta.esm|0000C4EC,Zeta.esm,0000C4EC,0B00C4EC,Zeta.esm,DLC05LvlAlienGunNoHelmet,,,,unknown,,,DLC05EncAlienGunNoHelmet [LVLC:0B00C4EB],0,0,0,1,false,false,exclude_talking,Conversational humanoid or intelligible speaking creature.,
Zeta.esm|0000C4ED,Zeta.esm,0000C4ED,0B00C4ED,Zeta.esm,DLC05SteamAlienWorks,,,,unknown,marker_creature.nif,,DLC05LvlAlienGun [CREA:0B003C72],0,0,0,8,false,false,exclude_talking,Conversational humanoid or intelligible speaking creature.,
Zeta.esm|0000C4EE,Zeta.esm,0000C4EE,0B00C4EE,Zeta.esm,DLC05LvlRobotMeleeWorks,,,,unknown,marker_creature.nif,,DLC05EncRobotMelee [LVLC:0B0058CC],0,0,0,4,false,false,exclude_not_actor,Robot or automated turret reserved for the robot pass.,
Zeta.esm|0000C9FF,Zeta.esm,0000C9FF,0B00C9FF,TaleOfTwoWastelands.esm,DLC05crAlienGuard2HRTemplate,Alien,,,unknown,DLC05\Creatures\Alien\Skeleton.nif,DLC05CreatureAlien [VTYP:0B0034CC],,0,0,0,1,false,false,exclude_talking,Conversational humanoid or intelligible speaking creature.,
Zeta.esm|0000CA00,Zeta.esm,0000CA00,0B00CA00,TaleOfTwoWastelands.esm,DLC05crAlienGuard1HPTemplate,Alien,,,unknown,DLC05\Creatures\Alien\Skeleton.nif,DLC05CreatureAlien [VTYP:0B0034CC],,0,0,0,1,false,false,exclude_talking,Conversational humanoid or intelligible speaking creature.,
Zeta.esm|0000D2E3,Zeta.esm,0000D2E3,0B00D2E3,TaleOfTwoWastelands.esm,DLC05TestAlienTeleporter,Alien,,,unknown,DLC05\Creatures\Alien\Skeleton.nif,DLC05CreatureAlien [VTYP:0B0034CC],DLC05crAlien1GunATemplate [CREA:0B003C65],0,0,0,2,false,false,exclude_talking,Conversational humanoid or intelligible speaking creature.,
Zeta.esm|0000D86E,Zeta.esm,0000D86E,0B00D86E,Zeta.esm,DLC05ExLabWaveSpawnCreature,,,,unknown,marker_creature.nif,,LvlWastelandAllDC [CREA:0603A6FF],0,0,0,1,false,false,exclude_not_actor,Ambient/scenery actor or record without a usable identity.,
Zeta.esm|0000D882,Zeta.esm,0000D882,0B00D882,Zeta.esm,AudioTemplateDLC05RobotDrone,AudioTemplateDLC05RobotDrone,,,unknown,,,,0,0,0,20,false,false,exclude_not_actor,Robot or automated turret reserved for the robot pass.,
Zeta.esm|0000DB97,Zeta.esm,0000DB97,0B00DB97,TaleOfTwoWastelands.esm,AudioTemplateAbomination,AudioTemplateAbomination,,,unknown,,VoiceDoNotRecordF [VTYP:00094EED],,0,0,0,11,false,false,exclude_unused,"Template, corpse, test, cut, or non-reachable archetype record without a distinct new roleplay profile.",
TaleOfTwoWastelands.esm|00005042,TaleOfTwoWastelands.esm,00005042,10005042,TaleOfTwoWastelands.esm,TTWMS15Turret2,Mark II Turret,,,unknown,Creatures\SentryTurret\skeleton.nif,RobotEyebot [VTYP:00040D41],CrTurret01 [CREA:0007B235],0,0,0,5,false,false,exclude_not_actor,Robot or automated turret reserved for the robot pass.,
TaleOfTwoWastelands.esm|00007CF9,TaleOfTwoWastelands.esm,00007CF9,10007CF9,TaleOfTwoWastelands.esm,DLC02StrikeTeamGutsy1,Strike Team Mister Gutsy,,,unknown,Creatures\MisterGutsy\Skeleton.nif,RobotMisterGutsyDC [VTYP:06019FDD],DLC02StrikeTeamGutsy1Template [CREA:07002D01],0,2,0,1,false,false,exclude_not_actor,Robot or automated turret reserved for the robot pass.,
TaleOfTwoWastelands.esm|00007CFA,TaleOfTwoWastelands.esm,00007CFA,10007CFA,TaleOfTwoWastelands.esm,DLC02StrikeTeamRobotSentryBot1,Strike Team Sentry Bot,,,unknown,Creatures\SentryBot\Skeleton.nif,RobotSentryBotDC [VTYP:06019FDB],DLC02StrikeTeamRobotSentryBot1Template [CREA:07005013],0,2,0,1,false,false,exclude_not_actor,Robot or automated turret reserved for the robot pass.,
TaleOfTwoWastelands.esm|00007D17,TaleOfTwoWastelands.esm,00007D17,10007D17,TaleOfTwoWastelands.esm,DLC05CrRobot1Melee,Support Drone,,,unknown,DLC05\Creatures\MaintenanceRobot\Skeleton.nif,DLC05Robot [VTYP:0B006099],DLC05CrRobot1MeleeTemplate [CREA:0B0058C9],0,4,0,2,false,false,exclude_not_actor,Robot or automated turret reserved for the robot pass.,
TaleOfTwoWastelands.esm|00007D18,TaleOfTwoWastelands.esm,00007D18,10007D18,TaleOfTwoWastelands.esm,DLC05CrRobot1Ranged,Guardian Drone,,,unknown,DLC05\Creatures\CombatDroid\Skeleton.nif,DLC05Robot [VTYP:0B006099],DLC05CrRobot1RangedTemplate [CREA:0B0058E1],0,4,0,2,false,false,exclude_not_actor,Robot or automated turret reserved for the robot pass.,
TaleOfTwoWastelands.esm|00007D19,TaleOfTwoWastelands.esm,00007D19,10007D19,TaleOfTwoWastelands.esm,DLC05crAlien1GunA,Alien,,,unknown,DLC05\Creatures\Alien\Skeleton.nif,DLC05CreatureAlien [VTYP:0B0034CC],DLC05crAlien1GunATemplate [CREA:0B003C65],0,4,0,3,false,false,exclude_talking,Conversational humanoid or intelligible speaking creature.,
TaleOfTwoWastelands.esm|00007D1A,TaleOfTwoWastelands.esm,00007D1A,10007D1A,TaleOfTwoWastelands.esm,DLC05crAlien1MeleeA,Alien,,,unknown,DLC05\Creatures\Alien\Skeleton.nif,DLC05CreatureAlien [VTYP:0B0034CC],DLC05crAlien1MeleeATemplate [CREA:0B003C79],0,2,0,2,false,false,exclude_talking,Conversational humanoid or intelligible speaking creature.,
TaleOfTwoWastelands.esm|00007D1B,TaleOfTwoWastelands.esm,00007D1B,10007D1B,TaleOfTwoWastelands.esm,DLC05crAlien2GunA,Alien,,,unknown,DLC05\Creatures\Alien\Skeleton.nif,DLC05CreatureAlien [VTYP:0B0034CC],DLC05crAlien2GunATemplate [CREA:0B003C6C],0,4,0,3,false,false,exclude_talking,Conversational humanoid or intelligible speaking creature.,
TaleOfTwoWastelands.esm|00007D1C,TaleOfTwoWastelands.esm,00007D1C,10007D1C,TaleOfTwoWastelands.esm,DLC05crAlien2MeleeA,Alien,,,unknown,DLC05\Creatures\Alien\Skeleton.nif,DLC05CreatureAlien [VTYP:0B0034CC],DLC05crAlien2MeleeATemplate [CREA:0B003C7C],0,2,0,2,false,false,exclude_talking,Conversational humanoid or intelligible speaking creature.,
TaleOfTwoWastelands.esm|00007D1D,TaleOfTwoWastelands.esm,00007D1D,10007D1D,TaleOfTwoWastelands.esm,DLC05crAlien3GunA,Alien,,,unknown,DLC05\Creatures\Alien\Skeleton.nif,DLC05CreatureAlien [VTYP:0B0034CC],DLC05crAlien3GunATemplate [CREA:0B003C6F],0,4,0,3,false,false,exclude_talking,Conversational humanoid or intelligible speaking creature.,
TaleOfTwoWastelands.esm|00007D1E,TaleOfTwoWastelands.esm,00007D1E,10007D1E,TaleOfTwoWastelands.esm,DLC05crAlien3MeleeA,Alien,,,unknown,DLC05\Creatures\Alien\Skeleton.nif,DLC05CreatureAlien [VTYP:0B0034CC],DLC05crAlien3MeleeATemplate [CREA:0B003C7F],0,2,0,2,false,false,exclude_talking,Conversational humanoid or intelligible speaking creature.,
TaleOfTwoWastelands.esm|00007D1F,TaleOfTwoWastelands.esm,00007D1F,10007D1F,TaleOfTwoWastelands.esm,DLC05crAlien4GunA,Alien,,,unknown,DLC05\Creatures\Alien\Skeleton.nif,DLC05CreatureAlien [VTYP:0B0034CC],DLC05crAlien4GunATemplate [CREA:0B00A9CC],0,4,0,3,false,false,exclude_talking,Conversational humanoid or intelligible speaking creature.,
TaleOfTwoWastelands.esm|00007D20,TaleOfTwoWastelands.esm,00007D20,10007D20,TaleOfTwoWastelands.esm,DLC05crAlien4MeleeA,Alien,,,unknown,DLC05\Creatures\Alien\Skeleton.nif,DLC05CreatureAlien [VTYP:0B0034CC],DLC05crAlien4MeleeATemplate [CREA:0B00A9CE],0,2,0,2,false,false,exclude_talking,Conversational humanoid or intelligible speaking creature.,
TaleOfTwoWastelands.esm|00007D21,TaleOfTwoWastelands.esm,00007D21,10007D21,TaleOfTwoWastelands.esm,DLC05crAlien5GunA,Alien,,,unknown,DLC05\Creatures\Alien\Skeleton.nif,DLC05CreatureAlien [VTYP:0B0034CC],DLC05crAlien5GunATemplate [CREA:0B00A9CD],0,4,0,3,false,false,exclude_talking,Conversational humanoid or intelligible speaking creature.,
TaleOfTwoWastelands.esm|00007D22,TaleOfTwoWastelands.esm,00007D22,10007D22,TaleOfTwoWastelands.esm,DLC05crAlien5MeleeA,Alien,,,unknown,DLC05\Creatures\Alien\Skeleton.nif,DLC05CreatureAlien [VTYP:0B0034CC],DLC05crAlien5MeleeATemplate [CREA:0B00A9CF],0,2,0,2,false,false,exclude_talking,Conversational humanoid or intelligible speaking creature.,
TaleOfTwoWastelands.esm|00007D23,TaleOfTwoWastelands.esm,00007D23,10007D23,TaleOfTwoWastelands.esm,DLC05crAlien6GunA,Alien,,,unknown,DLC05\Creatures\Alien\Skeleton.nif,DLC05CreatureAlien [VTYP:0B0034CC],DLC05crAlien6GunATemplate [CREA:0B00A9D0],0,4,0,3,false,false,exclude_talking,Conversational humanoid or intelligible speaking creature.,
TaleOfTwoWastelands.esm|00007D24,TaleOfTwoWastelands.esm,00007D24,10007D24,TaleOfTwoWastelands.esm,DLC05crAlien6MeleeA,Alien,,,unknown,DLC05\Creatures\Alien\Skeleton.nif,DLC05CreatureAlien [VTYP:0B0034CC],DLC05crAlien6MeleeATemplate [CREA:0B00A9D1],0,2,0,2,false,false,exclude_talking,Conversational humanoid or intelligible speaking creature.,
TaleOfTwoWastelands.esm|00007D25,TaleOfTwoWastelands.esm,00007D25,10007D25,TaleOfTwoWastelands.esm,DLC05crAbomination1,Abomination,,,unknown,DLC05\Creatures\Abomination\Skeleton.nif,DLC05Abomination [VTYP:0B00609B],DLC05crAbomination1Template [CREA:0B0058D4],0,2,0,1,false,false,include_nonverbal,Reachable official non-verbal creature mapped to a reviewed archetype.,abomination
TaleOfTwoWastelands.esm|00008589,TaleOfTwoWastelands.esm,00008589,10008589,TaleOfTwoWastelands.esm,CrDeathClawMotherDC,Deathclaw Mother,,,unknown,Creatures\DeathClaw\Skeleton.nif,VoiceDoNotRecordF [VTYP:00094EED],,0,0,0,3,false,false,include_nonverbal,Reachable official non-verbal creature mapped to a reviewed archetype.,deathclaw_mother
TaleOfTwoWastelands.esm|00008AB5,TaleOfTwoWastelands.esm,00008AB5,10008AB5,TaleOfTwoWastelands.esm,CrEyebotOutcast,Outcast Eyebot,,,unknown,Creatures\Eyebot\Skeleton.nif,,,0,2,0,1,false,false,exclude_not_actor,Robot or automated turret reserved for the robot pass.,
TaleOfTwoWastelands.esm|000093F4,TaleOfTwoWastelands.esm,000093F4,100093F4,TaleOfTwoWastelands.esm,DLC04CrMirelurk2,Swamplurk Hunter,,,unknown,Creatures\Mirelurk\Skeleton.nif,VoiceDoNotRecordF [VTYP:00094EED],CrMirelurk1 [CREA:0001CF83],0,2,0,2,false,false,include_nonverbal,Reachable official non-verbal creature mapped to a reviewed archetype.,swamplurk_hunter
TaleOfTwoWastelands.esm|00009400,TaleOfTwoWastelands.esm,00009400,10009400,TaleOfTwoWastelands.esm,NVDLC03CrCyberDogMilitary10Ranged,Military Cyber Dog,,,unknown,creatures\dog\skeleton_SonicBark.nif,RobotUniqueRex [VTYP:0014F3EA],NVDLC03CrCyberDogMilitary01Ranged [CREA:03015800],0,4,0,2,false,false,exclude_not_actor,Robot or automated turret reserved for the robot pass.,
TaleOfTwoWastelands.esm|0001715E,TaleOfTwoWastelands.esm,0001715E,1001715E,TaleOfTwoWastelands.esm,LvlTurretCeiling1024Scavenger,,,,unknown,marker_creature.nif,,LvlTurretCeiling1024 [CREA:000251AA],0,0,0,1,false,false,exclude_not_actor,Robot or automated turret reserved for the robot pass.,
TaleOfTwoWastelands.esm|00020534,TaleOfTwoWastelands.esm,00020534,10020534,TaleOfTwoWastelands.esm,NVDLC03X8CrTurretLvlFall,Hall Monitor,,,unknown,Creatures\SentryTurret\skeleton.nif,RobotEyebot [VTYP:00040D41],NVDLC03X8CrTurretTunnel [CREA:0301434B],0,0,0,1,false,false,exclude_not_actor,Robot or automated turret reserved for the robot pass.,
TaleOfTwoWastelands.esm|000236C5,TaleOfTwoWastelands.esm,000236C5,100236C5,TaleOfTwoWastelands.esm,LvlTurretCeiling768Chinese,,,,unknown,marker_creature.nif,,LvlTurretCeiling768 [CREA:000251A4],0,0,0,1,false,false,exclude_not_actor,Robot or automated turret reserved for the robot pass.,
TaleOfTwoWastelands.esm|0007908D,TaleOfTwoWastelands.esm,0007908D,1007908D,TaleOfTwoWastelands.esm,TTWCrCentaurLevelled,,,,unknown,,,TTWEncCentaur [LVLC:1007908E],0,0,0,42,false,false,exclude_not_actor,Ambient/scenery actor or record without a usable identity.,
TaleOfTwoWastelands.esm|000790A8,TaleOfTwoWastelands.esm,000790A8,100790A8,TaleOfTwoWastelands.esm,LvlRobotArmyNV,,,,unknown,,,EncRobotArmyNV [LVLC:100790AD],0,0,0,7,false,false,exclude_not_actor,Robot or automated turret reserved for the robot pass.,
TaleOfTwoWastelands.esm|0007915E,TaleOfTwoWastelands.esm,0007915E,1007915E,TaleOfTwoWastelands.esm,LvlTurretCeilingSuperMutant1024,,,,unknown,,,EncTurretCeiling [LVLC:000A8A5D],0,0,0,1,false,false,exclude_not_actor,Robot or automated turret reserved for the robot pass.,
