topic,topic_desc,knowledge_class,topic_desc_basic,knowledge_class_basic,tags,category,setting,region,valid_from_year,valid_to_year,source_url,source_revision,editorial_note
"brahmin,pack brahmin,mono-headed brahmin","Brahmin are a cornerstone of wasteland survival, providing meat, milk, and labor across post-War America. Edible cuts include the udder, chuck, brisket, rib, loin, and sirloin. They possess eight-compartment stomachs, udders, and four testicles, and can carry loads up to roughly 500 pounds. Their waste is valued as fertilizer. In the New California Republic, brahmin herding has grown into a powerful industry, with Brahmin Barons wielding considerable political influence over laws and policy. In the Capital Wasteland, brahmin are seen in settlements such as Megaton, Arefu, and the Republic of Dave, and are used by traders to transport wares. The Brotherhood of Steel has used pack brahmin to distribute clean water to wasteland inhabitants following the activation of Project Purity. Though generally docile and seldom hostile, wild aggressive brahmin can produce a loud roar. A rare mutation occasionally produces a single-headed specimen, known as a mono-headed brahmin.","wastelander,merchant,ncr,caravaner","Brahmin are two-headed cattle that serve as a major food source and form of transportation throughout the wasteland, raised for their meat and milk while their waste is used as fertilizer. When utilized by merchants to carry goods, these creatures are known as pack brahmin, and they are a common, non-dangerous sight in settlements like Megaton, Arefu, and the Republic of Dave. In the New California Republic, herding brahmin is a significant industry where wealthy Brahmin Barons influence politicians and laws. Occasionally, a brahmin is born with a single head, a rare mutation referred to as a mono-headed brahmin.",common,"brahmin baron influence,capital wasteland livestock,mono-headed mutation,ncr herding industry,pack brahmin traders,project purity water,two-headed pack cattle",creature,both,both,,,https://fallout.wiki/wiki/Brahmin_(Fallout_3),5608953,"Source extract mentions gameplay mechanics (tipping, swimming animation, head hitboxes) which are excluded from in-world articles."
centaur,"Centaurs are grotesque mutant creatures composed primarily of human and canine components, named for their three pairs of leg-like arms. In earlier wasteland accounts, centaurs possessed two heads—one canine, one humanoid—each connected to the body by thick, elongated necks converging at the torso's base. In the Capital Wasteland, centaurs display a single head with three writhing tentacle-like tongues and bones protruding from their bodies. Instead of legs, they use multiple human arms to drag themselves along the ground. They are slow-moving but possess both ranged and close-range attacks, capable of spitting radioactive projectiles. Centaurs are most commonly found accompanying super mutants, serving as watchdogs and companions. Significant concentrations exist in the basement of the Chryslus Building and near the Seward Square skybridge, with additional specimens found in Vault 87. Moira Brown's terminal entries suggest centaurs may be capable of speech due to the abundance of their tongues. In the Den, Mom's Diner has been known to serve centaur chops.","wastelander,super_mutant,scientist","Centaurs are large, fleshy mutated creatures composed of human and canine components, named for their three pairs of leg-like arms. They are commonly found accompanying super mutants, serving as watchdogs and companions to their masters. Centaurs are capable of spitting radioactive projectiles at their targets and possess multiple human arms that they use to drag themselves along the ground. Earlier wasteland accounts describe two-headed centaurs with one canine and one humanoid head, each connected to the body by thick elongated necks, though more recent sightings in the Capital Wasteland describe a single head with three writhing tentacle-like tongues.",common,"capital wasteland mutants,chryslus building basement,human canine hybrid,moira brown terminal,radioactive spit attack,super mutant watchdogs,vault 87 specimens",creature,both,both,,,https://fallout.wiki/wiki/Centaur_(Fallout_3),5665706,"Source extract mentions gameplay mechanics (targeted shots, unused NPC Clancy, item drops) which are excluded from in-world articles."
deathclaw,"Deathclaws were originally engineered by the pre-war United States government from Jackson's Chameleon stock to replace human soldiers in close-combat search-and-destroy missions. At least one deathclaw was deployed during the Alaskan Reclamation Operation, where it killed several Chinese soldiers. Following the Great War, deathclaws spread across North America, establishing packs governed by a pack leader and pack mother. Their nests frequently disrupt trade routes, and the only reliable way to dislodge a nest is to kill the pack mother. Behemoths are regarded as the only creatures posing a greater threat. Some wastelanders who have never encountered deathclaws consider them mythical, vampiric, or ghostly. The Enclave conducted extensive experiments on deathclaws, including the creation of Intelligent Deathclaws at Vault 13 through FEV injection. These creatures gained sufficient intelligence to recognize their intended role as expendable Enclave soldiers and feigned compliance until they could seek freedom. The Enclave also used domestication units to pacify deathclaws at Raven Rock. In the Capital Wasteland, deathclaws nest at the Deathclaw Sanctuary and Old Olney, the latter driving out a group of ghouls led by Sanders. In the Mojave Wasteland, deathclaws congregate at the Gypsum Train Yard and Deathclaw Promontory. After the NCRCF prison break, Powder Gangers stole dynamite from Quarry Junction, halting work and allowing a pack to occupy the area, blocking travel along the Long 15. A Legendary Deathclaw inhabits Dead Wind Cavern.","wastelander,enclave,scientist,military","Deathclaws are large, highly dangerous mutated predators originally engineered by the pre-war United States government from Jackson's Chameleon stock as replacements for human soldiers in close-combat missions. After the Great War, they spread across North America and established packs led by a pack leader and pack mother, nesting in locations that often disrupt trade routes and make surrounding areas extremely hazardous. They are widely feared as some of the most dangerous creatures in the wasteland, with only behemoths regarded as a greater threat, and some wastelanders who have never encountered them consider them mythical. The Enclave experimented on Deathclaws in several locations, including the creation of Intelligent Deathclaws at Vault 13 through FEV injection, resulting in creatures with increased intelligence who eventually recognized their intended role as expendable soldiers.",common,"deathclaw sanctuary nest,enclave fev experiments,intelligent deathclaw vault 13,jacksons chameleon mutation,pack mother hierarchy,pre-war military bioweapon,quarry junction pack",creature,both,both,,,https://fallout.wiki/wiki/Overview:Deathclaw,5591653,"Source extract mentions later games, television, and post-2281 events which are excluded per game_scope."
eyebot,"Eyebots are aerial, spherical robots equipped with a loudspeaker and a forward-mounted electrical weapon, with several long antennas protruding from their shells. They are common in the Mojave Wasteland and the Divide, where they broadcast signals, relay messages, and respond to perceived threats. Although a single eyebot is not heavily armed, its power system may explode when the robot is destroyed, endangering anything nearby. The best-known example in the Mojave is ED-E, whose casing and internal records connect it to pre-War Enclave research and long-distance travel. Pre-War popular media also featured an eyebot character named RALPHIE, and surviving posters in the Divide show that the robot's distinctive shape was familiar to the American public. Broken units found throughout the Divide provide evidence of the region's former robotic infrastructure and the violence that destroyed it.","wastelander,robot,engineer","Eyebots are small, spherical aerial robots equipped with a loudspeaker and an electrical weapon mounted on the front, along with several long antennas extending from their top and back. They are a familiar sight in the Mojave Wasteland and the Divide, where they hover about broadcasting signals or engaging threats with their built-in tasers. Though individually not very dangerous, eyebots are known to detonate when destroyed, posing a minor hazard to anything nearby. A notable eyebot designated ED-E has gained some recognition among wastelanders, and pre-War popular media even featured an eyebot character named RALPHIE, suggesting these robots were well known to the American public before the Great War.",common,"divide destroyed eyebots,ed-e recognition,electrical weapon robot,mojave wasteland robots,pre-war robot design,ralphie television program,spherical aerial robot",creature,both,both,,,https://fallout.wiki/wiki/Eyebot_(Fallout:_New_Vegas),5664316,Previous draft rejected for mentioning 'concept art' in advanced article. Rewritten to exclude all out-of-world references.
"feral_ghoul,Mindless Ghouls,Zombies,Crazies,Post-Necrotic Humans","The exact cause of a ghoul turning feral remains unknown, though the condition is characterized by brain degeneration and is considered an illness by some. Feral ghouls possess no body heat and emit lethal radiation, preferring dark environments such as underground areas or nighttime surfaces. They screech when enemies approach and attack primarily with their hands, though some—such as those at Camp Searchlight—retain enough function to use weapons. Curiously, feral ghouls display mixed behaviors toward non-feral ghouls: some are non-combative, while others are openly hostile. A ghoul mask can fool them into neutrality. The widespread assumption that all ghouls inevitably become feral drives significant prejudice against non-feral ghouls across the wasteland.","common,ghoul,wastelander,scientist","Feral Ghouls are irradiated humans who have lost their minds to brain degeneration, becoming aggressive and dangerous. They are known by many names, including Mindless Ghouls, Zombies, Crazies, and Post-Necrotic Humans. They emit lethal radiation, prefer dark places, and attack with their hands, though some can still use weapons. Their existence fuels prejudice against all ghouls, as many humans assume every ghoul will eventually turn feral.",common,"camp searchlight ferals,feral ghoul brain degeneration,feral ghoul radiation emission,ghoul mask disguise,ghoul prejudice humans,post-necrotic humans",creature,both,both,,,https://fallout.wiki/wiki/Overview:Feral_Ghoul,5620638,Basic article returned unchanged; advanced article written from source extract.
mister_gutsy,"The Mister Gutsy was developed by General Atomics International as a dedicated combat variant of the civilian Mister Handy, commissioned by the United States Army before the Great War. Units saw action during the Battle of Anchorage in January 2077. General Atomics programmed them as effective soldiers, but vague programming definitions caused issues with their simulated personality units, granting them the ability to refuse orders from commanders they deemed incompetent or who were under court martial. Units carried ""ABC"" and ""MGZ"" serial numbers, with variants ranked Mister, Sergeant, Lieutenant, Major, and Colonel. A field medic model was also produced, incapable of combat but possessing encyclopedic medical knowledge, particularly in surgery. In the Mojave Wasteland, Mister Gutsies can be found at Nellis Air Force Base, HELIOS One, and other pre-war installations.","common,military,robot,engineer","The Mister Gutsy is a military combat robot developed by General Atomics International and commissioned by the United States Army before the Great War. It is a dedicated combat variant of the civilian Mister Handy model, and units saw action during the Battle of Anchorage in January 2077. Mister Gutsies are equipped with weapons such as 10mm submachine guns, .44 pistols, plasma weapons, and flamethrowers. General Atomics programmed them to be effective soldiers, but the vague definitions used caused issues with their simulated personality units, giving them the ability to refuse orders from commanders they deemed incompetent or those under court martial.",common,"battle of anchorage robots,combat variant mister handy,general atomics international,mister gutsy military robot,mojave military robots,robot personality units",creature,both,both,,,https://fallout.wiki/wiki/Mister_Gutsy_(Fallout:_New_Vegas),5370816,Basic article returned unchanged; advanced article written from source extract.
mister_handy,"The Mister Handy is a service and maintenance robot utilizing a powerful propulsion system to hover above ground level. Its spherical chassis is fitted with three optical sensors and three primary appendages for manual labor, including a buzz saw and a rudimentary flamethrower. In the Mojave Wasteland, Mister Handy units can be found at several locations including the Securitron Vault, REPCONN Headquarters, Sunset Sarsaparilla Headquarters, H&H Tools Factory, New Vegas Steel, and the Saturnite Alloy Research Facility. The Mister Handy platform also served as the basis for the military Mister Gutsy variant. These robots represent some of the most ubiquitous pre-war robotics still functioning in the post-nuclear world, performing maintenance and service tasks long after their original owners perished.","common,robot,engineer","The Mister Handy is a variant of service and maintenance robot found operating in the Mojave Wasteland. They are equipped with a powerful propulsion system that enables them to hover a few feet above the ground. A Mister Handy features a spherical chassis topped with three optical sensors and three primary appendages for manual labor. Among these appendages are a buzz saw and a rudimentary flamethrower, allowing the robot to perform its duties effectively.",common,"general atomics civilian robot,hovering propulsion robot,mister handy service robot,mojave handy robots,pre-war service robots,robot maintenance units",creature,both,both,,,https://fallout.wiki/wiki/Mister_Handy_(Fallout:_New_Vegas),5553027,Basic article returned unchanged; advanced article written from source extract.
mole_rat,"Mole rats are mutated descendants of a species closely resembling a larger variant of heterocephalus glaber, having survived the Great War by burrowing underground where soil shielded them from direct nuclear blasts. Subsequent radioactive fallout greatly increased their size and aggression. The Enclave conducted field research on mole rats, documenting observations at a small outpost west of the Temple of the Union. Moira Brown noted that mole rats can be domesticated, but only after de-clawing, de-teething, and a lobotomy. Some wastelanders have trained and kept them as pets, and raiders have hosted mole rat races at a dedicated track. Mole rats charge their prey and lunge several feet to bite with large incisors, though they may retreat if severely outmatched. They are found throughout the Capital Wasteland and as far afield as Point Lookout.","common,wastelander,scientist","Mole rats are mutated descendants of a species closely resembling a larger variant of heterocephalus glaber, having survived the Great War by burrowing underground where the soil shielded them from direct nuclear blasts. The subsequent radioactive fallout greatly increased their size and aggression, producing the hostile creatures now found throughout the Capital Wasteland and as far afield as Point Lookout. They attack by charging their prey and lunging to bite with their large incisors, though they may retreat if severely outmatched. Despite their aggression, some wastelanders have been known to train and keep mole rats as pets, and raiders have even hosted mole rat races at a dedicated track.",common,"capital wasteland creatures,enclave field research,heterocephalus glaber species,mole rat domestication,mole rat mutation,radioactive fallout mutation",creature,both,both,,,https://fallout.wiki/wiki/Mole_Rat_(Fallout_3),5608794,Basic article returned unchanged; advanced article written from source extract.
"protectron,RobCo Protectron","The RobCo Protectron was among the most versatile pre-War commercial robots, deployed across the United States in roles ranging from security to firefighting. Its three photo sensors provided visual input while a fission battery housed behind an access panel supplied power. Each unit was stored in a dedicated pod interfaced through the Standard Protectron Control Interface v2.40. The Protectron's introduction had significant social consequences: automation displaced human workers, and resulting labor strikes turned violent. RobCo produced numerous specialised variants. Construction models carried internal nail guns and were built to withstand damage. Firefighter models were fitted with internal cryo guns. Medic models used their hands as defibrillators and could deliver shock attacks in combat. Police units likewise employed shock-based tactics. Protectrons could even cook food using internal temperatures reaching one thousand degrees. Software personalities included the R04 V9 Office Helper, the RS3 V4.1.6 Utility Helper with pest extermination programs, and the RX2 V1.16.4 Vault Helper with Vault protocols. A prototype called the Protect-O-Bot was displayed at the REPCONN Headquarters museum. In the Mojave Wasteland, Protectrons have been found guarding HELIOS One, Mr. House's secret bunker beneath the Fort, and the H&H Tools Factory. Named units include Fisto, Primm Slim, and Vendortron.","mojave,scientist,wastelander","The RobCo Protectron is a sturdy pre-War security automaton used in both private and business sectors across the United States. Powered by a fission battery and featuring three photo sensors for sight, these robots were stored in special pods connected to terminals running the Standard Protectron Control Interface. Their introduction displaced many human workers, leading to violent labor strikes between employees and the machines. Protectrons were manufactured in numerous variants for civil service applications, including firefighter models with cryo guns, medic units with defibrillator hands, police units using shock attacks, construction models with nail guns, and office, utility, and Vault helpers with specialized software.",common,"labor strike automation,pre-war security automaton,protectron variants,robot fission battery,rocco protectron model,standard protectron interface",creature,both,both,,,https://fallout.wiki/wiki/Protectron_(Fallout:_New_Vegas),5604200,Basic article returned unchanged; advanced article written from source extract.
"radroach,periplaneta americana","Radroaches are descended from the pre-War Great American Cockroach, known scientifically as periplaneta americana. Enclave field research terminals have documented the species' pre-War origins. Following the Great War, these insects proliferated throughout the Capital Wasteland, congregating in significant numbers at locations such as the RobCo Facility, the Nuka-Cola Plant offices, and the Gillian House in Minefield. Radroaches are generally hostile to humans, flapping their wings and antennae as a pre-attack display. Their meat is edible, though widely regarded as unpalatable; Moira Brown of Megaton famously compared the taste to old feet. Despite their ubiquity, radroaches exhibit no body part that can be crippled to induce frenzy, unlike many other wasteland creatures. Unusual specimens have been documented: two caged radroaches named Fluffy and Jitters were found in an abandoned shack, and a recluse known as Gallo kept undersized radroaches as pets in the County Sewer Mainline. Radroaches near the so-called Roach King have been observed as non-hostile. Undersized specimens have also been reported in Vault 108's living quarters cafeteria.","capital_wasteland,enclave,wastelander","Radroaches, sometimes called Great American Cockroaches or by their scientific name periplaneta americana, are a common mutated insect species descended from pre-War cockroach populations. They are found throughout the Capital Wasteland and are generally hostile to humans, flapping their wings and antennae before attacking. Their meat is edible, though Moira Brown of Megaton famously describes the taste as resembling old feet. Some radroaches have been observed in unusual circumstances, such as the non-hostile specimens found near the so-called Roach King, or the undersized ones kept as pets by individuals like Gallo in the County Sewer Mainline.",common,"capital wasteland insect,edible mutant insect,mutated cockroach species,periplaneta americana,radroach behavior,roach king",creature,both,both,,,https://fallout.wiki/wiki/Radroach_(Fallout_3),5674389,Basic article returned unchanged; advanced article written from source extract.
radscorpion,"Radscorpions are large, mutated arthropods descended from the North American Emperor scorpion. Following the Great War, exposure to radiation and the Forced Evolutionary Virus caused dramatic growth in the species, producing specimens far larger than their pre-War ancestors. These creatures are encountered throughout the wasteland and are widely feared for their aggressive temperament and potent venom. The venom has proven medically significant: antidotes have been successfully derived from it, providing wastelanders and medical practitioners with a means to treat radscorpion stings. The combination of radiation and FEV exposure responsible for the radscorpion's enlarged size is consistent with mutations observed in other post-War species. Radscorpions represent one of the more dangerous common threats faced by travelers in both the Capital Wasteland and the Mojave Wasteland, where their armoured exoskeletons and venomous tails make them formidable opponents even for experienced wastelanders.","wastelander,doctor,scientist","Radscorpions are mutated descendants of the North American Emperor scorpion, enlarged by radiation and Forced Evolutionary Virus exposure following the Great War. They are found throughout the wasteland and are known for their venom, from which antidotes have been derived.",common,"fev exposure,mutated emperor scorpion,post-war arthropod,radiation mutation,radscorpion antidote,venomous wasteland creature",creature,both,both,,,https://fallout.wiki/wiki/Radscorpion,5594524,Basic article returned unchanged; advanced article rewritten to remove out-of-world reference per rejection note.
robobrain,"Robobrains represent General Atomics International's first successful union of organic matter and robotics, developed under Doctor Bert Riggs before the Great War. Research and production spanned facilities operated by General Atomics, RobCo Industries, and the US Army Robotics Division, including Sierra Army Depot, RB-2851, and the RobCo Sales & Service Center. Early models used chimpanzee brains, with each successive model providing superior upgrades: increased energy efficiency, improved brain longevity, enhanced visual cortex connections for better motor skills and perception, and tactical combat capabilities. General Atomics ultimately sought human brains to augment the robot's functions, accelerate decision-making, and ensure unquestioning obedience. Candidates for brain extraction were drawn from military and civilian prisons, focusing on adults of high intelligence and sufficient constitution to survive the removal process. Candidates with low intelligence, mental disorders, or poor brain health were terminated. Robobrains with an IQ below 80 were classified as defective and disposed of at the Robotics Disposal Ground. Successful candidates had their brains removed, analysed, reconditioned, and placed in Biomed Gel before attachment to the robotic chassis. The removal process prevented personality retention. Additional research into brain extraction and isolation was conducted at the St. Aubin Medical Facility in Point Lookout, though the robobrain never reached full production there. In the Mojave Wasteland, robobrains have been observed serving the NCR near Hoover Dam at Ranger Station Delta, while hostile units have been encountered at HELIOS One, Vault 11, the H&H Tools Factory, and Big MT.","mojave,scientist,military,ncr","Robobrains are pre-war robots developed by General Atomics International under Doctor Bert Riggs, representing the company's first successful union of organic matter and robotics. Research and production were conducted at facilities operated by General Atomics, RobCo Industries, and the US Army Robotics Division, including Sierra Army Depot and RB-2851. Early models used chimpanzee brains, but the program ultimately sought human brains to augment the robot's functions, accelerate decision-making, and ensure unquestioning obedience. Candidates for brain extraction were drawn from military and civilian prisons, targeting adults of high intelligence and sufficient constitution to survive the removal process.",common,"bert riggs robotics,biomed gel chassis,brain extraction program,general atomics robobrain,organic brain robot,robotics disposal ground",creature,both,both,,,https://fallout.wiki/wiki/Robobrain_(Fallout:_New_Vegas),5419043,Basic article returned unchanged; advanced article written from source extract.
sentry_bot,"The sentry bot was engineered as a pre-war autonomous security platform designed to project overwhelming force in defense of installations and personnel. Its armament configuration pairs a minigun or Gatling laser on the right arm with a missile launcher on the left, allowing it to engage multiple threat types simultaneously. A critical design feature is the cooldown phase following sustained fire, during which the robot's fusion core is exposed and vulnerable to attack. The combat inhibitor mounted on the unit's back regulates targeting and behavior; if destroyed, the robot enters a frenzied state, attacking indiscriminately. Uniquely, sentry bots are equipped with judicial circuits that grant them limited law-enforcement authority. When they witness murder or theft, these circuits activate and the robot issues an immediate death sentence, pursuing the identified criminal with lethal intent. In the Mojave Wasteland, sentry bots appear in locations such as Vault 11 and the Securitron Vault. The Big MT research facility houses Mk series variants, while dedicated Army models patrol the Divide. Named units include Koch, an antique sentry bot, and RY-589 Ultimo Bot. Upon destruction, sentry bots detonate violently.","mojave,engineer,military,wastelander","Sentry Bots are heavy combat robots created to provide security through overwhelming firepower, utilizing a minigun or Gatling Laser on one arm and a Missile Launcher on the other. They possess judicial circuits that allow them to witness crimes such as murder or thievery and hand down death sentences to criminals they identify. A combat inhibitor on their back can cause them to frenzy if damaged, and their fusion core becomes vulnerable during a cooldown phase after attacking. These robots are found throughout the Mojave Wasteland, Big MT, and the Divide, with variants including the Mk series and dedicated Army models.",common,"big mt robots,combat inhibitor,divide army models,fusion core vulnerability,heavy combat robot,judicial circuits,mojave wasteland robots",creature,both,mojave,,2281,https://fallout.wiki/wiki/Sentry_Bot_(Fallout:_New_Vegas),5562353,Basic article returned unchanged; advanced article written from source extract.
"super_mutant,Mutants","Super Mutants originate from Forced Evolutionary Virus research that began at West Tek, with FEV samples transferred to Mariposa Military Base on January 7, 2077, under the direction of Leon Von Felden and Robert Anderson. The virus produced approximately a 60% increase in size and a potential 200% intelligence increase in successful subjects, though outcomes varied dramatically by strain. In the Capital Wasteland, the Evolutionary Experimentation Program at Vault 87 produced a distinct strain beginning in 2078. These mutants grow larger and stronger with age, but suffered reduced intelligence and sterility. Their inability to reproduce drove an obsessive campaign to capture humans for conversion using FEV, or ""green stuff,"" at Vault 87. By 2277, dwindling FEV reserves left them increasingly desperate. In the Mojave, Marcus led a group of first-generation mutants to found Black Mountain, using the site's radiation as a natural deterrent. A rift with the Nightkin officer Tabitha, whose mental state deteriorated after her robot companion Rhonda broke down, eventually forced Marcus to leave and establish Jacobstown. Jacobstown became a refuge for first-generation Super Mutants and Nightkin, with Doctor Henry researching cures for Nightkin mental illnesses caused by prolonged Stealth Boy use. Meanwhile, Black Mountain became the hostile State of Utobitha under Tabitha's command, where Nightkin and second-generation mutants harassed travelers along I-15.","capital_wasteland,mojave,wastelander,historian,super_mutant","Super Mutants, sometimes simply called Mutants, are hulking humanoid creatures created by exposing humans to the Forced Evolutionary Virus. They typically possess exceptional strength, endurance, and immunity to radiation and disease, though their intelligence is often modified. Various strains of these mutants exist across the wasteland, originating from places like Mariposa Military Base, Vault 87, the Institute, and West Tek facilities. While many are hostile and obsessively seek out more of the virus, often referred to as ""green stuff,"" to expand their numbers, some groups coexist peacefully with humans.",common,"black mountain utobitha,capital wasteland mutants,forced evolutionary virus,jacobstown settlement,mariposa military base,nightkin mental illness,vault 87 strain",creature,both,both,2077,2281,https://fallout.wiki/wiki/Overview:Super_Mutant,5665318,Basic article returned unchanged; advanced article written from source extract. Scope limited to Fallout 3 and New Vegas content.
abomination,"Abominations represent the alien inhabitants' most disturbing experimentation conducted aboard Mothership Zeta. Through processes documented in recorded logs, the aliens systematically transform captured humans into hybrid creatures, though the conversion proves fatal for many subjects. The survivors emerge as gaunt, hostile beings with semi-transparent skin that reveals underlying physiology, and disproportionately long arms suited for close-quarters violence. Unlike the alien crew, abominations employ no ranged weaponry. Their behavioral pattern is distinctive: upon detecting an intruder, an abomination will point at the target and emit a loud wail before charging at speed, swiping with its elongated limbs. This warning behavior provides a brief window before the attack commences. Abominations are encountered both confined within cells and roaming the corridors of Mothership Zeta, suggesting they may be released or escape containment. The Biological Research section of the vessel serves as their primary habitat, consistent with their status as experimental subjects. Notably, abominations demonstrate considerable physical resilience, resisting knockdown effects from weapons that reliably topple other targets. When destroyed, their bodies yield assorted items including alien power modules, alien epoxy, pre-war money, cigarettes, harmonicas, and pre-war books, suggesting their human origins retained personal effects through the transformation.","capital_wasteland,wastelander,scientist","Abominations are hostile half-human, half-alien hybrids created aboard Mothership Zeta by the alien inhabitants. They possess semi-transparent skin and long arms, attacking intruders without ranged weapons by pointing and wailing before charging to swipe at their targets. Recorded logs indicate that aliens transform humans into these creatures, though not all subjects survive the process. They are found patrolling the ship's hallways or confined in cells, particularly in the Biological Research section of the vessel.",common,"alien human experimentation,biological research section,cryo ship experiments,hostile alien creatures,mothership zeta hybrids,semi-transparent skin",creature,fallout3,capital_wasteland,,2277,https://fallout.wiki/wiki/Abomination_(Mothership_Zeta),5665142,Basic article returned unchanged; advanced article written from source extract.
alien,"The extraterrestrial beings encountered aboard Mothership Zeta represent a technologically advanced civilization capable of interstellar travel, long-term cryostasis, teleportation, and holographic projection. The most commonly observed specimens wear distinctive white spacesuits and behave with uniform hostility toward all intruders aboard their vessel. Their armament includes disintegrators and atomizers for ranged engagement, as well as shock batons for close-quarters combat. Some aliens project an Inertia Suppression Field, a personal energy barrier that enhances their survivability in combat, with the field's effectiveness scaling according to the individual alien's tier. In battle, aliens equipped with melee weapons tend to rush opponents, while others maintain distance and employ their ranged arsenal. The aliens also deploy Guardian Drones as support units. Beyond the crew, the ship contains alien workers who lack combat capability and cower when confronted, though their presence can disrupt shipboard systems and scripted events. Evidence of extraterrestrial visitation to Earth exists independently of Mothership Zeta: a dead alien bearing an Alien Blaster was discovered far north of the Scrapyard in the Capital Wasteland, suggesting at least one prior incursion or crash on the planet's surface. The aliens' interest in humanity is further evidenced by their cryostasis chambers, which hold preserved human captives from various historical periods, and their biological research programs that transform human subjects into abominations.","capital_wasteland,wastelander,scientist","Aliens are hostile extraterrestrial beings encountered aboard Mothership Zeta, commonly seen wearing white spacesuits. They wield advanced weaponry such as Disintegrators, Atomizers, and Shock Batons, and are sometimes protected by an Inertia Suppression Field that functions as a personal shield. Their civilization possesses highly advanced technology, including long-term cryostasis, teleportation, and holograms. A dead alien can also be found far north of the Scrapyard on Earth, alongside an Alien Blaster.",common,"alien weaponry,capital wasteland crash site,cryostasis technology,extraterrestrial civilization,inertia suppression field,mothership zeta aliens",creature,fallout3,capital_wasteland,,2277,https://fallout.wiki/wiki/Alien_(Mothership_Zeta),5673727,Basic article returned unchanged; advanced article rewritten to remove out-of-world 'damage resistance' wording per rejection note. Inertia Suppression Field described in-world as personal energy barrier.
bloatfly,"The bloatfly represents one of the more peculiar results of post-War insect mutation in the Capital Wasteland. Enclave researchers operating at an outpost near Megaton included the bloatfly among the regional creatures they studied, tentatively placing it within the Tabanidae family of biting flies. The species adapted to its enlarged scale through a unique gland that permits balance and sustained speed despite its increased mass, though this same gland is believed to be toxic if ingested. Bloatflies attack by ejecting their own maggots as live projectiles, a deeply unusual reproductive-aggressive behavior, and their carapaces offer minimal protection against weapons. Their wings produce a faint clicking sound reminiscent of giant ant movement, while their death is marked by a high-pitched chattering noise. They congregate wherever carrion is plentiful, including the entrance chamber of Vault 92 and the hillsides near Reclining Groves Resort Homes, where dead Wastelanders provide a ready food source.","capital_wasteland,common,scientist","Bloatflies are mutated insects found in the Capital Wasteland, descended from either the common housefly or biting horse fly. The Enclave tentatively classified them within the Tabanidae family, noting that they evolved a unique gland to balance and maintain speed at their enlarged size, though this gland may be toxic if consumed. They attack by launching their own maggots as projectiles and can explode upon death. Bloatflies are known to congregate in areas with available carrion, such as near Reclining Groves Resort Homes where they feed on dead Wastelanders, and within the entrance area of Vault 92.",common,"capital wasteland creature,enclave classification,mutated insect,projectile maggots,tabanidae family,vault ninety-two",creature,fallout3,capital_wasteland,,,https://fallout.wiki/wiki/Bloatfly_(Fallout_3),5674336,
experimental_weapons_drone,"Aboard the alien spacecraft Mothership Zeta, drones serve as multipurpose robotic units deployed by the alien crew for combat, personal assistance, and weapons testing. The Experimental Weapons Drones represent a specialized variant encountered within the vessel's Weapons Lab, where alien experimenters use them to fire upon brahmin that emerge from a Teleportation Matrix, apparently studying weapon effects on living subjects. All drones on the ship, including these experimental models, are produced at the Robot Assembly facility. Each Experimental Weapons Drone is armed with a Drone Cannon or its enhanced variant, the Drone Cannon Ex-B, firing arced explosive projectiles. Drones found deactivated inside Alien Robot Pods throughout the vessel can be reactivated using a Drone Control Device, which temporarily recruits them as followers. Their hover-platform locomotion can be disrupted by targeting the platform itself, though curiously, standard EMP weapons such as pulse grenades and pulse mines have no effect on these alien constructs.","common,scientist","Experimental Weapons Drones are alien robots encountered on board the alien vessel known as Mothership Zeta. They are used by the aliens for multiple tasks, including combat, personal use, and weapons testing. In the ship's Weapons Lab, two such drones are used to fire at brahmin exiting from a teleportation matrix. All drones aboard the vessel are manufactured at the Robot Assembly.",common,"alien robot,alien vessel,drone cannon,mothership zeta drone,robot assembly,weapons testing",creature,fallout3,mothership_zeta,2277,2277,https://fallout.wiki/wiki/Experimental_Weapons_Drone,5448295,
fire_ant,"The fire ants of the Capital Wasteland are an unintended product of scientific experimentation conducted by Doctor Lesko, who sought to reverse the gigantism afflicting wasteland ant populations through genetic manipulation. A small error in his genetic work produced an entirely different mutation rather than the intended size reduction, yielding a species capable of producing and projecting fire. Lesko termed the mechanism pyrosis: the ants expel flammable venom from modified venom sacs and ignite it by clicking their mandibles together to create a spark. In behavior, fire ants retain the swarming tactics of ordinary giant ants, overwhelming targets through numbers. They exhibit a high resistance to fire, consistent with their own incendiary biology. Damaging their antennae can trigger a frenzied state, causing disorientation and erratic aggression. The creatures are not uniformly hostile and may ignore passersby unless provoked. Their emergence in the Capital Wasteland is tied directly to Lesko's experiments and the disruption they caused to local ant colonies.","capital_wasteland,common,scientist","Fire ants are mutated insects found in the Capital Wasteland, created accidentally by Doctor Lesko through genetic manipulation. The doctor was attempting to return giant ants to their normal size, but a small error in his work produced a different mutation altogether. These creatures breathe fire through a process Lesko calls pyrosis, expelling flammable venom from their venom sacks and igniting it with a spark made by clicking their mandibles. Fire ants employ swarming tactics similar to ordinary giant ants and possess a notable resistance to fire.",common,"capital wasteland creature,doctor lesko experiment,flammable venom,giant ant mutation,mutated insect,pyrosis mechanism",creature,fallout3,capital_wasteland,2277,2277,https://fallout.wiki/wiki/Fire_Ant_(Fallout_3),5604214,
guardian_drone,"Guardian Drones are the principal robotic defense and utility units deployed throughout the alien vessel Mothership Zeta. Manufactured in the ship's Robot Assembly, they serve the alien crew in combat, personal assistance, and weapons-testing roles. Each drone travels on a hovering platform and carries a Drone Cannon that fires an arcing explosive projectile capable of rolling across surfaces before detonating. In the Weapons Lab, drones fire on brahmin emerging from a Teleportation Matrix, suggesting that the aliens study weapon effects on terrestrial organisms. Dormant Guardian Drones are stored inside Alien Robot Pods around the vessel, and a Drone Control Device can reactivate compatible units. Their construction differs substantially from terrestrial robotics: even pulse grenades and pulse mines, normally effective against machines, have little discernible effect on these alien constructs.","common,scientist","Guardian Drones are alien robots used by the aliens aboard Mothership Zeta for a variety of tasks, including combat, personal use, and weapons testing. They are manufactured at the ship's Robot Assembly and can be found stationed throughout the vessel, sometimes resting deactivated within Alien Robot Pods. Each Guardian Drone is equipped with a Drone Cannon, a weapon that fires an arced projectile which rolls along surfaces before exploding. In the Weapons Lab, drones are used to fire at brahmin that emerge from a Teleportation Matrix as part of alien experimentation.",common,"alien robot,alien robot pods,drone cannon weapon,mothership zeta drone,robot assembly,weapons lab experimentation",creature,fallout3,mothership_zeta,2277,2277,https://fallout.wiki/wiki/Guardian_Drone,5448297,
mirelurk,"Mirelurks are a dominant aquatic predator species of the Capital Wasteland, occupying a niche shaped by the region's pervasive water contamination. Their heavy natural armor renders most conventional attacks ineffective, with the unarmored face serving as the primary vulnerability. The species appears physiologically dependent on irradiated water: when Project Purity begins distributing purified water following the Battle of Project Purity in 2277, mirelurks in the vicinity of the Jefferson Memorial begin dying off. Brotherhood of Steel personnel stationed at the memorial observe this die-off firsthand, with one initiate burning dead specimens and a patrolling knight noting that soldiers are encouraged to shoot the dying creatures. This dependency suggests a mutated biology adapted to—or reliant upon—contaminated environments, raising questions about the species' long-term viability should the Capital Wasteland's water supply be broadly purified. Culturally, mirelurk meat holds significant value among wastelanders. Grandma Sparkle considers it ""the best meat you can get out here,"" with the softshell variety being especially prized. A mirelurk cakes recipe exists at the Anchorage War Memorial, indicating some pre-war or early post-war culinary tradition surrounding the species. Mirelurks cannot attack while swimming, and white noise—such as that found in Vault 92—proves instantly lethal to them, suggesting sensory fragility beneath their armored exterior.","capital_wasteland,scientist,wastelander,brotherhood","Mirelurks are giant mutated creatures that inhabit the waters and shores of the Capital Wasteland. They are heavily armored, making them difficult to harm, though their faces are a known weak point. Wastelanders such as Grandma Sparkle prize mirelurk meat, especially the softshell variety, as a valuable food source. They appear to require contaminated water to survive, as they begin dying off when exposed to pure water.",common,"aquatic predator species,armored mutation biology,capital wasteland ecology,jefferson memorial observation,project purity die-off,softshell meat value,vault ninety-two vulnerability,water contamination dependency",creature,fallout3,capital_wasteland,,2277,https://fallout.wiki/wiki/Mirelurk_(Fallout_3),5666167,The behind-the-scenes note about the mirelurk model being designed to resemble a person in a rubber monster suit is development information and has been excluded from the in-world article.
mirelurk_king,"Mirelurk Kings represent an apex variant within the mirelurk species hierarchy of the Capital Wasteland, distinguished by a potent ranged sonic attack capable of instantly crippling a target's head at considerable distance. This sonic capability appears to function through water as a medium, penetrating aquatic environments even though the kings themselves cannot attack while swimming and remain stationary when approached. The sonic attack is disabled if the king's own head is crippled, suggesting a centralized sensory or vocal organ responsible for generating the attack. Torso shots against mirelurk kings inflict only two-thirds of normal damage, indicating a secondary layer of natural armor beyond what standard mirelurks possess. Their melee attack, however, deals more damage than the ranged sonic attack, making close-range engagement particularly hazardous. The related Swamplurk Queen variant, encountered in the Point Lookout swamplands, substitutes the sonic attack with a spit projectile that deals greater damage and possesses higher overall resilience. Both variants share the head-crippling vulnerability, suggesting a common anatomical weakness across mirelurk evolutionary branches. The existence of distinct regional variants—kings in the Capital Wasteland and queens in Point Lookout—implies adaptive divergence shaped by local environmental conditions.","capital_wasteland,scientist,wastelander","Mirelurk Kings are mutated creatures found in the Capital Wasteland. They are known for a ranged sonic attack that can cripple a target's head from afar, though they also possess a more damaging melee attack. Mirelurk Kings cannot attack while swimming and will remain stationary when approached, though their sonic attack can penetrate water. A related variant, the Swamplurk Queen, possesses a spit attack instead of the sonic attack and is more resilient.",common,"aquatic predator hierarchy,head crippling vulnerability,melee damage superiority,point lookout swamplands,regional adaptive divergence,sonic attack capability,swamplurk queen variant,torso armor resistance",creature,fallout3,capital_wasteland,,2277,https://fallout.wiki/wiki/Mirelurk_King_(Fallout_3),5448148,
swampfolk,"Swampfolk are a population of mutated humans endemic to the Point Lookout swamplands, exhibiting severe physical deformities and a deeply territorial social structure that isolates them from outsiders. They mark their territory with hanging dolls and ritualistic fetishes, suggesting a developed if insular cultural practice rooted in superstition or folk tradition. Swampfolk operate in coordinated groups of two to five, typically combining melee chargers with firearm-wielding support, and display tactical behavior such as seeking replacement weapons when their current ones are destroyed. Their combat effectiveness is notably enhanced beyond what their crude weaponry would suggest, inflicting additional damage attributable to object-level modifications in the regional data—a phenomenon that may reflect environmental adaptation or the cumulative effects of Point Lookout's unique mutational pressures. Despite their fearsome reputation, Swampfolk society is not entirely closed. Marguerite lives among them in the bog without severe deformities and is recognized as a local. Haley, likewise lacking Swampfolk features, engages in trade with them and notes their strong odor. Kenny, born to Swampfolk parents without deformities, became an outcast—indicating that physical conformity to the group's mutated phenotype functions as a basis for social inclusion. Swampfolk occasionally gather and dance at Beachview Campsite, a behavior observed nowhere else on Point Lookout, hinting at communal rituals or gatherings tied to that specific location.","wastelander,tribal,scientist","Swampfolk are mutated humans inhabiting the Point Lookout swamplands, recognizable by their severe deformities and territorial nature. They mark their territory with hanging dolls and other fetishes, and are known to attack outsiders who wander too close to their grounds. While most Swampfolk are born with their distinctive mutations, rare individuals such as Kenny have been born to Swampfolk parents without deformities and become outcasts as a result. Locals like Marguerite and Haley coexist with or trade alongside the Swampfolk, with Haley noting that they tend to carry a strong smell.",common,"beachview campsite ritual,coordinated group tactics,haley trade contact,kenny outcast deformity,marguerite bog coexistence,phenotype social inclusion,point lookout swamplands,territorial fetish markers",creature,fallout3,point_lookout,,2277,https://fallout.wiki/wiki/Swampfolk,5595437,Behind-the-scenes information about development inspiration from films and placeholder sound files has been excluded as it is not in-world knowledge.
trog,"Trogs represent one of the most disturbing consequences of concentrated environmental catastrophe in the post-war world. Troglodyte Degeneration Contagion (TDC) is not infectious in the traditional sense—it cannot be contracted through contact with the infected. Instead, it arises from the synergistic effect of intensively concentrated ambient radiation combined with the unique industrial toxins and pollutants saturating the Pitt, suggesting a region-specific biochemical mechanism unlike standard radiation mutation. The transformation rate among the general populace is approximately twenty percent, but children born in the Pitt face a one hundred percent degeneration rate, becoming feral within weeks of birth. This generational certainty implies that the Pitt's contamination has reached a threshold where prenatal exposure guarantees onset. Transformed individuals lose all recognition of former relationships, attacking friends and loved ones indiscriminately. Yet fragments of cognition persist: injured trogs cry out words like ""Why?"" and ""Pain!,"" and some murmur ""...peace..."" or ""Thank you..."" as they die, hinting that remnants of human awareness remain trapped beneath the feral exterior. The trog phenomenon is geographically isolated to the Pitt, and residents of the Capital Wasteland are unfamiliar with the condition.","capital_wasteland,scientist,wastelander","Trogs are mutated humans found in the Pitt, transformed by Troglodyte Degeneration Contagion, a condition caused by the region's concentrated ambient radiation combined with unique industrial toxins and pollutants. The disease is not spread through contact with the infected. Roughly twenty percent of the local populace has undergone the transformation, becoming feral creatures that attack anything on sight, even former friends and loved ones. Children born in the Pitt face a one hundred percent degeneration rate and become feral within weeks of birth.",common,"environmental mutation mechanism,feral transformation rate,pitt industrial toxins,pitt isolated contagion,prenatal degeneration certainty,regional radiation mutation,residual human cognition,troglodyte degeneration contagion",creature,fallout3,the_pitt,,2277,https://fallout.wiki/wiki/Trog_(Fallout_3),5426803,"The source mentions Joshua Sawyer's statement that trogs were recycled to make Tunnelers and Spore Carriers for New Vegas, but this is behind-the-scenes development information rather than in-world knowledge and has been excluded."
yao_guai,"Yao Guai are mutated descendants of pre-War bears that roam the Capital Wasteland in craggy, hilly terrain and cavern systems. Concentrated populations inhabit the Yao Guai Tunnels, Yao Guai Cave, and Cliffside Cavern. A notably distinctive specimen named Ruzka dwells in Ruzka's Alcove. Yao Guai possess keen Perception and can detect nearby presence without a direct line of sight, making them difficult to evade. In combat they close distance with running pounces followed by slashes and bites; crippling a hind leg temporarily disrupts their pounce but does not halt their charge. Though less lethal than Deathclaws, they are dangerous predators capable of killing Talon Company mercenaries and Brotherhood Outcast patrols in chance encounters. Some wasteland scavengers have been known to travel alongside tame Yao Guai. Their meat is more irradiated than other wasteland meats but is prized for the temporary vigor it imparts to those who consume it. Three Dog, the radio broadcaster of Galaxy News Radio, famously advises listeners not to feed the Yao Guai.","wastelander,capital_wasteland","Yao Guai are mutated bear-like creatures found throughout the Capital Wasteland, typically in craggy, hilly areas or caverns. They are generally encountered in pairs or wandering alone, frequently at night, and are known to inhabit locations such as the Yao Guai Tunnels, Yao Guai Cave, and Cliffside Cavern. Though not as deadly as Deathclaws, Yao Guai are formidable opponents that attack with running pounces followed by slashes and bites. Some wasteland scavengers travel with Yao Guai companions, and these tame specimens will not attack on sight, though they will defend themselves and their ally if threatened.",common,"capital wasteland predator,cliffside cavern,mutated bear,ruzka alcove,wasteland creature,yao guai tunnels",creature,fallout3,capital_wasteland,,2277,https://fallout.wiki/wiki/Yao_Guai_(Fallout_3),5608678,
bighorner,"Bighorners are large herbivorous beasts native to the American Southwest, valued by wasteland communities for their horns, meat, milk, and hides. Domesticated drifts are maintained at settlements including Goodsprings, Jacobstown, Spring Mt. Ranch State Park, and around Cottonwood Cove, where they serve as a vital resource for survival. Wild herds of three to seven roam mountainous regions, typically near banana yucca fruit, making them useful for tracking edible flora. A large contingent of wild bighorners congregates northwest of Snyder Prospector Camp, and malnourished specimens with calves can be found at Matthews Animal Husbandry Farm. Bighorners are communal animals; distressing a single member provokes the entire herd. Despite their size and strength, they cannot serve as pack animals, as Easy Pete of Goodsprings explains that they simply lie down until any load is removed. In combat, unprovoked bighorners rarely pursue aggressors, preferring to graze peacefully, but will charge and ram anything that approaches them or their young too closely. All bighorners grow horns regardless of sex.","mojave,wastelander","Bighorners are large herbivorous creatures native to the American Southwest, commonly found in the Mojave Wasteland and Zion Canyon. Humans have domesticated them for their horns, meat, milk, and hides, with settlements such as Goodsprings and Jacobstown keeping herds for survival. Wild bighorners travel in herds of three to seven, often near banana yucca fruit, while domesticated drifts are kept in settlements. They are generally docile but become aggressive if a herd member is distressed or if approached too closely.",common,"banana yucca tracking,domesticated bighorner,goodsprings livestock,jacobstown herd,mojave herbivore,zion canyon wildlife",creature,fnv,mojave,,2281,https://fallout.wiki/wiki/Bighorner,5608727,
cazador,"Cazadores are large mutated flying insects originating from DNA splicing experiments conducted in 2003 at the Z-14 Pepsinae DNA Splicing Lab within Big MT. Their creator, Doctor Borous, denies both that they escaped the crater and that they are capable of breeding, but evidence contradicts both claims. Swarms have spread into the Mojave Wasteland and Zion Canyon in recent years, establishing large basket-shaped nests at locations such as Bonnie Springs, the road toward Jacobstown, north of Goodsprings, the Tribal Village, and the Callville Bay boathouse. Cazadores hunt in swarms of four or more, using quick and erratic flight patterns that make them exceedingly difficult to evade. Their venom is remarkably potent, causing more poison damage over a longer duration than a giant radscorpion's sting. They possess among the highest Perception of any wasteland creature, exceeding even the common Deathclaw, and compete with nightstalkers for prey. Crippling a wing grounds them temporarily, and damaging their antennae can send them into a frenzy. Specimens remaining within Big MT are notably tougher than their Mojave counterparts. The name derives from the Spanish word for hunter.","scientist,mojave","Cazadores are large mutated insects created in 2003 at Big MT through DNA splicing experiments conducted in the Z-14 Pepsinae DNA Splicing Lab. Doctor Borous, their creator, denies that they escaped the Big MT crater or are capable of breeding, though both claims are false. In recent years, swarms of cazadores have spread from Big MT into neighboring regions such as the Mojave Wasteland and Zion Canyon. They are most commonly found in mountainous areas, where they build large basket-shaped nests, and they compete with nightstalkers for prey.",common,"big mt experiment,cazador nest,doctor borous,mutated insect,venomous predator,z-14 pepsinae lab",creature,fnv,mojave,2003,2281,https://fallout.wiki/wiki/Cazador,5609220,
cyberdog,"Cyberdogs are cybernetically enhanced canines that blend biological and mechanical components, including braincases that house and protect their augmented brains. Despite their robotic elements, they are universally classified as animals rather than robots and do not share the electromagnetic pulse vulnerabilities of true machines. The X-8 Research Center at Big MT serves as a primary facility for cyberdog development, where specimens are educated and trained, though observations suggest the dogs may spend time engaged in activities such as playing poker rather than strictly following their curriculum. A Police Cyberdog designated Roxie was created at the X-8 facility by splicing a robot and a dog together; she remains within the facility and does not venture beyond its entrance. Notable cyberdogs include Rex, associated with the King in Freeside, and Gabe. Antony, a member of Caesar's Legion, has noted that cyberdogs are an uncommon sight in Denver. Three variants are known: standard, Police, and Military cyberdogs, with the latter two appearing primarily at Big MT. The single-word spelling is commonly used in conversation, though the creatures themselves carry the two-word designation.","scientist,brotherhood","Cyberdogs, also spelled cyber dogs, are cybernetically enhanced canines found in Big MT and the Mojave Wasteland, with Antony noting they are an uncommon sight in Denver as well. Notable individual cyberdogs include Rex, who is associated with the King in Freeside, Gabe, and Roxie, a Police Cyberdog created at the X-8 Research Center in Big MT by splicing a robot and a dog together. Despite their mechanical components, cyberdogs are generally considered animals rather than robots. Variants include standard, Police, and Military cyberdogs, with Police and Military variants appearing in Big MT.",common,"big mt cyberdog,cyberdog variant,cybernetic canine,police cyberdog,rex freeside,x-8 research center",creature,fnv,mojave,,2281,https://fallout.wiki/wiki/Cyberdog_(Fallout:_New_Vegas),5511097,
gecko,"Geckos are among the most widespread mutated animals of the Mojave Wasteland, living from the scrublands around Goodsprings to irradiated slopes near the Mojave Outpost. They travel in small packs and attack with bites and lunges. Some varieties developed more dangerous adaptations: fire geckos expel flame, while other specimens spit poisonous liquid. Fire Root Cavern is widely regarded as an origin point for the fire-gecko population, suggesting a localized mutation source. Golden geckos are hardier than common green geckos, and a separate green population inhabits Zion Canyon. Some Zion geckos remain unusually calm around the Sorrows' camp. Gecko hides are valuable to survivalists, who tan them for protective clothing suited to heat, poison, and radiation. Their temperament varies, but travelers should not mistake a motionless or solitary gecko for a harmless one.","wastelander,mojave,tribal","Geckos are mutated animals found throughout the Mojave Wasteland, commonly encountered in small packs in areas such as around Goodsprings, along the I-15 toward Primm, and near the Mojave Outpost. Several varieties exist, including the common green gecko, the golden gecko, and the fire gecko, the latter of which is believed to originate from Fire Root Cavern and is capable of breathing fire. A separate population of green geckos is also found in Zion Canyon. Fire geckos are generally hostile to travelers, while other varieties are less aggressive.",common,"fire gecko origin,fire root cavern,gecko hide crafting,golden gecko variant,mojave mutated fauna,zion green gecko",creature,fnv,mojave,2281,,https://fallout.wiki/wiki/Gecko_(Fallout:_New_Vegas),5608909,Basic article supplied non-empty; returned unchanged.
ghost_people,"The Ghost People of the Sierra Madre are a tragic product of pre-war corporate ambition and Big MT experimentation. Before the war, construction workers building the Sierra Madre Villa encountered an unidentified airborne toxin leaking from pipes that caused severe lung and tissue damage. Work was halted until protective gear arrived, but the hazmat suits, designed at Big MT, were themselves part of a follow-up experiment. The suits grew stiff with use, their locking mechanisms corroding on contact with the Cloud until they could only be opened with a Cosmic Knife, and even then they failed to provide adequate protection. Over time, the trapped workers underwent profound biological change. Dean Domino, a survivor familiar with the Sierra Madre, questions whether the term ""alive"" even applies to them, noting that they carry pockets of pressurized gas within their bodies and taste of plastic and copper. They congregate in hordes beneath the villa's streets, gathering anywhere the Sierra Madre's holograms are absent. Their primary hunting grounds include Salida and Puesta del Sol, particularly where the Cloud is thickest. They are notably resistant to conventional harm, only falling when their limbs are dismembered. Their corpses continue to breathe through their masks even after losing all other limbs, issuing periodic green mist.","wastelander,historian,scientist","Ghost People are mutated inhabitants of the Sierra Madre, transformed by prolonged exposure to the Cloud, a corrosive toxin created at Big MT. They originated as construction workers who were issued bulky hazmat suits to protect against the airborne poison, but the suits' locking mechanisms corroded on contact with the Cloud, trapping the workers inside as the gas slowly changed them. They are the only beings able to move freely through the Cloud, and they gather in hordes beneath the Sierra Madre's streets, hunting in areas thick with the toxic haze such as Salida and Puesta del Sol. Dean Domino questions whether they can even be considered alive, and they are known to carry pressurized gas within their bodies.",common,"big mt hazmat suits,cosmic knife suits,dean domino observation,ghost people mutation,puesta del sol hunting,sierra madre cloud",creature,fnv,sierra_madre,,2281,https://fallout.wiki/wiki/Ghost_People,5608941,Basic article supplied non-empty; returned unchanged.
giant_mantis,"Giant mantises trace their origins to the horticultural experiments conducted within Vault 22, where pre-war scientists engineered accelerated plant growth and, inadvertently, oversized insect life. The mantises have since spread beyond the vault, establishing populations along the routes to Jacobstown and around Spring Mt. Ranch State Park, where they are encountered in scattered groups. A separate population exists in Zion Canyon. Their primary mode of attack is a leaping strike, using their oversized forelegs to slice targets in mid-air. A notable vulnerability exists in their antennae; if these sensory organs are damaged, the mantis enters a frenzied state, attacking anything within reach indiscriminately. Mantis oothecae, when disturbed, release dozens of nymphs at once. Within Vault 22, the research scientist Keely observed an ecological relationship between the mantises and the vault's spore plants, noting that mantises feed some of their prey to the plants. However, both mantises and spore plants appear disinclined to prey upon ghouls, leaving ghoul inhabitants largely undisturbed. Wastelanders harvest mantis eggs and forelegs from carcasses, and the creatures are known to clean their mouths and flutter their wings when at rest.","wastelander,scientist,mojave","Giant mantises are mutated insects found in the Mojave Wasteland and Zion Canyon, originally created by horticultural experiments in Vault 22. They attack by jumping and slicing targets with their forelegs, and can become frenzied if their antennae are damaged. They are commonly encountered near Jacobstown and Spring Mt. Ranch State Park, as well as inside Vault 22 itself.",common,"giant mantis mutation,jacobstown mantis population,mantis antennae frenzy,spore plant ecology,vault 22 experiments,zion canyon mantis",creature,fnv,mojave,,2281,https://fallout.wiki/wiki/Giant_Mantis,5609498,Basic article supplied non-empty; returned unchanged.
lakelurk,"Lakelurks are among the most dangerous aquatic predators in the Mojave Wasteland, dominating the waters of Lake Mead and the cave systems beneath Camp Guardian. Their keen perception allows them to detect potential prey at considerable distance, making ambushes difficult to avoid. Their signature attack is a shrieking sonic pulse that travels through both air and water with equal effect, stunning victims and dulling their senses before the lakelurk closes to tear them apart with powerful claws. This sonic assault passes straight through water as it does through air, placing submerged prey at a severe disadvantage. Lakelurks are fiercely territorial, attacking nearly anything near their nests, and congregate in groups ranging from pairs to gatherings of five to eight. Significant populations inhabit Blue Paradise Vacation Rentals, Ruby Hill Mine, the Scavenger Platform, and Lakelurk Cove, where as many as fifteen specimens may gather. Before attacking, lakelurks emit a roar that briefly exposes them to retaliation. They possess two sets of teeth, one resembling human dentition and another front set akin to a piranha's. Cass of the Mojave once compared fish to lakelurks, describing them as slimy and scaly but without legs. Their bodies sink rather than float when killed in water, though their viscera sometimes rise to the surface.","wastelander,mojave,ncr","Lakelurks are mutated aquatic creatures native to the Mojave Wasteland, commonly found around Lake Mead and other watery areas. They are fiercely territorial and aggressive, attacking nearly anything that approaches them or their nests. They typically travel in small groups of two to three, though larger gatherings of five to eight are not uncommon. Lakelurks use sonic pulse shrieks to stun prey from a distance before closing in to tear victims apart with their claws.",common,"aquatic mojave mutation,camp guardian caves,lake mead predator,lakelurk cove population,lakelurk sonic shriek,scavenger platform lakelurks",creature,fnv,mojave,2281,,https://fallout.wiki/wiki/Lakelurk,5598694,Basic article supplied non-empty; returned unchanged. Advanced article rewritten to remove out-of-world mechanical wording.
lobotomite,"Lobotomites are the product of medical experiments conducted at Big MT. An Auto-Doc, programmed by Doctor Mobius, removed their brains via laser incision and replaced them with Tesla coils; their hearts and spines were likewise extracted and substituted with cybernetic components, a measure taken to address complications arising from brain removal. Doctor Dala supervised the procedures, after which subjects were sutured with lasers and their organs placed in storage tanks. The routine was designed to keep all Big MT inhabitants confined: only a brain inside a functioning body can bypass the facility's radar fence, and without one, subjects wandering beyond the perimeter are rendered unconscious and compelled back inside. A pacification field within the Dome further prevents Lobotomites from attacking the Think Tank. The procedure left most mentally impaired and mute, some hearing only static or reduced to gibbering wrecks. The Think Tank automates their bodies for clean-up duties and experiments, including splicing at the X-8 Research Center. Lobotomites retain the capacity for simple tasks—opening doors, walking, and fighting with firearms or melee weapons—and show a proclivity for collecting random objects at their base, the Cuckoo's Nest. Though largely without comprehensible speech, fragments such as ""die"" or ""stop"" are occasionally audible. Their cybernetic modifications render them tougher and more damage-resistant than ordinary humans despite wearing almost no armor.","scientist,wastelander","Lobotomites are surgically-altered and cybernetically-enhanced humans found at Big MT. Their brains, hearts, and spines were removed and replaced with cybernetics by an Auto-Doc programmed by Doctor Mobius, under the supervision of Doctor Dala. The procedure left them mentally impaired, mute, and hostile to non-Lobotomites. The Think Tank uses them for clean-up duties and experiments.",common,"big mt experiment,cuckoo's nest base,cybernetic human modification,doctor mobius auto-doc,lobotomy scarred humans,think tank subjects",creature,fnv,big_mt,,,https://fallout.wiki/wiki/Lobotomite,5620438,Source extract mentions named individuals including Christine Royce and a subject designated Test Subject 1; these are referenced in the advanced article only where supported.
marked_men,"Marked Men are the remnants of New California Republic soldiers and Legion frumentarii and scouts who were present in the Divide when catastrophic storms tore through the region. The violent winds flayed their flesh while residual radiation triggered mutation, leaving them alive yet fundamentally altered. Ulysses observed that the radiation ""marked them, made them equal in history's eyes,"" erasing the distinctions of their former allegiances. They continue to wear damaged NCR and Legion armor patched together with road signs, license plates, and other scrap metal. Some among them fashioned crude versions of Legate Lanius's helmet, described by Ulysses as shaped from Divide metal ""not with care and strength, but with hate,"" serving as distant mirrors of their Legate and a symbol they could cling to. Rumors of the Marked Men spread throughout the West Coast wasteland, alongside legends of the Sierra Madre and the Big Empty. They carry a variety of melee and ranged weapons and are known to use Stealth Boys. When near sources of radiation, they regenerate health. Notable individuals among them include Blister, a former NCR ranger wielding a flamer; Beast, who carries a shoulder-mounted machine gun; Bonesaw, a former legionary with a nearly intact Legate helmet and a chainsaw; Blade, who guards the entrance to Ulysses's Temple with a Blade of the West; Gaius Magnus, a centurion found in Dry Wells; and Colonel Royez of the NCR army, stationed on Long 15.","legion,ncr,wastelander","Marked Men are mutated survivors of NCR and Legion forces trapped in the Divide, scarred by radiation and storms. They wear patched armor and carry weapons forged from Divide metal, including helmets inspired by Legate Lanius. Rumors of them spread across the West Coast wasteland.",common,"divide metal weapons,divide storm survivors,lanius helmet replicas,ncr legion remnants,radiation scarred mutants,west coast wasteland rumors",creature,fnv,the_divide,,,https://fallout.wiki/wiki/Marked_Men,5591626,Source extract references named Marked Men and specific locations; these are included where supported by the text.
mongrel,"Mongrels are aggressive canines encountered across the Mojave Wasteland and Zion Canyon. They chase and circle their targets while attacking, and will assault those with low standing among associated factions. Within Caesar's Legion, Houndmasters tend packs of Mongrels at the Fort; the current matriarch of the Fort's pack is a female named Lupa. Antony, a Legion Houndmaster, notes that some Mongrels fight in the area and typically do not welcome visitors. In Zion Canyon, White Legs Mongrels accompany members of the White Legs tribe and attack outsiders on sight. Mongrels display pack behavior and are used by both the Legion and the White Legs as guard and attack animals, reflecting the tribal and militarized cultures that employ them.","legion,tribal,mojave","Mongrels are aggressive canine creatures found in the Mojave Wasteland and surrounding regions. Caesar's Legion keeps Mongrels tended by their Houndmasters, with the current mother of the Fort's pack being a female named Lupa. According to Antony, some of these Mongrels fight in the area and generally do not welcome visitors. White Legs Mongrels are also found throughout Zion Canyon, accompanying members of the White Legs tribe.",common,"aggressive wasteland canines,caesar legion mongrels,legion houndmaster dogs,lupa fort pack mother,mojave pack animals,white legs zion dogs",creature,fnv,mojave_wasteland,,,https://fallout.wiki/wiki/Mongrel_(Fallout:_New_Vegas),4972603,Source extract is limited; advanced article stays within supplied facts.
nightstalker,"Nightstalkers are pre-War genetic hybrids of coyote and rattlesnake DNA created by Dr. Borous at Big MT. Borous reportedly sought to preserve rattlesnake DNA, which he believed was nearing extinction, though his memory was unclear and he also suggested the project may have stemmed from a dare with Dr. Calis at X-13. The creatures caused significant fatalities in the X-8 Research Center shipping department, where all but one employee were killed. Dr. Adam Figgis subsequently ordered the nightstalkers released into the X-8 testing area for behavioral study. After the Great War, many escaped and spread across the Mojave and beyond, with some reaching as far as Baja. They occasionally clash with Cazadores—another Big MT creation—over territory. Nightstalkers display traits of both parent species: they growl, howl, and whimper like coyotes while hissing, rattling, and injecting venom like rattlesnakes. Their bodies are mostly dog-like, covered in fur and scales, with rattlesnake-like heads, fangs, forked tongues, and tails. Their right eyes are blue with round pupils; their left eyes are yellow with elliptical pupils. They lay eggs like snakes but nurse their young in cave nests like coyotes. Nocturnal pack hunters, they prey on the unaware or sleeping, though daytime encounters are possible. Their venom is less potent than that of their main competition but can be dangerous with multiple untreated bites. Nightstalker blood is used in Antivenom, Hydra, and Nightstalker Squeezin's, and their eggs can be used to prepare Mushroom Cloud. Specimens in the Charleston Cave developed natural cloaking abilities from chewing on Stealth Boys, while those in the X-13 testing facility were granted invisibility by an unknown scientist. Nightstalkers at Big MT are notably tougher than their Mojave counterparts.","scientist,mojave","Nightstalkers are genetic hybrids of coyote and rattlesnake DNA created by Dr. Borous at Big MT before the Great War. They escaped into the Mojave Wasteland and beyond after the bombs fell, hunting in nocturnal packs and nesting in caves. Their bodies combine fur and scales, with dog-like forms, rattlesnake heads and tails, and mismatched eyes.",common,"big mt genetic hybrid,coyote rattlesnake chimera,doctor borous creation,nocturnal pack hunters,venomous cave nesters,x-8 research escape",creature,fnv,big_mt,,,https://fallout.wiki/wiki/Nightstalker,5674418,"Source extract mentions quests, perks, and gameplay mechanics; these are excluded per catalog guidelines."
raven,"Ravens are among the most ubiquitous and least threatening avian species in the Mojave Wasteland, observed frequently near settlements and along major highways. Their behavior is notably carrion-associated: they congregate wherever dead or crucified bodies are present, making them a grim but reliable indicator of recent violence, particularly at Legion-raided sites such as Nipton. Despite possessing a capacity for hostility when harmed, ravens never actually attack, instead fleeing when approached or injured. They are commonly seen in pairs along roads and may gather in notable numbers around the Big Horn Saloon and Boulder City Ruins, at Goodsprings Cemetery, near the entrance to Primm, and within Red Rock Canyon. The first raven many newcomers to the Mojave encounter is one that takes flight upon exiting the local clinic in Goodsprings. Their tendency to remain near civilized areas and grow scarcer in the deep wasteland suggests some dependence on human activity, whether through scavenging opportunities or the shelter of built structures.","wastelander,mojave","Ravens are small birds found throughout the Mojave Wasteland, commonly gathering near dead or crucified bodies at sites like Nipton and other Legion-raided locations. They tend to be more prevalent around civilized areas and settlements, becoming scarcer the further one travels from towns. Ravens are harmless creatures that will fly away if approached too closely and will never attack even if harmed. They are often seen in pairs along highways and may gather in places such as Goodsprings Cemetery, the Boulder City Ruins, and near the entrance to Primm.",common,"carrion scavengers,harmless flying creatures,legion raid indicators,mojave wasteland birds,nipton wildlife",creature,fnv,mojave wasteland,,2281,https://fallout.wiki/wiki/Raven,5674536,Rewrote advanced article to remove out-of-world references to experience points and perks.
"securitron,RobCo security model 2060-B","The PDQ-88b Securitron, designated the RobCo security model 2060-B, was created through a joint effort between RobCo Industries and the H&H Tools Factory, charged with protecting the New Vegas Strip. Each unit is powered by a fusion core and armed with a Glastinghouse X-25 Gatling Laser in its left arm and a 9mm submachine gun in its right. Concealed shoulder compartments house M-235 missile launchers and a G-28 grenade launching system, available only when the Mk II operating system is enabled. Mr. House estimated that the Mk II upgrade raises each unit's combat effectiveness by approximately 235%, primarily through the addition of the missile and grenade systems and an auto-repair capability. Securitron AI personalities such as Victor and Yes Man distribute their programming across every Securitron in the network, allowing transfer from one chassis to another. At Big MT, several Securitrons were acquired for reverse engineering; Doctor 0 developed a Mk VI operating system and created the miniature unit Muggy, though many Big MT units became berserk and hostile, their faces distorted into an angry expression. Berserk units retain use of their missile launchers and arm laser but lose access to the grenade launcher and machine gun, while damaged units exhibit the inverse limitation.","scientist,ncr,brotherhood","The PDQ-88b Securitron, also known as the RobCo security model 2060-B, is a security robot created by RobCo Industries and the H&H Tools Factory and charged with protecting the New Vegas Strip. A standard unit is armed with a Gatling laser and a 9mm submachine gun, while the upgraded Mk II operating system enables shoulder-mounted missile launchers, a grenade launching system, and an auto-repair capability that raises combat effectiveness by roughly 235%. Securitrons display a face on a monitor screen and can dispense printed material such as obituaries. Several units were acquired by Big MT for reverse engineering, leading Doctor 0 to create the miniature variant Muggy and to develop a Mk VI operating system, though many Big MT units became berserk and hostile.",common,"big mt reverse engineering,mk ii upgrade,new vegas strip enforcement,robco security robot,securitron ai personalities",creature,fnv,mojave wasteland,,2281,https://fallout.wiki/wiki/Securitron,5595623,
spore_carrier,"Spore carriers are the reanimated remains of humans colonized by Beauveria mordicana, a mutated fungus originally developed at the X-22 Botanical Garden in Big MT and subsequently used in pest control experiments at Vault 22. The fungus was engineered as part of Vault 22's agricultural mission, one of several initiatives intended to sustain the Vault's population through plant cultivation. After the fungus became airborne, spores spread gradually through the ventilation systems, infecting inhabitants who developed a pronounced cough before dying within ten to twenty days. The first confirmed fatality was Dr. Harrison Peters, whose corpse reanimated and alarmed the remaining scientific staff. Attempts to contain the outbreak by igniting gas in the Vault's lower levels triggered a defensive response from the carriers, who attacked the scientists. In 2096, a group of over one hundred survivors organized an expedition to Zion Canyon, but many were already infected and eventually became spore carriers themselves. A unique specimen, Patient Zero, still roams the X-22 Botanical Garden at Big MT. Spore carriers are fast, attack at close range, and can burst upon death, releasing damaging radiation and spore-laden debris.","scientist,vault_dweller","Spore carriers are reanimated human corpses colonized by the mutated fungus Beauveria mordicana, originally developed for pest control in Vault 22. The fungus became airborne and spread through the Vault, killing inhabitants within ten to twenty days before reanimating their bodies. Survivors of the Vault 22 outbreak fled to Zion Canyon in 2096, where many succumbed to the infection. Spore carriers can also be found in the X-22 Botanical Garden at Big MT, the original source of the fungus, including a unique specimen known as Patient Zero.",common,"beauveria mordicana fungus,reanimated corpses,vault 22 outbreak,x-22 botanical garden,zion canyon infection",creature,fnv,mojave wasteland,2096,2281,https://fallout.wiki/wiki/Spore_Carrier,5674467,
tunneler,"Tunnelers are subterranean predators that inhabit the collapsed tunnel networks beneath The Divide, a region devastated by nuclear detonations that ruptured the earth and allowed them to reach the surface. They reproduce rapidly, hunt in coordinated packs, and are formidable enough to overwhelm even Deathclaws. Ulysses, who has studied the region extensively, suspects they predate the nuclear catastrophe and that radiation may have shaped their current form. The NCR's Bravo Team conducted a sweep-and-clear operation of the Collapsed Overpass Tunnel Entrance before the main NCR force entered The Divide. Early intelligence described the tunnels as sparsely populated by subterranean semi-humanoids frightened by bright light and loud noises, and Bravo Team was issued flash bang grenades accordingly, expecting minimal resistance. Tunnelers are indeed susceptible to sudden illumination and concussive noise, which causes them to flee temporarily. Exposure to daylight or intense heat, such as from a flamer, causes them to burrow underground and resurface elsewhere. While burrowed, they are effectively unreachable. Their emergence from the ground gives no immediate hostile indication, making them dangerous ambush predators in the dark, confined spaces they prefer.","ncr,military","Tunnelers are subterranean predators that emerged when nuclear explosions created The Divide, allowing them to hunt prey on the surface. They reproduce quickly, hunt in large groups, are capable of killing other predators such as Deathclaws, and may even pose a threat to the Mojave Wasteland in the future. The bite of Venomous Tunnelers can be just as lethal as a sting from a Bark Scorpion. As for their origin, Ulysses suspects that they have been around for a long time, and that Radiation might have had an effect on them.",common,"light-sensitive abominations,ncr bravo team,pack hunting creatures,subterranean predators,the divide creatures",creature,fnv,the divide,,2281,https://fallout.wiki/wiki/Tunneler,5674569,
alaskan_reclamation_operation,"The Alaskan Reclamation Operation was the United States military's response to the Chinese invasion of Alaska in 2066, a pivotal escalation of the Sino-American War and the broader Resource Wars. General Constantine Chase commanded the campaign, which marked the first major combat deployment of T-45 power armor units, giving American infantry a decisive advantage against entrenched Chinese forces in harsh arctic conditions. Airships provided logistical and tactical support, while genetically engineered deathclaws were fielded as living weapons. The operation spanned over a decade of grinding warfare across frozen terrain, culminating in January 2077 with the Battle of Anchorage and the full liberation of Alaska. The campaign's success restored control of the vital Alaskan Pipeline but came at enormous human cost. In the Capital Wasteland, the Anchorage Memorial in Washington, D.C. commemorates the soldiers who fought and died, and the Museum of Freedom maintained historical exhibits on the conflict before the Great War reduced both to ruins.","historian,military","The Alaskan Reclamation Operation was a pre-War military campaign launched by the United States Armed Forces in response to the Chinese invasion of Alaska in 2066. Commanded by General Constantine Chase, the operation saw American forces deploy airships, T-45 power armor units, and deathclaws against Chinese troops. The campaign lasted until January 2077, concluding with the Battle of Anchorage and the full liberation of Alaska. The operation is remembered as one of the most significant conflicts of the Sino-American War.",common,"alaska liberation,deathclaw deployment,general constantine chase,resource wars,sino-american war,t-45 power armor",event,both,capital_wasteland,2066,2077,https://fallout.wiki/wiki/Alaskan_Reclamation_Operation,5642878,
automation_riots,"The Automation Riots erupted across pre-War America during the Resource Wars as corporations replaced human labor with advanced robotic systems produced by companies such as RobCo Industries. Labor-intensive sectors like mining and factory work were devastated, and specialized models such as the Strikebreaker Protectron were explicitly designed to suppress striking workers. In Pittsburgh, a supply plant manager named Tom McMullin attempted to delay the replacement of his workforce by reporting equipment problems to management, but when terminations were announced over loudspeakers, the remaining employees rioted and vandalized the protectrons, only to be suppressed by the machines themselves. The unrest reflected deep structural tensions in American society: conglomerates pursued total automation with government backing, while displaced workers faced homelessness and destitution. Ballot measures were proposed to accelerate the replacement of human government workers with automated systems. The riots demonstrated how corporate power, military force, and robotic technology converged to crush organized labor, foreshadowing the broader social collapse that culminated in the Great War of October 2077.","historian,wastelander","The Automation Riots were pre-War conflicts caused by widespread unemployment as advanced robots replaced human workers during the Resource Wars. Mining, manufacturing, and other labor-intensive industries were hit especially hard. Displaced workers organized strikes, roadblocks, and violent protests, while corporations and government forces responded with security robots, troops, and riot-control weapons. The unrest became one sign of the severe economic and social instability that preceded the Great War.",common,"pittsburgh supply plant,pre-war labor unrest,resource wars economy,robco industries,robot replacement workers,strikebreaker protectron",event,both,capital_wasteland,2061,2077,https://fallout.wiki/wiki/Automation_Riots,5667743,
"battle_of_anchorage,Liberation of Anchorage,Anchorage Campaign,Anchorage Reclamation","The Battle of Anchorage was the climactic engagement of the Alaskan Reclamation Operation and one of the defining conflicts of the Resource Wars. Chinese forces invaded Alaska in the winter of 2066, seizing the strategically critical Alaskan Pipeline and threatening American energy supplies. General Constantine Chase led the U.S. Army in a protracted ten-year campaign to retake the territory. The battle saw the introduction of the T-51 series power armor, the most advanced infantry combat system of its era, which proved instrumental in overcoming Chinese fortifications. Following the liberation of Anchorage in January 2077, the T-60 power armor was subsequently deployed. The battle was commemorated in Washington, D.C. with the Anchorage Memorial honoring fallen soldiers, and the Museum of Freedom featured exhibits documenting the campaign. The conflict represented the peak of Sino-American military escalation and demonstrated the transformative role of power armor in modern warfare, less than a year before nuclear annihilation ended the war entirely.","historian,military,brotherhood","The Battle of Anchorage, also known as the Liberation of Anchorage, the Anchorage Campaign, and the Anchorage Reclamation, was a major military conflict of the Resource Wars fought between the United States and China. It began when Chinese forces invaded Alaska in the winter of 2066, threatening the Alaskan Pipeline. Under the leadership of General Constantine Chase, the U.S. Army deployed the newly introduced T-51 series power armor and ultimately liberated Anchorage after ten years of fighting.",common,"alaskan pipeline,anchorage memorial,general constantine chase,museum of freedom,sino-american war,t-51 power armor",event,both,capital_wasteland,2066,2077,https://fallout.wiki/wiki/Battle_of_Anchorage,5592875,
brotherhood_civil_war,"The Brotherhood of Steel has experienced internal schisms throughout its history, but the Capital Wasteland civil war is among the most significant. Elder Owyn Lyons, dispatched from the West Coast to the East, deviated from the Brotherhood's core mission of technology recovery by redirecting his chapter toward protecting local wasteland inhabitants. This ideological shift was viewed by traditionalists as a betrayal of the Brotherhood's founding principles. Paladin Henry Casdin led a faction of dissenters who departed the Citadel and adopted the name Brotherhood Outcasts, retaining the original mission of preserving and securing advanced technology. Hostility between Lyons' loyalists and the Outcasts escalated into open violence, with both sides patrolling the Capital Wasteland and clashing over resources, technology, and territory. Despite their enmity, both factions continued to wear Brotherhood insignia and uphold elements of the organization's martial traditions. The schism weakened the chapter's overall strength, leaving it less capable of projecting power across the region and more vulnerable to threats from super mutants and other hostile forces.","brotherhood,historian,capital_wasteland","A Brotherhood Civil War is an internal armed conflict between Brotherhood of Steel factions. In the Capital Wasteland, a serious schism formed after Elder Owyn Lyons redirected his chapter toward protecting local people instead of concentrating solely on recovering technology. Paladin Henry Casdin and other dissenters left the Citadel as the Brotherhood Outcasts. Relations between the two groups became hostile and sometimes violent, though both continued to identify with Brotherhood traditions.",common,"brotherhood of steel,brotherhood outcasts,capital wasteland conflict,citadel schism,elder owyn lyons,paladin henry casdin",event,both,capital_wasteland,2277,,https://fallout.wiki/wiki/Brotherhood_Civil_War,5597128,
"ncr_brotherhood_war,Brotherhood War","The Brotherhood War stemmed from a fundamental ideological clash over the control and regulation of technology, escalating into a prolonged series of violent confrontations across the former American Southwest. The conflict's duration is evidenced by NCR commanders such as Colonel Cassandra Moore completing four tours against Brotherhood forces. In 2274, the NCR moved into the Mojave to occupy Hoover Dam, encountering a Brotherhood chapter that had been conducting reclamation missions in the area for several years without opposition. Open hostilities began in 2275, extending beyond the Mojave as NCR platoons attacked six Brotherhood bunkers, four of which self-destructed. In 2276, the NCR launched Operation Sunburst against HELIOS One. The Brotherhood had been attempting to refurbish the facility, but Elder Elijah refused to order a retreat despite senior paladins like Hardin advising a fighting withdrawal, insisting he needed more time. The Brotherhood lost over half its paladins and knights, and Elder Elijah disappeared. Survivors retreated to a nearby bunker under new Elder McNamara, who restricted all outside activity. The NCR subsequently increased its military presence in the Mojave fivefold over the next few years.","ncr,brotherhood,mojave,military,historian","The Brotherhood War is a major conflict between the Brotherhood of Steel and the New California Republic, rooted in their disagreement over how technology should be controlled. The conflict spans the former American Southwest and the Mojave Wasteland, with NCR commanders such as Colonel Cassandra Moore having completed multiple tours against the Brotherhood. In 2275, fighting broke out in the Mojave between the NCR and the local Brotherhood chapter, extending to attacks on several Brotherhood bunkers across the region. The following year, the NCR launched Operation Sunburst, attacking and occupying the Brotherhood's fortifications at HELIOS One, where Elder Elijah had refused to retreat despite the location being indefensible.",common,"elder elijah retreat,helios one battle,mojave brotherhood chapter,ncr brotherhood conflict,operation sunburst,technology control dispute",event,both,,2274,2281,https://fallout.wiki/wiki/Brotherhood_War,5483223,
"brotherhood_exodus,Exodus","The Exodus began on October 27, 2077, when Captain Roger Maxson led the remnants of the United States Army garrison from Mariposa Military Base toward a bunker at Lost Hills. The caravan of soldiers and their families faced repeated attacks by marauders throughout the journey. While the soldiers' Power Armor afforded them protection, the civilians and family members had no such defense, resulting in heavy casualties. Among the dead was Maxson's own wife. A group of soldiers broke away and headed south, disappearing from recorded history. A more significant split occurred when a separatist faction led by D. Allen departed against Maxson's wishes, setting out for the Glow in hopes of recovering advanced technology stored at that pre-war facility. Upon reaching Lost Hills, Maxson formally established the Brotherhood of Steel, using the bunker as the organization's headquarters. The Exodus thus marked the transition from military mutiny to the founding of one of the post-war wasteland's most distinctive organizations, with the losses suffered during the journey shaping the Brotherhood's insular culture and its emphasis on self-reliance.","brotherhood,historian,military","The Exodus was the post-War journey in which Captain Roger Maxson led the surviving United States Army soldiers and their families away from Mariposa Military Base on October 27, 2077, toward the Lost Hills bunker. The caravan was repeatedly attacked by marauders throughout the trek, and while the soldiers' Power Armor protected them, the unprotected civilians and families suffered high casualties, including Maxson's own wife. A group of soldiers broke off and headed south, never to be heard from again, while a separatist faction led by D. Allen split from the main body against Maxson's wishes and set out for the Glow in hopes of recovering technology stored there.",common,"brotherhood founding journey,d. allen separatist group,lost hills bunker,mariposa military base,power armor protection,roger maxson exodus",event,both,,2077,2077,https://fallout.wiki/wiki/Exodus,5547169,
food_riots,"The food riots were a wave of civil unrest that swept the United States as dwindling food supplies and government rationing pushed civilians to desperation. The federal government's response was characterized by dismissiveness; White House officials belittled the protesters, claiming the president himself was suffering by substituting cube steak for prime rib and drinking what they called the detestable Chateau Montrose 2043 wine. The crisis turned deadly in Roxbury, Boston, where a hungry crowd stormed a food bank. Soldiers guarding the facility opened fire on unarmed civilians, killing four and injuring eight. Witnesses reported that the soldiers appeared to be selecting targets in advance and laughing as they did so, suggesting a disturbing level of premeditation. The food crisis also presented an opportunity for the Vault-Tec Corporation, which sought technological solutions through facilities such as the Vault-Tec Agricultural Research Center, designed to test agricultural automation, and Vault 22, which served as a research center for experimental fertilizer and genetically modified plant organisms.","historian,scientist,vault_dweller","The food riots were incidents of civil unrest and protests that swept across the United States in response to dwindling food supplies and government rationing. The White House dismissed the protesters, with officials claiming the president himself was suffering by substituting cube steak for prime rib and drinking what they called the detestable Chateau Montrose 2043 wine. In Roxbury, Boston, tensions turned deadly when a hungry crowd stormed a food bank and the soldiers guarding it opened fire on the unarmed civilians, killing four and injuring eight. Witnesses reported that the soldiers appeared to be picking out targets in advance and laughing as they did so.",common,"civil unrest protests,pre-war food crisis,rationing food supply,roxbury food bank,vault 22 fertilizer,vault-tec agricultural research",event,both,,,,https://fallout.wiki/wiki/Food_Riots,5603802,
formation_of_the_brotherhood_of_steel,"Following the Exodus from Mariposa Military Base to the Lost Hills bunker, Captain Roger Maxson formally established the Brotherhood of Steel. Drawing on the model of knights and scribes who preserved knowledge after the fall of Rome, Maxson intended the new organization to serve as a guardian of technical knowledge and dangerous technology in the aftermath of the Great War. The Brotherhood's founding represented a deliberate break from the collapsed United States military structure, adopting new ranks and traditions designed to endure in the post-war world. Maxson communicated by radio with surviving military contacts, expressing his vision of building something new to reclaim what had been lost. The organization's purpose was the preservation of knowledge rather than conquest or governance, a mission that would shape its culture for generations. From its headquarters at Lost Hills, the Brotherhood grew into a disciplined order with a hierarchy of paladins, knights, and scribes, each role dedicated to different aspects of the organization's mission to secure and protect advanced technology from misuse.","brotherhood,historian,military","The Brotherhood of Steel grew from the soldiers who followed Captain Roger Maxson after his revolt at the Mariposa Military Base shortly before the Great War. Maxson condemned the human experiments conducted there and led the survivors to the Lost Hills bunker. In the years that followed, he shaped them into a disciplined order devoted to preserving dangerous technology and technical knowledge. The new organization adopted ranks and traditions intended to outlast the fallen United States.",common,"brotherhood ranks traditions,knowledge preservation order,lost hills founding,post-war military organization,roger maxson brotherhood,technology guardianship",event,both,,2077,,https://fallout.wiki/wiki/Formation_of_the_Brotherhood_of_Steel_(Event),5444986,
glow_expedition,"The Glow Expedition represents one of the earliest documented schisms within the Brotherhood of Steel, occurring during the Exodus from Mariposa Military Base to Lost Hills. Allen's divisionist faction—comprising at least Soto, Jensen, and Camarillo—split from Roger Maxson's main body, taking weapons and technology. After twenty days of travel, they reached the West Tek research facility, a pre-war installation sitting in an irradiated crater. Their confidence in power armor and Rad-X supplies reflected early Brotherhood faith in technology as a panacea, but it proved fatally misplaced. The first two levels' security sensors had already been destroyed, lulling the party into false confidence. The third level's intact sensors triggered automated defenses that killed most of the party. Allen's damaged power armor—broken air filters, leaking hydraulic fluid—illustrates the limits of even advanced pre-war technology against sustained automated resistance. Soto lost an arm; Camarillo suffered psychological collapse, wandering off muttering with the remaining radiation medication. Allen's holodisk log, later recovered by the Vault Dweller, remains the primary source for the expedition's fate.","historian,brotherhood","The Glow Expedition was a post-War event in which a faction of Brotherhood of Steel defectors led by Allen attempted to explore the West Tek research facility, also known as the Glow. Allen's group, including Soto, Jensen, and Camarillo, had split from the main Exodus from Mariposa Military Base to Lost Hills, taking weapons and technology with them. After twenty days of travel, they reached the irradiated crater and descended into the facility, believing their power armor and Rad-X supplies would protect them. They explored the first two levels without incident, but functioning security sensors on the third level triggered automated defenses that killed most of the party.",common,"allen divisionist faction,automated security defenses,brotherhood early schism,expedition holodisk log,mariposa exodus split,power armor limitations,rad-x radiation protection,west tek facility",event,both,new_california,,,https://fallout.wiki/wiki/Glow_Expedition,5444970,"Exact year of expedition not specified in source; set conservatively with blank bounds as post-War, pre-Fallout 1 history."
"great_war,World War III,War of the Century","The Great War's two-hour nuclear exchange on October 23, 2077 was the culmination of a decade-long Sino-American War rooted in the Resource Wars. By 2077, attrition and American offensives had stranded Chinese units in Alaska, and the liberation of Anchorage by winterized T-51 Power Armor units under General Constantine Chase shifted the conflict into stalemate. Media outlets reported billions wasted with no clear victor. The president had retreated to an oil rig off the West Coast in March 2077, anticipating nuclear or biological attack. The sequence began when COMPACFLT identified submarines at 00:03 EST, followed by high-altitude bombers near the Bering Strait at 03:37. IONDS detected four missile launches at 09:13, moving the United States to DEFCON 2. NORAD confirmed strikes four minutes later. The West Coast was destroyed before Washington received warnings. The president ordered retaliation under scenario MX-CN91 at 09:26. EMP disabled communications, collapsing centralized command. Emergency responders and National Guard mobilized on October 22, but radiation sickness and disarray caused mass desertion. Las Vegas was uniquely spared—Mr. House disabled or destroyed 68 of 77 incoming warheads. The Yangtze, a Chinese stealth submarine, launched missiles at the East Coast. Who fired first remains unclear.","historian,common","The Great War was a global nuclear exchange that occurred on Saturday, October 23, 2077, ending the decade-long Sino-American War between the United States and China. Nuclear missiles were detected that morning, and within hours cities across North America were struck, with the entire exchange lasting roughly two hours and resulting in the deaths of 7.54 billion people. A relative few survived by reaching underground vaults constructed by the Vault-Tec Corporation, while emergency response efforts collapsed due to electromagnetic pulses disabling communications and widespread desertion amid radiation sickness. Hubologists sometimes refer to the event as the Great Deluge, and it has also been called World War III and the War of the Century.",common,"compacflt submarine detection,defcon two alert,electromagnetic pulse communications failure,las vegas missile defense,mx-cn91 retaliation scenario,nuclear exchange october 2077,resource wars culmination,sino-american war",event,both,global,2077,2077,https://fallout.wiki/wiki/Great_War,5666672,Chronology set to 2077 per source. Present-day Fallout 3 (2277) and New Vegas (2281) developments not implicated.
invasion_of_alaska,"The Invasion of Alaska in winter 2066 was the opening act of the Sino-American War, driven by China's desperate need for oil and control of the Alaskan Pipeline. The scale of the Chinese amphibious assault was unprecedented—Private First Class Henry Hodges remarked it made Pearl Harbor look like an academy exercise, having never seen so many warships. Within 23 minutes of landing, Chinese forces launched a two-pronged assault: one group secured Anchorage while another targeted the Artillery Overlook above the city. American soldiers under Captain Zachary Lloyd held the overlook for several hours under naval bombardment, covering civilian contractor evacuation. Lloyd noted the Chinese bombardment killed more of their own troops than Americans. The friendly-fire sinking of the USS Ebon Atoll by the USS Interference's nuclear torpedo underscores the chaos of the engagement. Anchorage fell, driving American defenders to Juneau, where they held until at least 2072. The United States launched the Alaskan Reclamation Operation in 2067, culminating in Anchorage's liberation in January 2077—a decade after the initial invasion.","historian,military","The Invasion of Alaska was a major military conflict that took place as part of the Resource Wars, beginning in the winter of 2066 when China launched a massive assault on American soil in pursuit of Alaska's oil reserves and control of the Alaskan Pipeline. The attack caught American forces off guard despite early warnings, with the scale of the Chinese landing being described as unprecedented. Chinese forces quickly executed a two-pronged assault, targeting both the city of Anchorage and the strategically important Artillery Overlook positioned above it. American soldiers under Captain Zachary Lloyd held the overlook for several hours under heavy bombardment while civilian contractors evacuated, though Anchorage ultimately fell to the Chinese.",common,"alaskan pipeline control,anchorage reclamation operation,artillery overlook defense,captain zachary lloyd,chinese amphibious assault alaska,resource wars alaska,sino-american war opening,uss ebon atoll friendly fire",event,both,alaska,2066,2077,https://fallout.wiki/wiki/Invasion_of_Alaska,5661956,Invasion begins winter 2066; reclamation concludes January 2077 per source.
mariposa_mutiny,"The Mariposa Mutiny traces its origins to 2076, when West Tek's NBC Division advanced the Pan-Immunity Virion Project, prompting the Department of Defense to relocate research under Colonel Robert Spindel and Captain Roger Maxson. By January 7, 2077, all FEV research and its security detail moved to the newly constructed Mariposa Military Base for human testing—without informing the security team of the research's nature. The October 2077 discovery triggered armed seizure of the facility. Spindel's nervous breakdown and October 15 suicide left Maxson in permanent command. Maxson's interrogation of chief researcher Robert Anderson revealed the experiments were government-sanctioned; Maxson responded by murdering him. By October 18, all scientists were dead. Erin Shellman nearly convinced Maxson the orders came from above, suggesting the mutiny's ideological core was moral outrage at unlawful human experimentation rather than simple insubordination. Maxson's October 20 declaration of secession was an attempt to force government response—none came, but news spread through the Army. The next day, he ordered soldiers' families sheltered inside, laying groundwork for the Brotherhood of Steel's founding.","historian,brotherhood","The Mariposa Mutiny was an armed uprising in October 2077 at the Mariposa Military Base, led by Captain Roger Maxson and the base security detail after they discovered the nature of the Forced Evolutionary Virus experiments being conducted on human subjects. Colonel Robert Spindel, the nominal commander, suffered a nervous breakdown and committed suicide on October 15, leaving Maxson in permanent command. Maxson interrogated and murdered the research scientists, including chief researcher Robert Anderson and Erin Shellman, who held out the longest. On October 20, 2077, Maxson declared his unit in full secession from the United States, but no government response came, though news of the mutiny spread through the wider United States Army.",common,"brotherhood of steel origin,colonel spindel suicide,fev human experimentation,mariposa military base,moral outrage mutiny,pan-immunity virion project,roger maxson secession,west tek nbc division",event,both,new_california,2077,2077,https://fallout.wiki/wiki/Mariposa_Mutiny,5444737,Mutiny events span October 2077 per source.
navarro_conflict,"The Navarro Conflict represents a pivotal moment in the post-War power struggle of the Core Region. Navarro served as the Enclave's forward operating base, supporting their primary headquarters on Control Station ENCLAVE, an oil rig off the California coast. Following the destruction of the oil rig, the Enclave's centralized command structure collapsed, creating an opportunity for the New California Republic to seize the installation. The NCR assault resulted in the deaths of all Enclave personnel who could not flee. The NCR justified the operation by declaring the Enclave a regional threat. Survivors who escaped attempted to integrate into NCR society, though their former affiliation made this difficult. Notably, an Enclave contingent that had relocated to Raven Rock in Pennsylvania remained unaware of Navarro's fall, representing a surviving fragment of the organization on the opposite coast.","historian,ncr,enclave","The Navarro Conflict was a post-War military engagement between the Enclave and the New California Republic. After the destruction of Control Station ENCLAVE, the Enclave's command structure dissolved, allowing the NCR to take over Navarro, killing everyone who could not escape. The NCR justified the act by stating the Enclave was a threat to the region. Survivors who fled attempted to integrate into the NCR, while an Enclave contingent at Raven Rock remained unaware of the fall of Navarro.",common,"enclave navarro base,enclave remnants,ncr military expansion,oil rig destruction,post-war conflict",event,both,core_region,,2281,https://fallout.wiki/wiki/Navarro_Conflict,5444720,Exact date of the conflict is not specified in source; bounded conservatively to New Vegas present-day.
resource_wars,"The Resource Wars were a cascade of global conflicts stemming from an unsustainable economy dependent on finite petroleum and uranium reserves. The United States closed its borders on March 5, 2052, as anti-Communist propaganda fueled domestic paranoia. Major engagements included the Chinese invasion of Anchorage, Alaska, the annexation of Canada by the United States in 2072, and European military operations in the Middle East. The U.S. Army commissioned Liberty Prime as a proposed superweapon and deployed units such as the 5th Infantry to the island of Mambajao. T-51 Power Armor, developed at Fort Strong, proved effective in the Chinese theater, reportedly prompting enemy surrenders. The Sino-American War, spanning 2066 to 2077, saw the liberation of Anchorage on January 10, 2076, aided by winterized T-51 units under General Constantine Chase. After U.S. victory in Alaska, the front settled into a stalemate with no clear victor. The Museum of History in Washington, D.C. featured an exhibit titled ""2052 to Present: The Resource Wars."" All conflicts were rendered moot by the Great War on October 23, 2077, a nuclear exchange that killed an estimated 7.54 billion people.","historian,common","The Resource Wars were a series of global conflicts triggered by an unsustainable economy dependent on finite resources such as petroleum and uranium. Major engagements included the Chinese invasion of Anchorage, Alaska, the annexation of Canada by the United States, and fighting between European powers in the Middle East. The Sino-American War, spanning from 2066 to 2077, saw the United States deploy T-51 Power Armor to the Chinese mainland after reclaiming Anchorage, only for the front to settle into a stalemate with no clear victor. These conflicts were ultimately rendered moot by the Great War on October 23, 2077, when a nuclear exchange between the United States and China killed billions and ended the decade-long struggle.",common,"global resource conflict,nuclear exchange,petroleum shortage,pre-war history,sino-american tensions",event,both,global,2052,2077,https://fallout.wiki/wiki/Resource_Wars,5620349,
"brotherhood_schism,Schism","The Schism divided the Brotherhood of Steel's Capital Wasteland chapter following Elder Owyn Lyons' decision to redirect the chapter's mission from technology recovery toward protecting regional inhabitants. A faction led by Paladin Henry Casdin viewed this as a betrayal of the Brotherhood's original charter and departed the Citadel, adopting the name Brotherhood Outcasts. Hostility between Lyons' loyalists and the Outcasts escalated into open violence. The Outcasts operated independently, maintaining the Brotherhood's traditional focus on recovering and preserving advanced technology, while regarding Lyons' followers as wayward traitors. The division became a defining characteristic of the Capital Wasteland's Brotherhood presence, with both sides maintaining hostile relations. The Outcasts established their own operations and protocols, wearing distinctive black and red armor to distinguish themselves from Lyons' chapter.","brotherhood,capital_wasteland","The Schism was a conflict within the Brotherhood of Steel chapter stationed in the Capital Wasteland, arising from Elder Owyn Lyons' decision to redirect the chapter's efforts toward aiding the region's inhabitants rather than pursuing the Brotherhood's traditional mission of technology recovery. A faction of members who viewed this as a betrayal of their core purpose broke away under the leadership of Paladin Henry Casdin, abandoning the Citadel and adopting the name Brotherhood Outcasts. Tensions between the two groups steadily escalated into open violence, with the Outcasts operating independently and regarding Lyons' loyalists as wayward traitors to the Brotherhood's original charter. The division persisted as a defining feature of the Capital Wasteland's Brotherhood chapter, with both sides maintaining hostile relations toward one another.",common,"brotherhood of steel,brotherhood outcasts,capital wasteland division,henry casdin,owyn lyons",event,both,capital_wasteland,,2277,https://fallout.wiki/wiki/Schism,5597143,Source mentions Maxson reintegration from Fallout 4; excluded per game scope.
sino_american_war,"The Sino-American War erupted in 2066 when Chinese forces under General Jingwei invaded Alaska to secure the world's last remaining oil supplies, seizing Alaskan oil fields and the Trans-Alaskan Pipeline. The United States responded with the Alaskan Reclamation Operation under General Constantine Chase, who commissioned RobCo and General Atomics International to develop Liberty Prime, though power supply issues delayed the project past its 2072 target. The liberation of Anchorage was achieved on January 10, 2076, following the introduction of T-51 Power Armor and the combat drug Psycho. General Chase later commissioned Virtual Strategic Solutions to create a combat training simulation of the campaign, though employees suspected Chase repeatedly altered the simulation to appear more favorable. The war's broader scope included the U.S. annexation of Canada in 2072, prompted by the need for troop transit routes and natural resources. Canadian protests were suppressed by U.S. Armed Forces. In response to biological weapons deployed by China, the U.S. commissioned the Pan-Immunity Virion Project on September 15, 2073, at West Tek facilities, which evolved into the Forced Evolutionary Virus program. By October 2077, the conflict had settled into a tense stalemate across multiple fronts including Shantou, the Gobi, Nanjing, and Shanghai. The war ended with the Great War on October 23, 2077.","historian,common","The Sino-American War was a major conflict between the United States and China that lasted from 2066 to 2077, driven by the depletion of global oil reserves. It began when Chinese forces under General Jingwei invaded Alaska to secure the last remaining oil supplies, prompting the United States to launch the Alaskan Reclamation Operation led by General Constantine Chase. During the war, the United States annexed Canada to secure a route to Alaska and commissioned the Pan-Immunity Virion Project, which later became the Forced Evolutionary Virus, to counter biological weapons. The conflict ultimately culminated in the Great War on October 23, 2077, when nuclear missiles were launched, rendering the preceding battles moot.",common,"alaskan reclamation,canada annexation,chinese invasion alaska,great war culmination,power armor deployment",event,both,global,2066,2077,https://fallout.wiki/wiki/Sino-American_War,5619984,
"united_states_annexation_of_canada,Little America","The annexation of Canada grew out of the Resource Wars, specifically the Chinese invasion of Anchorage in the winter of 2066. The United States needed Canadian timber and other natural resources to sustain its military campaign in Alaska, but Canadian officials objected to American troops transiting Canadian territory and airspace. Relations deteriorated steadily until an attempt to sabotage the Alaskan pipeline gave the U.S. military its pretext. On June 3, 2072, Buzz Babcock, commander of U.S. forces in Canada, announced to the Capitol Post that the military would execute ""a complete takeover of all Canadian assets and resources,"" branding the country ""Little America."" Some American servicemen, including Randall Clark, regarded the act as criminal. Canadian citizens were issued Provisional Citizenship Cards and confined to internment camps. Resistance persisted through escape attempts and attacks on U.S. Marines guarding the border. Propaganda outlets such as Tales from the Front and Armor Ace and the Power Patrol framed the annexation as a liberation, while Vault-Tec advertised vaults in the newly-annexed territory. Weapons manufactured at Long Branch Arsenal in Ontario were stamped ""USA Territory,"" reflecting the occupation's administrative reach.","historian,capital_wasteland,military","The United States Annexation of Canada, sometimes referred to as the creation of ""Little America,"" occurred prior to the Great War due to the United States' desperate need for Canadian natural resources during the Resource Wars. Tensions began after the Chinese invasion of Anchorage in 2066, when Canadian officials opposed American troops moving through their territory. An attempt to sabotage the Alaskan pipeline finally prompted the U.S. military to announce a complete takeover of all Canadian assets and resources on June 3, 2072.",common,"alaskan pipeline,canadian resources,little america,pre-war annexation,resource wars,u.s. military occupation",event,both,both,2066,2077,https://fallout.wiki/wiki/United_States_Annexation_of_Canada,5603826,
unity_conflict,"The Unity Conflict is remembered as a post-War event, though surviving records and oral histories provide almost no detail about its participants, objectives, or outcome. The conflict's name suggests it may have involved a movement or faction seeking to unify disparate wasteland communities or peoples under a single banner, but this remains speculative. No firsthand accounts, battle sites, or named leaders have been reliably documented in sources available to wasteland scholars. The conflict predates many of the better-recorded struggles that shaped the Mojave and Capital Wasteland regions. Its obscurity in the historical record means that most wastelanders know the name, if at all, only as a passing reference in old chronicles or fragmented terminal entries. Whether the Unity Conflict had any lasting impact on subsequent wasteland politics or settlement patterns is unknown.",historian,The Unity Conflict was a significant post-War struggle remembered as part of the wasteland's broader history. Surviving accounts provide little detail about its participants or course,common,"obscure historical event,post-war conflict,unity movement,wasteland history",event,both,both,,,https://fallout.wiki/wiki/Unity_Conflict,5445010,Source extract is extremely sparse; advanced article preserves uncertainty as instructed.
battle_of_arizona_spillway,"The Battle of Arizona Spillway followed the Legion's earlier success at Willow Beach, forming part of a coordinated campaign to expel New California Republic forces from the eastern bank of the Colorado River. The Arizona Spillway, a key point along the river's infrastructure, represented a strategic position for controlling water access and movement between the two banks. Caesar's Legion, having already gained momentum from the Willow Beach engagement, pressed its advantage and secured another victory. The loss compounded the NCR's difficulties in maintaining its forward positions along the Colorado, stretching its defensive line and exposing deeper vulnerabilities in its Mojave deployment. Together, the battles of Willow Beach and Arizona Spillway demonstrated the Legion's capacity for sustained offensive operations across the river frontier and forced NCR command to reassess its eastern perimeter. The engagements also contributed to the broader strategic stalemate that would eventually define the Mojave conflict, with both sides contesting control of the river as a vital lifeline.","legion,ncr,military,mojave","The Battle of Arizona Spillway was a military engagement between Caesar's Legion and the New California Republic, fought at the Arizona Spillway following the Battle of Willow Beach. It formed part of a broader Legion campaign to drive NCR forces from the eastern bank of the Colorado River. The battle resulted in a victory for Caesar's Legion, further weakening the NCR's hold on the region's eastern approaches and contributing to the ongoing tension along the river frontier.",common,"arizona spillway,colorado river,legion victory,mojave conflict,ncr defeat,river frontier",event,fnv,mojave,2277,2281,https://fallout.wiki/wiki/Battle_of_Arizona_Spillway,5444709,
battle_of_nelson,"The Battle of Nelson emerged from the New California Republic's attempt to close a security gap along the Colorado River identified by General Lee Oliver. Nelson sat on a vulnerable stretch between Camp Forlorn Hope and Camp Searchlight, and NCR forces occupied the town with little time to fortify it. Caesar and Vulpes Inculta, likely leveraging intelligence from a mole embedded at Camp McCarran, ordered the strike as a deliberate demoralization effort. Decanus Dead Sea led two contubernia against the under-equipped garrison. Though outnumbered two to one, the legionaries overran the position, killed most of the troopers, and hurled survivors into the Colorado River within sight of NCR spotters at Camp Forlorn Hope. Three captured soldiers were crucified as a psychological message. The aftermath left a no man's land between Nelson and Forlorn Hope littered with dying troopers and frag mines. NCR morale at Forlorn Hope plummeted to its lowest point, while Legion morale at Nelson remained high. At Caesar's command, Dead Sea's forces held a defensive posture, their psychological impact deemed too valuable to risk in a direct assault on Forlorn Hope. Periodic skirmisher patrols from both sides failed to shift the static battle lines. Ranger Milo, acting independently, attempted to neutralize one of the Legion's morale advantages by ending the suffering of the three crucified hostages.","legion,ncr,military,mojave","The Battle of Nelson was a military conflict in the Mojave Wasteland in which Caesar's Legion seized the town of Nelson from the New California Republic. General Lee Oliver had occupied Nelson to secure a vulnerable stretch of the Colorado River between Camp Forlorn Hope and Camp Searchlight, but the base had barely enough time to establish proper defenses before the attack. Caesar and Vulpes Inculta, likely acting on intelligence from a mole at Camp McCarran, ordered Decanus Dead Sea to lead two contubernia against the under-equipped NCR troopers. Despite being outnumbered two to one, the legionaries swiftly overran the defenses, killed most of the troopers, and hurled the rest into the Colorado River in full view of spotters from Camp Forlorn Hope.",common,"camp forlorn hope,colorado river,dead sea,legion victory,mojave conflict,nelson occupation",event,fnv,mojave,2277,2281,https://fallout.wiki/wiki/Battle_of_Nelson,5592912,
battle_of_willow_beach,"The Battle of Willow Beach represents a critical escalation in the post-Dam Legion-NCR conflict, demonstrating Caesar's strategic refusal to accept the stalemate following the First Battle of Hoover Dam. Camp Willow, situated on the eastern bank of the Colorado River, served as a forward NCR position intended to project power across the waterway. The Legion's assault was not merely punitive but territorial: by destroying the camp and following up with the Battle of Arizona Spillway, Legion forces systematically dismantled NCR's eastern river presence. The complete loss of the eastern Colorado shore gave the Legion a consolidated staging ground for future operations, effectively transforming the river from a contested boundary into a Legion-controlled frontier. This territorial shift placed NCR forces in a defensive posture on the western bank, complicating supply lines and limiting reconnaissance capabilities east of the Colorado. The engagement underscored the Legion's capacity for coordinated offensive action between major campaigns.","legion,ncr,military,historian","The Battle of Willow Beach was a military conflict between Caesar's Legion and the New California Republic that occurred at Camp Willow following the First Battle of Hoover Dam. This engagement marked the return to open hostilities between the two factions and was the first Legion strike since the initial battle at the dam. Legion forces led the assault in a bid to push the NCR out of the eastern side of the Colorado River, resulting in the destruction of the NCR camp. Along with the subsequent Battle of Arizona Spillway, this clash forced the NCR back across the river and gave the Legion complete control of its eastern side.",common,"arizona spillway campaign,camp willow destruction,colorado river control,legion eastern offensive,ncr territorial loss,post-dam hostilities",event,fnv,mojave,2277,2281,https://fallout.wiki/wiki/Battle_of_Willow_Beach,5444711,
bitter_springs_massacre,"The Bitter Springs Massacre exposes the fragility of command discipline under ambiguous field conditions and the consequences of intelligence failures in counterinsurgency operations. NCR leadership believed Bitter Springs was a raider hideout, not a civilian settlement, revealing a critical gap in their understanding of Great Khan social organization. The First Recon sharpshooters, positioned atop Coyote Tail Ridge to seal Red Pass, operated under shoot-on-sight orders calibrated for combatants. When Khan non-combatants—women, children, the elderly, and the wounded—fled into the canyon, the sharpshooters correctly sought confirmation, but the commanding major's paralysis and a subordinate's confirmation of the original order produced catastrophic results. The expenditure of all available ammunition against fleeing civilians transformed a military operation into a political and moral crisis. The event poisoned NCR-Great Khan relations irreparably and burdened participants such as Craig Boone with lasting trauma. It stands as a case study in the dangers of rigid orders applied to fluid battlefield realities.","ncr,great_khan,military,historian","The Bitter Springs Massacre occurred in the Mojave Wasteland around 2278, when New California Republic forces attacked a Great Khan encampment they believed to be a raider hideout. The Great Khans had previously harassed and raided NCR settlers, soldiers, and civilians, prompting the operation. NCR First Recon sharpshooters were positioned to cover the canyon's only escape route, but when the main assault was spotted early, fleeing Khan non-combatants including women, children, and the elderly poured into the pass. The sharpshooters radioed for confirmation of their shoot-on-sight orders, but the commanding major froze and a subordinate confirmed the order, leading to the slaughter of the fleeing civilians.",common,"bitter springs settlement,command failure,coyote tail ridge,first recon sharpshooters,great khan civilians,intelligence failure,red pass escape route",event,fnv,mojave,2278,2278,https://fallout.wiki/wiki/Bitter_Springs_Massacre,5669307,
first_battle_of_hoover_dam,"The First Battle of Hoover Dam illustrates the decisive role of terrain exploitation and disciplined tactical withdrawal in asymmetric defense. Chief Hanlon's plan leveraged the marksmanship of First Recon and NCR Rangers to attrit Legion veterans at range, then baited the Malpais Legate's elite forces into pursuing the sharpshooters through Boulder City—a pre-rigged kill zone. The detonation of explosives throughout the town shattered the Legion's offensive vanguard, enabling General Lee Oliver's conventional counter-attack to rout the surviving main force. The battle's political aftermath was equally significant: credit disputes between Hanlon's Rangers and Oliver's troopers fueled inter-service rivalry, while Caesar's immolation of Joshua Graham established a brutal precedent for failure that reverberated through Legion command culture. The Boulder City memorial, inscribed with the names of over one hundred fallen NCR soldiers facing the Colorado, functions as both mourning site and propaganda symbol. Windstorms in the Divide had previously delayed NCR reinforcements, underscoring the campaign's logistical fragility.","ncr,legion,military,historian","The First Battle of Hoover Dam was Caesar's Legion's assault on New California Republic forces at Hoover Dam in 2277, led on the Legion side by the Malpais Legate, also known as Joshua Graham. NCR forces under Chief Hanlon, including First Recon and NCR Rangers, executed a tactical retreat into Boulder City, where they had laid explosives throughout the town. When the Legion's elite forces pursued them inside, the explosives were detonated, inflicting severe casualties and crippling the offensive, after which General Lee Oliver's troops counter-attacked and routed the Legion's main force. Caesar punished his failed legate by setting Joshua Graham on fire and casting him into the Grand Canyon, while a memorial at Boulder City honors the over one hundred NCR soldiers who lost their lives in the battle.",common,"boulder city memorial,boulder city trap,chief hanlon strategy,first recon marksmanship,general oliver counter-attack,joshua graham punishment,legion elite forces,tactical retreat explosives",event,fnv,mojave,2277,2277,https://fallout.wiki/wiki/First_Battle_of_Hoover_Dam,5628634,
mojave_campaign,"The Mojave Campaign reveals the New California Republic's imperial overextension and the political economy of distant military occupation. President Kimball's 2274 deployment to Hoover Dam, negotiated with Mr. House through a treaty granting 95% of the dam's electricity to NCR home states, was framed as a triumph but generated structural vulnerabilities. The campaign's seven-year duration eroded domestic political support, with senators questioning continued funding amid 1,000 annual soldier fatalities and chronic undersupply. Recruits received minimal training before deployment to a frontier they barely understood. The NCR's conflict with the Great Khans exemplified the campaign's diffuse nature: counter-raiding operations against irregular adversaries drained resources and produced incidents like Bitter Springs. The McCarran Airport base and Strip embassy represented the Republic's dual military-diplomatic footprint, yet the arrangement with Mr. House subordinated full sovereignty. Fresh water and power flowed west while the Mojave's security remained contested, exposing the campaign as an extraction project sustained by political will rather than strategic coherence.","ncr,military,historian,mojave","The Mojave Campaign is a New California Republic military operation launched in 2274 when President Aaron Kimball sent forces to occupy Hoover Dam after scouts discovered it intact the previous year. Upon arrival, NCR troops encountered Mr. House's forces, and negotiations led to a treaty allowing the NCR to occupy the dam and establish a base at McCarran Airport, with 95% of the dam's electricity sent to NCR home states and the remainder to the Strip. The NCR also established an embassy on the Strip.",common,"campaign unpopularity,electricity distribution agreement,hoover dam treaty,kimball mojave occupation,mccarran military base,ncr imperial overextension,soldier fatalities,strip embassy",event,fnv,mojave,2274,2281,https://fallout.wiki/wiki/Mojave_Campaign,5021653,
ncr_legion_war,"The NCR-Legion War's roots trace to the Ranger Unification Treaty of 2271, when Nevada's Desert Rangers—unable to counter Caesar's Legion alone—merged with the NCR Rangers, extending NCR jurisdiction across southern Nevada, New Vegas, and Hoover Dam. President Kimball's 2274 Mojave Campaign, which secured Hoover Dam and earned him the title ""Hero of the Mojave,"" inextricably linked the occupation to his political career. Caesar himself recognized Kimball as a symbol whose death would cause NCR to recoil, creating a Legion opening. The 2277 First Battle of Hoover Dam showcased NCR tactical ingenuity: sharpshooters decimated Legion officers, and a feigned retreat into Boulder City lured elite Legion forces into pre-rigged C4 explosives, costing 107 NCR casualties but shattering the assault. The defeated Malpais Legate was burned and cast into the Grand Canyon. The Legion's subsequent destruction of Hopeville and Ashton via underground nuclear detonation rendered the Divide impassable, crippling NCR logistics and preventing them from capitalizing on their victory. Chief Hanlon later noted the NCR loses over a thousand troopers annually. Legion atrocities at Camp Searchlight and the Battles of Willow Beach and Arizona Spillway further expanded the conflict's scope.","ncr,legion,historian,military","The NCR-Legion War is an ongoing military conflict between the New California Republic and Caesar's Legion over control of the Mojave Wasteland. Tensions rose after the NCR occupied Hoover Dam in 2274, leading to the First Battle of Hoover Dam in 2277, where NCR sharpshooters and rigged explosives in Boulder City repelled the Legion's forces. The conflict has seen significant casualties on both sides, with the Legion employing brutal tactics such as irradiating Camp Searchlight and destroying the settlements of Hopeville and Ashton. The war remains unresolved as both factions vie for dominance in the region.",common,"boulder city trap,camp searchlight irradiation,divide supply line,first battle hoover dam,hopeville ashton destruction,kimball political career,mojave campaign 2274,ranger unification treaty",event,fnv,mojave,2271,,https://fallout.wiki/wiki/NCR-Legion_War,5444712,Present-day developments begin in 2281. Outcome of the war depends on Courier decisions and is not recorded here.
ncrcf_prison_break,"The NCRCF Prison Break exposed critical vulnerabilities in the NCR's overextended Mojave logistics. The NCR Correctional Facility occupied the pre-War Jean Conservancy site near rail lines paralleling I-15, where convicts performed manual labor maintaining and expanding tracks—no rehabilitation occurred. When General Lee Oliver requisitioned guards for Colorado River garrison duty, anti-NCR revolutionary Samuel Cooke exploited the thinning security, stockpiling blasting powder and makeshift weapons over time. The breakout killed the warden and nearly all remaining guards. The fractured aftermath proved strategically devastating: Eddie's Powder Gangers raided Sloan for dynamite, halting quarry operations and allowing deathclaws to nest at Quarry Junction, effectively closing I-15 to New Vegas. Cooke's faction departed for Vault 19 to wage guerrilla war. A smaller group seized Primm's Bison Steve Hotel. Samuel and Michelle fled Primm to found the 188 Trading Post at the Highway 95 and 93 interchange in September, which within a month became a prosperous commerce hub as I-95 became the sole safe route to New Vegas. NCR bureaucratic paralysis delayed any effective response for months, allowing the Powder Gangers to become the largest organized highwaymen group west of the McCullough mountains.","ncr,powder_ganger,caravaner,military","The NCRCF Prison Break was a convict revolt at the NCR Correctional Facility, a former pre-War Jean Conservancy site repurposed by the NCR to house prisoners used for railroad labor. When most NCR guards were reassigned to the Colorado River, anti-NCR revolutionary Samuel Cooke organized inmates to stockpile blasting powder and makeshift weapons, then blasted their way out, killing the warden and nearly all remaining guards. Afterward the convicts fragmented into several groups, including the Powder Gangers under Eddie who stayed to raid the surrounding areas, Cooke's followers who departed for Vault 19, and a smaller group that took over the Bison Steve Hotel in Primm. The uprising disrupted the region severely, allowing deathclaws to nest at Quarry Junction and effectively shutting down I-15 to New Vegas.",common,"188 trading post,general oliver requisition,i-15 shutdown,ncrcf prison break,powder gangers eddie,quarry junction deathclaws,samuel cooke revolutionary,sloan dynamite raid",event,fnv,mojave,2281,2281,https://fallout.wiki/wiki/NCRCF_Prison_Break,5277684,Prison break occurred shortly before the Courier's recovery at Doc Mitchell's house.
operation_sunburst,"Operation: Sunburst in 2276 marked the effective end of the Brotherhood of Steel's open presence in the Mojave Wasteland. Father Elijah, dispatched by the Council of Elders from New California to secure Hoover Dam, became fixated on HELIOS One and the ARCHIMEDES II solar weapon, diverting his chapter from its original objective. When the NCR entered the Mojave in force in 2274 and secured Hoover Dam, sporadic clashes with the Brotherhood escalated through 2275. The 2276 NCR assault on HELIOS One revealed a stark asymmetry: the NCR possessed more soldiers than the Brotherhood had ammunition. Senior Paladin Hardin advocated a retreating action, but Elijah refused, insisting he needed ""more time""—likely to unlock ARCHIMEDES. Waves of NCR soldiers assaulted from all sides, costing the Brotherhood over half its paladins and knights. Elijah disappeared during the battle. Command fell to Paladin McNamara, who oversaw retreat to the pre-established Hidden Valley fallback point and activated HELIOS security systems to hinder NCR pursuit. The NCR subsequently strengthened its Mojave presence fivefold. The Followers of the Apocalypse dispatched Ignacio Rivas, who independently discovered ARCHIMEDES and began concealing it from the NCR. Fantastic, an unqualified NCR hireee, was placed in charge of the solar array.","brotherhood,ncr,historian,military,scientist","Operation: Sunburst was a major conflict in 2276 between the Brotherhood of Steel and the New California Republic at HELIOS One. Father Elijah led the Mojave chapter there after becoming distracted by the ARCHIMEDES II solar weapon. The NCR outnumbered the Brotherhood and assaulted the facility from all sides. Despite superior equipment, the Brotherhood suffered heavy losses and was forced to retreat to Hidden Valley under Paladin McNamara's command.",common,"brotherhood mojave losses,father elijah archimedes,helios one battle,ignacio rivas coverup,mcnamara hidden valley,ncr manpower advantage,operation sunburst 2276,paladin hardin retreat",event,fnv,mojave,2274,2276,https://fallout.wiki/wiki/Operation:_Sunburst,5667329,
sierra_madre_gala_event,"The Sierra Madre Gala Event was conceived as the crowning celebration of the Sierra Madre Casino, gathering celebrities and high society figures for an evening of spectacle. Scheduled precisely for October 23, 2077, the gala was designed as a multi-sensory experience: lights in the sky, music flooding the villa streets, and a grand finale of fireworks that would ceremonially open the casino's gates, offering every attendee a chance to ""begin again."" The poetic promise of renewal was rendered bitterly ironic when the Great War's nuclear devastation struck that very night, ensuring the event never took place as planned. The casino's sealed gates and the holographic security systems preserved the gala's preparations in suspended animation, the decorations and invitations frozen in a moment that never arrived. The event's mythology endured in wasteland legend, with the Sierra Madre becoming synonymous with unattainable promise and the futility of pre-War aspiration. The Gala Event's triggering mechanism remained intact, awaiting activation centuries later.","historian,courier","The Sierra Madre Gala Event was a planned celebration at the Sierra Madre Casino, intended to gather celebrities and high society figures. It was scheduled for the night of October 23, 2077, the same night the Great War devastated the world. The event was meant to feature lights in the sky, music filling the villa streets, and a grand finale of fireworks that would open the casino's gates, offering attendees a chance to begin again. The event never occurred as planned due to the nuclear war.",common,"begin again promise,casino opening ceremony,celebrity gathering,fireworks grand finale,great war coincidence,october 23 2077,sierra madre gala,villa streets music",event,fnv,mojave,2077,2077,https://fallout.wiki/wiki/Sierra_Madre_Gala_Event,5135264,The Gala Event's later triggering by the Courier is a mutable quest action and is not recorded here.
ultra_luxe_shootout,"The Ultra-Luxe Shootout, occurring July 13, 2072, reveals the blurred lines between organized crime and military operations in pre-War Las Vegas. The Charleston Herald's coverage masked a deeper truth: the five individuals labeled ""mobsters"" were in fact missing soldiers from Berkeley Springs. One was positively identified by C. Rutkowski as Sergeant Kathryn Montgomery, later dubbed ""Shanghai Sally,"" who had been absent for three weeks. Investigator Flavia Stabo independently concluded that at least two of the dead bore strong resemblance to the missing soldiers, though severe injuries prevented full confirmation. Eyewitness testimony was strikingly contradictory, with accounts varying between a missile launcher deployment and sniper-initiated violence. Reports that the group attempted to surrender on two separate occasions cast doubt on the police chief's characterization of a clean victory, suggesting instead a possible extrajudicial killing of military personnel.","historian,military","The Ultra-Luxe Shootout was a gun battle that occurred on July 13, 2072, at the Ultra-Luxe Casino on the Las Vegas Strip, between a group of men labeled as mobsters and the Las Vegas police force. According to the Charleston Herald, police stormed the casino floor and exchanged fire with the group, resulting in the deaths of all five individuals and injuries to seventeen bystanders. Eyewitness accounts conflicted, with some claiming soldiers arrived with a missile launcher while others said the violence began with sniper fire, and witnesses reported the group attempted to surrender on two occasions. The Las Vegas chief of police declared the incident a major victory, stating that no one in Las Vegas was above the law.",common,"berkeley springs soldiers,charleston herald,eyewitness contradiction,flavia stabo investigation,kathryn montgomery,military desertion,pre-war las vegas",event,fnv,new_vegas,2072,2072,https://fallout.wiki/wiki/Ultra-Luxe_Shootout,5595078,This event is pre-War and referenced via Fallout 76 sources; it is not a present-day New Vegas development.
west_side_massacre,"The West Side Massacre underscores the technological hierarchy among New Reno's crime families. The Salvatore family's access to laser pistols, weapons far beyond the conventional firearms wielded by the Bishop and Mordino enforcers, created a decisive and lethal asymmetry. The engagement eliminated rival thugs encroaching on Salvatore territory in the West Side district, demonstrating how pre-War energy weapons could rapidly reshape criminal power dynamics. The aftermath proved politically significant: rather than open retaliation, an uneasy peace settled over the families while the Mordinos quietly plotted revenge. This restraint suggests the massacre's demonstration of Salvatore technological superiority intimidated rivals into temporary submission, even as it seeded future conflict. The event illustrates how control of advanced weaponry, not merely numbers or territory, determined the balance of power in New Reno's criminal ecosystem.","historian,merchant","The West Side Massacre was a violent confrontation in New Reno in which the Salvatore family attacked members of the Bishop and Mordino crime families. Two of Salvatore's enforcers eliminated a group of rival thugs who had been encroaching on Salvatore territory in the West Side district. The Salvatores' use of laser pistols gave them a decisive advantage over their opponents, allowing them to kill the rival gang members with relative ease. The massacre resulted in an uneasy peace among the families, while the Mordinos quietly planned their revenge against the Salvatores.",common,"bishop mordino conflict,criminal power dynamics,energy weapons advantage,new reno crime families,salvatore laser pistols,west side district",event,fnv,new_reno,,,https://fallout.wiki/wiki/West_Side_Massacre,5410038,Referenced in Fallout 2; chronology is not precisely dated in source material.
"brotherhood_of_steel,BoS","The Brotherhood of Steel's founding traces directly to Captain Roger Maxson's discovery that West-Tek scientists at Mariposa Military Base were experimenting on military prisoners with the Forced Evolutionary Virus. His execution of those scientists and subsequent declaration of desertion on October 20, 2077, days before the Great War, established the organization's moral foundation: technology must be controlled, not abused. The Brotherhood's emblem encodes its philosophy—gears for engineering knowledge, a sword for self-defense, wings for hope. Chapter divergence became a defining feature. The Capital Wasteland chapter under Elder Lyons, arriving in 2255, prioritized aiding local communities against super mutants, a mission that alienated traditionalists who formed the Brotherhood Outcasts. The Mojave chapter, exiled under Father Elijah's unorthodox push for technological development rather than preservation, suffered catastrophic losses at HELIOS One in 2276 against overwhelming NCR forces, losing over half its paladins before retreating to Hidden Valley under then-Paladin McNamara. The Midwest chapter, born from a crashed airship expedition, diverged radically by trading medicine for recruits and imposing protection quotas on surrounding villages.","brotherhood,historian,military,scientist","The Brotherhood of Steel, often abbreviated as BoS or BOS, is a paramilitary organization founded by Captain Roger Maxson after he deserted the United States Army just before the Great War. The various chapters across the post-War United States share a core mission of seizing and regulating pre-War technology to prevent its abuse and ensure the survival of humanity. Their ranks include paladins, knights, and scribes, and they operate under the motto Ad Victoriam. Notable chapters include the founding group at Lost Hills, an expeditionary force in the Capital Wasteland led by Elder Lyons, and a Mojave contingent that recently suffered significant losses to the New California Republic at HELIOS One.",common,"brotherhood outcasts schism,elder lyons capital wasteland,father elijah helios one,mariposa fev discovery,mcnamara hidden valley,midwest airship chapter,roger maxson founding",faction,both,multiple,2077,,https://fallout.wiki/wiki/Brotherhood_of_Steel,5676759,Founding events are pre-War; chapter-specific present-day developments vary by region and game scope.
enclave,"The Enclave's pre-War origins as a secret continuity-of-government contingent reveal the depth of institutional planning for nuclear catastrophe. Comprising presidents, Joint Chiefs members, industrialists, and scientists, the group secured installations including the presidential oil rig, Raven Rock, and the congressional bunker before the bombs fell. Their influence extended into Vault-Tec, where they orchestrated experiments in Vaults 31, 32, and 33, and seized control of the Vault-Tec X-Branch under Las Vegas, outmaneuvering Mr. House. Post-War, the organization's ideology hardened into a fascist conviction that all mutated life must be exterminated. On the West Coast, President Dick Richardson's scientists modified FEV into the aerosol pathogen Curling-13, tested on Arroyo and Vault 13 inhabitants before the oil rig's destruction halted deployment. The East Coast contingent, unaware of Navarro's fall, fell under the leadership of the ZAX supercomputer President John Henry Eden, who pursued a parallel FEV-water-poisoning plan at Project Purity while Colonel Autumn advocated using purified water as a recruitment tool. Mojave remnants, fleeing NCR forces after Navarro's destruction, hid equipment in a refueling station bunker and attempted to integrate unseen into wasteland society.","enclave,historian,military,scientist","The Enclave is a remnant of America's pre-War government, originally formed as a secret contingent within the United States continuity of government system and described by some as a militarized shadow government. Comprised of presidents, military leaders, industrialists, and scientists, the Enclave made contingency plans before the Great War, securing installations such as the presidential oil rig, Raven Rock, and the congressional bunker. After the nuclear exchange, the organization became a fascist paramilitary group with totalitarian goals, making multiple attempts to reassert control over the wasteland through the use of the Forced Evolutionary Virus to eliminate all mutated life, which they viewed as cleansing the world. Their genocidal agenda brought them into conflict with groups such as the New California Republic and the Brotherhood of Steel, resulting in the destruction of many Enclave outposts including the oil rig and Camp Navarro, though remnants continue to operate in scattered regions.",common,"fev curling-13,mojave remnants navarro,oil rig destruction,pre-war shadow government,president eden zax,raven rock east coast,vault-tec influence",faction,both,multiple,2077,,https://fallout.wiki/wiki/Enclave,5662506,Pre-War origins precede 2077; post-War contingent developments span multiple regions and timelines.
apostles_of_the_eternal_light,"The Apostles of the Eternal Light represent a significant theological schism within the broader movement of Atom worship in the Capital Wasteland. Founded by Mother Curie III, who once counted herself among the Children of Atom in Megaton, the Apostles departed from Confessor Cromwell's congregation over fundamental doctrinal disagreements. Where the Children of Atom in Megaton revere the undetonated bomb and anticipate the Great Division as a cosmic event of creation, the Apostles actively oppose the detonation of the Megaton bomb and reject the Great Division entirely. Instead, they embrace gradual irradiation as a path to enlightenment, viewing ghouls not as cursed or fallen creatures but as enlightened beings who have given themselves fully to Atom's Eternal Light. This positions them as a more contemplative and less apocalyptic sect. Their Holy Light Monastery, accessible only to those baptized in Atom's holy Light, is guarded at its surface entrance by Brother Gerard. The order's membership includes Mother Curie III, Brother Gerard, Atom's Champion, the Sun of Atom, and Novices. Their presence in Springvale marks them as a distinct and localized expression of Atom worship, separate from the Megaton congregation and its missionary efforts.","capital_wasteland,ghoul,historian","The Apostles of the Eternal Light are a religious faction based in the ruins of Springvale and led by Mother Curie III, a former devotee of the Children of Atom. Unlike the Children of Atom, the Apostles actively irradiate themselves and only those who have been baptized in Atom's holy Light are permitted into their Holy Light Monastery, whose surface entrance is guarded by Brother Gerard. The Apostles regard ghouls as enlightened beings who have given themselves to the Eternal Light. They also differ from the Children of Atom in Megaton by opposing the Great Division and the idea of detonating the Megaton bomb.",common,"atom worship schism,brother gerard,ghoul enlightenment,holy light monastery,mother curie iii,religious faction,springvale ruins",faction,fallout3,capital_wasteland,2277,2277,https://fallout.wiki/wiki/Apostles_of_the_Eternal_Light,5361078,
"brotherhood_outcasts,Outcasts","The Brotherhood Outcasts emerged from a profound ideological fracture within the Capital Wasteland chapter of the Brotherhood of Steel. Elder Lyons, dispatched from the West to recover advanced pre-War technology, gradually redirected his chapter's mission toward protecting local populations from super mutants and other threats. A contingent led by Paladin Henry Casdin viewed this as a betrayal of the Brotherhood's founding principles, arguing that Lyons had abandoned the organization's core mandate of technology acquisition and containment. The rupture occurred after Lyons repeatedly ignored requests to recover technology from Fort Independence, a pre-War military research facility. Casdin's followers departed the Citadel, taking a substantial portion of its weapons and equipment stockpiles, which significantly weakened Lyons' chapter's combat capacity. The Outcasts seized Fort Independence, expelling raider groups and converting the facility into a fortified headquarters. They adopted the derogatory label Outcasts as a badge of honor, painting their T-45d power armor red and black to mark their separation. Their ranks include Defenders, Protectors, and Specialists, and they have supplemented their forces with reprogrammed Robobrains, Sentry Bots, and Protectrons in Outcast colors. The Outcasts organized regular patrols across the Capital Wasteland and began excavating sites including a Virtual Strategic Simulations facility. They ultimately intended to regroup with Western Brotherhood chapters, believing their actions would be vindicated, though they remained anchored to Fort Independence and its considerable technology stockpile. Lyons struck their names from the Codex, and the two factions maintain mutual hostility.","brotherhood,capital_wasteland,historian,military","The Brotherhood Outcasts, often simply called the Outcasts, are a renegade faction that split from the Capital Wasteland's Brotherhood of Steel under the leadership of Paladin Henry Casdin. They oppose Elder Lyons' policies, believing they are the true loyalists upholding the Brotherhood's original mission of discovering and securing advanced pre-War technology. After departing the Citadel with a significant portion of its stockpiles, they seized Fort Independence as their headquarters, painting their power armor red and black to distinguish themselves. The group patrols the wasteland for technology and hopes to eventually regroup with the Western Brotherhood chapters to vindicate their actions.",common,"brotherhood of steel,capital wasteland,faction schism,fort independence,paladin casdin,power armor,technology recovery",faction,fallout3,capital_wasteland,2277,2277,https://fallout.wiki/wiki/Brotherhood_Outcasts,5672308,
"children_of_atom,Church of the Children of Atom","The Children of Atom occupy a unique position among Capital Wasteland factions as a religious movement centered on the veneration of nuclear power and radiation. Their connection to Megaton is foundational: the settlement's inhabitants needed the Children's assistance to construct the town, and in exchange agreed that the undetonated atomic bomb at its center would remain undisturbed. This arrangement cemented the bomb as both a physical landmark and a sacred relic. Under the leadership of Confessor Cromwell, described by followers as Atom's great prophet, and Mother Maya, the Children have maintained a visible presence in Megaton, with Cromwell preaching openly to passersby. Their theology holds that the Great War was a divine event, that those who perished were fortunate to participate in Atom's creation, and that irradiated water carries Atom's Light as a blessing. The faith has proven capable of fission and expansion: Cromwell dispatched members Tektus and Martin northward on missionary journeys, and another group followed Mother Curie III to establish the Apostles of the Eternal Light, a schismatic sect that opposes the Great Division and the detonation of the Megaton bomb while embracing gradual irradiation and revering ghouls as enlightened beings. These divisions illustrate the theological flexibility and internal tensions within Atom worship, even as the Megaton congregation remains its most visible expression in the Capital Wasteland.","capital_wasteland,historian","The Children of Atom, sometimes called the Church of the Children of Atom, are a religious cult devoted to the worship of Atom, a deity they associate with nuclear power and radiation. They operate out of Megaton, a settlement built around an undetonated atomic bomb, and helped construct the town in exchange for the bomb remaining in place. The group is led by Confessor Cromwell and Mother Maya, both of whom still reside in Megaton. Members believe the Great War was a holy event perpetrated by Atom, that those who died in it were fortunate to aid in his creation, and that irradiated water is a blessing full of Atom's Light.",common,"atom worship,capital wasteland,confessor cromwell,great war theology,megaton bomb,mother maya,religious cult",faction,fallout3,capital_wasteland,2277,2277,https://fallout.wiki/wiki/Children_of_Atom,5666756,
chinese_remnants,"The Chinese Remnants are a grim relic of the Sino-American conflict that defined the final decades before the Great War. Comprising former spies, intelligence operatives, and special-operations soldiers embedded within the United States, these personnel were caught in the nuclear exchange and subsequently transformed into ghouls. Unlike many ghouls who have lost their faculties or integrated into wasteland communities, the Chinese Remnants have retained a degree of their original training and organizational structure. Sergeants and officers among them display notably greater combat proficiency than their subordinates, suggesting that elements of military hierarchy and discipline persist even after centuries of ghoulification. Their presence at Mama Dolce's, a front operation that masked Chinese intelligence activities before the war, indicates a continued attachment to their former operational sites. Additional remains have been found in underground sewers near Broadcast Tower KT8, hinting at the broader network of covert infrastructure once maintained by Chinese forces on American soil. The Remnants are uniformly hostile to outsiders encountered in the Capital Wasteland, attacking on sight with a fervor that may reflect ingrained wartime conditioning rather than conscious strategic intent. Their existence stands as a haunting reminder that the Great War's legacy is not only environmental and cultural but also deeply personal, trapping former combatants in an unending echo of a conflict that ended the world.","capital_wasteland,ghoul,historian,military","The Chinese Remnants are the surviving remnants of Chinese military operations in the United States, consisting of former spies, intelligence agents, and special-ops soldiers who were transformed into ghouls following the Great War. These ghoulified Chinese personnel continue to operate in the Capital Wasteland, with known presences at Mama Dolce's and in underground sewers near Broadcast Tower KT8. The group maintains a military structure, with sergeants and officers demonstrating greater combat proficiency than their subordinates. They are hostile to outsiders encountered in the wasteland.",common,"broadcast tower kt8,capital wasteland,chinese military remnants,covert operations,ghoulified soldiers,mama dolces,sino-american war",faction,fallout3,capital_wasteland,2277,2277,https://fallout.wiki/wiki/Chinese_Remnants,5590674,
littlehorn_associates,"Littlehorn & Associates operates as a contract killing enterprise in the Capital Wasteland, functioning as the counterpart to the Regulators. Headed by Daniel Littlehorn from a large shed at the entrance to the scrapyard, the firm maintains a deliberately low-key presence, with employees dispersed throughout the region. Littlehorn claims to collect ears from individuals he considers good people, citing a need to maintain a certain balance in the wastes, though the firm's true motivations remain undisclosed. The organization keeps personal and business information to an absolute minimum to ensure operations proceed smoothly. Its members include Daniel Littlehorn and his secretaries, who display a remarkably callous attitude toward one another's deaths, commenting ""better them than me"" when a colleague is killed rather than showing hostility. This cold pragmatism reflects the firm's ethos of professional detachment and self-preservation above all else.","wastelander,raider","Littlehorn & Associates is a contract killing firm operating in the Capital Wasteland, headed by Daniel Littlehorn from a large shed at the entrance to the scrapyard. The organization serves as a counterpart to the Regulators and maintains a low-key presence throughout the region, with employees spread across the wasteland. Daniel Littlehorn claims to seek ears from good people as a way of maintaining a certain balance in the wastes, though the firm keeps personal and business information to a minimum to ensure smooth operations. The firm's members include Daniel Littlehorn and his secretaries, who display a remarkably callous attitude toward one another's deaths.",common,"callous secretaries,capital wasteland,contract killing firm,daniel littlehorn,ears collection,low key operations,regulators counterpart,scrapyard shed",faction,fallout3,capital_wasteland,2277,,https://fallout.wiki/wiki/Littlehorn_%26_Associates,5590973,"Removed all references to karma, perks, and player-specific mechanics. Replaced with in-world terminology."
"lyons_pride,Pride","Lyons' Pride, commonly known as the Pride, is an elite tactical unit within Lyons' Brotherhood of Steel, formed by Elder Owyn Lyons to combat the growing super mutant presence in Washington, D.C., and later the Enclave. Commanded by Sentinel Sarah Lyons, who personally selects members from a pool of applicants, the Pride operates primarily out of the Galaxy News Radio outpost in Chevy Chase, where it protects the station to keep it broadcasting and counter Enclave Radio. The group also maintains a private area within the Citadel's A-ring called the Lyons' Den, which includes barracks and a common room. Each permanent member wears T-45d power armor emblazoned with a unique lion rampant insignia replacing the standard Brotherhood of Steel emblem. The Pride's arsenal ranges from sniper rifles and plasma rifles to super sledges and Gatling lasers, with laser rifles being the most common. In 2277, during a mission to reinforce troops at the GNR outpost, the Pride lost Initiates Reddin and Jennings to super mutant attacks. The unit later participated in the Battle of Project Purity alongside Liberty Prime, during which Sentinel Lyons entered the Jefferson Memorial and the purifier was activated, resulting in an explosion that incapacitated all present. Two weeks later, Paladin Tristan assumed command while Lyons recovered, leading missions including an assault on an Enclave-controlled satellite relay station, the acquisition of a Tesla coil from the Olney Powerworks, and the Battle of Adams Air Force Base. Following the destruction of the Mobile Base Crawler, Sentinel Lyons aided exfiltration efforts aboard a captured Enclave Vertibird designated Pride One.","brotherhood,capital_wasteland,military","Lyons' Pride, commonly known as the Pride, is an elite tactical unit of Lyons' Brotherhood of Steel formed by Elder Owyn Lyons to combat the super mutant presence in Washington, D.C. The squad is commanded by Sentinel Sarah Lyons, who personally selects its members from a pool of applicants. Operating primarily out of the Galaxy News Radio outpost in Chevy Chase and the Lyons' Den within the Citadel, the group is easily recognized by their T-45d power armor bearing a unique lion rampant insignia. In 2277, the Pride suffered casualties when Initiates Reddin and Jennings were killed during a mission to reinforce the radio outpost against super mutant attacks.",common,"citadel lyons den,elite tactical unit,gnr outpost,lion rampant insignia,owyn lyons,sarah lyons,super mutant suppression,t-45d power armor",faction,fallout3,capital_wasteland,2277,,https://fallout.wiki/wiki/Lyons%27_Pride,5672374,Removed references to the Lone Wanderer and quest names. Focused on in-world events and personnel.
nuka_cola_fan_club,"The Nuka-Cola fan club is a small association of Nuka-Cola enthusiasts based in the Capital Wasteland, founded and run by Sierra Petrovita, who holds the titles of president, recording secretary, and treasurer simultaneously. Ronald Laren is currently the only other member, though membership is open to the public. The club's activities center on the collection of Nuka-Cola related memorabilia, an annual cook-off featuring recipes incorporating Nuka-Cola, and the presentation of the Nuka-Cola Fan Club Collection Award for the best collection. Sierra Petrovita has won the collection award for ten consecutive years, demonstrating her deep dedication to preserving Nuka-Cola heritage. She also won the most recent cook-off with her dish of poached roach with Nuka-sauce, showcasing the creative culinary applications of the beverage in post-war wasteland cooking. The club represents one of the few organized social groups dedicated to preserving pre-war consumer culture in the Capital Wasteland.","wastelander,capital_wasteland","The Nuka-Cola fan club is an association of Nuka-Cola enthusiasts based in the Capital Wasteland, founded by Sierra Petrovita, who serves as its president, recording secretary, and treasurer. Ronald Laren is the only other member, though membership is open to the public. Club activities include collecting Nuka-Cola related items, hosting an annual cook-off featuring recipes containing Nuka-Cola, and awarding the best collection with the Nuka-Cola Fan Club Collection Award. Sierra has won the collection award for ten consecutive years and also won the most recent cook-off with her poached roach with Nuka-sauce.",common,"annual cook-off,capital wasteland,collection award,fan club activities,nuka-cola enthusiasts,nuka-sauce recipe,ronald laren,sierra petrovita",faction,fallout3,capital_wasteland,2277,,https://fallout.wiki/wiki/Nuka-Cola_Fan_Club,5574330,Removed quest references. Focused on club activities and members.
"pitt_raiders,Ashur's army","The Pitt Raiders, also known as Ashur's army, are a group of slavers who rule over the Pitt Slaves in The Pitt following the Scourge. After the Brotherhood of Steel, led by Elder Lyons, purged most of the Pitt in an event subsequently known as the Scourge, the remaining inhabitants were united by Ishmael Ashur. Ashur, a former member of the Brotherhood of Steel, had participated in the assault and was left behind in The Mill, presumed dead after being caught in an explosion. Scavengers attempting to steal his armor pulled him from the rubble. Recognizing the potential of an operational steel mill, Ashur founded the establishment and consolidated the scavengers under his leadership. The Pitt Raiders engage in slavery to maintain their workforce, purchasing slaves from the Capital Wasteland as customers of the Paradise Falls Slavers. This arrangement links the economy of The Pitt to the broader slave trade network of the Capital Wasteland, with the steel mill serving as the industrial heart of Ashur's domain.","brotherhood,capital_wasteland,raider","The Pitt Raiders, also known as Ashur's army, are a group of slavers who rule over the Pitt Slaves in The Pitt following the Scourge. They were united by Ishmael Ashur, a former Brotherhood of Steel member who was left behind during the Brotherhood's purge of the area and later discovered the potential of an operational steel mill. To maintain their workforce, the Pitt Raiders engage in slavery and purchase slaves from the Capital Wasteland, acting as customers of the Paradise Falls Slavers.",common,"ashur army,brotherhood left behind,ishmael ashur,paradise falls customers,pitt slavers,slave trade network,steel mill,the scourge",faction,fallout3,capital_wasteland,,,https://fallout.wiki/wiki/Pitt_Raiders,5590589,Removed DLC references. Focused on in-world history and economics.
pitt_slaves,"The Pitt's captive laborers keep the city's steel industry operating under constant Pitt Raider supervision. Most live and work in Downtown and the Mill, while the Steelyard's dangerous conditions have killed workers sent to recover steel ingots. Their confinement is worsened by the Troglodyte Degeneration Contagion, which renders the Pitt's inhabitants infertile and gradually transforms some people into Wildmen or Trogs. Wernher and Midea organize resistance among the laborers and seek the cure held by Lord Ashur. For the enslaved population, freedom and survival are therefore bound together: control of the mills determines their material conditions, while access to the cure determines whether their community can endure. Escape attempts sometimes reach the bridge, but the raiders' control of the industrial district makes organized action difficult and dangerous.","capital_wasteland,historian,wastelander","The Pitt Slaves are the captive workforce of The Pitt, forced to labor under the constant watch of the Pitt Raiders to keep the city's steel industry running. They suffer from the Troglodyte Degeneration Contagion, a disease that renders all of the Pitt's inhabitants infertile and gradually transforms some into Wildmen or Trogs. Despite their grim circumstances, the slaves harbor hopes of revolution, organized under the leadership of Wernher and Midea, who seek to obtain a cure held by Lord Ashur. Most slaves are found in Downtown and The Mill, with some sent into the hazardous Steelyard to collect steel ingots.",common,"enslaved worker resistance,lord ashur cure,pitt steel industry,steelyard labor,troglodyte degeneration contagion,wernher and midea",faction,fallout3,the_pitt,,2277,https://fallout.wiki/wiki/Pitt_Slaves_(Faction),5606373,Source-grounded editorial rewrite.
point_lookout_tribals,"The Point Lookout tribals live around the Ark and Dove Cathedral, where they cultivate Punga plants and practice meditation. Jackson leads the group while believing that the psychic entity Calvert is a god. Calvert uses that devotion to direct the tribe against Desmond Lockheart and the cognitive wave jammer that limits Calvert's influence. Acceptance into the tribe requires a journey into the Sacred Bog to gather seeds from the Mother Punga. The plant releases hallucinogenic gas, and candidates must find their way out while disoriented. The initiation also includes removing part of the candidate's brain in the belief that this will free the mind. The procedure can kill candidates or leave them unable to care for themselves; Woodrose looks after those survivors. Members who return to the cathedral are accepted into the community.","historian,tribal,wastelander","The Point Lookout tribals are a group inhabiting the Ark & Dove Cathedral in the Point Lookout swamplands. They cultivate Punga plants and meditate, led by a man named Jackson, who believes the psychic entity Calvert is a god and follows his commands. New members are initiated by traveling to the Sacred Bog to retrieve Punga Seeds from the Mother Punga, a process that exposes them to hallucinogenic gas and involves the removal of part of their brain to free their mind. The procedure sometimes kills prospective members or strips away more brain functions than intended, leaving those unable to care for themselves under the supervision of a tribal named Woodrose.",common,"ark and dove cathedral,brain ablation initiation,calvert psychic entity,cognitive wave jammer,desmond lockheart rivalry,punga cultivation",faction,fallout3,point_lookout,,,https://fallout.wiki/wiki/Point_Lookout_Tribals,5468521,Source-grounded editorial rewrite.
regulators,"The Regulators are a justice-minded faction that appeared in the Capital Wasteland within the last decade. Sonora Cruz leads them from the Regulator headquarters and describes their purpose as dedicating their lives to bringing evil people to justice. Their organization relies on members and allied lawkeepers rather than a formal regional government. Lucas Simms, the sheriff of Megaton, is counted among the faction's members, connecting the Regulators to one of the wasteland's established settlements. They pursue people regarded as dangerous wrongdoers and pay for credible proof that a target is dead. This bounty practice gives the group a practical way to extend its reach across a scattered region, but it also places substantial authority in the hands of individual Regulators who must decide whom to pursue and what evidence to accept.","capital_wasteland,historian,military","The Regulators are a faction in the Capital Wasteland dedicated to bringing evildoers to justice. They appeared within the last ten years and are led by Sonora Cruz, operating out of their headquarters. Megaton sheriff Lucas Simms is counted among their members. The Regulators pursue those with evil reputations and offer bounties for proof of wrongdoers' deaths.",common,"capital wasteland lawkeepers,lucas simms membership,organized moral framework,regulator headquarters,sonora cruz leadership,wasteland bounty justice",faction,fallout3,capital_wasteland,2267,2277,https://fallout.wiki/wiki/Regulators_(faction),5591105,Source-grounded editorial rewrite.
"reillys_rangers,Reilly's Rangers","Reilly's Rangers are a mercenary company based at the Ranger Compound near Seward Square in the Capital Wasteland. Reilly founded the group four years ago, when she was twenty-six. Although they work for pay, the Rangers follow a code of ethics and try to help people, a position that puts them at odds with Talon Company. Their work includes mapping Washington for an anonymous employer called Mr. Smith and hunting super mutants under contract. They also search for Cheryl Koch, a missing young woman, even though that search is not a formal paid assignment. The Rangers maintain a contact within the Brotherhood of Steel, giving them a connection to another organized armed force in the region. Their reputation depends on combining professional competence with the moral standards they claim distinguish them from less restrained hired guns.","capital_wasteland,military,merchant","Reilly's Rangers is a mercenary faction operating in the Capital Wasteland, based at the Ranger Compound near Seward Square. The group was founded by Reilly when she was twenty-six years old and has built a reputation as guns for hire who operate under a code of ethics and strive to help people. This moral stance has put them at odds with fellow mercenary group Talon Company, whom they view as lacking any such code. The Rangers have taken on contracts to map Washington, D.C.",common,"brotherhood of steel contact,ranger compound seward square,reilly founding age,super mutant extermination,talon company rivalry,washington mapping contract",faction,fallout3,capital_wasteland,2273,2277,https://fallout.wiki/wiki/Reilly%27s_Rangers,5632359,Source-grounded editorial rewrite.
slavers,"The Paradise Falls slavers represent one of the most enduring criminal enterprises in the Capital Wasteland, with roots stretching back to at least 2250 under Harmon Jurley, described by Herbert ""Daring"" Dashwood as a cannibalistic leader who ate unsold captives. The organization's reach has been extensive: they overran the military survivor settlement of Ridgefield (now Minefield), destroyed Rockopolis under Penelope Chase and sold its citizens to the Pitt, and have repeatedly targeted Big Town and Little Lamplight. Under Eulogy Jones, the operation has become commercially sophisticated—slavers receive commission-based pay, and Jones attempted to expand into Rivet City by pressuring former slaver Seagrave Holmes into acting as an envoy. Outposts like Ramsey's train tunnel near Fort Constantine serve as forward capture points. The trade faces growing resistance from an abolitionist movement, and slavers under Leroy Walker occupy the Lincoln Memorial specifically to prevent escaped slaves from establishing a foothold there.","capital_wasteland,historian,raider","The slavers are a faction operating out of Paradise Falls in the Capital Wasteland, with a long history of capturing wastelanders for profit. Under past leaders like Harmon Jurley and Penelope Chase, they overran settlements such as Rockopolis and sold its citizens to the Pitt. Currently led by Eulogy Jones, the slavers are paid on commission and traffic their captives either to local buyers or wealthier regions outside the Capital Wasteland. Small teams roam the wilderness hunting for slaves, while a growing abolitionist movement has begun to threaten their trade.",common,"abolitionist resistance movement,capital wasteland slave trade,eulogy jones leadership,harmon jurley history,leroy walker lincoln memorial,paradise falls slavers,pitt slave trafficking,rockopolis destruction",faction,fallout3,capital_wasteland,2250,2277,https://fallout.wiki/wiki/Slavers_(Fallout_3),5606393,
sudden_death_overtime,"Sudden-Death Overtime is a small Capital Wasteland mercenary gang whose identity is built around a badly distorted memory of pre-War ice hockey. Goalie Ledoux leads Centre Dubois, Winger Gervais, and Winger Mercier, with every member taking a hockey position as a title. They use terms such as face-off and crossing sticks in ordinary speech, call themselves an ice gang, and believe fighting was the sport's central purpose rather than scoring goals. Their culture shows how pre-War customs can survive for centuries as fragments stripped of their original context. The gang also has an interest in the experimental Nuka-Cola Clear formula, linking its mercenary work to valuable remnants of the old beverage industry. Their hockey obsession gives the group a memorable code and vocabulary, but it does not make them less willing to use violence for profit.","capital_wasteland,historian","Sudden-Death Overtime is a mercenary gang operating in the Capital Wasteland around 2277. The group is led by Goalie Ledoux and includes members Centre Dubois, Winger Gervais, and Winger Mercier. They are obsessed with the pre-War sport of ice hockey, though their understanding of it is deeply flawed, as they refer to themselves as an ice gang and believe the primary purpose of the sport was fighting rather than scoring goals. Ledoux and his crew use hockey terminology in their speech, referencing face-offs and crossing sticks.",common,"canadian hockey player names,capital wasteland mercenary gang,goalie ledoux mercenary,ice hockey cultural distortion,nuka cola clear formula,pre war sports misinterpretation,red racer factory,sudden death overtime",faction,fallout3,capital_wasteland,2277,2277,https://fallout.wiki/wiki/Sudden-Death_Overtime,5372365,
talon_company,"Talon Company operates as the largest mercenary force in the Capital Wasteland, distinguished by a flag depicting a large bird with a skull carrying away a crying baby. Their organizational structure includes dedicated artillery support teams—Alpha and Bravo—deployed to Seward Square and Takoma Park, giving them tactical firepower beyond typical wasteland raider groups. Critically, they serve an undisclosed benefactor whose explicit charge is keeping the Capital Wasteland lawless, raising questions about who benefits from sustained chaos. Their ruthlessness is well-attested: Reilly of Reilly's Rangers reports they annihilated an entire settlement a year or two prior. The company's equipment spans from police batons to laser rifles and missile launchers, suggesting access to military-grade supply chains. Following the Brotherhood of Steel's redeployment toward the Commonwealth, Talon Company seized and repaired abandoned vertibirds, demonstrating adaptive capability and expanding their operational profile significantly.","capital_wasteland,military,historian","Talon Company is the largest mercenary organization active in the Capital Wasteland, with operatives found throughout the region. They are hostile to most groups on sight and prioritize cash and loot above all else, hiring themselves out to anyone willing to pay. The group works for an unknown benefactor charged with keeping the Capital Wasteland a lawless place, and their ruthlessness is well documented-Reilly of Reilly's Rangers reports that they killed an entire settlement a year or two ago. Their headquarters displays a flag depicting a large bird with a skull carrying away a crying baby, and they maintain artillery support teams deployed in Seward Square and Takoma Park.",common,"artillery support teams,capital wasteland mercenary organization,fort bannister conflict,reilly rangers report,seward square deployment,talon company mercenaries,unknown benefactor lawlessness,vertibird hijacking",faction,fallout3,capital_wasteland,2275,2277,https://fallout.wiki/wiki/Talon_Company,5672365,
tenpenny_tower_security,"Tenpenny Tower Security functions as the armed enforcement arm of one of the Capital Wasteland's most exclusive residential communities. Hired by Mister Burke rather than Allistair Tenpenny directly, the security force occupies a curious position—serving the tower's interests while ultimately answering to Burke's agenda, which includes the destruction of Megaton. This arrangement reveals the layered power dynamics within Tenpenny Tower, where formal leadership and covert influence operate through different channels. The security personnel are widely regarded as little more than hired guns, yet their role is essential to maintaining the tower's function as an insulated enclave for wealthy wasteland residents. Their uniforms and delegated authority create a visible boundary between the tower's privileged interior and the chaos outside, embodying the settlement's core philosophy of exclusion and class-based separation from the surrounding wasteland.","capital_wasteland,historian","Tenpenny Tower Security is a group of mercenaries hired by Mister Burke to protect Tenpenny Tower, the upscale residential high-rise in the Capital Wasteland. They serve as the tower's armed enforcement, screening visitors and maintaining order within the settlement's walls. The security personnel are generally regarded as little more than hired guns, distinguished by their uniforms and the authority granted to them by the tower's leadership. Their presence ensures that the wealthy residents of Tenpenny Tower remain insulated from the dangers of the wasteland outside.",common,"allistair tenpenny settlement,capital wasteland private security,class based exclusion,mister burke hired guns,tenpenny tower security,tower power dynamics,upscale residential enforcement,wasteland enclave protection",faction,fallout3,capital_wasteland,2277,2277,https://fallout.wiki/wiki/Tenpenny_Tower_Security,5361095,
the_family,"The Family represents a unique social experiment in post-apocalyptic adaptation: Vance frames cannibalism not as moral failing but as evolutionary necessity, equating his followers with any wastelander who kills to survive. This ideological scaffolding borrows heavily from vampire mythology—nocturnal habits, blood consumption—to impose discipline on an impulse that otherwise manifests as uncontrolled murder, as exemplified by Ian West's killing of his own parents. The group's residence in Meresti Metro Station places them in the pre-war transit infrastructure repurposed as a lair, and their repeated raids on Arefu establish a parasitic relationship with the nearest settlement. Outsiders call for their ""extermination or reform,"" underscoring how the Family's existence challenges wasteland norms even among populations that have themselves normalized violence. The requirement that prospective members meditate in solitude before joining suggests Vance's awareness that commitment must be voluntary to be sustainable.","capital_wasteland,historian","The Family is a group of nocturnal cannibals who identify as vampires and dwell in Meresti Metro Station east of Arefu. Vance leads them, teaching members to restrain their hunger for human flesh and consume only blood, framing their cannibalism as a wasteland survival adaptation. Prospective members meditate in solitude before joining and must follow the group's rules. The Family repeatedly raids Arefu and recently captured Ian West, an Arefu resident overwhelmed by cannibalism after killing his parents.",common,"arefu raids,cannibalism as adaptation,meresti metro station,vampire identity,vance leadership,wasteland social outcasts",faction,fallout3,capital_wasteland,2277,,https://fallout.wiki/wiki/The_Family_(Fallout_3),5590950,Conservative chronology: present-day Fallout 3 developments begin 2277.
treeminders,"The Treeminders constitute one of the Capital Wasteland's most ideologically complex communities, built around a fundamental misreading of their deity. Harold—an FEV mutant who has endured decades of involuntary arboreal transformation—functions as a living ecological engine whose root system transformed a barren hillside into Oasis. Yet his worshippers systematically filter his direct requests through a theological lens, interpreting his pleas for death as divine riddles. This creates a three-way factional tension: Tree Father Birch seeks to contain Harold's growth to protect Oasis from external exploitation; Leaf Mother Laurel views accelerated growth as a miracle that could rebirth the wasteland in decades; and Harold himself, unheard by both, simply wants the torment to end. The Treeminders' rejection of technology as inherently violent reflects a broader post-war cultural current, though their pragmatic retention of firearms reveals the limits of that conviction. Their initiation ritual—drinking purifying sap—reinforces group cohesion while symbolically severing ties to the outside world.","capital_wasteland,historian,scientist","The Treeminders are a peaceful religious cult that inhabits and protects Oasis, a verdant vale in the northern Capital Wasteland, where they worship a being they call the Great One, the One Who Grows, the One Who Gives, and the One Who Guides. The Great One is in fact Harold, an FEV mutant who took root in the late 2250s after a tree grew from his head and consumed his body, and whose presence transformed the barren hillside into a lush haven of plant and animal life. The group was founded by a wanderer who took the name Tree Father Birch after he discovered Harold and resolved to protect him from exploitation by others who might seek to do him harm. The Treeminders follow a loose hierarchy led by the Tree Father and Leaf Mother, with branchtenders serving as guardians, bloomseers as healers and interpreters of premonitions, and saplings as the youngest members still learning the ways of Oasis.",common,"anti-technology ideology,birch containment faction,harold fev mutant,laurel growth faction,oasis ecology,religious misinterpretation",faction,fallout3,capital_wasteland,2257,,https://fallout.wiki/wiki/Treeminders,5594656,Harold took root in the late 2250s per source.
vault_101_security,"Vault 101 Security embodies the authoritarian control structure essential to Vault 101's long-term isolation experiment. As the sole inhabitants permitted to carry firearms—10mm Pistols—and police batons, the security force maintains a monopoly on lethal force within the vault's closed society. Their centralized office on the upper level reflects a deliberate organizational design placing enforcement physically above the general population. The standard kit of helmets, armor, utility jumpsuits, and Pip-Boy 3000s distinguishes officers visually from civilians, reinforcing hierarchy in a community where everyone shares the same confined living space. Officer Kendall's encounter with radroaches during a disturbance response illustrates the mundane yet dangerous nature of internal policing, where even pest control can escalate into life-threatening situations within the vault's sealed corridors. The security force's role becomes especially consequential during crises of governance, as their loyalty or hostility directly shapes any outsider's ability to navigate the vault's internal politics.","vault_dweller,capital_wasteland","Vault 101 Security is the law enforcement division of Vault 101, operating from a centralized office on the upper level. They are the only inhabitants permitted to carry 10mm Pistols and police batons, wearing helmets, armor, utility jumpsuits, and Pip-Boy 3000s. Officers like Kendall are known to patrol the vault and respond to disturbances such as radroach infestations.",common,"firearms monopoly,isolation experiment security,officer kendall,radroach response,upper level office,vault 101 law enforcement",faction,fallout3,capital_wasteland,,,https://fallout.wiki/wiki/Vault_101_Security,5575015,Vault 101 security operates throughout the vault's timeline; no specific present-day bounds established.
"alpha_team,1st Recon Alpha Team","The 1st Recon Alpha Team represents the NCR Army's specialized counterinsurgency effort against the Fiends, the chem-fueled raider coalition terrorizing the Mojave's southern reaches. Stationed at Camp McCarran for six months as of 2281, the team operates in two-person pairs—a structure that balances firepower with mutual accountability. Gorobets commands a roster including 10 of Spades and Betsy as one pairing, with Corporal Sterling and Sergeant Bitter-Root forming the other. This pairing system reflects 1st Recon's emphasis on sniper teamwork, where each duo must coordinate spotting and firing under extreme pressure. Camp McCarran's role as the NCR's primary Mojave military hub places Alpha Team at the operational center of the republic's struggle to secure the Vegas outskirts from Fiend aggression, a campaign that stretches NCR resources thin across multiple fronts.","ncr,military,mojave","The Alpha Team, also known as the 1st Recon Alpha Team, is a division of the New California Republic Army stationed at Camp McCarran. For six months, they have been fighting against the Fiends who have committed acts of violence in the surrounding area. The team is led by Gorobets and includes members such as 10 of Spades, Betsy, Corporal Sterling, and Sergeant Bitter-Root.",common,"1st recon alpha team,camp mccarran station,fiend counterinsurgency,gorobets command,ncr mojave military,sniper pair structure",faction,fnv,mojave,2281,,https://fallout.wiki/wiki/Alpha_Team,5398660,Six-month deployment as of 2281 per source.
boomers,"The Boomers' origins trace directly to Vault 34, where overcrowding and an overseer's refusal to open the armory sparked an armed uprising. The escapees' raid on the armory inadvertently damaged the vault's reactor, forcing them into the wasteland. Using Geiger counters, they confirmed radiation at the bombed Nellis Air Force Base had fallen to safe levels and settled there over fifty years ago. Their ideology, articulated by Master-At-Arms Raquel, holds that ""personal armament is the foundation of social trust and responsibility,"" elevating weaponry from mere tool to civic principle. The tribe's social structure is remarkably complete for its size: a schoolhouse educating ""Mini Boomers"" using the Patriot's Cookbook, a museum curated by the ""Keeper of the Story,"" greenhouses growing grains and soy, a biodiesel refinery converting excess maize, and solar arrays maintained by Loyal. Their eschatological faith prophesies a new war consuming the outside world, after which the Boomers will ascend aboard the recovered B-29 ""Lady in the Water"" to rain ordnance upon ""ignorant savages."" Major Jean Boulanger independently attempted to accelerate this prophecy by arming communities across the American West. The Boomers' missile inventory suffices for approximately five years, and VR flight simulators have already trained members to pilot the bomber.","mojave,vault_dweller,historian,military","The Boomers are an isolationist tribe living at Nellis Air Force Base, descended from Vault 34 dwellers who rebelled against their overseer and escaped with the vault's armory. They earned their nickname from outsiders due to their reverence for explosives, which forms the foundation of their culture and ideology. Led by Mother Pearl and a council of elders including Master-At-Arms Raquel, the Boomers maintain a self-sufficient community with schools, a museum, greenhouses, and solar power. They are deeply paranoid and hostile to outsiders, using artillery and spotters to guard their perimeter, and forbid their own members from leaving Nellis.",common,"artillery perimeter defense,b-29 lady in water,biodiesel refinery,boomer prophecy,isolationist tribe culture,nellis air force base,personal armament ideology,vault 34 exodus",faction,fnv,mojave,,,https://fallout.wiki/wiki/Boomers,5669598,Chronology: Vault 34 exodus and Nellis settlement occurred approximately 50+ years before 2281. Present-day developments set in 2281.
bright_brotherhood,"The Bright Brotherhood represents a unique synthesis of ghoul survivalism and religious millenarianism in the Mojave. Jason Bright, a Glowing One who never turned feral, built a following around worship of ""The Creator"" and a prophesied ""Great Journey"" to a promised land beyond earth. The cult's base at the REPCONN Test Site west of Novac reflects pragmatic adaptation: they repurpose pre-war aerospace infrastructure, bringing REPCONN rockets back to code for orbital launch. Their vestments resemble those of a tribe in final preparation stages, blending religious ritual with technical endeavor. The Brotherhood's relationship with outsiders is shaped by ghoul bigotry; human settlements attack ferals on sight, and the Brotherhood keeps its feral brethren contained. Chris Haversam, the sole human member, fully believes himself a ghoul despite followers' attempts to convince him otherwise. Jason Bright interpreted the arrival of both Haversam and the Courier as the Creator's will, sending two humans to ""expiate the sins of bigoted humans."" Haversam was made a saint but was not permitted aboard the rockets. The nightkin invasion, driven by a belief that the ghouls hoard Stealth Boys, further underscores how multiple post-war factions compete for the same pre-war resources.","ghoul,mojave,followers,scientist","The Bright Brotherhood is a religious cult of ghouls based in the REPCONN Test Site west of Novac. Led by the prophetic Glowing One Jason Bright, the group worships a figure known as The Creator and seeks to escape the bigotry of humans by embarking on a ""Great Journey"" to a promised land using repaired REPCONN rockets. Their ranks also include a single human named Chris Haversam, who fully believes himself to be a ghoul. The Brotherhood is currently hindered by a nightkin invasion in their facility, as the super mutants are convinced the ghouls are hoarding a shipment of Stealth Boys.",common,"chris haversam delusion,creator worship,feral ghoul containment,ghoul religious cult,great journey pilgrimage,jason bright prophecy,nightkin stealth boy conflict,repconn rocket launch",faction,fnv,mojave,,,https://fallout.wiki/wiki/Bright_Brotherhood,5593558,Present-day developments set in 2281.
"caesars_legion,Caesar's Legion","Caesar's Legion emerged from Edward Sallow's anthropological training under the Followers of the Apocalypse and his capture by the Blackfoot tribe circa 2246. Recognizing the Blackfoots were outnumbered in a seven-tribe war, Sapply applied military knowledge from old books to organize their victory, then systematically erased tribal identities through burned tattoos, broken families, and forced interbreeding. This process, repeated across 87 conquered tribes, produced a monolithic culture modeled on Imperial Rome. Sallow's ideological framework draws explicitly from Hegelian dialectics: the NCR (thesis) and Legion (antithesis) must clash to produce a synthesis eliminating both systems' flaws, mirroring the Roman Republic's transformation into Empire. The Legion forbids chems, alcohol, and painkillers, remaining largely ignorant of medical science. Women function as breeding stock; homosexuality is punishable by death. Trade within Legion territory is notably safer than under NCR control, as Legion suppression of raiders eliminates the need for caravan guards. Dale Barton reports lower costs without taxes or protection fees. Cass of Cassidy Caravans admits caravan life would be easier under Legion road control. The Legion's long-term vulnerability is leadership succession: without Caesar, figures including Mr. House, Marcus, and Joshua Graham predict collapse into in-fighting.","legion,historian,ncr,great_khan","Caesar's Legion is a large slaving empire founded in 2247 by Edward Sallow, also known as Caesar, and Joshua Graham, the Malpais Legate. Modeled after ancient Rome, the Legion erases tribal identities to forge a unified warrior culture that controls Arizona, New Mexico, and parts of Utah and Colorado. By 2281, the Legion has expanded into the Mojave Wasteland, establishing a base at Fortification Hill and clashing with the New California Republic over Hoover Dam. The Legion forbids chems and alcohol, treats women as breeding stock, and punishes homosexuality with death, while its citizens believe Caesar rules by divine right as the son of Mars.",common,"87 conquered tribes,blackfoot tribe founding,hegelian dialectics ideology,joshua graham punishment,legion slavery economy,legion succession crisis,pax romana concept,tribal identity erasure",faction,fnv,mojave,2247,,https://fallout.wiki/wiki/Caesar%27s_Legion,5593084,Founded 2247. Present-day developments set in 2281. Post-Caesar events reference 2296 from TV series continuity.
cassidy_caravans,"Cassidy Caravans illustrates the precarious economics of independent trade in the Mojave Wasteland. Founded by Rose of Sharon Cassidy after she recognized her nomadic wanderings between settlements could be monetized, the company grew from solo deliveries to a small but competitive outfit. Its success in securing consistent trade with NCR core customers made it a genuine threat to the Crimson Caravan, the region's dominant commercial force. The 2281 destruction of Cassidy Caravans exemplifies the brutal consolidation tactics employed by larger caravan companies: Alice McLafferty, manager of Crimson Caravan's New Vegas branch, contracted the Van Graffs to covertly attack the caravan while staging evidence to implicate the Brotherhood of Steel. This convergence of commercial rivalry and factional violence reflects broader Mojave instability, where trade routes are contested by raiders, Legion patrols, and corporate interests alike. Cass's absence during the attack—she was stranded at the Mojave Outpost clearing paperwork—left the company's assets disintegrated and its cargo destroyed. McLafferty's subsequent plan to purchase the remnants reveals how larger outfits absorb competitors not merely through market competition but through coordinated sabotage and acquisition.","merchant,caravaner,mojave,ncr","Cassidy Caravans is a small caravan company founded and owned by Rose of Sharon Cassidy, commonly known as Cass, in the Mojave Wasteland. Despite its modest size, the company became a notable competitor to larger outfits like the Crimson Caravan by securing consistent trade with core customers such as the New California Republic. Cass established the business after realizing her nomadic wanderings between settlements could be turned profitable, eventually hiring additional staff to handle deliveries along her routes. The company persisted through the brutal caravan conflicts that plagued the Mojave, but in 2281 a covert attack staged by the Van Graffs in collusion with Crimson Caravan manager Alice McLafferty destroyed the caravan and its cargo, leaving Cassidy Caravans with little to its name and Cass stranded at the Mojave Outpost trying to clear her papers.",common,"alice mclafferty conspiracy,brotherhood false flag,cass caravan destruction,corporate consolidation tactics,crimson caravan rivalry,independent trade economics,mojave caravan conflicts,van graff sabotage",faction,fnv,mojave,,2281,https://fallout.wiki/wiki/Cassidy_Caravans,5574666,Caravan destruction occurred in 2281. Founding date unspecified.
"chairmen,Mojave Boot-Riders","The Chairmen's transformation from Mojave Boot-Riders to Strip casino operators represents Mr. House's earliest success in his project to rebuild New Vegas. As the first of the Three Families established, their cultural identity draws heavily on pre-War Rat Pack aesthetics and Ocean's 11-era swagger, reflecting House's deliberate curation of nostalgia as civic branding. The tribe's initial encounter with House's emissary—a single Securitron destroyed in under a minute—demonstrates their martial competence, but the subsequent deployment of twenty Securitrons the following day established the asymmetry of power that defined all subsequent negotiations. Benny's lethal duel with Bingo over leadership and the House alliance mirrors a pattern of internal regime change facilitating external incorporation. For seven years the Chairmen operated The Tops with relative autonomy, their weekly contact with House reduced to Securitron profit collection. House's intention to elevate Benny as protégé collapsed with the Platinum Chip theft, destabilizing the faction's relationship with its employer and exposing the fragility of House's patronage model.","mojave,historian","The Chairmen are one of the Three Families that operate casinos on the New Vegas Strip under the employ of Mr. House. Originally a nomadic warrior tribe called the Mojave Boot-Riders, they accepted House's offer to come to Vegas after their leader Bingo was killed in a duel by Benny, who supported the arrangement. Upon arriving, the tribe was given control of The Tops casino and renamed the Chairmen.",common,"mojave boot riders tribe,mr house protégé benny,platinum chip theft,rat pack cultural aesthetic,securitron first contact,three families strip,tops casino operations",faction,fnv,mojave,2274,2281,https://fallout.wiki/wiki/Chairmen,5595719,Seven-year operation period counted backward from 2281 yields approximate establishment c. 2274.
dead_horses,"The Dead Horses' origins as descendants of refugees from Res, east of the Grand Canyon, place them within a broader pattern of post-War tribal formation in the American Southwest, where isolated survivor communities developed hybrid cultures from pre-War linguistic and material remnants. Their language, combining their ancestral tongue with that of travelers present during the Great War, reflects this synthesis; behind-the-scenes sources identify its components as German, English, and Navajo. The tribe's taboo against pre-War sites—marked with white hand prints—constitutes a form of cultural self-regulation preserving both spiritual boundaries and practical safety. Joshua Graham's two visits define their modern military trajectory: first as Caesar's Legate, when he instructed them in firearms, tactics, and equipment maintenance; second as the exiled Burned Man, when he requested their aid against the White Legs, who had been tasked by Caesar with destroying New Canaan as a Legion initiation rite. Their War Clubs, decorated with .45 caliber shell casings, signify reverence for Graham's teachings rather than mere ornamentation. Their ecological restraint in bighorner hunting demonstrates sustainable resource governance rare among wasteland tribes.","historian,tribal,legion","The Dead Horses are a tribe living in Zion Canyon, descended from refugees from Res, east of the Grand Canyon. They speak a language combining their own with that of travelers present during the Great War. They reside at Dead Horse Point and consider pre-War areas taboo, marked with white hand prints. The tribe hunts bighorners for food, commemorating hunts and special occasions with tattoos, while being mindful of the environment.",common,"bighorner hunting tattoos,german english navajo language,joshua graham instruction,refugees from res,war club shell casings,white hand print taboo,zion canyon tribe",faction,fnv,zion_canyon,,2281,https://fallout.wiki/wiki/Dead_Horses,5590141,"Tribal origins predate documented chronology; Graham's first visit occurred during his Legion tenure, second after his exile."
enclave_remnants,"The Enclave Remnants embody the post-Navarro diaspora of West Coast Enclave personnel following the Oil Rig's destruction and the NCR's subsequent offensive against Camp Navarro. Unlike those who traveled east to Raven Rock, these veterans attempted civilian integration under persistent threat from bounty hunters, NCR forces, and Brotherhood of Steel patrols. Their hidden bunker—a former refueling station—served as a secure repository for Enclave equipment, accessible only via a passphrase assembled from individual members' contributions. Judah Kreger's role as former commanding officer evolved into a social rather than military function; he maintained group cohesion through nostalgia rather than authority, recalling that Enclave service had given them purpose centered on 'civilizing things.' The group's composition reveals the Enclave's operational diversity: Johnson and Moreno as troopers, Daisy Whitman as Vertibird pilot, Cannibal Johnson as squad marksman, Orion Moreno handling heavy weapons, and Doctor Henry as scientist who departed before major conflict due to ideological disagreement with leadership. The average NCR citizen's perception—'murderin' fascists'—contrasts with the Remnants' self-image as disciplined professionals seeking purpose.","enclave,ncr,historian","The Enclave Remnants are scattered veterans of the West Coast Enclave living in the Mojave Wasteland. After the destruction of the Poseidon Energy Oil Rig, some Enclave members retreated to Camp Navarro, but a New California Republic offensive forced them to flee and attempt to integrate into society while avoiding bounty hunters, NCR forces, and the Brotherhood of Steel. The surviving members eventually settled in and around the Mojave, stashing their old equipment in a hidden bunker that once served as a refueling station. Their former commanding officer, Judah Kreger, maintained the group's connection over the years, though he no longer issues orders.",common,"bunker passphrase assembly,camp navarro offensive,doctor henry scientist departure,hidden refueling bunker,judah kreger command,ncr citizen perception,west coast enclave diaspora",faction,fnv,mojave,,2281,https://fallout.wiki/wiki/Enclave_Remnants,5590800,Navarro offensive post-dates Oil Rig destruction; exact Mojave settlement date unspecified.
fiends,"The Fiends represent a pathological extreme of wasteland raider culture, distinguished by their universal chem addiction and the territorial dominance they achieved after massacring Vault 3's inhabitants and claiming the facility as headquarters. Their expansion across the southwestern New Vegas conurbation created a security crisis that the NCR could contain only through defensive lines, lacking resources for offensive operations—a limitation that bounties on Motor-Runner, Violet, Cook-Cook, and Driver Nephi only partially addressed. The Fiends' relationship with the Great Khans is purely transactional: the Khans supply chems, and the Fiends refrain from attacking them, creating a narco-supply chain that sustains both groups. Caesar's Legion views the Fiends with contempt for their drug dependence, killing them when convenient, yet Fiends avoid attacking Legion-marked caravans, suggesting an asymmetric tolerance. The Omertas' frustration—that Fiends compromise secret gun shipments and kidnap locals—positions the raider gang as a destabilizing force even within the criminal economy of New Vegas. Cook-Cook's purchase of slaves from Saint James and Dermot further illustrates the Fiends' integration into broader trafficking networks.","ncr,raider,mojave","The Fiends are a raider gang composed entirely of chem addicts operating in the Mojave Wasteland around New Vegas. After killing the inhabitants of Vault 3, they claimed the facility as their base and grew strong enough to control a large part of the southwestern New Vegas conurbation. The group is led by Motor-Runner, Violet, Cook-Cook, and Driver Nephi, and they attack anyone on sight except the Great Khans, who supply them with chems. The NCR seeks to eliminate the Fiends but is limited to holding defensive lines, while Caesar's Legion views their drug dependence with contempt and the Omertas consider them bad for business due to their theft of weapon shipments and kidnapping of locals.",common,"caesar legion contempt drugs,chem addiction raider culture,cook cook slave trafficking,great khan chem supply,ncr defensive line limitation,omertas gun shipment theft,vault 3 massacre headquarters",faction,fnv,mojave,,2281,https://fallout.wiki/wiki/Fiends,5664515,Vault 3 takeover date unspecified; Fiend activity documented through 2281.
"followers_of_the_apocalypse,Followers","The Followers of the Apocalypse trace their origins to former vault dwellers and wastelanders living near the Glow—the irradiated ruins of San Diego—before a spreading sickness forced a migration north. Nicole, who lost her parents during that journey, framed the organization's founding as a direct response to generational violence: ""it was time the killing stopped."" The group's anti-authoritarian character, ranging from anarcho-syndicalists to socialists to communists in composition, leaves it with weak hierarchy and no unified direction—a structural vulnerability that allowed Edward Sallow, later Caesar, to weaponize Followers education into the ideological foundation of the Legion. The NCR government ceased formal cooperation with the Followers, and average NCR citizens view them as unpatriotic for aiding ""savages"" abroad while domestic needs go unmet. In the Mojave, Julie Farkas administers a regional hub at the Old Mormon Fort, where researchers pursue alternative medicines from desert flora, evaluate HELIOS One technology, and assist communities like Westside with desert agriculture—all funded through charitable donations, routine medical fees, and trade with neighboring groups.","followers,historian,ncr,mojave,doctor,scientist","The Followers of the Apocalypse, often called simply the Followers, are a humanitarian organization founded by former vault dwellers and others who originally lived near the Glow in San Diego. Led by Nicole, who lost her parents during the group's migration north, the Followers were established on the principle of ending cycles of violence by sharing knowledge and resources freely. They are not a religious group but are guided by a set of ideals centered on education, medicine, and research, with the aim of rebuilding civilization to its pre-War state. By 2280, the Followers maintained outposts in every major city within the New California Republic, with their headquarters at the Boneyard Library, and a regional hub at the Old Mormon Fort in the Mojave Wasteland under administrator Julie Farkas.",common,"anti-authoritarian structure,boneyard library headquarters,caesar ideological origin,desert flora medicine,glow migration origin,julie farkas administration,ncr political estrangement,old mormon fort",faction,fnv,mojave,2155,2281,https://fallout.wiki/wiki/Followers_of_the_Apocalypse,5661660,"Chronology is approximate; the founding date is not specified in the source extract, but the Glow migration predates the NCR's establishment. The 2280 reference for NCR-wide outposts is preserved."
great_khans,"The Great Khans descend from the New Khans of California, a tribe nearly destroyed before reorganizing under Papa Khan's leadership and migrating east into the Mojave Wasteland approximately fourteen years before the Second Battle of Hoover Dam. Their settlement at Bitter Springs doubled as a raiding base against NCR caravans, towns, and camps, until NCR forces tracked them home and a miscommunication in orders produced the Bitter Springs Massacre—killing non-combatants who attempted to flee. The survivors resettled in Red Rock Canyon, an inhospitable location lacking adequate food and water, and leveraged basic chemistry skills learned from the Followers of the Apocalypse to build a profitable chem trade. They supply the Fiends and Westside residents, maintaining a wary distance from Jacobstown. Papa Khan's pursuit of a Legion alliance—exchanging promises of land, wealth, and NCR revenge for military support—rests on deliberate deception: the Legion emissary promises Khan advisers positions of power while the Legion actually intends to absorb the tribe after exploiting them against the NCR.","great_khan,ncr,legion,mojave,historian","The Great Khans are a raider tribe based in Red Rock Canyon in the Mojave Wasteland. Descended from the New Khans of California, the tribe migrated east under Papa Khan and clashed with the New California Republic, culminating in the Bitter Springs Massacre. The surviving Khans resettled in Red Rock Canyon, where they sustain themselves through chem production and trafficking, trading with nearby Fiends and Westside residents. Papa Khan seeks an alliance with Caesar's Legion to oppose the NCR and restore the tribe's glory, though the Legion intends to absorb the Khans after using them.",common,"bitter springs massacre,chem production trade,fiends drug trafficking,followers chemistry education,legion alliance deception,new khans california origin,papa khan leadership,red rock canyon settlement",faction,fnv,mojave,2267,2281,https://fallout.wiki/wiki/Great_Khans,5594247,The 14-year figure before the Second Battle of Hoover Dam (2281) places the Khan exodus around 2267. The 2296 television series content is excluded as out-of-scope game content.
"the_kings,Kings of Freeside","The Kings emerged from the King's School of Impersonation, an institution whose original purpose—emulating a specific individual whose identity has been lost to post-War cultural erosion—became the gang's entire identity. The King, Freeside's most powerful figure, transformed the school's mimicry into a governing philosophy: ""every man is a king in his own right,"" with no authority entitled to trample individual freedom. This ideological stance distinguishes the Kings from typical raider gangs, as they seek to defend rather than exploit. Their partnership with the Followers of the Apocalypse is practical as well as ideological: the Kings operate the water pump installed by Bill Ronte, making them indispensable to Freeside's survival. The gang's cultural foundation draws from Elvis Presley's profound impact on Las Vegas through his extended concert residency and films like Viva Las Vegas, though the Kings themselves no longer know the name behind the impersonation. Rising NCR citizen migration into Freeside has strained the gang's independence ethos, creating friction between local sovereignty and demographic displacement.","mojave,ncr,historian","The Kings are a gang operating in Freeside, the area outside the New Vegas Strip gates, sometimes called the Kings of Freeside by NCR citizens. They follow The King, the most powerful individual in Freeside, and copy the mannerisms and looks of the individual the King's School of Impersonation was founded to emulate. The gang works alongside the Followers of the Apocalypse to keep Freeside peaceful and independent, defending the area against squatters and thugs while running the water pump installed by Bill Ronte of the Followers. The Kings believe that every man is free to follow his own path and that no one has the right to trample on the freedoms of others, though tensions have risen as New California Republic citizens move into the area, causing conflict with locals.",common,"bill ronte installation,elvis cultural origin,followers partnership,freeside independence defense,freeside water pump,individual freedom philosophy,kings school of impersonation,ncr migration tension",faction,fnv,mojave,,2281,https://fallout.wiki/wiki/Kings,5593746,The founding date of the Kings is not specified in the source extract; chronological bounds are left open for the pre-history period.
mojave_express,"The Mojave Express is part of the courier infrastructure that grew alongside the New California Republic's eastward expansion, carrying letters and packages across the enormous distances of the American Southwest. The company hires couriers through an office in the Hub, the NCR's commercial center, while its Primm office serves operations in the Mojave. Dropboxes in Goodsprings, Novac, Freeside, and the New Vegas Strip allow shipments to pass between established stops without requiring every sender to cross the entire region. By 2280, the company's service had not extended as far as New Reno, showing how unevenly post-War trade networks developed. Records concerning individual couriers and sensitive deliveries are incomplete, which is unsurprising for a business whose employees cross dangerous territory independently and may carry confidential packages for distant clients.","caravaner,ncr,mojave,courier,merchant","The Mojave Express is a delivery company that emerged alongside the NCR's eastward expansion, carrying letters and packages across the vast distances of the American Southwest. It maintains offices in The Hub, where couriers are hired, and in Primm within the Mojave Wasteland. The company operates dropboxes at several locations throughout the Mojave, including Goodsprings, Novac, Freeside, and the New Vegas Strip, allowing for the transfer of items between distant points. By 2280, the Mojave Express had not yet extended its reach as far as New Reno.",common,"american southwest routes,courier logistics infrastructure,dropbox network,hub hiring office,ncr eastward expansion,new reno absence,platinum chip delivery,primm mojave outpost",faction,fnv,mojave,,2281,https://fallout.wiki/wiki/Mojave_Express,5558961,"The founding date of the Mojave Express is not specified; it emerged with the NCR's eastward expansion, which is not precisely dated in the source extract."
"new_california_republic,NCR","The New California Republic traces its origins to 2142, when Vault dwellers founded Shady Sands. Aradesh served as the first president, followed by his daughter Tandi, who was chosen by the council and served for 52 years. The Republic was formally created in 2198, the same year Shady Sands was established as the capital and five states—Shady, Los Angeles, Maxson, the Hub, and Dayglow—were combined by vote. By 2241, the NCR had become the largest economic and political power in California. The nation's government includes a Hall of Congress, a senate of elected senators charged with approving military honors and troop deployments, and a council that guides the president's decisions. Citizenship is open to humans and mutants through a provisional training process, and those in NCR territory must register and pay taxes. The NCR dollar, printed by the Republic Reserve Bank in Angel's Boneyard, circulates in $5, $20, and $100 denominations, valued at half the equivalent of caps. Brahmin Barons and the Stockmen's Association wield outsized economic influence through bribery of politicians.","historian,ncr,caravaner","The New California Republic, often abbreviated as the NCR, is a large democratic nation spanning portions of the American southwest. Founded by Vault dwellers who established the settlement of Shady Sands, the republic grew to encompass five states and a population of over 700,000 citizens. Dedicated to the rule of law, the nation outlaws practices like slavery and maintains a standing army, currency, and court system. Under the leadership of President Aaron Kimball, the NCR continues to expand its influence into the Mojave Wasteland, though some tribes know them as the Sunset People.",common,"brahmin baron influence,ncr citizenship process,ncr dollar currency,ncr founding history,ncr senate government,shady sands capital,tandi presidency",faction,fnv,mojave,2142,2281,https://fallout.wiki/wiki/New_California_Republic,5594226,Chronology drawn from Vault 4 chalkboard timeline and source text.
omertas,"Before Mr. House transformed them into one of the Three Families of the New Vegas Strip, the Omertas were the Slither Kin—a nomadic tribe that lured travelers into camp, drugged them, and murdered or enslaved them. Mr. House found their viciousness appealing because it reminded him of pre-War Las Vegas criminal elements. The Omertas operate Gomorrah as a center for scams, extortion, and prostitution, keeping workers dependent through chem addiction: new employees receive free chems, then are charged for each fix while the Omertas take a cut of their earnings. The Omertas avoid dealings with the NCR despite NCR troopers and citizens being their best customers, fearing that NCR laws and taxation would hinder their operations. The Omertas, along with the other future Three Families, fought a war with the Great Khans, driving them from Las Vegas to Bitter Springs. Their arsenal includes combat knives, .44 Magnum revolvers, 9mm and 10mm submachine guns, and sawed-off and riot shotguns.","legion,wastelander","The Omertas are one of the Three Families of the New Vegas Strip, running the Gomorrah casino under the leadership of Nero and his right-hand man Big Sal, with underboss Cachino handling lesser tasks. Before Mr. House recruited them, they were the Slither Kin, a nomadic tribe that lured travelers into camp, drugged them, and murdered or enslaved them. The Omertas run scams, extortion, and prostitution from Gomorrah, keeping workers dependent through chem addiction and ruthlessly pursuing unpaid debts.",common,"gomorrah casino operations,omertas arsenal weapons,omertas chem dependency,omertas legion alliance,slither kin tribe,three families war",faction,fnv,mojave,,2281,https://fallout.wiki/wiki/Omertas,5593701,Pre-House tribal history has no firm date; present-day Strip operations set in 2281.
"powder_gangers,Powder Gangsters","The Powder Gangers originated from a prison break at the NCR Correctional Facility, formerly the Jean Conservancy—a low-security all-female prison commandeered by the NCR to house inmates on a work-release program. Prisoners were tasked with maintaining a railroad along the Long 15, keeping the vital link between the Boneyard and New Vegas functional. As the war with Caesar's Legion escalated, prison guards were redeployed to the Colorado River against the warden's objections, creating the opportunity inmates seized. Under Samuel Cooke's leadership, a small group gathered weapons and explosives, overwhelmed the guards, killed the warden, and established their own rule. The population then dispersed: some followed Cooke to Vault 19, others stayed with Eddie at the facility, and still others occupied camps along I-15. The revolt shut down Highway 93 and the NCR's main road to Vegas. The Powder Gangers also stole Sloan's dynamite supply, shutting down Quarry Junction. The Brotherhood of Steel dispatched scouts to observe the NCRCF and the NCR's response.","powder_ganger,ncr,brotherhood","The Powder Gangers, sometimes called Powder Gangsters, are a gang of escaped prisoners operating in the Mojave Wasteland. They originated from a prison break at the NCR Correctional Facility, where inmates were previously forced to maintain a railroad under military supervision. Led by Samuel Cooke, the prisoners overwhelmed the guards and dispersed into various groups, with some taking over the facility under Eddie and others joining Cooke in Vault 19. Known for their heavy use of dynamite, they have disrupted local infrastructure by shutting down Highway 93 and Quarry Junction.",common,"highway 93 shutdown,jean conservancy prison,ncr correctional facility,ncrcf guard redeployment,powder gangers dynamite,railroad labor program,samuel cooke prison break",faction,fnv,mojave,2281,2281,https://fallout.wiki/wiki/Powder_Gangers,5673472,"Prison break occurs during present-day FNV events, conservatively set in 2281."
sorrows,"The Sorrows' origins are unique among Mojave tribes: the original members were a group of literate, English-speaking children who escaped a place known only as The School, where they frightened each other with tales of The Principal. Less than a year after arriving in the Narrows of Zion Canyon, notes and gifts began appearing—first story books, then medical texts and weapon manuals—all signed by the Father. The notes offered practical survival advice and spiritual guidance, telling the children that Zion was the Father's gift, an apology for the sorrows of their lives and the Great War. Eventually the gifts ceased, and a final note assured each member that their kind natures had pleased the Father, who would step back but keep silent vigil. The Sorrows syncretized Daniel's Mormon teachings with their own beliefs, mapping the Father to God, Sylvie to Mary, and Michael to Jesus Christ—unaware that Daniel failed to communicate his message clearly. Their funerary rites place the dead on raised wooden structures covered in branches, with grave goods including clay pots and Bighorner and Gecko hides.","tribal,historian","The Sorrows are a peaceful tribe living in Zion Canyon, known for their hunting and fishing-based culture rather than a warrior tradition. Their signature weapon is the Yao Guai Gauntlet, crafted during a rite of passage where young members hunt and kill a Yao Guai. The Sorrows worship a spirit known as the Father in the Cave, who provided gifts and guidance to the original Sorrows, a group of children who escaped a place called The School. Their shaman White Bird oversees religious rites, and the tribe believes that when they die, the river carries their water to the next life to be with the Father.",common,"father in the cave,sorrows burial mounds,sorrows children origins,sorrows funerary rites,sorrows mormon syncretism,the school escape,zion canyon tribe",culture,fnv,mojave,,2281,https://fallout.wiki/wiki/Sorrows,5451377,Original Sorrows origins are pre-war or early post-war with no firm date; present-day events set in 2281.
state_of_utobitha,"Black Mountain's transformation into the State of Utobitha reflects the broader diaspora of Super Mutants following the Master's defeat. The mountain sat unoccupied for over a century after the Great War due to a direct nuclear strike that destroyed most radar arrays and left the area dangerously irradiated, deterring scavengers who could only risk brief exposure. First-generation Super Mutants from the west, led by Marcus of Broken Hills, eventually reached the site and invested considerable effort repairing array equipment. The fragile community collapsed under demographic pressure when Nightkin and second-generation Super Mutants arrived in numbers Marcus could not manage. His departure with most first-generation mutants—leaving only Neil behind—deprived Utobitha of steady leadership. Tabitha's radio propaganda, broadcasting kill orders against humans and styling herself supreme commander, replaced Marcus's governance. The faction's military capacity remains formidable, with inhabitants maintaining missile launchers, miniguns, and incinerators, yet their inability to service the communications outpost without Raul Tejada's imprisoned mechanical skills exposes a critical dependency on the very humans they hunt.","super_mutant,mojave,historian","The State of Utobitha is a faction of Super Mutants and Nightkin occupying Black Mountain in the Mojave Wasteland, founded and ruled by the Nightkin Tabitha, who styles herself supreme commander. Black Mountain was originally settled peacefully by first generation Super Mutants led by Marcus, but an influx of Nightkin and second generation Super Mutants drove Marcus and his followers away to found Jacobstown, leaving Tabitha in control. Tabitha broadcasts propaganda and orders to kill humans on sight over Black Mountain Radio, describing Utobitha as a utopian society for mutants, though Nightkin receive preferential treatment. The inhabitants are hostile to outsiders, wary of the NCR and Caesar's Legion, and maintain their weapons and scrap-built shelters, though they struggle to keep the communications outpost running without outside mechanical help.",common,"black mountain history,irradiated radar arrays,marcus jacobstown founding,nightkin preferential treatment,post-master super mutants,raul tejada imprisonment,super mutant diaspora,tabitha propaganda radio",faction,fnv,mojave,2277,,https://fallout.wiki/wiki/State_of_Utobitha,5624620,
the_misfits,"The Misfits embody the strain that mass mobilization placed on NCR military quality during its Mojave expansion. Assigned to 9th Platoon at Camp Golf, the squad's members reflect divergent socioeconomic pressures driving enlistment rather than patriotic commitment. Mags, denied entry into the elite Ranger corps, settled for regular army service as a consolation. O'Hanrahan's enlistment stemmed from agricultural failure—bad harvests left his family unable to feed three children, making military rations a survival mechanism for the eldest son. Poindexter sought veteran benefits while deliberately avoiding combat risk through mediocrity. Razz chose NCR service over death at the hands of the Fiends, converting existential threat into coerced loyalty. Sergeant McCredie's frustration with their indiscipline is tempered by residual faith in Mags as an informal leader. The squad's potential role in repelling the Legion assault during the Second Battle of Hoover Dam hinges on whether effective leadership can transform reluctant conscripts into a functional unit, or whether their fractures will lead to desertion and court-martial.","ncr,military,historian","The Misfits are a small squad of New California Republic Army troopers assigned to 9th Platoon at Camp Golf in 2281. Their commanding officer, Sergeant McCredie, is frustrated by their poor discipline, work ethic, and camaraderie, though he retains some faith in the squad's informal leader, Mags. Each member of the Misfits serves with ulterior motives or under duress rather than genuine dedication. Mags originally sought to become an NCR Ranger but was unable to do so and settled for the regular army.",common,"camp golf 9th platoon,coerced military enlistment,mags ranger rejection,ncr army discipline,o'hanrahan harvest failure,poindexter benefit seeking,razz fiend survival,second battle hoover dam",faction,fnv,mojave,2281,2281,https://fallout.wiki/wiki/The_Misfits,5591149,
van_graffs,"The Van Graffs' trajectory from regional merchants to a sprawling crime family illustrates the evolving power dynamics between independent merchant houses and the expanding NCR. Founded in Redding by a matriarch who leveraged loyalty and ruthlessness across ten children—each managing a critical branch of the empire—the family initially confronted the Republic directly, using mercenary armies to skirmish before paying off authorities when defeat loomed. As the NCR matured into a nation state capable of fielding forces dwarfing any private army, the Van Graffs pivoted to indirect strategies: expanding into New Reno to contest Wright family control and entering the Mojave market via the Silver Rush in Freeside. Gloria Van Graff's dual-layered scheme—simultaneously trapping Legion representatives for the NCR Army while covertly allying with Alice McLafferty's Crimson Caravan to sabotage competitors like Cassidy Caravans and the Gun Runners—represents the family's adaptation: converting former adversaries into clients and using state contracts to legitimize operations their matriarch might otherwise have opposed.","merchant,ncr,historian","The Van Graffs are a prominent merchant house and crime family operating out of Redding, dealing primarily in energy weapons and high-value commodities. Founded by a ruthless matriarch who relies on her ten children to manage her mercantile empire, the family has a long history of clashing with the New California Republic. By 2281, they have expanded into the Mojave Wasteland, taking over the Silver Rush casino in Freeside under the management of Gloria Van Graff. To secure a lucrative defense contract with the NCR, Gloria orchestrates a trap against Caesar's Legion while simultaneously forming a covert alliance with the Crimson Caravan to undercut local competitors.",common,"brotherhood helios one,crimson caravan alliance,energy weapons trade,gloria van graff ncr deal,matriarch ten children,new reno wrights competition,silver rush freeside,van graff redding origins",faction,fnv,mojave,2281,2281,https://fallout.wiki/wiki/Van_Graffs,5591092,
vipers,"The Vipers' descent from a coherent religious cult to scattered gunslingers mirrors the fate of the three raider tribes that emerged from Vault 15. Jonathan Faust founded the group on a quasi-religious vision involving a pit of vipers, establishing The Winding Way of the Great Snake as a structured faith with priest and warrior castes, venom-induced visionary rites, and a capricious deity demanding sacrifice. Faust's 28-year leadership ended during a fateful raid on the Brotherhood of Steel, an engagement that also claimed the life of Maxson II in 2155 when a poisoned arrow graze proved fatal. This provocation triggered a near-extinction campaign by both the Brotherhood and the NCR, fracturing survivors into small clans that lost cohesion across the Mojave. By 2280, Vipers near New Reno and east of Vegas had shed much of their original culture, operating as opportunistic raiders rather than religious fanatics. Their initiation ceremonies—series of snake bites—and distinctive war cries survived as cultural remnants, but the priestly caste and venom rituals largely faded.","raider,historian,tribal","The Vipers are an aggressive tribe of raiders originating from Vault 15, founded by Jonathan Faust after a quasi-religious experience involving a pit of vipers that led to their worship of snakes and the foundation of their religion, The Winding Way of the Great Snake. Their faith involves a caste system of priests and warriors, rites using viper venom to evoke visions, and a deity known as the Great Snake or God of the Pit, to whom Faust claimed regular sacrifices were demanded. Faust led the Vipers for 28 years until his death during a raid on the Brotherhood of Steel, after which both the Brotherhood and the New California Republic hunted the Vipers nearly to extinction, fracturing the survivors into small clans that resorted to opportunistic raiding across the Mojave. By 2280, the remaining Vipers had become known for raiding around the New Reno area and occupying territory east of Vegas, though much of their original culture had been lost, with many acting merely as gunslingers rather than religious fanatics.",common,"brotherhood ncr extermination,jonathan faust founding,lost snake cult culture,maxson ii poisoned arrow,mojave raider fragmentation,vault 15 raider origins,viper venom rituals,winding way religion",faction,fnv,mojave,,2281,https://fallout.wiki/wiki/Vipers,5664791,
"westside_cooperative,Westside Co-op","The Westside Cooperative emerged from the fortified Westside zone of the Mojave Wasteland, where residents maintained a small but tight-knit agricultural community. New Reno immigrant Clayton Ettienne and local farmers founded the Cooperative to pool resources and organize labor more effectively. Engineer Tom Anderson, working alongside the Followers of the Apocalypse, helped Westside achieve self-sufficiency through trade. The organization refurbished an old commercial building to serve as the heart of their farming operation, equipped with basic refrigeration. A grocery store on the premises, managed by Ettienne, sells surplus fresh produce and shares the earned caps among the farmers who grow the food. The Cooperative currently faces tense negotiations with the NCR over the siphoning of Westside's water supplies. Anderson remains fiercely protective of the operation, while Ettienne and the farmers continue to thrive under their combined leadership despite external pressures on their resources.","mojave,common","The Westside Cooperative, sometimes called the Westside Co-op, is a tight-knit community faction based in the fortified Westside zone of the Mojave Wasteland. Founded by New Reno immigrant Clayton Ettienne and local farmers, the organization pools resources to grow crops for sustenance and sells surplus produce to travelers and larger factions. With the help of engineer Tom Anderson and the Followers of the Apocalypse, the group refurbished an old commercial building to house their farming operation and a grocery store managed by Ettienne. The Cooperative shares its earned caps among the farmers, though it currently faces tense negotiations with the NCR over the siphoning of their water supplies.","mojave,common","clayton ettienne,followers of apocalypse,mojave farming community,ncr water dispute,tom anderson engineer,westside cooperative",faction,fnv,mojave,,,https://fallout.wiki/wiki/Westside_Cooperative,5361201,Basic article supplied non-empty; returned unchanged.
white_glove_society,"The White Glove Society is one of the Three Families employed by Mr. House to operate the Ultra-Luxe casino and hotel on the New Vegas Strip. Originally a cannibalistic tribe, they signed a contract with Mr. House to abandon their tribal identity and cannibalism in exchange for him concealing their former name. Their establishment is one of refinement and exclusivity, and members deflect inquiries about their past. White Glove members wear formal wear and masks, and are typically armed with dress canes. Day-to-day operations are managed by Marjorie, while Mortimer oversees the Gourmand restaurant and the hotel's front desk. Philippe serves as the Gourmand's chef. Joining the society requires sponsorship from an existing notable member. Heck Gunderson has noted that the White Glove Society controls the food supply of the area. Some members wish to return to cannibalism, abducting healthy individuals as candidates. The society is the only Strip family with which one can build a reputation.","mojave,common","The White Glove Society is one of the Three Families responsible for operating the Ultra-Luxe casino on the New Vegas Strip. Originally a cannibalistic tribe, they were employed by Mr. House and agreed to abandon their tribal identity and cannibalism in exchange for him concealing their former name. The society maintains an atmosphere of refinement and mystery, with members wearing formal wear and masks while providing the Strip's most elite casino experience.","mojave,common","cannibal tribe history,marjorie and mortimer,mr house contract,strip three families,ultra-luxe casino,white glove society",faction,fnv,mojave,,,https://fallout.wiki/wiki/White_Glove_Society,5595541,Basic article supplied non-empty; returned unchanged.
white_legs,"The White Legs originated as a post-war tribal group in the ruins of Salt Lake City, surviving through raiding and scavenging across the Great Basin and Colorado Plains. They periodically raided northeast of Caliente until the Desert Rangers were absorbed into the NCR, after which they regularly targeted the stretch of I-15, deterring travelers from the area. They also destroyed bridges across the Virgin River in Arizona. After the Legion's defeat at the First Battle of Hoover Dam, Caesar ordered New Canaan destroyed. The White Legs, seeking to join the Legion, were tasked with eradicating the city as a rite of passage. Ulysses taught them warfare and led them to an armory near Spanish Fork, where they discovered large submachine guns they called ""storm drums,"" becoming notorious for .45 Auto Submachine Guns throughout the region. The tribesmen began braiding their hair in tribute to Ulysses, unknowingly appropriating the Twisted Hairs' hairstyle, which insulted him. The White Legs attacked New Canaan at night, killing many inhabitants, nailing corpses to cliffs, and salting the earth. Led by the cruel Salt-Upon-Wounds, they then raided deeper into Zion Canyon, making camp at Three Marys. Their warriors specialize in distinct roles: Sappers lay traps, Pain-Makers wield melee weapons, Bone-Breakers use unarmed combat, and Storm-Drummers carry submachine guns. Like the Dead Horses and Sorrows, they view pre-war buildings as taboo.","tribal,mojave","The White Legs are a post-war tribal group originally from the ruins of Salt Lake City, known for raiding and scavenging throughout the Great Basin and Colorado Plains. They periodically raided northeast of Caliente until the Desert Rangers were absorbed into the NCR, after which they regularly raided the stretch of I-15, causing travelers to avoid the area. After the Legion's defeat at the First Battle of Hoover Dam, Caesar ordered New Canaan destroyed and the White Legs, intent on joining the Legion, were given a rite of passage to eradicate the city. Ulysses helped teach the White Legs to wage war, leading them to an armory near Spanish Fork where they discovered large submachine guns they call storm drums, which became their signature weapon.","tribal,common","new canaan destruction,salt lake city ruins,salt upon wounds leader,storm drum submachine guns,ulysses warfare training,white legs tribe",faction,fnv,mojave,,2281,https://fallout.wiki/wiki/White_Legs,5398261,Basic article supplied non-empty; returned unchanged. Advanced article rewritten to comply with 90-230 word limit.
"united_states,U.S.A","The United States was a pre-War global superpower in North America, founded by thirteen British colonies that won independence through the Revolutionary War. The nation adopted the United States Constitution in 1787, establishing a federal republic governed by a President and Congress comprising the House of Representatives and Senate. The Civil War between agrarian southern states and industrial northern states over slavery nearly split the country, but Union victory under President Abraham Lincoln preserved the nation and ended slavery. The United States Space Administration achieved early milestones in space exploration, including the first manned moon landing in 1969. By the mid-21st century, the Resource Wars—driven by an unsustainable global economy dependent on finite petroleum and uranium—led the U.S. to close its borders in 2052. Under Executive Order 99066, Chinese-American citizens were interned in concentration camps. The Anchorage Reclamation, aided by T-51 Power Armor, marked a turning point against Chinese forces in Alaska. On October 23, 2077, a nuclear exchange with China devastated the nation, killing 7.54 billion people globally. The president had retreated to an oil rig off the west coast. Post-War, the United States ceased to exist as a centralized entity, with successor states like the New California Republic and remnants like the Enclave claiming continuity.","common,historian","The United States, also known as America or the U.S.A., was a pre-War global superpower in North America. Before the Great War on October 23, 2077, it was governed by a President and Congress and defended by the United States Armed Forces. The nuclear exchange destroyed it as a centralized state, leaving independent settlements, successor nations, and remnants such as the Enclave across its former territory.",common,"anchorage reclamation,enclave continuity,great war 2077,resource wars,united states government,united states pre-war",history,both,wasteland,,2077,https://fallout.wiki/wiki/United_States,5668834,Basic article supplied non-empty; returned unchanged.
adams_air_force_base,"Adams Air Force Base originated as a pre-War United States Air Force installation situated outside the Capital Wasteland, accessible via the Presidential Metro. After the Great War, the Enclave occupied the facility and repurposed its Mobile Base Crawler, a large mobile research platform stationed in the northeast section. Following the destruction of Raven Rock, the Enclave's primary regional stronghold, surviving forces retreated to Adams, making it their principal fallback position. The base encompassed several key areas: the Adams Storage Facility for surplus supplies, an Air Control Tower aiding Vertibird operations, barracks for soldiers, and research hangars where Enclave scientists studied wasteland creatures including caged Deathclaws fitted with control transmitters. The Brotherhood of Steel ultimately assaulted the base and defeated the Enclave there. Notably, ED-E, a prototype Eyebot, was created at this facility by Enclave scientist Dr. Whitley before being sent westward. The base operated as a self-contained world map location with its own defensive infrastructure, including automated turrets and sentry bots.","military,enclave,brotherhood,capital_wasteland","Adams Air Force Base is a former pre-War military installation located outside the Capital Wasteland, accessible via the Presidential Metro. After the Great War, the Enclave occupied the facility and made use of its Mobile Base Crawler, a large mobile research platform. The base served as a fortified Enclave compound and, following the loss of Raven Rock, became a key fallback position for the organization's remaining forces in the region. The facility housed Enclave soldiers, scientists, Vertibird support infrastructure, and research operations on Wasteland creatures, including caged Deathclaws.",common,"adams air force base,brotherhood of steel assault,capital wasteland enclave stronghold,enclave military installation,mobile base crawler,presidential metro access,vertibird support facility",location,fallout3,capital wasteland,2277,2277,https://fallout.wiki/wiki/Adams_Air_Force_Base,5642478,Rewrote advanced article for anchorage_memorial to remove prohibited wording.
anacostia_crossing_station,"Anacostia Crossing Station functioned as the southernmost stop on the Red Line of the pre-War Washington Metro system, situated directly north of Rivet City. The station entrance sits north of the tower platform that links the Rivet City access bridge to the riverbank. Below ground, the station retains its raised central platform with a ticketing booth at its heart. Raiders established an encampment behind sandbag barricades on the western end of the platform, with approximately seven raiders occupying the station across the central area, office section, northern train tunnel entrance, and alcove near the Museum station exit. The tunnels connect to The Mall and Seward Square, providing underground transit routes through the ruins. A Protectron security robot remains stationed in the office area near the Seward Square exit and can be activated via a nearby computer terminal, which also provides a downloadable metro map. Just west of the station lies a Super Mutant camp with a bonfire, positioned overlooking the Jefferson Memorial.","capital_wasteland,wastelander,raider","Anacostia Crossing Station is a Metro station and the southernmost stop on the Red Line, situated directly north of Rivet City. The station entrance lies just north of the tower platform that links the Rivet City access bridge to the riverbank. Below, the station is inhabited by lightly armed raiders who have established an encampment behind sandbag barricades on the raised central platform. The tunnels of Anacostia Crossing allow transit to The Mall and Seward Square, and a Super Mutant camp rests just west of the station, overlooking the Jefferson Memorial.",common,"anacostia crossing station,protectron security robot,raider encampment,red line metro stop,rivet city proximity,seward square tunnel access,super mutant camp overlook",location,fallout3,capital wasteland,2277,2277,https://fallout.wiki/wiki/Anacostia_Crossing_Station,5644949,Rewrote advanced article for anchorage_memorial to remove prohibited wording.
anchorage_memorial,"The Anchorage Memorial commemorates the Battle of Anchorage, a pivotal pre-War conflict between the United States and China fought on Alaskan soil. The monument rests on an island in the Potomac River, connected to the west bank by a small bridge rigged with frag mines arranged in a ribbon pattern. Four entrances provide access: a north entrance to the facility, a south service entrance, a submerged south entrance to the offices, and a west-side stairwell entrance. After the Great War, wastelanders herded the emerging mirelurk population into the facility, where the creatures established nests throughout the underground maintenance areas. The wastelanders operated a meat processing venture, selling fresh mirelurk meat to passing traders for substantial caps. This trade encroached on a competitor's business, prompting the hiring of mercenaries who released the mirelurks, resulting in the creatures killing the facility's inhabitants. The interior includes living quarters, offices with a submerged breeding ground, a service entrance with a worker dining facility and kitchen, and a hub area connecting all sections. A mirelurk king inhabits the lower office level. A hidden stash rests in a secret freezer compartment within a refrigerator, accessible only with a specific key and sufficient perception to detect.","capital_wasteland,wastelander","The Anchorage Memorial is a monument located on an island in the Potomac River within the Capital Wasteland, commemorating the Battle of Anchorage in Alaska. After the Great War, wastelanders herded mirelurks into the facility and established a meat processing operation, selling mirelurk meat to passing traders for caps. A competitor hired mercenaries who released the mirelurks, resulting in the creatures killing the facility's inhabitants. The memorial contains multiple structural levels, including living quarters, offices, and underground maintenance areas now infested with mirelurks and their nests.",common,"anchorage memorial monument,battle of anchorage commemoration,hidden freezer stash,mercenary sabotage operation,mirelurk meat processing,mirelurk nesting grounds,potomac river island",location,fallout3,capital wasteland,2277,2277,https://fallout.wiki/wiki/Anchorage_Memorial,5644313,Rewrote advanced article for anchorage_memorial to remove prohibited wording.
arefu,"Arefu is a small settlement perched atop an overpass bridge spanning the Potomac River, northwest of Vault 106. It consists of four houses and serves as the final stopping point on most trading caravan routes departing from Megaton. The settlement once numbered thirty residents but has declined to only five in recent years, a stark illustration of the Capital Wasteland's toll on isolated communities. To compensate for their dwindling numbers, the inhabitants deliberately destroyed the northern span of the bridge, reducing the settlement to a single defensible entrance. Evan King serves as the town's leader and primary guardian, stationed at the guard shack near the entrance. The settlement maintains a Brahmin pen and has an abandoned residence on its grounds. Arefu's remote location and bridge-top geography make it naturally defensible, but its distance from major population centers has contributed to its population loss. The settlement has had dealings with a group called the Family, whose members reside in Meresti Metro Station, and the relationship between Arefu and the Family has historically been tense.","capital_wasteland,wastelander,merchant","Arefu is a small settlement in the Capital Wasteland situated on an overpass bridge spanning the Potomac River northwest of Vault 106. It serves as a stopping point on the trading caravan circuit and is the last stop on most trade routes from Megaton. In recent years, the settlement's population has dwindled from thirty down to only five residents. To maintain security, the inhabitants destroyed the northern span of the bridge, leaving only a single entrance to defend against the dangers of the wasteland.",common,"arefu settlement,caravan trade route stop,declining wasteland population,evan king leadership,overpass bridge community,potomac river crossing,the family meresti connection",location,fallout3,capital wasteland,2277,2277,https://fallout.wiki/wiki/Arefu,5659028,Rewrote advanced article for anchorage_memorial to remove prohibited wording.
bethesda_ruins,"The Bethesda Ruins represent the remains of a significant pre-War population center northwest of Washington, D.C. Before the Great War, Bethesda was a thriving town with metro and City Liner transit services, a west-east highway terminating in the city, and a northbound highway passing through. A monorail train sits north of the ruins. The city's largest employer was prominent enough to have a local park named after it, where residents regularly played baseball. By 2277, the ruins are divided into three sections: Bethesda Offices West, Bethesda Offices East, and Bethesda Underworks, accessible via metro. Raiders have heavily fortified the area with barricades of derelict vehicles and crude structures. Both Raiders and Feral Ghouls inhabit the ruins, and the office buildings contain numerous traps including shotgun traps, grenade bouquets, and frag mines. A Raider leader armed with a flamer holds a safe key and instructional material within Bethesda Offices East.","capital_wasteland,raider","The Bethesda Ruins are the remains of a major pre-War town located northwest of Washington, D.C., formerly served by metro and highway systems. The ruins are divided into Bethesda Offices West, Bethesda Offices East, and the Bethesda Underworks. Prior to the Great War, the city featured a local park named after its largest employer where residents regularly played baseball. By 2277, the area is heavily barricaded and inhabited by hostile Raiders and Feral Ghouls.","capital_wasteland,raider,wastelander","barricaded streets,bethesda offices,capital wasteland location,feral ghoul habitat,pre-war town,raider occupied ruins",location,fallout3,capital_wasteland,2077,2277,https://fallout.wiki/wiki/Bethesda_Ruins,5669826,Basic article supplied non-empty; returned unchanged.
big_town,"Big Town occupies the remains of pre-War suburban housing transformed into a fortified settlement on the Capital Wasteland's frontier. Its population is uniquely composed of teenagers and young adults expelled from Little Lamplight upon turning sixteen, having been told that Big Town was a safe haven for ""mungos."" The reality is far grimmer: the settlement has suffered repeated Super Mutant and Slaver attacks, and some residents have been kidnapped by Super Mutants and taken to the old police station in Germantown. The town's defenses include walls of cars, debris, and rubble, with barbed wire and sandbags reinforcing dilapidated homes. A makeshift moat surrounds the settlement, accessible only by a bridge at the north end. Key buildings include a Clubhouse, Common House, Red's Clinic, and Town Hall. A scavenger heading for Big Town may take up residence there indefinitely. The settlement's medical needs are tended by Red, who operates from her clinic.","capital_wasteland,wastelander","Big Town is a makeshift settlement in the Capital Wasteland located north of Vault 101 and southeast of the Moonbeam Outdoor Cinema. It is surrounded by barricades and a makeshift moat, accessible only by a bridge at the north end, with walls built from cars, debris, and rubble. The population consists mostly of teenagers and young adults who were expelled from Little Lamplight upon turning sixteen, having been told that Big Town was a safe and comfortable place for mungos to live. The settlement has been ravaged by Super Mutant and Slaver attacks, and some residents have been kidnapped by Super Mutants and taken to the old police station in Germantown.","capital_wasteland,wastelander","capital wasteland settlement,germantown kidnappings,little lamplight exiles,makeshift fortress,super mutant attacks,teenage population",location,fallout3,capital_wasteland,2277,2277,https://fallout.wiki/wiki/Big_Town,5645412,Basic article supplied non-empty; returned unchanged.
canterbury_commons,"Canterbury Commons was founded by Ernest ""Uncle"" Roe and his sister Daisy as a trading center for caravan merchants on the eastern edge of the Capital Wasteland, north of Washington, D.C. The settlement suffered a significant blow when raider attacks killed Daisy and her husband Louis, leaving Roe to maintain the trading post with his nephew Derek Pacion. The town is currently embroiled in a conflict between two self-styled superhumans. Tanya Christoff, operating as the ""AntAgonizer,"" seeks to destroy Canterbury Commons, viewing it as a blight on the wasteland. In response, Scott Wollinski adopted the ""Mechanist"" persona to defend the town after the AntAgonizer destroyed his favorite robot. The settlement's commercial infrastructure includes Joe Porter's café in an old Dot's Diner, while Dominic and Machete reside in an adjacent garage. A brahmin stable sits behind the garage, and a circular cul-de-sac to the west serves as a regular gathering point for caravan merchants. Roe's residence in the old fire station doubles as the settlement's administrative center.","capital_wasteland,merchant,wastelander","Canterbury Commons is a small trading post and town on the eastern edge of the Capital Wasteland, founded by Uncle Roe and his sister Daisy as a trading center for caravan merchants. Raider attacks killed Daisy and her husband Louis, leaving Roe to maintain the settlement with his nephew Derek Pacion. The town is currently caught in a conflict between two self-styled superhumans: Tanya Christoff, known as the AntAgonizer, who seeks to destroy Canterbury Commons believing it a blight on the wasteland, and Scott Wollinski, who adopted the Mechanist persona to defend the town after the AntAgonizer destroyed his favorite robot. The settlement's only permanent merchant is Joe Porter, who operates out of an old Dot's Diner, while Dominic and Machete live in an adjacent garage and Roe resides in the old fire station.","capital_wasteland,merchant,wastelander","antagonizer conflict,capital wasteland trading post,caravan merchant center,mechanist defense,superhuman gambit,uncle roe settlement",location,fallout3,capital_wasteland,2277,2277,https://fallout.wiki/wiki/Canterbury_Commons,5632327,Basic article supplied non-empty; returned unchanged.
"capital_wasteland,Capital Region","The Capital Wasteland, also known as the Capital Region, encompasses the ruins of Washington, D.C. and surrounding areas, stretching from Raven Rock in the northwest to Rivet City in the southeast. During the Great War of 2077, the region received advanced warning after the west coast had already been destroyed, but those unable to secure space in vaults sought shelter in metro tunnels, museums, and other alternate shelters. National Guard units mobilized throughout the area, but their aid stations were insufficiently equipped, resulting in desertion and high mortality. In the aftermath, the city descended into chaos as survivors looted and killed one another. Remnants of the Naval Research Institute, under Horace Pinkerton, established a base in a science lab aboard an aircraft carrier that became Rivet City. In 2255, Elder Lyons' Brotherhood of Steel contingent arrived and established the Citadel as their base, remaining to combat the Super Mutant threat and protect scientists working on Project Purity. The Brotherhood's presence pushed mercenaries from the area, but the slave trade persisted, centered at Paradise Falls and spreading to the Pitt. Settlements such as Megaton, Canterbury Commons, Arefu, and the Republic of Dave were established and connected by trade caravans.","capital_wasteland,brotherhood,wastelander","The Capital Wasteland, also called the Capital Region, encompasses the ruins of Washington, D.C. and surrounding areas, stretching from Raven Rock in the northwest to Rivet City in the southeast. During the Great War, the area received advanced warning after the west coast was destroyed, but those unable to secure space in vaults sought shelter in metro tunnels, museums, and other alternate shelters, while insufficiently equipped National Guard aid stations led to desertion and high mortality. By 2277, settlements such as Megaton, Canterbury Commons, Arefu, and the Republic of Dave dotted the landscape, connected by trade caravans, and Elder Lyons' Brotherhood of Steel had established a base at the Citadel to combat the Super Mutant threat and protect scientists working on Project Purity.","capital_wasteland,brotherhood,wastelander","brotherhood of steel,capital region ruins,project purity,rivet city origins,super mutant threat,washington dc ruins",location,fallout3,capital_wasteland,2077,2277,https://fallout.wiki/wiki/Capital_Wasteland,5593310,Basic article supplied non-empty; returned unchanged. Advanced article excludes out-of-scope references per game_scope restriction.
chaste_acres_dairy_farm,"Chaste Acres Dairy Farm was once a working dairy operation in the northeastern Capital Wasteland, now reduced to ruins southwest of the Republic of Dave. Raiders have claimed the site, fortifying the grain silo as a sniper perch and using the barn for shelter. The surrounding terrain is notoriously dangerous: roaming creatures drawn to the area include yao guai, giant radscorpions, deathclaws, and hostile robots, which frequently clash with the raider occupants. The farm's proximity to Old Olney, a known deathclaw habitat, contributes to the persistent threat. A Nuka-Cola delivery truck abandoned west of the farm still carries a supply of Nuka-Cola Quantum; a note referencing this truck was left in Old Olney. Additional publications scattered at the site include Pugilism Illustrated inside the silo and Grognak the Barbarian on the barn's upper floor. A mailbox near the truck contains a copy of Guns and Bullets. The numerous derelict vehicles around the farm pose a hazard, as their fuel systems remain volatile and can detonate in chain reactions during firefights.","capital_wasteland,raider,wastelander","Chaste Acres Dairy Farm is the ruin of a small farm in the northeastern Capital Wasteland, situated southwest of the Republic of Dave. The site has been taken over by a group of raiders, who frequently find themselves under attack by roaming creatures such as robots, yao guai, giant radscorpions, or even deathclaws. The farm includes a grain silo with a sniper position above and a barn containing a corpse on the second floor. A Nuka-Cola delivery truck sits straight west of the farm, and a note about it can be found in Old Olney.",common,"deathclaw threat,grain silo sniper,northeastern capital wasteland,nuka cola quantum truck,old olney proximity,raider occupied farm,yao guai territory",location,fallout3,capital_wasteland,2277,2277,https://fallout.wiki/wiki/Chaste_Acres_Dairy_Farm,5644631,Rewrote advanced article to remove out-of-world 'random encounters' phrasing.
chryslus_building,"The Chryslus Building served as the corporate headquarters of Chryslus Motors, one of pre-War America's premier automobile manufacturers, whose vehicles were ubiquitous across the United States. The company constructed a baseball diamond behind the office for employee recreation, a testament to the corporate culture of the era. Since the Great War, the building has suffered extensive structural decay: floors have collapsed throughout, and the interior is divided between a two-floor reception area displaying a blue Chryslus model car, lower offices, and a basement cantina. Super Mutants have established a stronghold within, often accompanied by Centaurs. A leveled Super Mutant in the lower offices carries a master key controlling the building's locked doors. Outside, two raiders occupy the baseball field in a grim tableau, one standing on the pitcher's mound with frag grenades and another at home plate with a baseball bat. Garden gnomes in an upper-floor bathroom hold signs reading messages pleading for help, echoing similar desperate displays found near Vault 101. The surrounding roads and river approach see frequent hostile activity from wandering creatures and armed groups patrolling the vicinity.","capital_wasteland,super_mutant,historian","The Chryslus Building is a ruined office building on the outskirts of Washington, D.C. in the Capital Wasteland. It was once the headquarters of Chryslus Motors, the pre-War automobile manufacturer, and included a baseball field constructed outside for employee use. Since the Great War, the building has fallen into considerable ruin and become a stronghold occupied by Super Mutants and Centaurs.",common,"baseball field raiders,centaur presence,chryslus motors headquarters,model car display,pre war corporate office,super mutant stronghold,washington dc outskirts",location,fallout3,capital_wasteland,,2277,https://fallout.wiki/wiki/Chryslus_Building,5392719,
clifftop_shacks,"Clifftop Shacks occupy a defensible plateau on a cliff southeast of Oasis, chosen by Super Mutants as a fortified encampment. The site's natural geography provides tactical advantages: the only approaches are an uphill path on the eastern side and a suspension bridge on the west, both easily monitored. Three shacks stand on the plateau, though one has collapsed. The northern shack serves as a grim repository, containing five gore bags and a skeleton sprawled on a bloodied bed, surrounded by ruined books. The southern shack is divided into two rooms: the first holds makeshift bedding, an oven, and a refrigerator, suggesting the mutants maintain rudimentary domestic arrangements; the second contains the bodies of a dead raider and a wastelander, alongside a captive held among them. The Super Mutants' presence at this elevation indicates their capacity to establish and hold elevated positions in difficult terrain. The proximity to Oasis means the encampment sits near one of the Capital Wasteland's most ecologically unusual regions, though the mutants show no apparent interest in or awareness of the treelike beings dwelling there. Wandering hostile creatures and additional Super Mutant groups are frequently drawn to the bridge approach and the puddle near the cliff base.","capital_wasteland,super_mutant","Clifftop Shacks are a fortified encampment perched on a cliff southeast of Oasis in the Capital Wasteland. The site consists of a small plateau bearing three shacks, two of which remain accessible, reachable by an uphill path on the eastern side and a suspension bridge on the western side. The encampment is inhabited by Super Mutants, who have festooned the area with gore bags, and at times Centaurs can be found among them. The northern shack holds a collection of ruined books and a skeleton resting on a bloodied bed, while the southern shack contains makeshift bedding along with the remains of a raider and a wastelander.",common,"cliff fortification,elevated plateau,gore bags,southeast of oasis,super mutant encampment,suspension bridge approach,wasteland captives",location,fallout3,capital_wasteland,2277,2277,https://fallout.wiki/wiki/Clifftop_Shacks,5611286,
corvega_factory,"The Corvega Factory southwest of Vault 108 was a major pre-War manufacturing facility of the Corvega automobile line, producing vehicles distributed throughout the United States. In the post-War era, the factory has been colonized by a nest of giant ants, with a giant ant queen residing at the southern end of the factory floor. The queen produces pheromones and is surrounded by egg clutches yielding quantities of ant meat. The colony's ferocity is evidenced by the bodies of mercenaries and raiders scattered throughout the facility, all of whom attempted to reach the queen and failed. A small population of feral ghouls also inhabits the factory, coexisting uneasily with the insect colony. The foreman's office, accessible via a stairway near the queen's position, contains the remains of a mercenary or wastelander alongside a copy of Dean's Electronics. Outside, an overturned semi-truck beneath monorail girders to the south holds a cache including a Mini Nuke and military training manuals, though the truck is guarded by a scripted raider ambush. A Talon Company mercenary accompanied by a robot patrols the road south of the factory near a Red Rocket station, and another Talon mercenary lies dead on a balcony just inside the main entrance, suggesting prior corporate military interest in the site's contents.","capital_wasteland,scientist,historian","The Corvega Factory is a pre-War Corvega facility southwest of Vault 108 in the Capital Wasteland that manufactured vehicles used throughout the United States. It is now home to a colony of giant ants, including a giant ant queen at the southern end of the factory. The factory also contains the bodies of mercenaries and raiders who failed to reach the queen, along with a small number of feral ghouls.",common,"ant queen nest,corvega manufacturing facility,feral ghoul presence,giant ant colony,overturned semi truck cache,southwest of vault 108,talon company patrol",location,fallout3,capital_wasteland,,2277,https://fallout.wiki/wiki/Corvega_Factory,5527438,
county_sewer_mainline,"The County Sewer Mainline's subterranean route beneath Grayditch and Arlington National Cemetery reveals the pre-War municipal infrastructure connecting the Potomac riverfront to interior D.C. neighborhoods, though no access points remain at either surface location. The tunnel's two entry points the Sewer Waystation and a Potomac sewage grate north of a raider camp near Key Bridge suggest the system was designed for maintenance access along the riverfront. The sewer management main room, centrally located within the mainline, contains a terminal-operated locked gate securing a storage closet stocked with workbench materials, chems, and ammunition, indicating organized pre-War inventory control. The most notable inhabitant, a sentient ghoul named Gallo, maintained a domestic space in the northwest region past a series of traps, complete with a Nuka-Cola collection including a Quantum variant kept in a safe, a radroach pen, and a storage key hidden in a footlocker by his bed. Gallo also carried a copy of Tales of a Junktown Jerky Vendor. The remains of dead mercenaries and wastelanders scattered throughout the sewage tunnels, often found near ammunition caches, attest to repeated and fatal exploration attempts by armed groups.","capital_wasteland,wastelander,ghoul","The County Sewer Mainline is a tunnel system in the Capital Wasteland that can be entered from the Sewer Waystation or a sewage grate along the Potomac north of a raider camp near the Key Bridge. It runs beneath Grayditch and Arlington National Cemetery but offers no access points at either location. The tunnels are home to a hostile ghoul named Gallo, who keeps a small Nuka-Cola collection and a pen of radroaches in his room past a series of traps. Feral ghouls and radroaches occupy much of the sewer management area, and the remains of dead mercenaries and wastelanders litter the passages throughout.",common,"gallo sentient ghoul,grayditch arlington underpass,mercenary remains ammunition,nuka-cola collection quantum,potomac riverfront access,pre-war municipal sewer,radroach pen,sewer management terminal",location,fallout3,capital_wasteland,,2277,https://fallout.wiki/wiki/County_Sewer_Mainline,5632378,Gallo's sentience and domestic arrangements are source-confirmed. Motivations of deceased mercenaries are inferred from context.
deathclaw_sanctuary,"The Deathclaw Sanctuary's geographic placement between Dickerson Tabernacle Chapel and Broadcast Tower KB5 places it in the remote northwestern reaches of the Capital Wasteland, accessible southwest from Fort Constantine or east from SatCom Array NW-07c. The cave complex functions simultaneously as a Deathclaw nest and a macabre storage site, with organized piles of maimed bodies including Wastelanders, Raiders, Mercenaries, and rotting Brahmin suggesting territorial hoarding behavior rather than random predation. The interior hosts between six and twelve Deathclaws within twisting, maze-like tunnels that turn back upon themselves, with some climbable areas offering shortcuts. A pool of water colored entirely red from blood marks the far southeastern chamber near the unique weapon Vengeance. The sanctuary's ecological significance shifted after the Enclave's emergence during the Waters of Life crisis; an Enclave camp appeared on the nearby cliff northeast of the entrance, typically staffed by a Tesla soldier, Enclave scientists, and a mind-controlled Deathclaw. Enclave soldiers also entered the caves to explore, with at least one officer found dead near the Endurance Bobblehead pedestal, illustrating the sanctuary's lethality even for organized military forces.","capital_wasteland,historian,wastelander","The Deathclaw Sanctuary is a cave maze in the Capital Wasteland, located between Dickerson Tabernacle Chapel and Broadcast Tower KB5. It is home to numerous Deathclaws and contains piles of maimed bodies and body parts, serving as both a nest and storage place. The interior is dark and maze-like, with twisting tunnels and large obstructions making it one of the most dangerous places in the region. Outside the sanctuary, a small overhang conceals a dead mercenary and a footlocker, while Deathclaws guard the entrance.",common,"body piles storage,cave maze geography,deathclaw nesting behavior,enclave post-waters of life,fort constantine proximity,mind-controlled deathclaw,northwestern capital wasteland,vengeance unique weapon",location,fallout3,capital_wasteland,,2277,https://fallout.wiki/wiki/Deathclaw_Sanctuary,5394576,Deathclaw population figures are source-reported ranges. Enclave presence is tied to post-Waters of Life developments beginning 2277.
dunwich_building,"The Dunwich Building's pre-War owner, Dunwich Borers LLC, manufactured rock drills for tunneling and drilling operations, placing the firm within the broader extractive-industry infrastructure of pre-War America. Company executive Herman Granger left audio transcripts on a locked terminal midway through the building, offering a fragmentary record of corporate life before the bombs fell. Post-War, the structure acquired a sinister reputation among Capital Wastelanders; Ronald Laren of Girdershade explicitly warned travelers to stay away, describing the site as 'bad mojo' with 'weird shit' going on. Reported phenomena include self-opening doors, unexplained footsteps, flickering lights, and a hallucinatory flashback sequence in the Forsaken Dunwich Ruins where a man briefly appears before being replaced by a Glowing One. A visitor named Jaime left nine personal journal entries tracing a journey deeper into the building, culminating in the irradiated Virulent Underchambers where an Obelisk emits twenty rads per second. The final audio log references the names Alhazzared and Abdul, suggesting obscure pre-War occult connections. The site's three-section layout entrance, Forsaken Dunwich Ruins, and Virulent Underchambers is entirely infested with feral ghouls.","capital_wasteland,historian,wastelander","The Dunwich Building is an office building located at the southwesternmost edge of the Capital Wasteland, south of Girdershade and far west of Tenpenny Tower. Before the Great War, it was owned by Dunwich Borers LLC, a company that manufactured rock drills for tunneling and drilling operations. After the war, the building remains standing and is known among wastelanders as a place of bad mojo, with reports of strange phenomena such as self-opening doors, unexplained footsteps, flickering lights, and disturbing hallucinations. The interior is divided into three sections: the entrance, the Forsaken Dunwich Ruins, and the Virulent Underchambers, all of which are infested with feral ghouls.",common,"dunwich borers llc,feral ghoul infestation,hallucinatory phenomena,jaime personal journals,occult references alhazzared,pre-war corporate history,ronald laren warning,virulent underchambers obelisk",location,fallout3,capital_wasteland,,2277,https://fallout.wiki/wiki/Dunwich_Building,5574258,Article preserves source uncertainty regarding the nature and cause of reported phenomena. No supernatural claims are confirmed.
"galaxy_news_radio,GNR","Galaxy News Radio's pre-War identity as a Galaxy News Network subsidiary broadcasting on 103.8 FM with programs like Mornings with Marie places it within the broader pre-War media infrastructure of Washington, D.C. Three Dog's post-War repurposing of the GNR Building Plaza transformed the station into the Capital Wasteland's primary independent news source, built with technician Margaret's assistance. His 'Good Fight' philosophy explicitly targeted the Enclave's propaganda by informing inhabitants how 'things really are,' positioning GNR as a counter-narrative to Enclave Radio. The station's musical library of twenty songs was drawn entirely from records found in playable condition, making it a curated archive of pre-War culture. Transmission infrastructure proved fragile: a Super Mutant destroyed the relay dish on the Washington Monument, reducing signal range so severely that GNR could barely reach Megaton. The replacement dish sourced from the Virgo II lunar lander in the Museum of Technology connected GNR to one of the capital's most significant pre-War technological artifacts. Three Dog pre-recorded nearly all broadcasts from his fortified bunker, and Margaret could assume operational continuity if he was killed, ensuring the station's survival as an institution beyond any single individual.","capital_wasteland,historian,wastelander","Galaxy News Radio, often abbreviated as GNR, was a pre-War radio station based in Washington, D.C. and a subsidiary of Galaxy News Network, originally broadcasting on 103.8 FM with programs such as Mornings with Marie. In the Capital Wasteland, the station has been repurposed by Three Dog from the GNR Building Plaza, who reports on happenings around the region with the help of a technician named Margaret. Three Dog operates the station as part of what he calls the ""Good Fight,"" his attempt to inform inhabitants how ""things really are"" and expose the Enclave's true intentions. The station plays a combination of Three Dog's commentary and twenty songs from records found in playable condition, though its signal quality is poor due to a relay dish on the Washington Monument that was destroyed when a Super Mutant shot it to pieces.",common,"103.8 fm pre-war,enclave counter-narrative,galaxy news network subsidiary,margaret technician continuity,pre-war radio archive,three dog good fight,virgo ii lander dish,washington monument relay",location,fallout3,capital_wasteland,,2277,https://fallout.wiki/wiki/Galaxy_News_Radio,5603857,Article focuses on institutional and infrastructural context. Broadcast content tied to player actions is not enumerated.
greener_pastures_disposal_site,"Greener Pastures Disposal Site stands as a pre-war cautionary tale of corporate environmental negligence on an unprecedented scale. The facility operated under the guise of a legitimate radioactive waste-disposal plant but in practice dumped all manner of toxic waste into open-air containment with no effort at deactivation or safe storage. The resulting contamination was severe enough to rank among the largest environmental disasters in recorded history, causing multiple casualties even before the Great War and becoming a reference point for hypothetical future catastrophes. In the post-nuclear landscape, the site's pre-war toxicity was compounded by fallout, creating a vast barren expanse dotted with pools of radioactive nuclear waste. The area's extreme radiation has become a self-sustaining ecosystem for hardened mutant fauna, particularly Yao Guai, Radscorpions, and Radroaches. A recluse who took up residence in an overturned dump truck trailer on the northeastern edge left behind a copy of the D.C. Journal of Internal Medicine, and a dead scientist near a southern overturned trailer carried a Big Book of Science, suggesting continued post-war interest in the site despite its lethality.","capital_wasteland,historian,scientist","The Greener Pastures Disposal Site is one of the largest radioactive areas in the Capital Wasteland, located northwest of the Temple of the Union, southwest of Old Olney, and northeast of the MDPL-13 Power Station. Before the Great War, Greener Pastures was an infamous radioactive waste-disposal plant that was in reality a dumping ground for all kinds of toxic waste, liberally stored in the open without any containment or deactivation. It became one of the biggest environmental disasters in recorded history, incurring several casualties and serving as a frame of reference for potential future disasters. The site is now a vast barren landscape dotted with puddles of radioactive nuclear waste, inhabited by mutated creatures such as Yao Guai, Radscorpions, and Radroaches.",common,"capital wasteland radiation zone,mutant creature habitat,open-air toxic storage,pre-war environmental disaster,radioactive waste dumping,wasteland recluse shelter,yao guai territory",location,fallout3,capital_wasteland,,,https://fallout.wiki/wiki/Greener_Pastures_Disposal_Site,5595584,Pre-war history has blank chronology bounds; post-war present-day developments begin in 2277.
hamilton_s_hideaway,"Hamilton's Hideaway represents a unique example of pre-war civilian skepticism toward Vault-Tec's official shelter program. A family of three—a husband, his wife Maggie, and their daughter Robin—constructed an independent underground complex fitted with air filtration, chemical toilets, an artesian well, and a fusion generator, designed for long-term habitation until ambient radiation subsided. This self-sufficient approach contrasted sharply with the reliance on Vault-Tec vaults that most Americans accepted. After the Great War, the unfinished shelter was repurposed by chem smugglers, and by 2277 it had become one of three locations Evan King of Arefu identified as a possible hideout for The Family. The cave network's multi-tunnel layout, with catwalks spanning rocky passages and a metal-constructed hallway, made it a natural refuge for illicit operations. A weapons cache hidden behind a hole in the northwest wall was later designated by Three Dog as a supply drop point, containing a Mini Nuke, Stealth Boy, and a copy of Guns and Bullets. The presence of raiders alongside radscorpions and radroaches creates an unstable ecosystem where the factions routinely eliminate each other.","capital_wasteland,historian,vault_dweller","Hamilton's Hideaway is a small cave in the Capital Wasteland that was originally built as an unfinished bomb shelter for a family of three who distrusted Vault-Tec. After the Great War, the network of tunnels became a hideout for chem smugglers. According to Evan King, it is one of three possible locations where a group known as The Family might reside. The cave is inhabited by various creatures such as radscorpions and radroaches, as well as raiders, and contains a hidden weapons cache.",common,"arefu evan king,cave network tunnels,chem smuggler hideout,fusion generator bunker,pre-war independent shelter,the family location,three dog weapons cache,vault-tec skepticism",location,fallout3,capital_wasteland,,2277,https://fallout.wiki/wiki/Hamilton%27s_Hideaway,5574550,Pre-war history has blank start bound; present-day developments begin in 2277.
jefferson_memorial,"The Jefferson Memorial's transformation from a pre-war monument honoring the third U.S. president into the centerpiece of Project Purity reflects the Capital Wasteland's desperate struggle for clean water. James selected the site because the memorial's Rotunda, built around the submerged statue of Thomas Jefferson, offered a structurally sound basin through which the Potomac's irradiated river water could be pumped and filtered. The sub-basement served as living quarters for the science team and even contained the clinic where the Lone Wanderer was born, making the site both a scientific and deeply personal landmark. After the project's abandonment following Catherine's death and its revival two decades later, the memorial became a flashpoint for factional conflict. The Enclave seized control after James's sacrifice, erecting a Tesla barrier that only Liberty Prime could disable. Following the purifier's activation, the Brotherhood of Steel under Scribe Bigsley assumed administration, organizing Aqua Pura water caravans along routes reaching as far as Paradise Falls and the Republic of Dave.","capital_wasteland,historian,brotherhood,enclave","The Jefferson Memorial is a monument in the Capital Wasteland that was selected as the site of Project Purity, an initiative led by James to convert the memorial into a water purifier capable of cleansing the river's water of radiation for use by wasteland residents. The project was abandoned after James' wife Catherine died giving birth to their child, only to be picked up again some twenty years later. The statue of Thomas Jefferson remains submerged within the center of the facility, surrounded by the purifier infrastructure built around it. The memorial contains five interior sections accessible through the gift shop doors, though the exterior is known to be patrolled by Super Mutants.",common,"aqua pura distribution,brotherhood of steel administration,enclave tesla barrier,jefferson memorial rotunda,lonely wanderer birthplace,potomac river purification,project purity site,scribe bigsley",location,fallout3,capital_wasteland,2277,,https://fallout.wiki/wiki/Jefferson_Memorial,5625369,Chronology set conservatively to Fallout 3 present-day developments beginning in 2277.
"l_o_b_enterprises,L.O.B","L.O.B. Enterprises exemplifies the extreme paramilitary culture that permeated some pre-war defense contractors. Located at 18527 Fairford Drive in Falls Church, the weapons manufacturer developed the Zhu-Rong v418 Chinese Pistol, an incendiary weapon, under the classified Project Zhu-Rong. The company's internal culture went far beyond typical corporate security: employees were required to carry military weapons, received combat training for scenarios including federal invasion or nuclear exchange, and were sworn into a so-called 'sovereign L.O.B. republic.' This quasi-secessionist posture suggests a company leadership that anticipated and prepared for the collapse of federal authority. Their activities were ultimately discovered, prompting a raid by federal agents on their headquarters. The building's three zones—main area, east wing, and enterprise archives—contained the Zhu-Rong prototype locked inside the CEO's office behind a Very Hard lock, with the key hidden in the CEO's desk. Post-war, the facility's security robots, including Sentry Bots, Robobrains, and Protectrons, remain active, making it one of the more dangerous pre-war corporate sites in the Capital Wasteland.","capital_wasteland,historian,enclave,scientist","L.O.B. Enterprises was a pre-war weapons manufacturer located in Falls Church at 18527 Fairford Drive. The company secretly developed an incendiary weapon known as the Zhu-Rong v418 Chinese Pistol under a program called Project Zhu-Rong. Employees were heavily armed and trained for a potential federal invasion or nuclear exchange, even being sworn into a so-called sovereign L.O.B.",common,"active security robots,falls church facility,federal raid target,paramilitary corporate culture,pre-war weapons manufacturer,project zhu-rong,sovereign lob republic,zhu-rong v418 pistol",location,fallout3,capital_wasteland,,,https://fallout.wiki/wiki/L.O.B._Enterprises,5625506,Pre-war history has blank chronology bounds.
little_lamplight,"Little Lamplight's origins trace to Lamplight Caverns, a natural cave system discovered in the late 19th century and developed as a tourist attraction during the 1920s. In 2066, Vault-Tec annexed portions of the cavern for its Societal Preservation Program, constructing Vault 87 within the cave system. On October 23, 2077, students from Early Dawn Elementary and other school groups were trapped inside when nuclear detonations struck the Washington, D.C. area. Over the following month, adult caretakers gradually left seeking help and never returned, culminating in teacher Carrie Delaney's departure. Jason Grant, an Early Dawn student, assumed leadership and founded Little Lamplight on January 26, 2078. The children's pleas for aid from Vault 87's inhabitants were rebuffed with the declaration that they were already dead, cementing their deep antipathy toward adults. Over generations, the community developed a unique culture sustained by salvaged educational materials from both the original gift shop and Vault 87, maintaining literacy and governance through elected mayors and a rigid age-based exile policy.","capital_wasteland,historian,vault_dweller","Little Lamplight is an underground settlement in the Capital Wasteland, founded on January 26, 2078, by child survivors of the Great War who were abandoned by their adult caretakers. Located within the pre-War Lamplight Caverns tourist attraction, the community is populated entirely by children under the age of 16, who exile or kill any resident who reaches their 16th birthday, referring to them as 'mungos.' The settlement is governed by an elected mayor, a position held by Robert MacCready in 2277. The children of Little Lamplight hold a deep-seated antipathy toward adults, a sentiment rooted in their community's founding, when the last remaining adult survivor left the children to fend for themselves shortly after the Great War. The settlement's layout includes the Great Chamber, which serves as the primary living area, and features structures such as the Spelunkers restaurant, the Souvenir Shop, and the Little Lamplight Office Building, which houses the medical office and school.",common,"carrie delaney abandonment,child settlement founding,early dawn elementary,jason grant leadership,lamplight caverns history,mungo exile policy,societal preservation program,vault 87 construction",location,fallout3,capital_wasteland,2077,2277,https://fallout.wiki/wiki/Little_Lamplight,5603907,
mdpl_13_power_station,"The MDPL-13 Power Station represents a typical pre-War industrial power generation facility in the Capital Wasteland, situated north-northwest of Minefield. The derelict main building, identifiable by its three tall chimneys, retains functional infrastructure including turret control systems and catwalks above the plant floor. The facility has become a habitat for feral ghouls, with radiation pockets concentrated throughout the plant floor, and a Glowing One occupying the second-floor office. The separate Power Substation to the west contains a workbench and safe, suggesting continued use by scavengers or wasteland technicians. The station's strategic position makes it a site of faction interest: Talon Company mercenaries or Regulators may ambush travelers at the location, and after the Waters of Life incident, Enclave soldiers have been known to deploy via Vertibird to a clearing north of the facility, indicating the area falls within contested operational zones.","capital_wasteland,engineer,military","The MDPL-13 Power Station is a derelict power plant in the Capital Wasteland, located north-northwest of Minefield. It consists of a main derelict power plant building with three tall chimneys and a smaller power substation to the west. The main building contains a lobby, a plant floor with feral ghouls and radiation pockets, catwalks, and an office with a Glowing One. The substation contains a workbench and safe.",common,"enclave vertibird deployment,feral ghoul habitat,glowing one office,power substation workbench,pre-war power plant,radiation pockets,talon company ambush,turret control terminal",location,fallout3,capital_wasteland,,2277,https://fallout.wiki/wiki/MDPL-13_Power_Station,5598549,
mama_dolce_s,"Mama Dolce's operated as a seemingly ordinary food processing plant in the Capital Wasteland but functioned as a covert front for Chinese intelligence and espionage operations throughout the D.C. metropolitan area. The facility, accessible through Arlington Metro Station or the Arlington Falls Church Metro in Falls Church, is divided into three sections: processed foods, food distribution, and a loading yard connecting them. Encrypted terminal records, accessible via an encryption key carried by a Chinese Remnant Captain, reveal the facility's true purpose. The loading yard remains patrolled by Chinese Remnant Soldiers and snipers, descendants or survivors of the original pre-War Chinese operatives who have become ghouls over two centuries. The terminal records notably disclose that the food additive used for flavoring was identical to printer ink, raising disturbing questions about the plant's actual production practices. The presence of Stealth Boys, Chinese Assault Rifles, and the People's Republic of America Radio broadcast further confirm the site's intelligence significance.","capital_wasteland,historian,military","Mama Dolce's is a food processing plant in the Capital Wasteland, accessible through Arlington Metro Station or the Arlington Falls Church Metro in Falls Church. The facility is divided into three parts: a processed foods area, a food distribution center, and a loading yard connecting them. Despite its outward appearance as an ordinary food manufacturer, Mama Dolce's actually served as a front for Chinese intelligence and espionage operations throughout the D.C. area, a fact revealed through encrypted terminal records.",common,"arlington metro access,chinese intelligence front,chinese remnant soldiers,covert espionage facility,encrypted terminal records,food additive printer ink,peoples republic radio,stealth boys cache",location,fallout3,capital_wasteland,,2277,https://fallout.wiki/wiki/Mama_Dolce%27s,5665644,
mason_dixon_salvage,"Mason Dixon Salvage is a salvage yard in the northern Capital Wasteland, located northwest of Paradise Falls and south-southwest of SatCom Array NN-03d, nearest to Drowned Devil's Crossing. The site consists of two rusted metal shacks on its east and west ends, with three overturned trailers south of the western shack. The location has been commandeered as a Super Mutant camp, hosting several leveled mutants and their Centaur companions, with up to seven enemies depending on local conditions. A Deathclaw has been observed roaming the small hill nearby, posing an additional threat that extends into the shacks themselves. The name derives from the real-world Mason Dixon Auto Salvage, a junkyard on the Pennsylvania side of the Maryland-Pennsylvania border along the historic Mason-Dixon Line. The shacks contain unowned beds and notable salvage including skill books, making the site potentially valuable but chronically dangerous due to Super Mutant respawning every three days.","capital_wasteland,raider,super_mutant","Mason Dixon Salvage is a salvage yard in the northern Capital Wasteland, located northwest of Paradise Falls and near Drowned Devil's Crossing. The site consists of two rusted metal shacks on its east and west ends, with three overturned trailers situated south of the western shack. It has been occupied as a camp by Super Mutants and their Centaur companions, making it a hazardous area for any wasteland traveler. A captive is held at the location, and a Deathclaw has been known to roam the small hill nearby.",common,"centaur companions,deathclaw roaming,mason dixon line reference,overturned trailers,paradise falls proximity,salvage yard location,skill book stash,super mutant camp",location,fallout3,capital_wasteland,,2277,https://fallout.wiki/wiki/Mason_Dixon_Salvage,5395240,
megaton,"Megaton's origins trace to a pre-War aircraft crash that deposited an undetonated megaton-class atomic bomb into what became the town's crater. The wreckage supplied initial building materials, with additional scrap scavenged from a nearby air station. After Vault 101 denied shelter to survivors of the Great War, these displaced groups settled the crater for protection against dust storms. The settlement evolved organically: wanderers returned to trade scavenged goods, and within a generation the crater had become a recognized trade hub. The protective metal walls were proposed by Manya Vargas's father, a wealthy caravaner, using aircraft debris as the only remaining readily available material. The central bomb was left in place both because removing it risked adverse effects and because displacing it would alienate the Children of Atom, whose labor was needed for wall construction. In February 2241, Vault 101's overseer dispatched an expeditionary party led by Anne Palmer, establishing formal diplomatic contact and appointing two vault residents as ambassadors. This makes Megaton one of the few surface settlements with documented Vault ties.","capital_wasteland,wastelander,historian,vault_dweller","Megaton is a fortified settlement in the Capital Wasteland built around a crater containing an undetonated atomic bomb. Founded by people denied entry to Vault 101, the town grew into a trade hub protected by walls made from scavenged aircraft debris. Lucas Simms serves as the self-appointed sheriff, while Colin Moriarty runs the local saloon and keeps tabs on town affairs. The Church of the Children of Atom worships the central bomb, and the settlement maintains contact with Vault 101 through ambassadors established during a 2241 expedition.",common,"aircraft debris walls,atomic bomb worship,capital wasteland politics,children of atom,crater settlement founding,manya vargas family,trade hub evolution,vault 101 contact",location,fallout3,capital_wasteland,2077,2277,https://fallout.wiki/wiki/Megaton,5669803,Chronology reflects founding era through Fallout 3 present day. Vault 101 expedition dated February 2241 per source.
"metro_central,Metro Center","Metro Central served as the primary hub of the pre-War D.C. Metro system, where the east-west Red Line and the south-north White Line intersected. Two centuries after the trains stopped running, the tunnels remain a practical route for moving through the irradiated ruins of Washington, D.C. The station's strategic value as a transit nexus has made it a contested battleground. Talon Company mercenaries established a barricade on the eastbound passage toward Foggy Bottom Station, but feral ghouls overran it completely. A second barricade on the northbound passage to Dupont Circle Station is still manned by two surviving raiders. The Brotherhood of Steel uses the tunnels to reach their Mall outpost, leaving markings on the walls as navigational aids. At least one escaped slave attempted passage through the southbound line, carrying directions to the Temple of the Union. The station's two stacked levels, collapsed train tunnels, and service passages create a layered environment where multiple factions have left corpses, ammunition, and barricades as evidence of ongoing territorial struggle.","capital_wasteland,brotherhood,raider,ghoul,historian","Metro Central, also called Metro Center, is the largest station in the Capital Wasteland's underground metro system, located beneath Washington, D.C. where the Red and White lines cross. No faction controls it; instead, feral ghouls and vicious dogs infest the tunnels. Raiders, Talon Company mercenaries, and the feral ghouls have fought several skirmishes over the station, leaving corpses and barricades throughout.",common,"brotherhood tunnel route,dc metro hub,escaped slave directions,feral ghoul infestation,raider survivors,red line white line,strategic transit nexus,talon company barricade",location,fallout3,capital_wasteland,2077,2277,https://fallout.wiki/wiki/Metro_Central,5395906,Pre-War metro infrastructure; present-day factional conflict per Fallout 3 timeline.
mothership_zeta,"Mothership Zeta is an alien vessel maintaining orbit around Earth, equipped with transporter technology capable of abducting surface dwellers. The ship has collected prisoners across centuries of operation, preserving many in cryogenic storage. Among the confirmed abductees are individuals from before the Great War and an astronaut whose spacesuit was recovered from a cryo-tube. The vessel's interior encompasses cryo labs, a robotics factory, hangar facilities, biological experimentation laboratories, a weapons laboratory, and a bridge housing a Death Ray capable of striking targets on the planetary surface. The ship's connection to the Capital Wasteland is established through Recon Craft Theta, a crashed alien recon craft whose wreckage emits an unintelligible radio transmission. After the bridge is secured by abductees, a beacon is deployed at the Theta crash site, enabling transit between the mothership and the surface. The development team drew inspiration from alien conspiracy theories, intending the vessel as an environment distinct from the Capital Wasteland.","scientist,courier,capital_wasteland","Mothership Zeta is an alien vessel orbiting Earth that is known to abduct surface dwellers using its transporter technology. The ship holds prisoners taken across centuries, including people from before the Great War and even an astronaut, many of whom are kept in cryogenic storage. Its interior includes laboratories, robotics facilities, hangars, and a bridge equipped with a powerful energy weapon. The ship is associated with the crashed alien recon craft sometimes called Recon Craft Theta found in the Capital Wasteland.",common,"alien mothership,alien technology,capital wasteland beacon,cryo labs robotics factory,cryogenic storage,death ray weapon,orbital abduction,recon craft theta",location,fallout3,capital_wasteland,2077,2277,https://fallout.wiki/wiki/Mothership_Zeta,5671084,Alien vessel with centuries-long abduction record; present-day events per Fallout 3 DLC timeline.
"my_megaton_house,Empty House","The residence in Megaton designated as the Empty House remains unoccupied until ownership is transferred by Sheriff Lucas Simms or, if the sheriff is deceased, his son Harden Simms. The transfer occurs as a reward for disarming the central atomic bomb during the Power of the Atom situation. Upon claiming the dwelling, it is renamed My Megaton House. The structure contains a main floor lounge, a small kitchenette, an upstairs landing, a bedroom, and an additional room frequently occupied by the robot butler Wadsworth. Wadsworth provides purified water in limited weekly quantities, hair styling, and informational services. Moira Brown at Craterside Supply sells home improvements including an infirmary, laboratory, workbench, jukebox, and vending machine, as well as decorative themes ranging from Raider to Pre-War. The Science and Love Machine themes each yield a unique skill book. Moira indicates a previous resident lived in the house shortly before the current owner, though this individual is never identified.","capital_wasteland,wastelander","An empty residence in Megaton, known as the Empty House, sits unoccupied until its ownership is transferred. Sheriff Lucas Simms, or his son Harden Simms if the sheriff is deceased, can grant the key to this house as a reward for disarming the central atomic bomb. Once claimed, the dwelling is renamed My Megaton House. The home features a main floor lounge, kitchenette, upstairs landing, bedroom, and an additional room often occupied by a robot butler named Wadsworth.",common,"craterside supply upgrades,empty house ownership,home themes skill books,lucas simms reward,megaton residence,moira brown improvements,wadsworth robot butler",location,fallout3,capital_wasteland,2277,2277,https://fallout.wiki/wiki/My_Megaton_House,5661740,Present-day Megaton residence; ownership contingent on bomb disarmament per Fallout 3 timeline.
northwest_seneca_station,"Northwest Seneca Station is a remnant of the pre-War Capital Wasteland metro system, its collapsed structure reflecting the widespread decay of Washington's subterranean transit network. Situated across the river from Arefu, the station's strategic relevance is twofold: it serves as one of three candidate hideouts for the Family per Evan King's assessment, and it houses an operational ghoul-run chem lab. Murphy and his assistant Barrett occupy a converted maintenance room, producing Ultrajet from Sugar Bombs—a synthesis that suggests surprising post-War chemical ingenuity among ghoul populations. The station's irradiated sewer tunnel connects through the Meresti Service Tunnel to Meresti Metro Station, establishing an underground corridor that links disparate metro ruins. Following the events at Project Purity, an Enclave camp materializes on the highway overpass west of the entrance, staffed by an officer and two soldiers—one equipped with Tesla Armor and a missile launcher—underscoring the Enclave's rapid territorial expansion across the Capital Wasteland.","capital_wasteland,ghoul,historian","Northwest Seneca Station is a collapsed metro station in the Capital Wasteland, situated just north of Arefu on the opposite bank of the river. According to Evan King, it is one of three possible locations where the group known as The Family might be living. The station's accessible sections include a mole rat-infested restroom area and a converted maintenance room serving as a lab for a ghoul named Murphy and his assistant Barrett. An irradiated sewer tunnel leads from the station through the Meresti Service Tunnel to Meresti Metro Station, where The Family maintains their hideout.",common,"enclave camp expansion,family hideout candidate,ghoul chem lab,meresti service tunnel,metro transit ruins,ultrajet production",location,fallout3,capital_wasteland,2277,,https://fallout.wiki/wiki/Northwest_Seneca_Station,5664130,Enclave camp appearance is contingent on post-Waters of Life developments.
oasis,"Oasis represents one of the most ecologically anomalous sites in the Capital Wasteland—a verdant forest sustained by the symbiotic mutation of Harold and the tree Herbert (called Bob) growing from his body. Harold took root approximately 20 to 30 years before 2277, his seed pods propagating trees, grass, and plant life across the surrounding caves, which had originally sheltered mining town survivors during the Great War. Tree Father Birch's discovery of Harold led to the founding of the Treeminders, a quasi-religious community that reveres Harold as the ""Great One"" and shuns technology, attributing all human misery to technological progress. Despite this ideology, the Treeminders pragmatically accept manufactured weapons for defense. Birch and Leaf Mother Laurel jointly lead the group, and all human residents bear horticultural names. Three Dog broadcasted descriptions of real trees on Galaxy News Radio, making Oasis known to the wider Wasteland. The Lone Wanderer was the first outsider admitted in years, suggesting extreme isolationism.","capital_wasteland,historian,tribal","Oasis is a lush, forested settlement hidden inside a large rock formation in the northern Capital Wasteland, northwest of the Clifftop Shacks. It is built upon an extensive network of caves that once sheltered survivors from a nearby mining town during the Great War. The vegetation is the result of Harold, a mutated wanderer who had a tree named Herbert, or Bob, growing from his body. Harold took root here roughly 20 to 30 years ago, and his mutation spread seed pods that spawned the surrounding trees, grass, and plants.",common,"anti-technology ideology,ecological anomaly,gnr broadcast mention,harold tree mutation,mining town shelter,treeminder community",location,fallout3,capital_wasteland,,2277,https://fallout.wiki/wiki/Oasis,5594222,Harold's arrival is estimated at 20-30 years before the Fallout 3 present day.
olney_sewers,"The Olney Sewers lie beneath Old Olney, a town whose Deathclaw infestation extends deep into the subterranean tunnels. The sewers contain evidence of a failed Brotherhood of Steel expedition: a dead Initiate in a partly collapsed passage carries prototype medic power armor and its manual. A maintenance room contains a terminal linked to a uniquely marked Protectron with yellow joint markings and a checkered head. When activated, the robot detects a creature of unusual size and begins an extermination routine, showing that the old security system still recognizes the Deathclaws as intruders. A utility worker identification card found beside a skeleton can interact with the system. Ladders and damaged passages connect the sewers to deeper areas beneath Old Olney, while secured storage containing heavy weapons and ammunition suggests either pre-War emergency stockpiling or later scavenger use.","capital_wasteland,brotherhood,engineer,military","The Olney Sewers are a small sewer system beneath Old Olney in the Capital Wasteland. Like the town above, the sewers are infested with Deathclaws, making them extremely dangerous to explore. The tunnels contain a maintenance room with a terminal connected to a Protectron unit, and a partly collapsed section where the body of a Brotherhood of Steel Initiate can be found. Some areas of the sewer connect to deeper underground passages beneath Old Olney.",common,"brotherhood initiate corpse,deathclaw infested sewers,old olney underground,pre-war utility infrastructure,prototype medic armor,unique protectron unit",location,fallout3,capital_wasteland,2277,,https://fallout.wiki/wiki/Olney_Sewers,5625542,Old Olney Underground connection requires Broken Steel add-on.
our_lady_of_hope_hospital,"Our Lady of Hope Hospital, situated near Vernon Square Station in the ruins of Washington, D.C., functions as a focal point for Super Mutant activity driven by their search for traces of the Forced Evolutionary Virus. Super Mutants congregate here in concentrated numbers, seeking remnants of the FEV once used at Vault 87 to create their kind. Super Mutants within the hospital are overheard discussing their failure to find any ""green stuff,"" a direct reference to the FEV. The building's structural decay includes a fallen broadcasting antenna that bridges to the Statesman Hotel, providing the sole access to the hotel's upper floors. The hospital is heavily trapped—frag mines, grenade bouquets, microfusion cell toilet traps, and a concealed frag grenade terminal trap—suggesting either Super Mutant cunning or residual pre-War security measures. A still-functioning Mister Handy locked in a closet will attack Super Mutants if released. The facility holds substantial medical supplies, including multiple D.C. Journals of Internal Medicine and a large quantity of blood packs.","capital_wasteland,scientist,military","Our Lady of Hope Hospital is a ruined medical facility located near Vernon Square Station in the Capital Wasteland. The building has been overrun by Super Mutants, who gather there in concentrated numbers while searching for traces of the Forced Evolutionary Virus once used at Vault 87. A fallen broadcasting antenna connects the hospital to the Statesman Hotel, serving as a bridge to the hotel's upper floors. The hospital contains numerous traps and a significant stockpile of medical supplies, including blood packs and copies of D.C.",common,"hospital trap network,medical supply cache,mister handy encounter,statesman hotel antenna bridge,super mutant fev search,vault 87 virus connection",location,fallout3,capital_wasteland,2277,,https://fallout.wiki/wiki/Our_Lady_of_Hope_Hospital,5575547,Super Mutant Overlords appear only with Broken Steel add-on.
paradise_falls,"Paradise Falls occupies the ruins of a pre-War strip mall, formerly the Paradise Falls Shopping Center, in the northern Capital Wasteland. Its most recognizable landmark is a Large Boy statue holding an ice cream cone, visible from a considerable distance. The compound is rectangular, protected by walls of stacked derelict vehicles, with a dirt path lined with makeshift fencing and barbed wire leading to the entrance. The slave trade here has a long history, previously led by figures such as Harmon Jurley and the ""Black Widow"" Penelope Chase. Eulogy Jones currently manages operations after killing the previous leader, and under his direction the slavers purchase and sell slaves as well as offer bounties for enslaving specific VIP targets. The compound includes several key structures: the Lock and Load weapons shop housed in a building formerly marked ""Restaurant,"" the Slaver Barracks built from a two-story liquor store, Cutter's Clinic within a former store called Velmas, and Eulogy's Pad, a converted cinema serving as the leader's residence. Slave and Brahmin pens occupy the southern edge, built within a former clothing store, while a refitted Pulowski Preservation Shelter known as ""The Box"" serves as a holding cell. Herbert ""Daring"" Dashwood observed that slaving operations were once less organized but have since made Paradise Falls the most dangerous dump in the Capital Wasteland.","capital_wasteland,raider,merchant,wastelander","Paradise Falls is a fortified slaver compound built from the ruins of a pre-War strip mall, recognizable by its Large Boy statue landmark. The slave trade here has been led by figures such as Harmon Jurley and Penelope Chase, with Eulogy Jones currently managing operations after killing the previous leader. The compound includes slaver barracks, a weapons shop, a clinic, and holding pens where captives are bought, sold, and stored. Herbert Dashwood notes that the slaving operations were once less organized but have since made Paradise Falls the most dangerous dump in the Capital Wasteland.",common,"eulogy jones leader,fortified strip mall,large boy statue,slave trade hub,slaver compound capital wasteland",location,fallout3,capital_wasteland,2277,2277,https://fallout.wiki/wiki/Paradise_Falls,5669853,Basic article supplied non-empty; returned unchanged.
point_lookout,"Long before the Great War, the Point Lookout region was discovered by English explorer John Smith in 1612. In 1634, the ships Ark and Dove landed nearby, and settlers constructed the Ark & Dove Cathedral in their honor. During the American Civil War, the area saw military activity, and mass graves from that era remain scattered throughout the swamps. During the Resource Wars, the secluded backwater harbored another military prison, the Turtledove Detention Camp, built for Chinese-Americans suspected of espionage. The spy Wan Yang was arrested there and died during interrogation. A Chinese submarine patrolling off the coast was disabled and salvaged by the United States Navy just prior to the Great War. Though never directly struck by nuclear weapons, Point Lookout suffered severe irradiation from the Potomac River flowing out of the Capital Wasteland, contaminating the bogs and driving the evolution of the Swampfolk, a crazed, highly deformed, inbred people. The radiation also attracted Feral Ghouls and Swamplurks to the radioactive waters. The muck surrounding the region contains biogas, accumulated because radioactive contamination disrupted the normal decay of Civil War-era mass graves, producing patches of greenish-gray, steaming earth that releases flammable methane bubbles. Nearly devoid of organized society, the region is sparsely inhabited by isolated individuals and local Tribals, and is known to outsiders for its unique Punga Fruit.","wastelander,tribal,ghoul,historian","Point Lookout is a desolate, swampy region downriver from the Capital Wasteland that was never directly hit by nuclear bombs but suffered severe irradiation from the Potomac River. The pervasive radiation in its bogs led to the evolution of the Swampfolk, crazed and highly deformed people who inhabit the swamps alongside Feral Ghouls and Swamplurks. Almost entirely devoid of organized society, the area is sparsely populated by a few isolated individuals like Tobar the Ferryman and local Tribals. It is known to outsiders primarily for its unique Punga Fruit and the legends of hidden pre-War technology scattered among its abandoned buildings and Civil War-era mass graves.",common,"civil war mass graves,punga fruit bogs,swampfolk mutations,swampy irradiated region,turtledove detention camp",location,fallout3,capital_wasteland,2277,2277,https://fallout.wiki/wiki/Point_Lookout_(location),5666651,Basic article supplied non-empty; returned unchanged.
reclining_groves_resort_homes,"The pre-War subdivision known as Reclining Groves Resort Homes occupies a modest stretch of paved road in the northern Capital Wasteland, north of Germantown Police HQ and west-northwest of the MDPL-13 Power Station. Its seven ruined houses and small playground are now little more than shells. A military checkpoint near the collapsed overpass segments suggests the area held some significance during the final days before the Great War, with ammunition, medical supplies, and weapons still scattered among the skeletons there. The settlement's most notable inhabitant is a scavenger who has established a makeshift trading post in a partially destroyed barn at the eastern end, accompanied by his dog. The scavenger guards his possessions carefully, keeping a Chinese Army: Special Ops Training Manual secured in a heavily locked footlocker on the barn's upper floor. South of the barn, a dirt path leads up a hill to Warren, a small cave serving as a den for vicious dogs, where the corpses of a mercenary and a wastelander suggest a failed expedition. The surrounding area attracts hostile wasteland creatures and robots, posing a danger to unwary travelers. After the Enclave establishes a nearby camp, the scavenger and his dog abandon the location entirely.","capital_wasteland,wastelander","Reclining Groves Resort Homes is a ruined pre-War neighborhood in the Capital Wasteland, situated north of Germantown Police HQ and west-northwest of the MDPL-13 Power Station. The area consists of seven destroyed houses and a small playground lining a stretch of paved road. A scavenger and his dog have set up a makeshift shop in a partially destroyed barn on the eastern end of the settlement. A dirt path leading south from the barn up a small hill leads to Warren, a small cave home to vicious dogs and the corpses of a mercenary and a wastelander.",common,"military checkpoint collapsed overpass,northern capital wasteland,ruined pre-war neighborhood,scavenger trading post,warren vicious dogs",location,fallout3,capital_wasteland,2277,2277,https://fallout.wiki/wiki/Reclining_Groves_Resort_Homes,5601148,Basic article supplied non-empty; returned unchanged. Advanced article rewritten to remove out-of-world encounter-system references.
"republic_of_dave,the Kingdom of Larry,the Republic of Stevie-Ray,Billsylvania,the New Republic of Stevie-Ray","The Republic of Dave occupies a pre-War separatist militia compound in the remote northeastern Capital Wasteland, east of Old Olney. The original militia believed the United States government had been corrupted by communism. Over its post-War history, the settlement has been known by many names, reflecting the succession of its rulers: the Kingdom of Larry, the Republic of Stevie-Ray, Billsylvania, the New Republic of Stevie-Ray, and the Kingdom of Tom. Dave, Tom's son, was once exiled from the Kingdom of Tom and wandered the wastes for years before returning roughly two decades ago, at which point his father ceded control. Dave reformed the settlement into the Republic of Dave, declaring himself president and insisting on being addressed as ""Mr. President."" The compound comprises four primary buildings, an outhouse, a playground, and a Brahmin pen. The community is a single extended family, governed through institutions Dave established, including the Army of Dave, the Bureau of Dave-like Activities, a museum, a school, a capitol building, and a tourism office. Visitors must treat Dave with utmost respect or face expulsion under threat of execution. The museum contains educational displays, including a Brahmin skull that residents are taught to believe belongs to a Deathclaw. The settlement's isolation is such that Galaxy News Radio can only faintly reach it.","capital_wasteland,wastelander","The Republic of Dave is a small farming community in the northeastern Capital Wasteland, east of Old Olney, founded on the site of a pre-War separatist militia compound. Over its history, the settlement has been known by many names, including the Kingdom of Larry, the Republic of Stevie-Ray, Billsylvania, the New Republic of Stevie-Ray, and most recently the Kingdom of Tom, before its current ruler Dave took control from his father Tom and reformed it into the Republic of Dave. The compound consists of a single extended family living among several buildings, including a capitol, a museum, a school, and a tourism office, and is governed by Dave, who insists on being addressed as Mr. President.",common,"dave president settlement,extended family community,kingdom of tom,northeastern capital wasteland,separatist militia compound",location,fallout3,capital_wasteland,2277,2277,https://fallout.wiki/wiki/Republic_of_Dave,5669809,Basic article supplied non-empty; returned unchanged.
rivet_city,"Rivet City traces its origins to remnants of the Naval Research Institute, who under Horace Pinkerton's leadership sought new laboratory space and discovered the dry-docked aircraft carrier decades after the Great War. After clearing mirelurks from the vessel, they established the Rivet Station Science Outpost around the intact science bay. By April 2239, a civilian settlement had grown around the station, prompting formal founding on April 25 by Pinkerton, Annette Holmes, and Brad Danvers. Governance was vested in a three-person council representing scientists, civilians, and security. The settlement prospered, leveraging the carrier's pre-war hydroponic farms and desalinization facilities to produce non-irradiated food, a rare commodity traded for raw materials with other communities. In 2258, Madison Li and her team arrived after abandoning Project Purity, eventually displacing Pinkerton, who departed into self-imposed exile in the broken bow. The city's security force, trained by veterans Harkness and Lana Danvers, is equipped with combat armor and automatic weapons. Social stratification persists between upper deck and hangar deck residents, and respiratory ailments from rust afflict the population. Following Project Purity's activation, Rivet City became the Brotherhood of Steel's first trading partner, exchanging protection for water caravans, though escalating raider attacks under Split Jack's leadership strained their resources severely.","capital_wasteland,historian,wastelander","Rivet City is the largest settlement in the Capital Wasteland, housed within a decaying pre-war aircraft carrier grounded in Washington, D.C. It was formally established in 2239 by Horace Pinkerton, Annette Holmes, and Brad Danvers, growing from a naval science outpost into a thriving community governed by a three-person council representing scientists, civilians, and security personnel. The city is renowned for its hydroponic farms that produce non-irradiated food, its advanced science lab, and a well-equipped security force trained by veterans like Harkness and Lana Danvers. Challenges facing the settlement include respiratory ailments caused by rust, social tensions between upper deck and hangar deck residents, and the constant need to defend against raiders, super mutants, and mirelurks that infest the ship's lower sections.",common,"aircraft carrier home,capital wasteland largest,hydroponic food production,naval research institute,rivet city settlement,three person council",location,fallout3,capital_wasteland,2239,2277,https://fallout.wiki/wiki/Rivet_City,5669816,Basic article supplied non-empty; returned unchanged.
robco_facility,"The RobCo Facility served as a pre-war RobCo Industries manufacturing plant for Protectron robots in the Capital Wasteland, situated northeast of Tenpenny Tower and southwest of Fort Independence. The factory floor displays several Protectron units in various configurations, including specialized models such as a Nuka-Cola Protectron and a military-issue variant, alongside standard units. Many Protectrons remain dormant in charging stations throughout the building. By 2277, the facility has fallen into disrepair, infested with mole rats and radroaches that roam the assembly lines and office spaces. The RobCo Production Mainframe on the second floor remains operational and can be interfaced with to issue commands to the facility's robots and turrets, including pest extermination protocols and stress testing routines. The building contains extensive office and cafeteria areas with workbenches, lockers, and storage closets. A traveling robot merchant known as Tinker Joe can sometimes be found in the parking lot outside, accompanied by his automatons, among them a military-grade Protectron designated Sergeant RL-3. The facility's location near major wasteland routes makes it a notable landmark for travelers and scavengers.","capital_wasteland,engineer,wastelander","The RobCo Facility is a pre-war RobCo Industries factory located in the Capital Wasteland, northeast of Tenpenny Tower and southwest of Fort Independence. It was used for the assembly of Protectron robots, with many units left dormant in charging stations throughout the building. By 2277, the facility is infested with mole rats and radroaches, and its production mainframe remains operational, capable of issuing commands to the robots and turrets within. A traveling robot merchant known as Tinker Joe can occasionally be found in the parking lot outside, accompanied by his automatons, including a military-grade Protectron designated Sergeant RL-3.",common,"capital wasteland landmark,pre-war robotics facility,production mainframe operational,protectron assembly plant,robco factory,tinker joe merchant",location,fallout3,capital_wasteland,,2277,https://fallout.wiki/wiki/RobCo_Facility,5664627,Basic article supplied non-empty; returned unchanged.
"robot_repair_center,Darren's Discounts","Before the Great War, the building that now houses the Robot Repair Center operated as Darren's Discounts, a large discount electronics warehouse in the Capital Wasteland, situated south-southwest of Canterbury Commons. In the post-nuclear era, the structure was claimed by the Mechanist, a wasteland figure who deployed robots to enforce his vision of order, establishing a secret lair known as the Mechanist's Forge accessible through an elaborate hidden door triggered by a coffee brewer. The facility is divided into office spaces and two automated repair sectors, each defended by robots ranging from Protectrons to Sentry Bots and automated turrets. A security console on a high platform can trigger an emergency pulse, a massive EMP blast capable of destroying nearby robots, provided the encryption key is retrieved from a locked safe. After the Enclave's resurgence, a small outpost appeared just south of the facility, guarded by an Enclave officer and turrets, with a terminal explaining the camp's purpose. The Mechanist's Forge contains a workbench, storage, and a bed, serving as a functional base of operations. The deactivated Protectrons in Sector B retain firmware programming to proceed to the lobby and await customer collection, a remnant of the building's original commercial purpose.","capital_wasteland,engineer,wastelander","The Robot Repair Center is a facility in the Capital Wasteland situated south-southwest of Canterbury Commons. Before the Great War, the building operated as a large discount electronics warehouse known as Darren's Discounts. In the post-nuclear era, the structure has been repurposed as the base of the Mechanist, a wasteland figure who uses robots to enforce his vision of order. The interior is divided into office spaces, two automated repair sectors, and a secret lair known as the Mechanist's Forge, all heavily guarded by Protectrons, Sentry Bots, and automated turrets.",common,"canterbury commons vicinity,darren's discounts warehouse,enclave southern outpost,mechanist base lair,protectron sentry bot defense,robot repair center",location,fallout3,capital_wasteland,,2277,https://fallout.wiki/wiki/Robot_Repair_Center,5477164,Basic article supplied non-empty; returned unchanged.
shalebridge,"Shalebridge is a location in the Capital Wasteland north of Broadcast Tower KT8 and southwest of the Abandoned Car Fort, consisting of a broken relay tower and two distinct subterranean ant habitats. The Shalebridge Tunnels, marked by green bioluminescent mushrooms, house a small colony of passive mutated forager ants that are notably non-hostile toward visitors. This colony faces periodic incursions by larger invader ants from the rival colony at Shalebridge Hill, which is surrounded by golden fungus and contains aggressive giant worker ants, soldier ants, and a giant ant queen. The tunnels also hold the remains of an ant researcher, found in a pool of water near egg clusters, suggesting prior scientific interest in the colonies. Bodies of raiders who perished in the area indicate that the location has attracted hostile scavengers. An ant compost heap within the friendly colony's cave produces ant nectar, and the colony's egg clusters can be stimulated to encourage growth. The rivalry between the two colonies is central to the area's ecology, as eliminating the aggressive queen at Shalebridge Hill reduces invader attacks on the passive colony below.","capital_wasteland,scientist,wastelander","Shalebridge is a location in the Capital Wasteland situated north of Broadcast Tower KT8 and southwest of the Abandoned Car Fort. It consists of a broken relay tower, the Shalebridge tunnels, and Shalebridge Hill, with the latter two areas serving as homes to rival ant colonies. The Shalebridge Tunnels, marked by green mushrooms, house a small colony of passive mutated forager ants, while Shalebridge Hill, surrounded by golden fungus, contains an aggressive colony of giant worker ants, soldier ants, and a giant ant queen. The tunnels also hold the remains of an ant researcher found in a pool of water near the egg clusters, along with the bodies of raiders who perished in the area.",common,"broken relay tower,capital wasteland caves,giant ant queen,mutated forager ants,rival ant colonies,shalebridge ant colonies",location,fallout3,capital_wasteland,,2277,https://fallout.wiki/wiki/Shalebridge,5441028,Basic article supplied non-empty; returned unchanged.
statesman_hotel,"The Statesman Hotel was a pre-War luxury establishment in Vernon Square that catered to upper-class clientele, as documented in terminal entries written by the hotel concierge and corroborated by nurses' terminal records at the adjacent Our Lady of Hope Hospital. The structure rises twelve stories and is divided into four sections: the ground floor, mid-level, restaurant, and roof. The majority of the building can only be reached by passing through Our Lady of Hope Hospital and crossing a fallen radio mast that bridges the two structures. By 2277, the hotel had become a stronghold for Super Mutants and Centaurs. The mercenary group Reilly's Rangers, minus their leader Reilly, became stranded on the rooftop while pinned down by Super Mutant forces. A deceased Ranger named Theo lies in a stairwell alongside an ammunition box that can only be opened with a code provided by Reilly, who was recovering at Underworld's clinic under Doctor Barrows' care. Just outside the hotel entrance lies a crashed Delta IX rocket leaking dangerous radiation, which has drawn additional Super Mutants into the exposed sewer beneath its crater.","brotherhood,capital_wasteland,super_mutant","The Statesman Hotel is a twelve-story building located in Vernon Square within the ruins of Washington, D.C. Before the Great War, it catered to upper-class clientele, but it is now infested with Super Mutants and Centaurs. The majority of the hotel is only accessible by traveling through Our Lady of Hope Hospital and crossing a fallen radio mast. The mercenary group known as Reilly's Rangers is stranded on the hotel's rooftop, pinned down by Super Mutant forces.",common,"delta ix rocket crash,fallen radio mast,our lady of hope,reilly's rangers rooftop,super mutant infestation,vernon square hotel",location,fallout3,capital wasteland,2277,2277,https://fallout.wiki/wiki/Statesman_Hotel,5617685,Rewrote advanced article to remove out-of-world and mutable-game wording.
taft_tunnel,"Taft Tunnel serves as a subterranean escape route connecting the Jefferson Memorial to a sewer grate outside The Citadel, emerging just south of the west end of Key Bridge. The tunnel system was used by Dr. Madison Li and her team of scientists to flee the Jefferson Memorial when Enclave forces seized the facility during the activation of Project Purity. The initial passages are infested with feral ghouls and lined with radioactive barrels. Deeper inside, the tunnel branches into areas occupied by Enclave soldiers who established ambush positions along the route. A very hard terminal must be bypassed to progress through one of the sealed doors. Further along, a Brotherhood of Steel paladin wielding a flamer engages feral ghouls in the lower passages. The tunnel ultimately ascends via a ladder to the entrance of The Citadel, the Brotherhood of Steel's headquarters in the ruins of the Pentagon. The Jefferson Memorial access point becomes unavailable after the Enclave's takeover of the facility.","brotherhood,capital_wasteland,enclave,ghoul","Taft Tunnel is an escape route leading from the Jefferson Memorial to a sewer grate outside The Citadel, situated just south of the west point of Key Bridge. The tunnel system is infested with feral ghouls and contains numerous radioactive barrels. Further inside, the passages branch into areas occupied by Enclave soldiers and a Brotherhood of Steel paladin wielding a flamer. The route ultimately leads up a ladder to the entrance of The Citadel.",common,"citadel sewer access,enclave ambush tunnel,feral ghoul infestation,jefferson memorial escape,key bridge underground,madison li evacuation",location,fallout3,capital wasteland,2277,2277,https://fallout.wiki/wiki/Taft_Tunnel,5443877,
tenpenny_tower,"Before the Great War, Tenpenny Tower functioned as a resort for the wealthy and powerful, built on the foundations of an old plantation. The Ghoul Michael Masters, once an eminent pre-War scientist, vacationed there and recalled its opulence. By 2277, the tower had been claimed by Allistair Tenpenny, an English entrepreneur who hired workers to repair and secure the building. His operation siphoned electricity from the still-functioning underground DC Metro system, enabling the establishment of shops, a bar, and a clinic within the lobby. Tenpenny admitted only the wealthy or traders with sufficient caps, and strictly barred Ghouls from entry. Chief Gustavo managed security and focused on what he termed the ""ghoul problem,"" while Mister Burke was tasked with eliminating what Tenpenny considered an ""eyesore"" on the horizon — the settlement of Megaton. The penthouse suites housed Tenpenny's chosen residents, who sometimes watched him take pot-shots at wasteland creatures from his balcony with a sniper rifle as part of his ""wasteland safari."" A Protectron named Shakes was programmed to serve as the tower's barman. The ghoul Roy Phillips sought entry for himself and his fellow ghouls, creating a volatile standoff between the tower's elitist human residents and the displaced ghoul population of the surrounding wastes.","capital_wasteland,ghoul,merchant,wastelander","Tenpenny Tower is a fortified settlement in the Capital Wasteland, located west of the DC ruins and southwest of the RobCo Facility. Before the Great War, the structure served as a resort for the wealthy and powerful, built on the foundations of an old plantation. By 2277, the tower had become a private, elitist residential and commercial building under the ownership of Allistair Tenpenny, an English entrepreneur who only permitted the well-to-do to reside there while strictly barring Ghouls from entry. Tenpenny hired individuals to repair and secure the building, including Chief Gustavo, who heads security, and his right-hand man Mister Burke.",common,"allistair tenpenny ownership,ghoul entry ban,gustavo security chief,mister burke megaton,pre-war luxury resort,wasteland safari balcony",location,fallout3,capital wasteland,2277,2277,https://fallout.wiki/wiki/Tenpenny_Tower,5594676,
"the_citadel,DC Bunker","The Citadel occupies the ruins of the Pentagon at the west end of Key Bridge, northeast of Arlington Library. The Brotherhood of Steel arrived in the Capital Wasteland in 2255 and established their headquarters there within the first few months. Inside, they discovered Liberty Prime, a gargantuan pre-War robotic super weapon, which became the primary focus of the Scribes' research efforts under the direction of Scribe Rothchild. The facility's new construction was led by Scribe Bowditch, who designed a crane-operated solid metal gate built into the destroyed corner of the building, leading directly into the Bailey. The Citadel is organized into several sectors: the Bailey serves as a training ground where new recruits practice combat skills under Paladin Gunny; A Ring houses the Lyons' Den quarters for Lyons' Pride, the Great Hall briefing room, and a library containing Vault-Tec terminals and historical records of the Maxson family; B Ring contains sleeping quarters, a medical bay staffed by Sawbones — a unique Mister Gutsy robot — and the private quarters of Elder Owyn Lyons and Squire Maxson; and the Laboratory spans two levels where Scribes conduct research on weaponry, defensive technologies, and Liberty Prime. The armory is managed by Knight Captain Durga. Enclave President John Henry Eden declared on Enclave Radio that the facility was the country's most important military installation and labeled the Brotherhood criminals for claiming it.","brotherhood,capital_wasteland,enclave,military","The Citadel, sometimes called the DC Bunker, is the headquarters of the Brotherhood of Steel in the Capital Wasteland and occupies the ruins of the former Pentagon at the west end of the Key Bridge. The Brotherhood arrived in the area in 2255 and established their headquarters within the first few months, discovering a pre-War robotic super weapon named Liberty Prime inside the building, which they began to repair. From this location, the Brotherhood searched for advanced technology hidden in the capital's ruins, with the facility's new construction led by Scribe Bowditch. Enclave President John Henry Eden has declared on Enclave Radio that the facility is the country's most important military installation and labeled the Brotherhood criminals with the audacity to claim it as their own personal clubhouse.",common,"bailey training ground,elder owyn lyons,liberty prime repair,lyons pride quarters,pentagon brotherhood headquarters,scribe rothchild laboratory",location,fallout3,capital wasteland,2255,2277,https://fallout.wiki/wiki/The_Citadel,5655344,
the_mall,"The Mall in Washington, D.C. was once a well-maintained public park, but centuries after the Great War it has become one of the most dangerous zones in the Capital Wasteland. It holds the second-largest concentration of Super Mutants in the region, surpassed only by Vault 87. The Super Mutants have constructed an elaborate network of trenches, fences, and bunkers across the area, making open crossing a deadly prospect. The Brotherhood of Steel maintains a defensive perimeter around the Washington Monument at the Mall's center, while Talon Company engages Super Mutants offensively to the west toward the Capitol Building. Slavers occupy the Lincoln Memorial at the Mall's western end. The reflecting pool between the Washington Monument and the Lincoln Memorial remains filled with irradiated water and debris. Underground metro stations on either side provide safer passage through the zone.","capital_wasteland,brotherhood,super_mutant,raider","The Mall is a bombed-out war zone in Washington, D.C., occupied by Super Mutants. The well-maintained public park has been replaced by a network of trenches, fences, and bunkers in fortified positions where the Super Mutants are located. Crossing this part of the Mall will involve enduring firefights unless sneaking around the outsides, but the underground metro stations on either side of this zone bypass the conflict. The outside of Underworld is patrolled by Willow, who, despite her claims that Super Mutants leave ghouls alone, will be shot at by nearby Super Mutants.",common,"brotherhood defensive position,capital wasteland war zone,irradiated reflecting pool,lincoln memorial slavers,super mutant stronghold,washington monument",location,fallout3,capital_wasteland,,,https://fallout.wiki/wiki/The_Mall,5617618,
the_pitt,"The Pitt, built in the ruins of Pittsburgh, Pennsylvania, stands as one of the most grim industrial settlements in post-War America. Pittsburgh was never struck directly by a nuclear bomb, but the city suffered catastrophic societal collapse as local gangs and raiders seized control amid rampant disease. The Troglodyte Degeneration Contagion ravaged the population, transforming sufferers into Trogs and Wildmen. During their march toward the Capital Wasteland, the Brotherhood of Steel under Paladin Lyons conducted a devastating overnight operation called The Scourge, sweeping through the city from Mount Wash and eliminating hostiles. Lyons' forces departed with approximately twenty healthy children for Brotherhood initiation, suffering only one reported casualty: Initiate Ishmael Ashur, who survived beneath the rubble. Ashur rose to lead The Pitt, restarting its steel mills through slave labor. He views enslavement as a temporary necessity, believing his immune infant daughter Marie may hold the key to curing the city's afflictions. Meanwhile, the enslaved population plots revolt.","capital_wasteland,brotherhood,raider","The Pitt is a Raider-dominated city built in the ruins of Pittsburgh, Pennsylvania. After the Great War, local gangs took over the area, and diseases such as Troglodyte Degeneration Contagion turned much of the populace into hostile creatures like Trogs and Wildmen. The Brotherhood of Steel, led by Paladin Lyons, swept through the city in a single night during an operation known as The Scourge, wiping out hostiles and departing with around twenty healthy children to be initiated into the Brotherhood. Initiate Ishmael Ashur, presumed dead and buried in rubble during The Scourge, survived and established himself as leader of The Pitt, rebuilding its industry and steel mills using slave labor.",common,"ishmael ashur leader,pittsburgh ruins,raider city,slave labor steel mills,the scourge operation,troglodyte degeneration contagion",location,fallout3,the_pitt,,,https://fallout.wiki/wiki/The_Pitt_(Fallout_3),5606429,
underworld,"Underworld emerged in the Museum of History among the remains of a pre-War exhibit on death and the afterlife, whose banners still hang at the entrance. In the days following the Great War, survivors sheltering in the museum gradually underwent ghoulification. Some lost their minds, but those who accepted their transformation built a lasting community. The settlement includes Carol's Place, the Ninth Circle bar, Underworld Outfitters, and Doctor Barrows' clinic. The ghoul residents are wary of strangers but welcome respectful visitors. They are largely ignored by Super Mutants in the surrounding Mall, though they resent the Brotherhood of Steel for causing conflict nearby. Security is maintained by a ghoul named Willow patrolling the exterior and a Mister Gutsy robot called Cerberus, programmed by Winthrop despite the robot's desire to destroy ghouls. Doctor Barrows serves as both physician and community leader. The settlement has seen recent upheaval: a group led by Sanders broke away to found a new ghoul settlement at Old Olney Underground, only to be slaughtered by Deathclaws. Gob, son of Carol and Greta, left seeking fortune but was enslaved and sold to Colin Moriarty of Megaton.","capital_wasteland,ghoul,brotherhood","Underworld is a ghoul settlement inside the Museum of History in the Capital Wasteland. Its name comes from a pre-War exhibit about death and the afterlife whose banners remain at the entrance. Survivors who sheltered in the museum after the Great War gradually became ghouls, and those who retained their minds built a lasting community. Underworld includes Carol's Place, the Ninth Circle, Underworld Outfitters, and Doctor Barrows' clinic. Residents are wary of outsiders but generally accept respectful visitors, and many resent the Brotherhood of Steel's activity nearby.",common,"capital wasteland ghoul community,carols place underworld,cerberus mister gutsy,doctor barrows clinic,ghoul settlement museum history,ninth circle bar",location,fallout3,capital_wasteland,,,https://fallout.wiki/wiki/Underworld,5662857,
vault_101,"Vault 101 is a Vault-Tec shelter northwest of Megaton and west of Springvale in the Capital Wasteland. Unlike many Vaults, it did not receive a G.E.C.K., and its genetic diversity can only sustain the population for a few more generations. The Vault has remained largely isolated under strict Overseer control. Alphonse Almodovar serves as Overseer, governing with an iron hand and maintaining the fiction that the outside world remains uninhabitable. Despite this isolation, a previous Overseer assembled a survey team led by Anne Palmer that visited Megaton in February 2241, studying mutations and environmental conditions. The Vault is divided into four sections: the main entrance, the Overseer's tunnel, the atrium and upper level, and the lower level. Community life includes birthday celebrations, an annual cake bake-off, and Founder's Day. Children take the G.O.A.T. exam to determine their lifelong vocational assignments. The Tunnel Snakes, a youth gang formed by Butch DeLoria and others, represent one expression of youthful rebellion within the Vault's confined society.","capital_wasteland,vault_dweller","Vault 101 is a Vault-Tec shelter located northwest of Megaton and west of Springvale in the Capital Wasteland. Overseen by Alphonse Almodovar, the Vault's inhabitants have remained largely isolated from the outside world, with the Overseer maintaining strict control over the population. The Vault is divided into four sections: the main entrance, overseer's tunnel, atrium/upper level, and lower level, each serving different functions for the community. Vault 101 did not receive a G.E.C.K. and its genetic diversity is only able to sustain the population for a few more generations.",common,"alphonse almodovar overseer,goat exam vocational assignments,tunnel snakes youth gang,vault 101 isolation policy,vault 101 survey team,vault-tec shelter capital wasteland",vault,fallout3,capital_wasteland,,,https://fallout.wiki/wiki/Vault_101,5669846,
vault_112,"Vault 112 stands as one of the last Vaults constructed by Vault-Tec, with work beginning in November 2068 and completing in June 2074. Uniquely designed for a mere 85 occupants, it was built expressly to serve its Overseer, Dr. Stanislaus Braun, the creator of the Garden of Eden Creation Kit. Braun installed a virtual reality simulator with Tranquility Loungers containing several simulated worlds, the final being the Tranquility Lane Simulation. The Vault is maintained not by human hands—all occupants reside indefinitely in VR pods—but by specialized caretaker Robobrains lacking combat inhibitors, rendering them non-hostile even under attack. A Think Machine 3600r mainframe serves as both the standard Vault computer and the simulation control system, synchronizing all pods and monitoring each occupant's medical status. The Vault relies exclusively on geothermal power via Sure Power and X-Tra Sure Power units. Remarkably, Vault 112 remains absent from both the Citadel's Vault map and Vault-Tec's own headquarters mainframe, suggesting deliberate concealment. It is the only intact Vault in the Capital Wasteland besides Vault 101, completely free of radiation and hostile creatures. Doctor Pinkerton of Rivet City reportedly stole a memory chip from the Vault, using it to implant fabricated memories in the android Harkness.","vault_dweller,historian,scientist","Vault 112 is a Vault-Tec Vault located in the southwestern Capital Wasteland, beneath Smith Casey's Garage. Constructed between 2068 and 2074, it was designed for only 85 occupants who were to be suspended indefinitely in a virtual reality simulation. The Vault was built to serve the needs of its Overseer, Dr. Stanislaus Braun, the creator of the Garden of Eden Creation Kit. Braun installed a virtual reality simulator with VR pods containing several simulated worlds, the last of which is the Tranquility Lane Simulation.",common,"dr stanislaus braun,geothermal power vault,hidden vault tec facility,robobrain caretaker units,think machine mainframe,tranquility lane simulation,vault 112 virtual reality",vault,fallout3,capital_wasteland,2068,,https://fallout.wiki/wiki/Vault_112,5664054,"The Robobrains' claim that arrivals are '202.3 years behind schedule' implies a sealed date of approximately 2075, two years before the Great War."
vault_87,"Vault 87 represents one of the most consequential Vault-Tec installations in the Capital Wasteland, serving as the origin point of the regional Super Mutant population. Construction spanned May 2066 to December 2071, equipping the facility with a General Atomics nuclear reactor, a backup Versicorps fusion power generator, four stasis chambers, a plasma containment field, and a Garden of Eden Creation Kit. Under Dr. Wayne Merrick, the staff conducted the Evolutionary Experimentation Program, studying the effects of the Forced Evolutionary Virus on human subjects. Critically, both the Overseer and security personnel were fully aware of the experimentation's nature. Beginning in 2078, the dwellers were transformed into Super Mutants, who subsequently broke free and overwhelmed the security forces. For nearly two centuries, these Super Mutants kidnapped humans from the wasteland and brought them to the Vault for mutation, continuing until their FEV supply began to dwindle. The Super Mutants refer to FEV as 'green stuff' and have been searching for a new source. The exterior entrance registers the highest radiation levels in the Capital Wasteland, peaking at nearly 4,000 rads per second, making direct approach lethal without extraordinary protection.","scientist,historian,super_mutant","Vault 87 is a Vault-Tec installation in the Capital Wasteland, located northwest of Little Lamplight. Construction began in May 2066 and finished in December 2071, with the vault equipped with a General Atomics nuclear reactor, a backup Versicorps fusion power generator, four stasis chambers, a plasma containment field, six food processing stations, and a Garden of Eden Creation Kit. Under Dr. Wayne Merrick, the staff studied the effects of the Forced Evolutionary Virus on humans as part of the Evolutionary Experimentation Program, with the Overseer and security guards aware of the experimentation.",common,"dr wayne merrick,evolutionary experimentation program,extreme radiation entrance,forced evolutionary virus,geck vault 87,super mutant origin,vault 87 fev experimentation",vault,fallout3,capital_wasteland,2066,,https://fallout.wiki/wiki/Vault_87,5663963,The FEV supply depletion and Super Mutant search for 'green stuff' represents an ongoing concern as of 2277.
washington_monument,"The Washington Monument, a pre-War obelisk at the center of the Mall, serves as a strategic Brotherhood of Steel outpost in the Capital Wasteland due to its housing of the Galaxy News Radio signal transmitter. The Brotherhood has deployed the 2nd Monument Defense Detachment, led by Paladin Berrings, to guard the structure and its surrounding perimeter. The Brotherhood insignia is stenciled on the entrance doors, marking their claim. The monument's entrance consists of two caved-in doors and a single functional elevator that accesses the summit, where relay machinery broadcasts the GNR signal. The structure is one of only three buildings visible from nearly anywhere in the Capital Wasteland—the others being the MDPL-13 Power Station and Tenpenny Tower—granting it both symbolic and tactical significance. The summit ranks among the highest vantage points in the region, offering views past the Capitol Building through cracks in the structure. A well-armed paladin maintains a checkpoint to the northwest stocked with ammunition and medical supplies, while another patrols the southwestern perimeter outside the walls.","brotherhood,capital_wasteland,military","The Washington Monument is a pre-War obelisk standing at the center of the Mall in the Capital Wasteland. The Brotherhood of Steel has claimed the structure as an outpost because it houses the signal transmitter for Galaxy News Radio. A unit called the 2nd Monument Defense Detachment, led by Paladin Berrings, guards the location and its surrounding perimeter. The Brotherhood insignia is stenciled on the entrance doors, and the tall monument is visible from nearly anywhere in the wasteland.",common,"brotherhood of steel detachment,capital wasteland landmark,galaxy news radio transmitter,gnr signal relay,paladin berrings defense,washington monument outpost",location,fallout3,capital_wasteland,,,https://fallout.wiki/wiki/Washington_Monument,5655265,Brotherhood guard presence may change after initial visit; paladins shift from gate duty to rear patrol.
yao_guai_tunnels,"The Yao Guai Tunnels comprise a cave system in the southwestern Capital Wasteland, situated west of the Charnel House and northwest of Smith Casey's Garage. The entrance is set into a rocky outcrop behind a chain-link fence door. The tunnels follow a fairly straightforward layout centered on a main intersection with several smaller dead-end branches. Multiple Wastelanders have attempted to establish homes within these caves, leaving behind mattresses, cooking implements, ammunition containers, and assorted personal effects—evidence of repeated, likely ill-fated, habitation efforts. The den chamber, forming the heart of the Yao Guai habitat, is roughly circular with northern and southern tunnels connecting back to the main caves. A scripted encounter near the eastern passages features Yao Guai crossing the Lone Wanderer's path. A Bobblehead—Sneak rests on a metal box at the northeast side of the central pillar. A dead settler floats in a crescent-shaped radioactive pool, clutching the Yao Guai Den Note. If Broken Steel is installed, an Enclave camp appears on the bluff directly east after the Waters of Life event, often with dead soldiers and signs of struggle.","wastelander,capital_wasteland","The Yao Guai Tunnels are a cave system in the Capital Wasteland situated west of the Charnel House and northwest of Smith Casey's Garage, with an entrance set into a rocky outcrop behind a chain-link fence door. As the name suggests, the tunnels are home to a large number of Yao Guai, with a roughly circular den chamber forming the heart of their habitat. Several Wastelanders have attempted to make a home in these caves at one time or another, leaving behind mattresses, cooking implements, ammunition containers, and various other personal effects. The tunnels consist of a fairly straightforward central intersection with a few smaller dead-end branches, and the den can be reached by following the eastern passages of the cave system.",common,"enclave camp broken steel,scripted yao guai encounter,sneak bobblehead location,southwestern capital wasteland,wastelander settlement attempts,yao guai den caves",location,fallout3,capital_wasteland,,,https://fallout.wiki/wiki/Yao_Guai_Tunnels,5669856,The Enclave camp near the tunnels appears only after the Waters of Life quest with Broken Steel installed.
188_trading_post,"The 188 Trading Post emerged from a convergence of post-War economic disruption and opportunistic frontier commerce. When the NCRCF prison break flooded Primm with escaped convicts, traders Samuel Kerr and his daughter Michelle fled north to the interchange of Highway 93 and Highway 95, a junction that had sustained high traffic both before and after the Great War. Their timing capitalized on two simultaneous developments: the closure of I-15 rerouted civilian commerce up Highway 95 toward New Vegas, while regular NCR troop movements between Hoover Dam and Camp McCarran ensured a steady military customer base. Within roughly a month, the 188 Slop & Shop attracted satellite vendors, including an independent Arms Merchant operating from her truck and Alexander's Gun Runners outpost beneath the overpass. The post became a commercial hub for soldiers, merchants, and NCR citizens traveling to Vegas with caps or returning destitute. NCR trooper presence could escalate to Heavy Troopers at higher threat levels, and Legionary Assassins occasionally attacked the vicinity.","merchant,caravaner,ncr,mojave","The 188 Trading Post is a commercial outpost at the intersection of Highway 93 and Highway 95 in the Mojave Wasteland, north of El Dorado Dry Lake and west-northwest of Boulder City. It was established shortly before the Courier's arrival by Samuel Kerr and his daughter Michelle, traders from Primm who fled after the NCRCF prison break unleashed escaped convicts into the city. Recognizing the increased traffic flowing up Highway 95 toward New Vegas due to the closure of I-15, combined with regular NCR troop movements between Hoover Dam and Camp McCarran, they set up the 188 Slop & Shop, offering food, water, supplies, and repair services under the motto ""It's Better Than Nothing."" The post quickly attracted other vendors, including an independent Arms Merchant selling from her truck and Alexander, who operates a satellite location for the Gun Runners beneath the overpass. A young boy known as the Forecaster also sits nearby, selling thoughts to passersby.",common,"arms merchant truck vendor,gun runners satellite outpost,highway 93 and 95 interchange,i-15 closure rerouting,mojave commerce hub,ncr troop supply route,ncrcf prison break refugees,slop and shop motto",location,fnv,mojave,2281,,https://fallout.wiki/wiki/188_Trading_Post,5642792,Article reflects only supplied source material. Specific dates of NCRCF breakout and I-15 closure relative to 2281 are not precisely stated.
atomic_wrangler_casino,"The Atomic Wrangler Casino stands as Freeside's sole active gambling establishment, occupying pre-War Fremont Street directly across from the Silver Rush. Owned and operated by twins Francine and James Garret, it functions simultaneously as casino, flophouse, brothel, and chem source, reflecting Freeside's unregulated frontier character beyond New Vegas proper. The Garrets maintain order through hired thugs rather than formal security, and the establishment serves as a common hangout for both the Van Graffs and the Kings, two of Freeside's most powerful factions. Its clientele spans caravaneers and working-class NCR citizens who are poor but not destitute. The casino floor offers blackjack, roulette, and slots, paying 6:5 on blackjack with the dealer drawing to 16. Notably, no floor manager distributes comp rewards; gifts are delivered directly at chip milestones. Despite its brothel reputation, the Wrangler apparently lacked working prostitutes until external recruitment efforts, and a framed reproduction of Botticelli's Map of Hell from Dante's Divine Comedy hangs behind the counter.","merchant,mojave,wastelander","The Atomic Wrangler Casino is a casino in Freeside, situated across the street from the Silver Rush on the pre-War Fremont Street. It is owned by the twins Francine and James Garret. The Atomic Wrangler, the only active casino in Freeside (featuring a neon sign of a futuristic cowboy riding a stylized atom), is also a flophouse, brothel, and source of chems, located just down the main drag. It is run by the Garret twins, protected by their thugs, and is a common hangout for the Van Graffs and the Kings.",common,"blackjack roulette slots,botticelli map of hell,brothel and chem source,freeside active casino,fremont street location,garret twins ownership,ncr working class clientele,van graff and kings hangout",location,fnv,mojave,,,https://fallout.wiki/wiki/Atomic_Wrangler_Casino,5643764,Article reflects only supplied source material. The Garret twins' background and acquisition of the casino are not detailed in the source.
"big_mt,Big Empty,Big MT Research Facility","Big MT was conceived as a pre-War scientific utopia intended to 'create a new world, fueled by technology, for the benefit of all mankind,' drawing the brightest minds of the twenty-first century into a subterranean complex beneath a mountain south of Hopeville. As a defense contractor, it pioneered sonic emitters, space-age Saturnite alloys, DNA hybridization, force-field particle research, and Auto-Doc surgical advances. Its darker legacy includes Little Yangtze, a concentration camp where Chinese citizens and suspected Communist infiltrators were detained and subjected to experimentation using total pacification collars. Post-War catastrophe exposed the central dome within a crater; the Y-0 Research Center suffered an explosion, and the enigmatic 'Great Static' inflicted further devastation. The facility's original scientists survived as lobotomized Think Tank robots, employing a pacification field to trap Lobotomites and mutated creatures within the perimeter. Father Elijah later called it a 'scientific graveyard of Old World misery,' cataloguing holorifles, holograms, hibernation chambers, and bomb collars among its treasures. Legion Explorers reported the crater functioned as an impassable wall to any living thing approaching.","scientist,historian,courier,mojave","Big MT, also called the Big MT Research Facility or the Big Empty, was a pre-War scientific research center and defense contractor located south of Hopeville. It drew some of the brightest minds of the twenty-first century, producing advances in sonic emitters, space age alloys, DNA hybridization, force fields, and Auto-Doc surgery. The facility was built beneath a mountain and included a concentration camp called Little Yangtze, where Chinese citizens and suspected Communist infiltrators were held and used as research subjects with total pacification collars. After the Great War, the site was damaged and its dome exposed within a crater, and an event known as the Great Static caused further destruction.",common,"father elijah description,great static event,little yangtze concentration camp,lobotomite pacification field,pacification collar technology,pre-war defense contractor,saturnite alloy research,think tank robots",location,fnv,mojave,,,https://fallout.wiki/wiki/Big_MT,5593177,Article reflects only supplied source material. The exact nature and date of the 'Great Static' remain unspecified.
black_mountain,"Black Mountain's pre-War identity as a Hermes Communications, Inc. monitoring station placed it at the front line of Cold War satellite surveillance, tracking increased activity from China's satellite network before the Great War. During the nuclear exchange, facility operators recorded readings indicating multiple launches from both sides, noting the opposing force 'must've thrown everything they had' and that American forces 'didn't hold back either.' The mountain itself shielded the broadcast tower from full detonation impact, but staff within succumbed to radiation. Post-War settlement began when Marcus, the super mutant leader, recognized the operational array and the mountain's defensible isolation. Internal fracture followed when Tabitha repurposed the facility as Black Mountain Radio, broadcasting content that provoked disagreement within the community. Marcus and loyalists departed for Jacobstown, leaving Tabitha to declare herself 'supreme commander' of the 'State of Utobitha,' ordering followers to kill humans on sight and imprisoning ghoul mechanic Raul Tejada. The ambiance playing at Black Mountain is 'City of the Dead,' the same track used at Necropolis in the original Fallout.","historian,super_mutant,ghoul,mojave","Black Mountain is a former pre-War Hermes Communications monitoring station in the Mojave Wasteland, topped by a satellite array that tracked Chinese satellite activity before the Great War. During the war, operators recorded multiple launches from both sides before the facility's staff succumbed to radiation, though the mountain shielded the broadcast tower itself. After the war, Marcus and a group of Super Mutants settled there, finding the array still operational and the mountain defensible. One inhabitant, Tabitha, began broadcasting on Black Mountain Radio, and the resulting disagreements fractured the group, leading Marcus and his followers to depart for Jacobstown.",common,"black mountain radio broadcasts,city of the dead ambiance,great war launch recordings,hermes communications monitoring station,marcus super mutant settlement,mountain shielded broadcast tower,raul tejada imprisonment,tabitha state of utobitha",location,fnv,mojave,,,https://fallout.wiki/wiki/Black_Mountain,5645402,Article reflects only supplied source material. The exact date of Marcus's settlement and Tabitha's takeover relative to 2281 is not specified.
boulder_city,"Boulder City's destruction in 2277 stands as one of the most consequential tactical decisions of the NCR–Legion conflict in the Mojave. Chief Hanlon's deliberate retreat drew Caesar's Legion forces into the settlement, where pre-positioned high explosives collapsed the town around the advancing legionaries. The gambit shattered the Legion's first offensive against Hoover Dam but sacrificed a surviving pre-War settlement and killed NCR personnel caught in the blast, including Ranger Teresa Lutz and two troopers whose remains still lie in the ruins. The memorial at the western entrance commemorates the fallen, though many dead from the explosion remain unburied on the outskirts, a grim testament to the battle's cost. In the aftermath, Boulder City found new strategic value: its intact train station linked it to Quarry Junction's limestone supply, fueling NCR concrete production for Colorado River fortifications. That industry collapsed when deathclaws overran Quarry Junction, leaving bartender Ike as the sole permanent resident. The settlement's motto, ""Home of the Eagles,"" survives on the train station sign, echoing its pre-War identity.","historian,ncr,legion,mojave,caravaner","Boulder City is a small town in the Mojave Wasteland situated west of Hoover Dam and southeast of the 188 Trading Post. The town survived the Great War intact but was largely destroyed in 2277 during the First Battle of Hoover Dam, when NCR forces under Chief Hanlon's command lured Caesar's Legion into the town and detonated explosives packed throughout it, breaking the Legion's offensive at the cost of the settlement itself. The Boulder City Memorial stands near the western entrance, honoring the NCR troopers who fell in the battle. In the years since, the ruins became a stopover for caravans and a source of concrete for NCR fortifications along the Colorado River, using limestone shipped by train from Quarry Junction.",common,"boulder city memorial,chief hanlon tactical retreat,concrete production mojave,first battle hoover dam,ncr legion conflict,quarry junction limestone",location,fnv,mojave wasteland,2277,2281,https://fallout.wiki/wiki/Boulder_City,5599102,Article focuses on the historical and political context of Boulder City's destruction and its aftermath as a strategic asset.
"california,New California,NCR territory","California's post-War transformation into the heartland of the New California Republic makes it the most politically significant region in the American Southwest. The state's pre-War legacy persists through landmarks like the Mariposa Military Base in central California, where Forced Evolutionary Virus research seeded the super mutant crisis, and Sunnyvale, where the Platinum Chip was printed on October 22, 2077, days before the Great War. The Enclave maintained hidden bases across the former state and headquartered its operations off the California coast, where the Switchboard reported three unidentified submerged objects on the day of the war. The Brotherhood of Steel's western chapters originated in California, encountering the Enclave there over three decades before the present. Economically, California anchors regional trade through the Crimson Caravan Company, the largest trading outfit operating from the state, with wealthy families like the Jamisons of Redding investing heavily in its commerce. Papa Khan's aspiration to push the NCR back to California and Legate Lanius's musings about conquering the land underscore California's symbolic weight as both the NCR's foundation and the Legion's ultimate frontier.","historian,ncr,brotherhood,enclave,legion,merchant","California is the name of a pre-War American state whose legacy persists long after the Great War. The region is widely known as the heartland of the New California Republic, often called New California or NCR territory, and figures prominently in trade, politics, and military affairs across the post-War West. The Crimson Caravan Company, one of the largest trading outfits operating out of California, maintains extensive business operations there, and wealthy families such as the Jamisons of Redding invest heavily in its commerce. The Brotherhood of Steel has a long history in California, where it first encountered the Enclave decades ago, and the Enclave itself once maintained hidden bases and a headquarters off the California coast.",common,"brotherhood of steel origins,crimson caravan company,enclave california coast,mariposa military base fev,new california republic heartland,platinum chip sunnyvale",location,fnv,new california,,2281,https://fallout.wiki/wiki/California,5676791,"Article covers California's political, military, and economic significance across pre-War and post-War periods."
"camp_forlorn_hope,Hope","Camp Forlorn Hope embodies the NCR Army's overextension in the Mojave, a frontline camp hollowed by strategic misfortune. Established around a natural water source on the Colorado's banks, it lost its rear security when Camp Searchlight fell and Legion forces overran the outpost at Nelson, placing it directly on the front line. Major Polatli's command inherited depleted ranks, inadequate equipment, and troops armed with Caravan Shotguns rather than the Service Rifles issued elsewhere. The Forlorn Hope Mandate's withdrawal of all female troopers to Camp McCarran further strained manpower. Skirmishes in the no man's land between Forlorn Hope and Nelson steadily bled the garrison, while supply failures left the quartermaster unable to meet basic needs. Polatli's plans to retake Nelson, restore supply lines, and rebuild troop numbers represent the camp's only path to viability before the anticipated second battle at Hoover Dam. The camp's graveyard, where ghostly voices echo, and the letters scattered throughout the tents testify to the human cost of holding a position the army's highest commanders left exposed.","ncr,military,mojave,legion","Camp Forlorn Hope, sometimes shortened to ""Hope,"" is a New California Republic Army main camp on the banks of the Colorado River south of Hoover Dam. The camp was established around a water source and consists of a ramshackle collection of tents, shacks, and salvaged buses divided by a creek. After Camp Searchlight fell and Legion forces overran the NCR outpost at Nelson, Camp Forlorn Hope found itself on the front line, with morale at an all-time low and ranks depleted by ongoing skirmishes in the no man's land between the two positions. Major Polatli commands the camp and blames the army's highest commanders for the mismanagement, though he has prepared plans to increase troop numbers, restore supply lines, and retake Nelson to secure the army's flank for the inevitable battle at the dam.",common,"camp searchlight aftermath,colorado river frontline,forlorn hope mandate,major polatli command,ncr army overextension,nelson legion overrun",location,fnv,mojave wasteland,2277,2281,https://fallout.wiki/wiki/Camp_Forlorn_Hope,5574249,Article focuses on the military and strategic context of Camp Forlorn Hope's frontline status.
camp_guardian,"Camp Guardian represents a catastrophic failure of NCR reconnaissance and logistical planning in the Mojave. The outpost on Guardian Peak was intended to monitor Colorado River crossings and intercept Legion forces, but the survey team led by Burke overlooked a cave system directly behind the camp's position. Sergeant Banner's squad, dispatched to construct the fortification, endured supply shortages so severe that they borrowed a handheld radio from Ranger Station Bravo to relay reports to Camp McCarran. The soldiers' progressive discovery of strange noises and shadows, initially dismissed as PTSD symptoms, culminated in a lakelurk assault from the overlooked caves that tore the camp apart. Private Halford, the sole known survivor, killed one lakelurk in close combat but suffered dislocated joints and lacerations before dragging himself into the cave's depths to broadcast a distress signal. His subsequent disillusionment with NCR incompetence led him to desert toward California rather than await reinforcements. The eleven daily logs scattered across Guardian Peak document the squad's methodical trail-building effort and the escalating horror that overtook them, a record of institutional neglect compounded by survey failures.","ncr,military,mojave,scientist","Camp Guardian is a New California Republic Army outpost under construction on Guardian Peak in the Mojave Wasteland, positioned to overlook the Colorado River and intercept Legion forces. A squad led by Sergeant Banner was dispatched to establish the fortification, but they soon suffered from supply shortages and strange noises reported by the soldiers. The troops eventually discovered a cave system near their camp that was missed by the initial survey team. The camp was subsequently overrun by lakelurks emerging from the caves, leaving Private Halford as the only known survivor to broadcast a distress signal.",common,"camp guardian distress,guardian peak outpost,lakelurk cave assault,ncr reconnaissance failure,private halford survivor,survey team oversight",location,fnv,mojave wasteland,2281,2281,https://fallout.wiki/wiki/Camp_Guardian,5574456,Article covers the military and institutional context of Camp Guardian's destruction by lakelurks.
"camp_mccarran,McCarran International Airport","Camp McCarran's strategic value stems directly from its pre-War infrastructure: the intact monorail linking it to the Strip, perimeter walls erected before 2281 that transect the old runways, and adaptable terminal facilities. The NCR founded the base in 2252, but its modern significance crystallized under the Treaty of New Vegas, whereby Mr. House permitted a major NCR military presence there in exchange for keeping forces off the Strip itself. This arrangement made McCarran the nerve center for all NCR Army operations across Nevada, handling troop allocation, supply distribution, and intelligence. General Lee Oliver once commanded personally but relocated to Hoover Dam ahead of the anticipated confrontation with Caesar's Legion, delegating full authority to Colonel James Hsu. Despite housing the region's largest garrison outside Hoover Dam, the base is chronically shorthanded, strained by relentless Fiend skirmishes, Legion espionage infiltration, food shortages, and equipment failures. The OSI lab within the terminal underscores the NCR's reliance on scientific logistics to sustain its overextended Mojave campaign.","ncr,mojave,military,historian","Camp McCarran, formerly known as McCarran International Airport, is a pre-War airport that serves as the headquarters for the New California Republic Army in the Mojave Wasteland. Located south of the New Vegas Strip, the base is a major hub for troop allocation, supply distribution, and military intelligence. The NCR established a presence there as part of the Treaty of New Vegas, utilizing its pre-War fortifications and direct monorail connection to the Strip. Under the command of Colonel James Hsu, the garrison is the largest in the area and is constantly engaged in skirmishes with the Fiends while dealing with infiltrations by Caesar's Legion spies.",common,"colonel james hsu,fiend skirmishes,legion spy infiltration,mccarran international airport,monorail to the strip,ncr army headquarters,osi lab mccarran,treaty of new vegas",location,fnv,mojave,2252,,https://fallout.wiki/wiki/Camp_McCarran,5655411,
camp_searchlight,"Camp Searchlight's transformation from a pre-War gold mining town into an irradiated death zone illustrates the brutal asymmetry of the NCR-Legion conflict. When the Great War erupted, a convoy hauling nuclear waste from San Onofre was diverted to Searchlight for safety; local police parked two trucks at the fire station while a third fled toward Cottonwood Cove. Decades later, the NCR established a substantial base at the town's crossroads location at Nevada 164 and Highway 95, creating a formidable obstacle to Legion expansion. Rather than a costly direct assault, Vulpes Inculta exploited gaps in NCR patrol schedules and dispatched recruit legionaries to crack open the waste containers, drenching the area in lethal radiation. Survivors who did not perish outright devolved into feral ghouls and glowing ones. First Sergeant Astor, spared only because he was on patrol, gathered remaining survivors at a recon camp to warn travelers. The tactic's success prompted Caesar to reinforce Cottonwood Cove, shifting the southern Mojave's strategic balance.","ncr,legion,mojave,historian","Camp Searchlight is an irradiated former NCR military camp located at the intersection of Nevada 164 and Highway 95 in the Mojave Wasteland. Originally a Pre-War gold mining town, it became contaminated when trucks carrying nuclear waste from San Onofre were diverted there during the Great War. The New California Republic later established a sizable military base at the site, which posed a significant obstacle to Caesar's Legion due to its strategic location. Rather than mounting a direct assault, Vulpes Inculta exploited gaps in the NCR patrol schedule and sent recruit legionaries to open the nuclear waste containers, irradiating the entire area and rendering it unusable as a military installation.",common,"cottonwood cove reinforcement,feral ghoul transformation,first sergeant astor,highway 95 crossroads,ncr military camp,nuclear waste irradiation,san onofre convoy,vulpes inculta tactic",location,fnv,mojave,,2281,https://fallout.wiki/wiki/Camp_Searchlight,5577116,
cottonwood_cove,"Cottonwood Cove's evolution from a modest pre-War resort into the Legion's largest western-bank stronghold on the Colorado River reveals the methodical nature of Caesar's expansion into Nevada. The cove functions as a dual-purpose installation: a trafficking hub ferrying captured persons to Arizona for slave processing and a forward staging point for all southern Mojave raiding operations. Its rise directly followed Vulpes Inculta's irradiation of Camp Searchlight, which collapsed NCR presence in the region and left the western riverbank unguarded. Centurion Aurelius of Phoenix commands with just two contubernia yet claims his forces have killed and captured over four times their own number in NCR soldiers, describing the outpost as a single iron knuckle of the Legion reaching across the river. All communications flow through ham radio. The cove also serves as the embarkation point via barge to Fortification Hill, making it a critical logistical artery for Legion operations on both banks.","legion,mojave,historian","Cottonwood Cove is a former resort along the Colorado River in the Mojave Wasteland that Caesar's Legion adopted as a staging area and outpost. It serves as a hub for trafficking captured people to Arizona for slave processing and as a launching point for Legion raiding operations in the southern Mojave. After Vulpes Inculta destroyed Camp Searchlight, the NCR's presence in the region waned and the Legion established Cottonwood Cove as their largest encampment on the western bank of the Colorado. Centurion Aurelius of Phoenix commands the camp with two contubernia, and all communication to and from the cove is handled via ham radio.",common,"caesar legion staging area,centurion aurelius phoenix,colorado river outpost,cottonwood overlook truck,fortification hill barge,ham radio communications,slave trafficking hub,western bank stronghold",location,fnv,mojave,,2281,https://fallout.wiki/wiki/Cottonwood_Cove,5596206,
freeside,"Freeside's existence is a direct consequence of Mr. House's calculated urban stratification. When House's Securitrons directed tribes to build crude outer walls from salvaged pre-War construction materials, the barrier separated the Strip and Freeside from greater New Vegas. House then commissioned a second inner wall, deliberately cleaving Freeside from the Strip and transforming the district into a filter for undesirables. Favored tribes and all Securitrons were withdrawn behind the inner wall, leaving Freeside to fend for itself. The power vacuum produced a dual governance structure: the Kings enforce street order while the Van Graffs dominate the energy weapons trade from the Silver Rush. The Followers of the Apocalypse, having severed ties with the NCR, operate from the Old Mormon Fort and receive Kings protection in exchange for community aid. NCR prospectors and soldiers bypassed Freeside for the Strip, leaving it an impoverished waypoint plagued by violent crime and a simmering conflict between locals and squatters who followed the NCR into the region.","mojave,historian,wastelander","Freeside is a slum located directly adjacent to the New Vegas Strip, situated around the intersection of pre-War Fremont Street and Las Vegas Boulevard. Mr. House directed tribes to build the crude outer walls that separate it from the rest of New Vegas, later building a second inner wall to use Freeside as a filter for undesirables he did not want on the Strip. The district is ruled by the Kings and the Van Graffs, with the Followers of the Apocalypse operating out of the Old Mormon Fort to help with the community's basic needs.",common,"followers old mormon fort,freeside slum conditions,fremont street intersection,inner wall filter,kings street governance,mr house urban stratification,ncr squatter conflict,van graff silver rush",location,fnv,mojave,,2281,https://fallout.wiki/wiki/Freeside,5593454,
"gomorrah,Gomorrah Hotel and Casino","Gomorrah stands apart from the other Strip casinos through its unapologetic embrace of vice and its unique social inclusivity. While the Tops and the Ultra-Luxe cultivate refined atmospheres, Gomorrah openly trades in prostitution, chems, and excessive debauchery, making it a favorite among off-duty NCR troopers who gather outside in large numbers. The Omertas, one of the Three Families under Mr. House's oversight, operate the casino with a reputation for ruthlessness, referring to House only as the Overboss or Not-At-Home. Gomorrah is notably the only Strip casino that is ghoul-friendly, employing ghoul bartenders and prostitutes and extending services to ghoul patrons, a rare posture of institutional tolerance in the wasteland. The facility is divided into four main areas: the main casino floor, the Brimstone lounge, an open-air courtyard for solicitation, and the suites level. The exclusive Zoara Club above Brimstone houses the private offices of Omerta leadership, Nero and Big Sal, secured behind very hard locks. A lower level contains a weapons storage room stocked with assault carbines, sniper rifles, and flamers.","mojave,merchant,wastelander,historian","Gomorrah Hotel and Casino is a prominent establishment on the New Vegas Strip, managed by the Omertas under the oversight of Mr. House, whom they refer to as ""the Overboss"" or ""Not-At-Home."" Unlike other casinos that offer a refined atmosphere, Gomorrah openly embraces vice, offering gambling, alcohol, chems, and prostitution. It is uniquely ghoul-friendly, employing ghoul bartenders and prostitutes while offering its services to ghoul patrons. The casino features the Brimstone lounge, a courtyard for soliciting, and the exclusive Zoara Club where the Omerta leadership, Nero and Big Sal, conduct their business.",common,"brimstone lounge,ghoul friendly establishment,mr house three families,nero and big sal,new vegas vice,omertas strip casino,zoara club vip",location,fnv,mojave,,2281,https://fallout.wiki/wiki/Gomorrah,5654973,"This article is based on the supplied source extract from the Fallout wiki and preserves all stated uncertainties. It does not confirm or deny any quest outcomes, player decisions, or mutable game states."
goodsprings,"Goodsprings occupies a modest but symbolically significant place in the Mojave Wasteland as both a mining settlement and the site of the Courier's resurrection. Named after the Goodsprings Source that supplies its water, the town was re-established after the Great War using a grant from the New California Republic to develop mining near the water source. Its economy has always been fragile, dependent on trade along Nevada 160 connecting to Interstate 15. By 2281, that lifeline has been severed by two crises: a prison break at the NCR Correctional Facility that unleashed the Powder Gangers, and a Deathclaw infestation at Quarry Junction that shut down I-15 entirely. The Powder Gangers, led by Joe Cobb, have already entered town searching for a Crimson Caravan trader named Ringo, who sought shelter after his caravan was attacked. The town's layout reflects its utilitarian origins: a saloon, general store, schoolhouse, gas station, and scattered homes built along the highway. Doc Mitchell's house serves as the town's medical center and the place where the Courier recovers after being shot and robbed of the Platinum Chip.","mojave,wastelander,historian,ncr","Goodsprings is a small mining town in the Mojave Wasteland, named after the Goodsprings Source that supplies its water. It was settled after the Great War with a grant from the New California Republic to develop a mining operation near the water source. The town is built around Nevada 160 and includes a saloon, general store, schoolhouse, and Doc Mitchell's house. Recently, trade has declined due to a prison break at the NCR Correctional Facility and a Deathclaw infestation at Quarry Junction shutting down I-15.",common,"crimson caravan ringo,doc mitchell house,goodsprings mining town,goodsprings source water,ncr correctional facility,nevada 160 highway,powder gangers joe cobb,quarry junction deathclaws",location,fnv,mojave,,2281,https://fallout.wiki/wiki/Goodsprings,5596341,"This article is based on the supplied source extract from the Fallout wiki and preserves all stated uncertainties. It does not confirm or deny any quest outcomes, player decisions, or mutable game states."
helios_one,"HELIOS One represents a convergence of pre-War military-industrial ambition and post-War political struggle. Built by Poseidon Energy as a next-generation concentrated solar power plant, it was publicly hailed as the dawn of a golden age of renewable energy, but secretly doubled as a research facility for ARCHIMEDES, a U.S. Army orbital energy weapon under Brig. Gen. Scott Lowe. Early ARCHIMEDES tests caused system-frying power fluctuations as far away as Hidden Valley and Black Mountain, revealing the weapon's destructive potential and the facility's strategic value. This dual nature made HELIOS One a prize coveted by every major faction. Father Elijah's Brotherhood occupation ended in disaster at Operation: Sunburst in 2276, where superior technology could not overcome NCR numerical superiority and lack of reinforcements. The NCR's subsequent stewardship has been defined by institutional failure: an incompetent chem addict conned his way into the principal engineer role, leaving the plant at one percent efficiency. The Followers of the Apocalypse posted Ignacio Rivas specifically to prevent rediscovery of the weapon systems, underscoring how HELIOS One remains a flashpoint where energy policy, military power, and ideological caution collide.","brotherhood,ncr,scientist,historian,mojave","HELIOS One is a pre-War Poseidon Energy concentrated solar power plant in the Mojave Wasteland that secretly housed the control systems for the experimental ARCHIMEDES orbital weapons. The Brotherhood of Steel occupied the facility for years under Father Elijah until they were driven out by the New California Republic during Operation: Sunburst in 2276. As of 2281, the NCR maintains a firm foothold at the plant, though it remains barely operational under the supervision of an incompetent engineer known as Fantastic. A representative of the Followers of the Apocalypse, Ignacio Rivas, is also stationed at the facility to research its secrets and ensure its weapon systems remain undiscovered.",common,"archimedes orbital weapon,concentrated solar power,father elijah brotherhood,followers of apocalypse,mojave faction conflict,ncr solar plant,operation sunburst,poseidon energy facility",location,fnv,mojave,2274,2281,https://fallout.wiki/wiki/HELIOS_One,5672345,"This article is based on the supplied source extract from the Fallout wiki and preserves all stated uncertainties. It does not confirm or deny any quest outcomes, player decisions, or mutable game states."
hidden_valley,"Hidden Valley is a former United States Air Force testing range repurposed as the clandestine refuge of the Mojave Brotherhood of Steel chapter after their devastating defeat at HELIOS One during Operation: Sunburst in 2276. The valley contains four bunkers spread around its perimeter, with the west bunker serving as the Brotherhood's primary stronghold. The site's most remarkable feature is the DERVISH camouflage system, a pre-War cloaking mechanism that makes targeting the site impossible for automated systems and generates a sandstorm each evening, providing natural concealment for the bunker's inhabitants. Prospectors have reported seeing armored figures emerging from the valley during these storms, though intercom inquiries at the other three bunkers typically receive no response. The Brotherhood's presence here is a shadow of their former power: more than half the chapter died at HELIOS One, and Elder Elijah disappeared without a trace during the retreat. Under Paladin McNamara's leadership, the survivors have sealed themselves underground, sending patrols out only between 1 and 3 AM. Access to the west bunker requires a holotape passphrase recoverable from dead Brotherhood soldiers at REPCONN Headquarters, Black Mountain, or Nellis Air Force Base.","brotherhood,military,historian,mojave","Hidden Valley is a fenced-in former USAF testing range in the Mojave Wasteland, located northeast of the NCR Correctional Facility and southeast of Sloan. The valley contains four bunkers spread around its perimeter, with the west bunker serving as the home of the Mojave chapter of the Brotherhood of Steel, who retreated there after being defeated by the NCR at HELIOS One during Operation: Sunburst. The area is protected by the DERVISH camouflage system, a cloaking mechanism that makes targeting the site impossible for automated systems and generates a sandstorm each evening. Prospectors have reported seeing armored figures emerging from the valley during these storms, though the bunker intercoms typically garner no response.",common,"brotherhood of steel bunker,dervish camouflage system,hidden valley sandstorm,mojave chapter survivors,operation sunburst retreat,paladin mcnamara,usaf testing range",location,fnv,mojave,2276,2281,https://fallout.wiki/wiki/Hidden_Valley,5594544,"This article is based on the supplied source extract from the Fallout wiki and preserves all stated uncertainties. It does not confirm or deny any quest outcomes, player decisions, or mutable game states."
hidden_valley_bunker,"Hidden Valley Bunker is one of four bunkers clustered within a valley southeast of Sloan, but only one serves as the active entrance to the Mojave chapter of the Brotherhood of Steel. The site relies on a pre-War DERVISH camouflage system originally designed to cloak the bunkers from automated targeting, rendering the facility nearly invisible to external threats. Internally, the bunker is powered by a CANDLE fusion power system rated for an estimated 752 years of operation, ensuring long-term self-sufficiency. The chapter is led by Elder McNamara, who has kept the Brotherhood isolated behind sealed doors following their defeat at HELIOS One. Head Paladin Hardin represents a faction within the bunker that favors more aggressive action. The second floor houses the archives, where Head Scribe Taggart and Apprentice Watkins work among virtual reality pods surrounding the main reactor. The facility also contains a self-destruct terminal, reflecting the Brotherhood's willingness to destroy the bunker rather than let it fall into outside hands.","brotherhood,mojave,military,engineer","The Hidden Valley Bunker is a location in the Mojave Wasteland situated southeast of Sloan, serving as the home of the Brotherhood of Steel. It is protected by a pre-War DERVISH camouflage system that cloaks the bunkers and makes automated targeting impossible. The facility is divided into two main levels containing personnel quarters, an armory, a medical bay, a workshop, and virtual reality chambers surrounding the main reactor. The bunker is led by Elder McNamara and Head Paladin Hardin, with scribes and knights occupying the archives and machine shop on the second floor.",common,"brotherhood of steel mojave,candle fusion power,dervish camouflage system,elder mcnamara bunker,hidden valley bunker,mojave brotherhood chapter",location,fnv,mojave,2277,2281,https://fallout.wiki/wiki/Hidden_Valley_Bunker,5672339,Advanced article rewritten to remove out-of-world game-title references.
higgs_village,"Higgs Village is a residential complex inside the Big MT research facility, consisting of six numbered houses arranged around a central fountain within a warehouse structure. Each house was assigned to one of the pre-War scientists who would later become the Think Tank: Doctor 0 in House #00, Doctor Klein in #101, Doctor Mobius in #102, Doctor Borous in #103, Doctor Dala in #104, and Doctor 8 in #108. The village layout closely resembles the Tranquility Lane simulation, with six houses enclosing a cul-de-sac and fountain, suggesting it was used for some form of pre-War experiment or testing. Personal effects remain scattered throughout: Doctor Mobius's house contains large quantities of Mentats, Doctor Dala's residence is filled with teddy bears arranged as audiences on a runway stage, and Doctor Borous's home includes a dog house for his dog Gabe and a basement containing dissected animals. The central fountain can be activated through the X-17 Meteorological Station's weather test. A portrait of Mr. House with knives stabbed through it sits in Doctor 0's former kitchen, hinting at the scientists' resentment toward their former employer.","scientist,historian","Higgs Village is a location within the Big MT research facility that consists of a warehouse containing six houses arranged around a central fountain. Each house is numbered and formerly belonged to one of the Think Tank scientists, including Doctor 0, Doctor Klein, Doctor Mobius, Doctor Borous, Doctor Dala, and Doctor 8. The layout strongly resembles Tranquility Lane, suggesting it was used for some form of experiment or testing by the pre-War researchers. The residences contain various personal effects of the scientists, such as Doctor Borous's dog house for his dog Gabe and Doctor Dala's abundance of teddy bears.",common,"doctor dala teddy bears,doctor mobius mentats,higgs village big mt,pre-war research housing,think tank scientists residences,tranquility lane resemblance",location,fnv,big_mt,,2281,https://fallout.wiki/wiki/Higgs_Village,5661718,Advanced article rewritten to remove out-of-world game-title references.
"hoover_dam,Old World Wall","Hoover Dam stands as one of the most significant strategic and political landmarks in the Mojave Wasteland. Before the Great War, the dam was equipped with anti-aircraft defenses, and when the bombs fell, Mr. House's networked mainframes and laser systems preserved the structure in near-pristine condition alongside much of Las Vegas. The Followers of the Apocalypse noted the dam's continued existence as early as 2170, but it remained unoccupied until the New California Republic arrived during its Mojave Campaign in 2274. The Mojave Brotherhood of Steel had intended to claim the dam but became sidetracked at HELIOS One. Fearing the loss of his city's power source to the NCR, yet recognizing the mutual threat posed by Caesar's Legion, Mr. House negotiated the Treaty of New Vegas, granting 95 percent of the dam's output to the NCR in exchange for recognition of New Vegas sovereignty. Within a year, the NCR had the dam running at half capacity. In 2277, the Legion under the Malpais Legate attempted to seize the dam but was repelled by NCR Rangers and First Recon sharpshooters under Chief Hanlon, who lured elite Legion forces into Boulder City and detonated pre-placed explosives. Colonel Cassandra Moore and General Lee Oliver have since heavily fortified the dam against a second Legion assault, while civilian engineers struggle to maintain the aging turbines.","ncr,mojave,military,historian","Hoover Dam, often called the Old World Wall, is a massive hydroelectric dam on the Colorado River that survived the Great War in almost untouched condition thanks to Mr. House's defense systems. After centuries of abandonment, the New California Republic occupied the structure in 2274 and later signed the Treaty of New Vegas, securing 95 percent of its power output while guaranteeing the sovereignty of New Vegas. In 2277, Caesar's Legion attempted to seize the dam but was defeated by NCR forces during the First Battle of Hoover Dam.",common,"caesar legion mojave,first battle hoover dam,hoover dam colorado river,ncr mojave campaign,old world wall,treaty of new vegas",location,fnv,mojave,2170,2281,https://fallout.wiki/wiki/Hoover_Dam,5594039,Advanced article rewritten to remove out-of-world game-title references.
jacobstown,"Jacobstown occupies a pre-War resort on Mount Charleston northwest of New Vegas, repurposed as a refuge for super mutants seeking a peaceful existence apart from human conflict. Marcus, formerly the sheriff of Broken Hills in the far west, departed Black Mountain with a splinter group of super mutants after tensions with Tabitha's faction became untenable. He named the settlement after an old friend and established it with the principle that all are welcome provided they remain nonviolent. The surrounding foothills sustain a large bighorner population that supplies food and hides for trade, which Marcus hopes to leverage into commercial relations with the New California Republic. The settlement also shelters a contingent of nightkin led by Keene, who suffer from a mental illness exacerbated by prolonged Stealth Boy use. Doctor Henry and his assistant Calamity are researching a cure, but progress is slow and the nightkin grow increasingly restless. External pressures compound the settlement's difficulties: NCR Senator Morales seeks to use Jacobstown as a scapegoat for attacks on NCR citizens' brahmin, and mercenaries have been dispatched to threaten or displace the community. Marcus has sent Neil to the Black Mountain area to redirect wandering super mutants toward Jacobstown.","super_mutant,mojave,historian","Jacobstown is a pre-War resort on Mount Charleston northwest of New Vegas, now serving as a super mutant settlement founded by Marcus, the former sheriff of Broken Hills. Marcus left Black Mountain with a splinter group of super mutants and renamed the resort after an old friend, intending to build a peaceful community open to all so long as they remain nonviolent. The settlement is home to super mutants, nightkin led by Keene, and a sizable bighorner population that provides food and trade goods. Doctor Henry and Calamity are working on a cure for the mental illness afflicting the nightkin, though progress is slow and the nightkin grow restless.",common,"bighorner population trade,doctor henry cure research,jacobstown mount charleston,marcus broken hills sheriff,nightkin mental illness,super mutant settlement",location,fnv,mojave,2281,2281,https://fallout.wiki/wiki/Jacobstown,5574446,Advanced article rewritten to remove out-of-world game-title references.
king_s_school_of_impersonation,"The King's School of Impersonation occupies a three-story pre-War building at the intersection of Fremont Street and Las Vegas Boulevard in Freeside, southeast of the Atomic Wrangler Casino and northwest of Mick & Ralph's. Before the Great War, the establishment functioned as a school teaching impersonation techniques. After the war, the building became the headquarters of the Kings, a gang that adopted the mannerisms and aesthetic of a pre-War cultural figure they call ""the King."" The gang persists in this emulation while functioning as Freeside's predominant power. The building's first floor contains a reception area and a theater with a stage where gang members perform for their leader. The upper floors house bedrooms, recreation rooms, and storage. A chalkboard on the third floor bears a ""King Impersonation Checklist"" with instructions to move hips, say ""uh huh,"" say ""momma,"" and prepare peanut butter and banana sandwiches. Sergio, the gang's hairstylist, works from a dressing room on the first floor. Pacer, a senior gang member, guards access to the King.","mojave,wastelander","The King's School of Impersonation is a three-story building in Freeside at the intersection of Fremont Street and Las Vegas Boulevard, serving as the headquarters of the Kings gang and their leader, known simply as The King. Before the Great War, the business operated as an impersonation school, and the gang members continue this tradition by emulating the original ""king"" while ruling as the predominant power in Freeside. The building features a reception area, a theater with a stage where gang members perform for The King, and multiple floors of bedrooms, recreation rooms, and storage areas. A chalkboard on the third floor bears a ""King Impersonation Checklist"" with instructions to move hips, say ""uh huh,"" say ""momma,"" and prepare peanut butter and banana sandwiches.",common,"freeside landmark,fremont street,gang stronghold,impersonation school,kings headquarters,pre-war business",location,fnv,mojave,,2281,https://fallout.wiki/wiki/King%27s_School_of_Impersonation,5661699,
"lucky_38,Lucky 38 Resort and Casino","The Lucky 38 Resort and Casino is the tallest structure in the Mojave Wasteland and the most prominent feature of the New Vegas skyline. Before the Great War, the establishment was linked to a mob shootout on July 13, 2072, when one of the alleged perpetrators from a heist at the nearby Ultra-Luxe took refuge in the Lucky 38 before escaping through a window. In the years preceding the war, Mr. House made extensive modifications to the building, equipping it with long-range laser cannons connected to advanced processing centers designed to intercept incoming nuclear warheads. A large underground storage facility was constructed to house an army of Securitrons, and a concealed chamber accessible via private elevator was installed as Mr. House's life support system. Integrated into the Lucky 38's mainframe, C3I broadcasting arrays, and power core, Mr. House positioned himself to survive the catastrophe. However, the Platinum Chip containing an essential operating system upgrade was never delivered due to the Great War. Despite relying on an inferior operating system, Mr. House successfully neutralized most warheads targeting the Mojave before a system failure left him incapacitated for nearly two centuries. He regained consciousness in 2138 and reactivated the Lucky 38 in 2274 upon detecting NCR scouts at Hoover Dam, deploying Securitrons to secure the Strip and negotiating with three tribes to restore the city.","mojave,ncr","The Lucky 38 Resort and Casino is the most prominent structure on the New Vegas Strip, serving as both a pre-War relic and a symbol of Mr. House's vision for Las Vegas. Before the Great War, Mr. House extensively modified the building with long-range laser cannons to intercept nuclear warheads and constructed a concealed chamber to serve as his life support system.",common,"lucky 38,mr house stronghold,new vegas strip,nuclear defense system,pre-war casino,securitron facility",location,fnv,mojave,,2281,https://fallout.wiki/wiki/Lucky_38,5593756,
"lucky_38_presidential_suite,High Roller Suite","The Lucky 38 Presidential Suite, also called the High Roller Suite by Victor, is a spacious accommodation within the Lucky 38 casino comprising five rooms: a master bedroom, guest room, kitchen, bathroom, and recreation room. The master bedroom contains a bed, a desk, and a sitting area, with wardrobes and weapon trunks available for storage. The recreation room houses a pool table, a television, and a snow globe stand. A notable detail in the recreation room is an arrangement of five billiard balls shaped into an arrow; the numbers on the balls add up to thirty-eight, and the arrow points toward a Lucky 38 poster. The guest room offers two double beds and storage furniture. The kitchen contains a long table, two ovens, and a refrigerator for food storage, with a workbench available. The bathroom features clean, radiation-free water. Additional furnishings can be arranged through a terminal in the suite. The suite's background music is ""Radiation Storm,"" a piece originally associated with a pre-War facility known as the Glow.","mojave,courier","The Lucky 38 Presidential Suite, also referred to as the High Roller Suite by Victor, is a luxurious accommodation located within the Lucky 38 casino in New Vegas. The suite features a master bedroom, a guest room, a kitchen, a bathroom, and a recreation room. It serves as a clubhouse for companions, who can be dismissed to this location and will engage in various activities such as wandering, sitting, sleeping, drinking, eating, and interacting with one another. The recreation room houses a pool table, a television, and the Snow Globe Stand, while the kitchen contains a long table, two ovens, and a refrigerator.",common,"companion clubhouse,high roller suite,lucky 38 suite,mr house hospitality,new vegas housing,presidential accommodation",location,fnv,mojave,2274,2281,https://fallout.wiki/wiki/Lucky_38_Presidential_Suite,5661722,
mick_ralph_s,"Mick & Ralph's is a consumable and gun shop in Freeside's slum area, just northeast of the east gate. The business is operated by two colleagues: Mick sells weapons, including ballistic firearms and specialty ammunition, while Ralph handles consumables and special services. The building's sign originally read only ""Ralph's,"" with ""Mick &"" added after the Great War when the duo began operating from the premises. Ralph offers fake passports to the New Vegas Strip for five hundred caps, or at a reduced price through bartering or a favor from the King. He also sells a container of chlorine intended for the Ultra-Luxe. Mick's specialty inventory includes the Naughty Nightwear and various ballistic weapons. A hidden room behind the shop displays several weapons mounted on its walls, including a railway rifle, two infiltrators, and a Chinese pistol, alongside cowboy hats and other assorted items. The second floor contains the proprietors' bedrooms, washing machines, desks, and periodicals including Tæles of Chivalrie, Fixin' Things, and Programmer's Digest. A crier outside advertises the shop's wares to passersby in Freeside.","mojave,merchant","Mick & Ralph's is an active consumable and gun shop located in the Freeside slum area of New Vegas, just northeast of the east gate. The business is operated by two colleagues, with Mick selling weapons and Ralph handling consumables and special services. They provide fine quality trinkets to discerning customers while serving the local riff-raff low-grade armaments from the seedier side of Freeside. The building's sign originally only read Ralph's, with the Mick & portion added by the duo after the Great War when they began using the building.",common,"consumable store,fake passports,freeside business,freeside shop,gun merchant,mick and ralph",location,fnv,mojave,,2281,https://fallout.wiki/wiki/Mick_%26_Ralph%27s,5559236,
mojave_outpost,"The Mojave Outpost occupies a pre-War highway checkpoint on Interstate 15 at Mountain Pass, California, between the Clark and Mescal mountain ranges. Its strategic position at the California-Nevada state line makes it the boundary of fully NCR-controlled territory and the primary gateway for all caravan traffic flowing into the Mojave from the Republic's core lands. Established in 2249, the outpost predates the Ranger Unification Treaty of 2271, when Desert Rangers and NCR Rangers met at this very site to formalize their merger against Caesar's Legion. In exchange, NCR extended its jurisdiction to southern Nevada, New Vegas, and Hoover Dam. The Unification Monument—two large statues dominating the northern end of the valley—commemorates this historic accord. By 2281, the outpost's relative safety compared to eastern postings along the Colorado River has led to personnel being siphoned off, and the NCRCF prison break forced a permanent detachment at Primm, leaving the outpost unable to maintain patrol minimums. Stranded caravans back up at the checkpoint, and anxious soldiers fear that if Legion forces push past Nipton, the outpost becomes the frontline.","ncr,caravaner,historian,mojave","NCR Ranger Outpost Mojave, commonly called Mojave Outpost, sits near the California-Nevada state line along Interstate 15 and serves as the gateway to the Mojave Wasteland for caravans traveling from the New California Republic's core lands. Established in 2249, it functions as a military hub and administrative command center for operations in the southwestern Mojave, with soldiers acting as border guards to protect trade routes. The outpost is marked by the Unification Monument, commemorating the 2271 Ranger Unification Treaty that merged the Desert Rangers of Nevada with the NCR Rangers against the threat of Caesar's Legion. By 2281, the outpost struggles with reduced patrols and backed-up caravans following the NCRCF prison break, leaving anxious soldiers worried that if Legion forces push past Nipton, the outpost itself could become the frontline.",common,"caravan trade bottleneck,desert rangers merger,interstate 15 checkpoint,mojave gateway,ncr border territory,ncr military logistics,ranger unification treaty",location,fnv,mojave_wasteland,2249,,https://fallout.wiki/wiki/Mojave_Outpost,5594089,Chronology: established 2249; Ranger Unification Treaty 2271; present-day developments 2281.
mojave_wasteland,"The Mojave Wasteland's remarkable preservation stems directly from Mr. House's pre-War defense systems: of 77 atomic warheads launched at Las Vegas and surrounding areas, 59 were disarmed mid-flight, nine destroyed by Lucky 38 laser defenses, and only nine struck the surrounding desert. This spared the region the wholesale devastation seen elsewhere, leaving infrastructure, technology, and even neon signs functional nearly two centuries later. The geopolitical landscape by 2281 is a three-way stalemate: the NCR, having occupied Hoover Dam in 2274 under President Kimball and signed the Treaty of New Vegas granting 95% of the dam's power to NCR home states; Caesar's Legion, which suffered defeat at the First Battle of Hoover Dam when Chief Hanlon's tactical retreat to Boulder City lured Legion forces into a trap; and Mr. House's Free Economic Zone, fortifying the Strip while biding its time. The balance is delicate—should one faction attack another, the third could exploit the vulnerability. The Legion seeks the Strip as a new capital replacing Flagstaff, while the NCR aims for full annexation, its war increasingly unpopular and expensive back in California.","historian,ncr,legion,mojave,courier","The Mojave Wasteland, synonymous with the pre-War Mojave Desert, spans portions of California, Nevada, and Arizona. Thanks to intricate defense systems established by Mr. House, the region survived the Great War relatively unscathed, leaving much of its infrastructure and technology intact. By 2281, the region is locked in a delicate balance of power between the expanding New California Republic, the encroaching forces of Caesar's Legion, and the independent Free Economic Zone of New Vegas.",common,"first battle hoover dam,free economic zone,great war warheads,hoover dam treaty,mojave desert geography,mr house defense systems,ncr legion stalemate,three-way power balance",location,fnv,mojave_wasteland,,,https://fallout.wiki/wiki/Mojave_Wasteland,5655402,Pre-War and Great War history have blank bounds; present-day political developments begin 2281.
"ncr_correctional_facility,NCRCF","The NCRCF was originally the Jean Conservancy, a low-security all-female prison, before the NCR repurposed it as a labor camp where inmates maintained regional railways. The facility's transformation into a Powder Ganger stronghold followed an uprising organized by inmate Samuel Cooke, who stockpiled blast powder and makeshift weapons to orchestrate the breakout. The escaped convicts fractured: some scattered to Vault 19 and the surrounding wasteland, while the remainder held the prison under Eddie's leadership. The Brotherhood of Steel maintains a active surveillance interest, posting scouts nearby as part of a broader intelligence-gathering effort. The facility's location near Jean, Nevada—on the road between Goodsprings and the Mojave Outpost—places it squarely on the I-15 corridor, making the prison break's disruption of NCR authority especially consequential for regional security. The NCRCF break directly forced the Mojave Outpost to establish a permanent garrison at Primm, depleting patrol strength along the highway and contributing to the caravan backup that characterizes the southwestern Mojave in 2281.","ncr,powder_ganger,brotherhood,mojave","The NCR Correctional Facility, also known as the NCRCF, is a former prison southeast of Goodsprings that was operated by the New California Republic as a labor camp where inmates maintained the regional railways. Originally the Jean Conservancy, a low-security all-female prison, the facility fell to a prisoner uprising organized by an inmate named Samuel Cooke, who stockpiled blast powder and makeshift weapons. Following the breakout, many of the escaped convicts, who came to be known as Powder Gangers, scattered across the surrounding wasteland while the remainder stayed behind under the leadership of a man named Eddie. The facility is watched with interest by the Brotherhood of Steel, which keeps scouts posted nearby.",common,"brotherhood steel surveillance,jean conservancy prison,ncr labor camp,powder ganger origin,prison break consequences,railway maintenance inmates,samuel cooke uprising",location,fnv,mojave_wasteland,,2281,https://fallout.wiki/wiki/NCR_Correctional_Facility,5600546,Original facility pre-War; prison break occurs 2281.
ncr_sharecropper_farms,"The NCR Sharecropper Farms represent a calculated political instrument as much as an agricultural venture. Established under the Thaler Act, the farms incentivize private farmers to cultivate Mojave land in exchange for NCR military protection, housing, food, and water, with crop yields directed to Camp McCarran, Hoover Dam, and other military installations. The Office of Science and Industry at Camp McCarran pre-calculates optimal water usage for each crop, drawing irrigation from Lake Mead through miles of pipework. By 2281, plans exist to expand water flow and farm count specifically to encourage New Vegas residents to vote for NCR annexation—making the farms a soft-power tool for territorial integration. However, concurrent crises threaten this strategy: radiation seeping from Vault 34 contaminates the soil, and water siphoning linked to Westside reduces rations to 80% of intended levels. Despite legitimate farmer complaints, NCR administrative staff dismiss the growers as incompetent, ignoring the environmental degradation. A military unit remains permanently stationed to deter theft, underscoring the operation's strategic importance to NCR logistics.","ncr,scientist,mojave,historian","The NCR Sharecropper Farms are an agricultural settlement located directly south of Freeside's East Gate in the Mojave Wasteland. Established under the Thaler Act, private farmers cultivate the land for the New California Republic in exchange for military protection, housing, food, and water, with a portion of the crop yield going to NCR military locations such as Camp McCarran and Hoover Dam. Irrigation water is pumped from Lake Mead through a pipe system, with the Office of Science and Industry at Camp McCarran pre-calculating optimal water usage for each crop. A military unit is stationed on-site at all times to deter theft.",common,"lake mead irrigation,military food supply,ncr annexation strategy,office of science industry,sharecropper political tool,thaler act agriculture,vault 34 radiation contamination,water siphoning westside",location,fnv,mojave_wasteland,,2281,https://fallout.wiki/wiki/NCR_Sharecropper_Farms,5595669,Present-day developments 2281; Thaler Act establishment date unspecified.
"nellis_air_force_base,Nellis homeland","Nellis Air Force Base, formerly the United States Air Force Warfare Center under the motto Testing, Tactics, Training, suffered multiple nuclear strikes during the Great War that left it intensely radioactive. For decades, wastelanders avoided the site by habit, allowing it to sit empty. By the time the Boomers arrived from Vault 34 roughly five decades before the present, their Pip-Boy Geiger counters confirmed radiation had decayed to survivable levels. The Boomers repurposed the base into a self-sufficient settlement: water pumped from Lake Mead irrigates crops of grains and green vegetables, soy and legumes supply protein, and maize feeds a biodiesel refinery. The Nellis solar array and generator power the entire facility. Pre-War virtual reality pilot training stations in one hangar sustain the Boomers' dream of aerial combat, a fascination rooted in Loyal's discovery of a file on a crashed B-29 bomber in Lake Mead. Heavy arms retrieved from Area 2 and the base's surviving defensive structures, including a howitzer team at the front gate, enforce a strict exclusion zone. The Boomers' rudimentary education covers farming and combat, reflecting their dual identity as agrarian survivalists and militant isolationists.","boomers,mojave,historian,engineer,military","Nellis Air Force Base, also known as the Nellis homeland, is a heavily fortified location northeast of New Vegas in the Mojave Wasteland. Once the United States Air Force Warfare Center, the base was struck by nuclear weapons during the Great War and left highly radioactive and abandoned for decades. The Boomers, a group that originally inhabited Vault 34, eventually settled there and made it their home, using the base's remaining defenses and their own heavy arms to keep strangers away. The base is largely self-sufficient, with irrigated crops, solar power, a biodiesel refinery, and medical and educational facilities, while the Boomers train in virtual reality stations in hopes of one day returning to the skies.",common,"area 2 heavy arms,biodiesel maize refinery,boomer vault 34 origin,howitzer gate defense,lake mead water pump,nellis solar array,usaf warfare center,vr pilot training",location,fnv,mojave,,,https://fallout.wiki/wiki/Nellis_Air_Force_Base,5666696,
nelson,"Nelson's strategic value lies in its position between Camp Forlorn Hope and Camp Searchlight, covering a gap along the Colorado River that the NCR sought to plug through military occupation. Post-War miners had previously attempted resource extraction from the area before the NCR established a camp there. Caesar's Legion under Decanus Dead Sea struck before NCR troopers could settle in, exploiting the simultaneous destruction of Camp Searchlight and the overstretched condition of Camp Forlorn Hope. No counter-attack materialized, and the town has remained under Legion control. Dead Sea, operating under direct orders from Caesar to demoralize surrounding NCR forces, employed systematically brutal methods: captured troopers were hacked apart, forced off cliffs overlooking the river, and three were crucified within sight of NCR positions. To sustain pressure, Dead Sea launched subsequent raids against Camp Forlorn Hope to the north. The town's layout reflects its contested nature: sandbag bunkers and chain-link fencing enclose the perimeter, a hilltop overlook on the northern edge provides Legion surveillance, and the open-air courtyard now dominated by three crucified NCR troopers serves as a grim psychological weapon. A Brotherhood of Steel scout observed both Nelson and Camp Forlorn Hope as part of ongoing regional monitoring.","legion,ncr,mojave,military,historian","Nelson is a settlement in the Mojave Wasteland, located southwest of Camp Forlorn Hope and east of Novac. Originally occupied by the New California Republic as a strategic military camp between Camp Forlorn Hope and Camp Searchlight, it was attacked and captured by Caesar's Legion under Decanus Dead Sea shortly after the NCR occupation. The town has remained under Legion control, with Dead Sea executing captured NCR troopers to demoralize surrounding forces and launching raids against Camp Forlorn Hope.",common,"battle of nelson,camp forlorn hope raids,colorado river gap,decanus dead sea,legion crucifixion tactics,ncr searchlight gap,nelson strategic position",location,fnv,mojave,2277,,https://fallout.wiki/wiki/Nelson,5599101,
new_vegas,"New Vegas owes its survival to Robert House's foresight. In 2065, he deemed nuclear war a mathematical certainty within fifteen years and began preparations. When the Great War came, the absence of the Platinum Chip's upgrade data left his systems suboptimal, yet networked mainframes still predicted and force-transmitted disarm code subsets to fifty-nine warheads, neutralizing them before impact. Roof-mounted laser cannons atop the Lucky 38 destroyed another nine. Of those that penetrated, none struck the main city. The effort caused software glitches and system crashes that plunged House into a coma lasting decades. Upon waking, he recruited salvage teams to locate the Chip and hired tribals—thereafter the Three Families—to rebuild the Strip, completing renovations in 2274 ahead of NCR scouts' arrival. The resulting Treaty of New Vegas granted House sovereignty over the Strip while permitting NCR access, a compromise the NCR accepted because the Legion threat made open confrontation untenable. House leveraged NCR occupation as his economic engine, describing its citizens as a society of customers desperate for luxury. Beyond the Strip, Freeside serves as the main slum controlled by the Kings and Van Graffs, Westside maintains its own militia and self-reliant agriculture, and South Vegas has fallen to the Fiends operating from Vault 3. The oldest structure, the Old Mormon Fort, predates all post-War construction. A network of sewers beneath the city shelters both humans and creatures.","mojave,ncr,historian,courier,brotherhood","New Vegas, built on the remains of pre-War Las Vegas in the Mojave Desert, is managed by the reclusive Mr. House and his army of Securitron robots. Having predicted the Great War, House defended the city with laser cannons and disarm codes, sparing the main city from nuclear devastation before falling into a coma for decades. Upon waking, he rebuilt the New Vegas Strip with the help of recruited tribals known as the Three Families, completing renovations in 2274 just before NCR forces entered the region, leading to the Treaty of New Vegas that granted him sovereignty over the Strip.",common,"freeside kings van graffs,house great war defense,lucky 38 laser cannons,old mormon fort,outer vegas settlements,platinum chip upgrade,three families tribals,treaty of new vegas",location,fnv,mojave,2065,,https://fallout.wiki/wiki/New_Vegas,5595742,
new_vegas_strip,"The New Vegas Strip's political economy rests on a calculated bargain between Robert House and the NCR, formalized through the Treaty of New Vegas. House completed the Strip's renovation in 2274 deliberately before NCR forces entered the region, presenting a fait accompli that forced the NCR to negotiate rather than annex. The treaty's provisions reveal House's shrewdness: NCR soldiers and civilians retain access to the Strip's casinos and establishments, but troopers are forbidden from carrying firearms, and Securitrons may not act against them. The NCR was further granted an embassy, lending legitimacy to House's sovereignty while preventing military confrontation. House openly characterized the NCR occupation as the engine of his growing economy, describing NCR citizens as a society of customers desperate for comfort, ease, and luxury. Street vendors operating on the Strip sign franchise agreements forfeiting fifty percent of profits to House daily. Access control is enforced by Securitron gatekeepers who verify visitors possess at least two thousand caps, hold a New Vegas Passport, or arrive via the Camp McCarran monorail under NCR military auspices. The NCR's willingness to compromise stemmed from the Legion threat, making the Strip a buffer rather than a battleground.","mojave,ncr,historian,merchant,courier","The New Vegas Strip is the rebuilt heart of New Vegas, restored by Robert House with the help of Securitrons and the Three Families in 2274 before NCR forces entered the region. The Treaty of New Vegas granted House sovereignty over the Strip while allowing NCR soldiers and civilians to visit its casinos and establishments, with the NCR forbidden from annexing it by force due to the Legion threat. Powered by electricity from Hoover Dam, the Strip features several reopened pre-War establishments and serves as a major draw for tourism, with NCR citizens described by House as a society of customers desperate for comfort and luxury. Entrance to the Strip is guarded by Securitrons who require visitors to demonstrate sufficient wealth or possess a New Vegas Passport.",common,"house strip sovereignty,monorail camp mccarran,ncr embassy strip,securitron gate access,strip tourism economy,strip vendor franchise,treaty of new vegas",location,fnv,mojave,2274,,https://fallout.wiki/wiki/New_Vegas_Strip,5655383,
nipton,"Nipton's fate illustrates the brutal calculus of Mojave border politics in 2281. Mayor Joseph B. Steyn attempted an impossible balancing act: trading with Powder Gangers by day and hosting NCR soldiers by night, then betraying both to Caesar's Legion for 8,000 caps. Vulpes Inculta repaid the deal by subjecting the entire population to a lottery modeled on the town's own pre-war tradition, deciding who would be decapitated, crucified, enslaved, or spared. The winner, Oliver Swanick, was freed; the runner-up, Boxcars, was crippled; Steyn was burned alive on a pyre of tires. The massacre served as deliberate psychological warfare, intended to spread terror across the Mojave. Critically, the New California Republic's failure to intervene signaled weakness to the local Brotherhood of Steel chapter, which observed through a scout that NCR was unwilling or unable to respond, reshaping regional power calculations.","historian,legion,ncr,brotherhood,mojave","Nipton is a small town in the southern Mojave Wasteland, located near the Nevada-California state line and transected by railroad tracks. Before the Great War, the town was known for hosting a lottery that offered a jackpot worth millions of dollars. After the war, Nipton was led by Mayor Joseph B. Steyn, who attempted to maintain peace between NCR soldiers and Powder Gangers by inviting each group at different times of day.",common,"brotherhood scout observation,caesar legion massacre,mayor steyn betrayal,mojave border politics,ncr nonresponse,nipton lottery tradition,powder gangers nipton,vulpes inculta lottery",location,fnv,mojave wasteland,2281,2281,https://fallout.wiki/wiki/Nipton,5599103,Present-day events set conservatively to 2281 per FNV timeline.
novac,"Novac's survival hinges on salvage economics and geographic accident. Founded around the Dino Dee-lite Motel along Highway 95, the town drew its name from a broken neon sign reading only ""NOVAC."" Its proximity to the REPCONN Test Site provided a steady supply of salvageable rocket components and souvenirs, sustaining trade when little else could. The closure of parallel Interstate 15 rerouted caravan traffic through Highway 95, bringing both commerce and danger. Two NCR Army veterans, Craig Boone and Manny Vargas, converted Dinky the T-Rex into a sniper's nest, making the town's kitsch landmark a genuine defensive asset. Retired Ranger Andy supplemented their efforts despite injuries ending his active service. By 2281, converging threats, including Caesar's Legion expansion, the Bright Brotherhood's arrival, and feral ghouls blocking the REPCONN road, jeopardized the town's fragile stability. Residents remained grateful for NCR protection yet deeply suspicious of outsiders.","historian,mojave,ncr,wastelander","Novac is an independent town along Highway 95 in the Mojave Wasteland, named after the broken motel sign at its entrance. Before the Great War, it was a small roadside stopover featuring the Dinky the Dinosaur novelty attraction and the World's 2nd Largest Thermometer, catering to travelers heading to the nearby REPCONN Test Site. After the war, settlers reclaimed the motel and surrounding area, establishing a modest community sustained by salvage from the REPCONN site and trade along the highway. The town is guarded by two NCR Army veterans, Craig Boone and Manny Vargas, who use the Dinky the T-Rex statue as a sniper's nest, while retired Ranger Andy also contributes to its defense.",common,"boone manny vargas defense,bright brotherhood threat,dinky sniper nest,dino dee lite motel,highway 95 caravan traffic,ncr veteran guards,novac salvage economy,reconn test site proximity",location,fnv,mojave wasteland,2281,2281,https://fallout.wiki/wiki/Novac,5593960,Present-day developments set to 2281 per FNV timeline.
"primm,budget Vegas,the other New Vegas","Primm's strategic position along Interstate 15, connecting Los Angeles and Las Vegas, made it a natural trade hub as the NCR expanded into the Mojave. Pre-war attractions like the Vikki and Vance Casino and the Bison Steve Hotel with its rollercoaster, El Diablo, gave the town its reputation as ""budget Vegas."" The NCR Correctional Facility prison break shattered this prosperity, as escaped convicts seized the town center and forced civilians into the Vikki and Vance. Merchants Samuel and Michelle abandoned Primm entirely for the 188 Trading Post. The NCR's 5th Battalion, under Lieutenant Hayes, established a western barricade but lacked manpower to retake the settlement, their outpost primarily serving to prevent convicts from pushing south toward the Mojave Outpost rather than protecting Primm itself. This gap revealed the overextension of NCR forces across the Mojave, unable to secure even a key trade corridor on a major interstate.","historian,ncr,mojave,merchant","Primm, sometimes called ""budget Vegas"" or ""the other New Vegas,"" is an independent settlement in the Mojave Wasteland located alongside Interstate 15 in Clark County, Nevada. Before the Great War, it was a small resort town featuring attractions like the Vikki and Vance Casino and the Bison Steve Casino and Hotel. As the New California Republic expanded into the Mojave, it became a promising trade town until a recent breakout of prisoners from the NCR Correctional Facility put an end to commerce. The escaped convicts, known as Powder Gangers, took over the center of town, forcing the residents to seek refuge in the Vikki and Vance Casino while the NCR's 5th Battalion watches from afar, lacking the numbers to reclaim the strategic location.",common,"bison steve hotel,budget vegas resort town,lieutenant hayes barricade,ncr correctional facility breakout,ncr fifth battalion overextension,powder gangers occupation,primm interstate 15 trade,vikki vance casino refuge",location,fnv,mojave wasteland,2281,2281,https://fallout.wiki/wiki/Primm,5655200,Present-day developments set to 2281 per FNV timeline.
puesta_del_sol,"Puesta del Sol, Spanish for ""sunset,"" forms one of two districts of the Villa surrounding the Sierra Madre casino. Its construction lagged behind its sister district Salida del Sol, as if funding and momentum had simply exhausted themselves. Clashes between district construction crews and casino crews further hampered progress. The incomplete infrastructure left a warren of rooftops, balconies, and half-finished buildings that became critical for navigating above the toxic red Cloud choking ground levels. A ventilation system in the Puesta del Sol Switching Station could clear much of the Cloud, making it a strategic priority. The district was infested with Ghost People and seeded with bear traps, radios broadcasting collar-detonating frequencies, and disguised speakers that could summon further danger. Sierra Madre vending machine codes scattered throughout the district offered access to weapons, ammunition, and supplies, reflecting Father Elijah's repurposing of the casino's pre-war infrastructure for his own ends.","scientist,engineer,historian","Puesta del Sol is a district of the Villa surrounding the Sierra Madre, divided into northern and southern sections. Its construction crews frequently clashed with the casino construction crews, and the district's development lagged behind that of its sister district, Salida del Sol, as if the effort had simply run out of steam and money. Much of the ground level is choked by the toxic red Cloud, though a ventilation system in the Puesta del Sol Switching Station can clear much of it. The area is infested with Ghost People and littered with bear traps, radios, and speakers that can detonate collars or summon further threats.",common,"collar detonating speakers,dead money location,father elijah infrastructure,ghost people infestation,puesta del sol switching station,red cloud ventilation,sierra madre vending codes,sierra madre villa district",location,fnv,sierra madre,,,https://fallout.wiki/wiki/Puesta_del_Sol,5655213,Dead Money events set conservatively within FNV 2281 timeline; pre-war construction history has blank bounds.
repconn_headquarters,"REPCONN Aerospace, formally the Rocket Engineering and Production Company of Nevada, operated from Henderson as a rocket manufacturer before RobCo Industries acquired the firm in late 2075 or 2076. RobCo transformed the headquarters into a secure facility for classified research, installing automatic facial recognition monitors, badge scanners, security locks, and heavily armed sentry bots. Employees faced constant surveillance and risked harm from automated defenses if caught without identification badges. The third floor was restricted to executives requiring a daily password. The facility became a nexus of corporate espionage: a mole named Julia Masters, working for Poseidon Energy, was tasked with intercepting the Q-35 Matter Modulator prototype during transit to the Department of Defense. Simultaneously, REPCONN's own plasma rifle project relied on Project SEMELE schematics stolen from Poseidon Energy. Though REPCONN's information services detected the leak, no concrete evidence supported official action. The Great War interrupted the prototype's delivery, leaving the Q-35 sealed within the building.","scientist,historian,mojave","REPCONN Headquarters in Henderson, Nevada, served as the home office of REPCONN Aerospace, formally known as the Rocket Engineering and Production Company of Nevada, a firm specializing in rocket manufacture. RobCo Industries acquired the company and overhauled the building with heightened security measures, including automatic facial recognition monitors, badge scanners, security locks, and heavily armed sentry bots, to support classified research operations. Employees were required to wear identification badges at all times, and the third floor was restricted to executives who needed a daily password for access. The facility was the site of a plasma rifle project that produced the Q-35 Matter Modulator, the first working prototype of its kind.",common,"julia masters mole,poseidon energy corporate espionage,project semele schematics,q35 matter modulator prototype,repconn aerospace history,robco acquisition classified research",location,fnv,mojave_wasteland,,2077,https://fallout.wiki/wiki/REPCONN_Headquarters,5574066,Pre-War corporate history; acquisition date disputed in-source between 2075 and 2076.
ranger_station_charlie,"Ranger Station Charlie occupies the converted ruins of the pre-War Shady Pines trailer park, repurposed by the New California Republic Rangers into a fortified outpost along railroad tracks southwest of Novac. Trailers were stacked into makeshift walls, with the communications center and barracks established in the former trailer park office. The station's strategic value lay in projecting NCR territorial control across the southeastern Mojave, a role that grew critical following the catastrophic fall of Camp Searchlight to Legion sabotage. However, the site's placement below surrounding hills compromised radio communications with Camp McCarran, creating persistent operational friction. Ranger Beaumont commanded the station but was frequently absent on patrol, leaving Comm Officer Stepinac to maintain the encampment. The station's vulnerability became evident when Caesar's Legion forces massacred its garrison, leaving booby-trapped corpses and audio recordings claiming responsibility and announcing a hostage capture.","ncr,military,mojave","Ranger Station Charlie is a New California Republic Rangers stronghold in the central Mojave Wasteland, converted from the pre-War Shady Pines trailer park. Located southwest of Novac along a railroad track, the station provides the rangers with a safehouse and helps establish territorial control over the southeastern sector of the Mojave, a role that became especially important after the fall of Camp Searchlight. The trailers have been piled up to create a makeshift fortress, with the communications center and barracks set up in the old trailer park office building. The commanding officer is Ranger Beaumont, but he and most of his command are typically out on patrol, leaving Comm Officer Stepinac to watch over the encampment.",common,"caesar legion massacre,camp searchlight aftermath,comm officer stepinac,ncr ranger outpost,shady pines trailer park,southeastern mojave territorial control",location,fnv,mojave_wasteland,2281,2281,https://fallout.wiki/wiki/Ranger_Station_Charlie,5594580,Present-day FNV developments begin in 2281; Legion attack occurs during game timeline.
salida_del_sol,"Salida del Sol constituted the eastern residential district of the Villa surrounding the Sierra Madre casino, originally built to house a church and the homes of many casino staff before the Great War. The district is bisected into northern and southern halves, both saturated with traps, mines, and the toxic Cloud that permeates the Sierra Madre's atmosphere. Ghost People infest the area in significant numbers, complicating navigation through blocked gates and locked doors. The Salida Switching Station in the southwest corner houses a terminal capable of restoring power to ventilation systems, partially clearing the Cloud and easing passage. Graffiti tags reading ""Run, run, run!"" serve as navigational aids in the northern section, oriented to guide travelers back toward the Villa and away from the bell tower. Campanas del Sol, the northernmost point, contains the bell tower control panel for triggering the Sierra Madre Gala Event, along with vending machine codes for hologram rifle components and super stimpaks.","wastelander,mojave","Salida del Sol is the eastern section of the Villa surrounding the Sierra Madre, originally built to house a church and the homes of many casino staff before the Great War. The district is divided into northern and southern halves, both heavily littered with traps and mines often hidden within the toxic Cloud. It is infested with a large number of Ghost People, and navigation is complicated by blocked gates, locked doors, and the ever-present haze. The Salida Switching Station sits in the southwest corner and contains a terminal capable of restoring power to the ventilation system to clear the Cloud from the area.",common,"campanas del sol belltower,gala event trigger point,ghost people infestation,salida switching station ventilation,sierra madre villa district,toxic cloud navigation",location,fnv,sierra_madre,,,https://fallout.wiki/wiki/Salida_del_Sol,5574592,Pre-War construction with post-War environmental degradation; no specific date bounds established.
sierra_madre,"Frederick Sinclair's Sierra Madre was conceived not merely as a casino but as an integrated survival architecture, a self-sufficient fortress against nuclear annihilation. The resort's vending machines, supplied through a technology exchange with Big MT, were engineered to provide complete self-sufficiency for inhabitants cut off from the outside world. In return, Sinclair agreed the casino and villa would serve as proving grounds for experimental technologies including saturnite alloy, hazmat suits, and prototype matter recombiners. The Cloud, the poisonous atmosphere that now envelops the area, was an unintended byproduct of those same Big MT experiments. Construction was split between two contractors: a competent firm for the casino and a corrupt, slacking company for the Villa, producing numerous incidents and structural problems. Sinclair's Sierra Madre Security, staffed by former police officers, was tasked with enforcing his prohibition on outside alcohol and chems among construction workers, though corruption permeated the force. The security chief himself received smuggled alcohol from a figure known as Mr. Yesterday. Sinclair ultimately tolerated the smuggling so long as construction continued without worker violence.","historian,mojave,wastelander","The Sierra Madre is a legendary pre-War casino resort and adjoining villa designed by Frederick Sinclair as both a luxurious retreat and a shelter from nuclear holocaust, where guests could reverse their fortunes and begin again. Surrounded by a poisonous Cloud born of experimental technologies supplied by Big MT, the isolated location has lured countless prospectors through a mysterious radio broadcast advertising its Gala Event, though none have returned. The resort was designed for total self-sufficiency, with unique vending machines providing all necessities to inhabitants cut off from the outside world, while a small but well-equipped human security force guarded the grounds alongside holographic defenders.",common,"big mt technology exchange,cloud experimental byproduct,frederick sinclair vision,sierra madre security force,vending machine self sufficiency,villa construction corruption",location,fnv,sierra_madre,,,https://fallout.wiki/wiki/Sierra_Madre,5644586,Pre-War history; no specific date bounds established beyond late pre-War construction period.
silver_rush,"The Silver Rush occupies a pre-War casino on Fremont Street in Freeside, established in 2071 as a rival to the neighboring Atomic Wrangler. The Van Graff family coveted the site for their energy weapons trade and killed the previous occupants to seize it. When the Kings arrived to protest the takeover, the Van Graffs used plasma weapons to reduce several of their members to goo, establishing a tense détente that persists to the present day. Frieda Van Graff initially managed the operation but departed to pursue personal interests, leaving Gloria Van Graff and Jean-Baptiste Cutting in charge. The building serves as both the Van Graff family's headquarters and the largest energy weapons market in the Mojave Wasteland. Despite Freeside's reputation for cheap goods and desperation, Gloria Van Graff maintains that her clientele do not care where they travel to purchase quality merchandise. Security is heavy: five armed thugs patrol the premises, and theft is punished immediately. Visitors are required to surrender all weapons at the entrance, including holdout weapons, before being allowed inside.","mojave,merchant,wastelander","The Silver Rush is a location in Freeside on Fremont Street, opposite the Atomic Wrangler Casino. Established in 2071, it originally rivaled the Atomic Wrangler as a casino before the Van Graff family killed its former occupants and took over. When the Kings protested, the Van Graffs reduced several of their members to goo, and the two groups have left each other alone ever since. Now the largest retailer of energy weapons in the Mojave Wasteland, the Silver Rush is headed by Gloria Van Graff and Jean-Baptiste Cutting, after Frieda Van Graff departed to pursue personal interests.",common,"freeside energy weapons market,fremont street casino,mojave weapon merchant,plasma weapons retailer,van graff family headquarters",location,fnv,mojave wasteland,2071,2281,https://fallout.wiki/wiki/Silver_Rush,5574933,Basic article returned unchanged from existing non-empty source.
sunset_sarsaparilla_headquarters,"The Sunset Sarsaparilla Headquarters was the corporate nerve center of the Sunset Sarsaparilla Company, a major pre-War beverage manufacturer based in Las Vegas. The facility combined corporate offices with a regional bottling and distribution center, making it one of the largest industrial buildings in the area. Its iconic entrance, shaped like a giant Sarsaparilla bottle, served as a landmark for travelers. The plant employed security protectrons and maintenance robots, including a cowboy-themed automaton named Festus stationed near the entrance to promote a promotional contest involving star bottle caps. Inside, the office of Marcus Brody contained terminal logs documenting the status of the facility's robotic workforce. A shipping room terminal referenced an experimental delivery robot that reportedly managed all distribution in the Vegas area single-handedly. A lone surviving bottling robot remained operational in the bottling room, still following its pre-War programming. Annual sales reports stored on a first-floor terminal noted strong performance in the Southwest, improving sales in the North and Midwest, and difficulty penetrating the Northeast market. The building suffered structural damage from moisture and post-War attackers, and the surrounding grounds still held crates of full bottles and delivery trucks.","mojave,historian,wastelander","The Sunset Sarsaparilla Headquarters was the pre-War corporate office and bottling center for the Sunset Sarsaparilla Company in Las Vegas. Located northwest of the El Rey Motel and west of the NCR Sharecropper Farms, it is one of the largest buildings in the area and features a distinctive entrance shaped like a giant bottle. The facility housed corporate offices, a regional bottling and distribution center, and a staff of security protectrons and maintenance robots. A cowboy robot named Festus stands near the entrance, where he promotes a promotional contest involving Sunset Sarsaparilla Star Bottle Caps.",common,"festus cowboy robot,las vegas corporate office,pre-war bottling facility,star bottle cap contest,sunset sarsaparilla company",location,fnv,mojave wasteland,,2281,https://fallout.wiki/wiki/Sunset_Sarsaparilla_Headquarters,5574321,Basic article returned unchanged. Advanced article excludes post-2281 television content per game scope.
the_divide,"Before its destruction, the Divide encompassed two communities—Hopeville and Ashton—built above an extensive network of nuclear missile silos managed by the Commonwealth Defense Administration Ballistic Defense Division. The complex was deliberately established in a geologically unstable region prone to earthquakes. The Army also selected Hopeville as the site for Big MT's weather control research. During the Resource Wars, political dissidents protested the ongoing conflict; General Wellesley, Chief Liaison Officer to Big MT, was ordered to arrest them and transport them to the research complex. The nuclear missiles stored in the silos were never launched during the Great War. Post-War, the settlements grew into a thriving community sustained by a courier who regularly traveled the supply road, giving residents a connection to the outside world. The name ""the Divide"" referred not to the landscape but to this road from the west into the Mojave, which served as a vital supply line. The New California Republic used the route as one of two land corridors to reinforce its forces in the Mojave. Caesar attempted to sever it to deny NCR resupply. Before the first Battle of Hoover Dam, a package delivered by a courier contained a detonator that activated the underground warheads, triggering a catastrophic earthquake that tore the land apart and unleashed perpetual dust storms. NCR and Legion soldiers caught in the blast were killed or maimed, transformed into skinless Marked Men sustained by radiation. Ulysses alone survived, spared by machines that recognized the American flag on his jacket. The destruction benefited the Legion by eliminating a key NCR supply route and preventing greater Legion losses at Hoover Dam.","mojave,historian,ncr,legion","The Divide is a stretch of devastated land in the northwestern Mojave Wasteland near the California-Nevada border, once home to the pre-war towns of Hopeville and Ashton. Both communities were built above an extensive network of nuclear missile silos managed by the Commonwealth Defense Administration, situated in a geologically unstable region where earthquakes were common. After the Great War, the settlements grew into a thriving community connected to the outside world by a courier who regularly traveled the supply road, and the name Divide referred to this route from the west into the Mojave rather than to the land itself. Before the first Battle of Hoover Dam, a package delivered by a courier contained a detonator that activated the underground warheads, triggering a massive earthquake that ripped the land open and unleashed constant dust storms, killing or maiming soldiers from both the NCR and Caesar's Legion and turning them into skinless Marked Men healed by radiation.",common,"commonwealth defense administration,courier supply road,hopeville and ashton,marked men radiation,ncr supply route,nuclear missile silos",location,fnv,northwestern mojave wasteland,,2281,https://fallout.wiki/wiki/The_Divide,5666654,Basic article returned unchanged from existing non-empty source.
the_fort,"Fortification Hill, known as the Fort, is Caesar's Legion's primary military encampment in the Mojave, positioned on the east bank of the Colorado River overlooking Hoover Dam. Established in 2277, it serves as the staging ground for the Legion's second assault on NCR forces. The camp is accessible only by barge from Cottonwood Cove, and visitors are required to surrender all weapons, alcohol, and chems upon arrival—a policy that reflects the Legion's strict prohibition on substance use among its ranks, though officers have been observed drinking beer in practice. The Fort's layout centers on Caesar's tent and a scrap-metal arena where male combatants fight slaves and captured NCR soldiers to the death for the entertainment of legionaries. Women are barred from the arena. The encampment extends far beyond the accessible area, with tents stretching across the surrounding landscape. Beneath the Fort lies a pre-War weather monitoring station that conceals Mr. House's secret bunker, accessible through a locked door guarded by a legionary. The bunker houses securitron upgrade facilities tied to the Platinum Chip. Notably, the legionary guarding the bunker entrance pronounces Caesar with a soft ""c"" sound, unlike all other legionaries who use the traditional hard ""k."" A crucified NCR trooper is displayed near the entrance as a warning. The Fort sits in the same geographical area as the real-world Fortification Hill on the Arizona side of Lake Mead.","mojave,legion,ncr,military","Fortification Hill, commonly known as The Fort, is the primary base of Caesar's Legion situated on the east bank of the Colorado River. Established in 2277, it serves as the staging ground where Caesar and his Praetorian Guards prepare for a second assault on the NCR at Hoover Dam. The camp is built above Mr. House's secret bunker, which is concealed within a pre-existing weather monitoring station.",common,"caesar legion base,colorado river encampment,fortification hill camp,hoover dam staging ground,legion arena fights,mr house secret bunker",location,fnv,mojave wasteland,2277,2281,https://fallout.wiki/wiki/The_Fort,5594735,Basic article returned unchanged from existing non-empty source.
the_sink,"The Sink represents one of Big MT's most peculiar scientific achievements: a facility designed as a testbed for personality subroutines embedded directly in household appliances and fixtures. Originally owned by Doctor Mobius, the Sink demonstrated the Think Tank's ambition to infuse ordinary objects with autonomous artificial intelligence, each module developing a distinct personality—from the germaphobic water basin to the megalomaniacal Toaster aspiring toward a second Armageddon. Mobius disabled many functions by removing the personality chips, and after a heated argument, Doctor Klein scattered them from the Sink's balcony. Big Mountain staff later recovered and stored the chips across the facility. The Sink's Auto-Doc stands out as a uniquely advanced medical unit, offering cosmetic surgery, implant installation, full healing, radiation purging, and addiction treatment—capabilities surpassing standard Auto-Doc models. The Biological Research Station could clone dried plants and process organic matter into Salient Green, a versatile substrate for agriculture. The Sink Central Intelligence Unit served as the personality hub and merchant, tying the facility's modular ecosystem together.","scientist,courier,mojave","The Sink is a facility located at the top of the Big MT dome in the Big Mountain research center. Originally owned by Doctor Mobius, it served as a testbed for several personality subroutines embedded in its appliances and fixtures. Mobius removed the personality chips, disabling many of the various functions of its modules, and after a heated argument with Mobius, Doctor Klein took the chips and tossed them off the Sink's balcony. Various staff members working in Big Mountain later recovered the chips and stored them in different areas of the facility.",common,"auto-doc upgrades,big mt facility,biological research station,doctor mobius,personality subroutines,salient green production,sink central intelligence,think tank technology",location,fnv,big_mt,,,https://fallout.wiki/wiki/The_Sink,5604568,Chronology left blank; the Sink's pre-war origins and Big MT history are timeless relative to present-day game events.
"the_tops,Tops Hotel and Casino","The Tops Hotel and Casino stands as a monument to pre-War Las Vegas entertainment culture, having opened alongside the Ultra-Luxe as a centerpiece of the Strip. Spared nuclear devastation, it sat abandoned for two centuries until Mr. House detected the first NCR forces at Hoover Dam and deployed Securitrons en masse. The Boot Riders tribe, approached east of Vegas, initially resisted House's offer. Chief Bingo challenged Benny to a knife fight over the disagreement; Benny's victory redirected the tribe's fate. House's Securitrons delivered suits, ties, and wingtip shoes with a message renaming them the Chairmen—a name the tribe hated but Benny enforced, declaring it time to ""swing in style."" The Aces Theater, revived under Tommy Torini, became a venue for wasteland talent, echoing the pre-War Rat Pack tradition. Crucially, House's contract forbade Securitron entry without invitation, making the Tops Benny's fortified base for plotting against House. On the 13th floor, Benny and Emily Ortal conceived Yes Man, a covert tap into House's electronic network, transforming the casino from entertainment venue into a seat of rebellion.","mojave,ncr,courier","The Tops Hotel and Casino is a mainstay of the New Vegas Strip, restored to its pre-War glory by Mr. House and the Chairmen. Formerly the Boot Riders tribe, the Chairmen adopted a stylish, classic Vegas persona to run the establishment, offering gambling, food, and entertainment. The casino's legendary Aces Theater, managed by Tommy Torini, constantly attracts fresh talent from across the wasteland.",common,"aces theater talent,benny chairman coup,boot riders tribe,chairmen cultural transformation,mr house securitron contract,new vegas strip families,tops casino history,yes man conspiracy",location,fnv,new_vegas_strip,2274,2281,https://fallout.wiki/wiki/The_Tops,5575099,Valid from approximate year House contacted the Boot Riders; valid to present-day FNV events of 2281.
"ultra_luxe,Ultra-Luxe Las Vegas Resort","The Ultra-Luxe Las Vegas Resort embodies the apex of pre-War luxury, featuring world-class accommodations and the renowned Gourmand restaurant. Before the Great War, a mob shootout occurred on July 13, 2072, hinting at the casino's deep criminal associations. After the war, Mr. House recruited nearby tribes to operate the Strip's casinos; one became the White Glove Society, defined by well-dressed, well-spoken members projecting an air of aristocratic refinement. The society's cultural identity centers on exclusivity and culinary excellence, with the Gourmand's famous brahmin Wellington as its signature dish. The resort's layout reflects layered access control: a public casino floor, the Top Shelf cocktail lounge, the members-only dining area requiring honorary membership or disguise, and a bathhouse using sea salts imported from California. Philippe runs the Gourmand's kitchen, while Mortimer manages reception. The basement kitchens, pantry, wine room, and a locked freezer reveal the society's darker operational secrets. The Ultra-Luxe's gambling follows standard Strip rules—3:2 blackjack, dealer stands on all 17s—with rewards escalating to the Bon Vivant Suite before a permanent ban at 15,000 chips.","mojave,courier,merchant","The Ultra-Luxe Las Vegas Resort is a luxurious pre-War casino and resort located on the New Vegas Strip. It is operated by the White Glove Society, one of the Three Families recruited by Mr. House to manage the Strip's casinos. The society's members are known for being well-dressed and well-spoken, maintaining an air of high class.",common,"brahmin wellington,gourmand restaurant,members-only exclusivity,mr house three families,pre-war mob shootout,strip casino gambling,ultra-luxe resort history,white glove society",location,fnv,new_vegas_strip,2072,2281,https://fallout.wiki/wiki/Ultra-Luxe,5594651,Valid from the 2072 mob shootout; extends through present-day FNV events of 2281.
vault_11,"Vault 11 represents one of Vault-Tec's most psychologically devastating experiments, designed to test inhabitants' willingness to sacrifice one individual annually under threat of total extermination by the vault mainframe. The first overseer, having informed dwellers of the mandate, was immediately elected as the first sacrifice—making overseer and death synonymous thereafter. Over time, six voting blocs emerged—the Allied Service Workers, Divine Will, Human Dignity, Justice, United Vault Technicians, and Utilitarian Blocs—under the Coalition of Vault 11 Voting Blocs for oversight. The Justice Bloc, led by Roy Gottlieb, became the most powerful, leveraging bribery, drug trafficking, and sexual coercion. When Justice Bloc members threatened Katherine Stone with nominating her husband Nathan unless she complied, she capitulated, only for them to betray her and nominate him anyway. As overseer, Stone issued Order 745, abolishing elections and mandating random selection, triggering violent collapse. Only five survivors remained to discover the horrifying truth: refusing sacrifice would have simply opened the vault door. The experiment's cruelty lay not in any real threat, but in the dwellers' willingness to destroy themselves for a phantom menace.","historian,vault_dweller,courier","Vault 11 is an abandoned Vault-Tec installation in the Mojave Wasteland, situated west of Boulder City and southwest of the 188 Trading Post. Its social experiment required dwellers to sacrifice one member annually or face total extermination by the vault mainframe, making the position of overseer synonymous with death. Over time, political factions called voting blocs formed to influence the selection process, including the Justice Bloc, Human Dignity Bloc, Divine Will Bloc, Allied Service Workers Bloc, United Vault Technicians Bloc, and Utilitarian Bloc, with the Coalition of Vault 11 Voting Blocs providing oversight. Corruption festered as bloc leaders manipulated elections through bribery, drug trafficking, and coercion, culminating in violence after Overseer Katherine Stone dissolved the election process in Overseer Order 745.",common,"coalition voting oversight,justice bloc corruption,katherine stone order 745,roy gottlieb justice bloc,sacrificial mandate,vault 11 experiment,vault-tec social experiment,voting blocs politics",vault,fnv,mojave_wasteland,,,https://fallout.wiki/wiki/Vault_11,5655320,Chronology left blank; Vault 11's internal history is timeless relative to present-day game events.
vault_19,"Vault 19's experiment stands apart from typical Vault-Tec designs through its dual-overseer structure and reliance on purely psychological manipulation. Inhabitants were segregated into red and blue sectors with deliberately limited contact, while two overseers coordinated non-chemical, non-violent paranoia induction: subliminal messaging, anomalous air drafts from ventilation systems, and coded blinking light patterns. Terminal entries from residents reveal escalating suspicion, with each sector blaming the other for mounting malfunctions and psychosis. Clinic patient logs documented aggression and psychological deterioration, though the attending physician appeared unaware of the experiment's true cause. The dual-overseer model ensured neither sector could verify the other's claims, creating a self-reinforcing cycle of accusation. By the time escaped convicts led by Powder Gangers founder Samuel Cooke discovered the vault, the original population had vanished entirely, leaving no record of how the experiment concluded. Cooke's followers, labeled escaped convicts rather than Powder Gangers, occupied the vault's upper levels while sulfur caves beneath harbored fire geckos and nightstalkers.","historian,powder_ganger,mojave","Vault 19 is a Vault-Tec installation in the Mojave Wasteland, concealed beneath a sewer grate in an abandoned parking lot along Nevada 159 northeast of Goodsprings. The vault's experiment divided inhabitants into red and blue sectors under two separate overseers, inducing paranoia through subliminal messaging, unusual drafts, and blinking light patterns while each faction blamed the other for mounting malfunctions and psychosis. By the time escaped convicts from the NCR Correctional Facility discovered it, the original population was gone entirely. Samuel Cooke, founder of the Powder Gangers, now occupies the vault with his own followers, though his men are not considered part of that faction.",common,"dual overseer experiment,escaped convicts vault 19,psychological paranoia induction,red blue sector segregation,samuel cooke vault 19,subliminal messaging vault,sulfur caves vault 19,vault tec psychological experiment",vault,fnv,,,,https://fallout.wiki/wiki/Vault_19,5655296,
vault_21,"Vault 21's social experiment enforced absolute equality through architecture and governance: a perfectly symmetrical layout ensured no resident could claim superior quarters, and all disputes were resolved through games of chance rather than hierarchy or coercion. Elected representatives gambled in the central atrium, with the winner earning collective authority to settle the conflict. This gambling-based justice system produced a culture described by former resident Sarah Weintraub as 'pure New Vegas,' where fortune governed outcomes. When Robert House extended an offer to join his vision of a resurrected Las Vegas, the vault's own principles determined its fate: proponents of opening to the outside challenged isolationist representatives through a marathon Blackjack game, ultimately won on an extremely risky hand. House subsequently ordered the lower levels filled with concrete, neutralizing any possibility of former residents reclaiming the structure. Only the upper levels survived at Sarah and Sheldon Weintraub's request, converted into a hotel and gift shop that became a Strip attraction. Former dwellers like Doc Mitchell dispersed into the wasteland.","historian,mojave,vault_dweller","Vault 21 is a Vault-Tec vault located in downtown Las Vegas that was successfully converted into a hotel and casino. Its original social experiment required perfect equality among its inhabitants, with a symmetrical layout and all conflicts resolved through games of chance. After Mr. House contacted the vault dwellers with an offer to join the resurrection of New Vegas, a lengthy game of Blackjack determined that the vault would open to the outside world.",common,"blackjack vault decision,concrete filled vault levels,doc mitchell vault 21,gambling conflict resolution,mr house vegas resurrection,sarah weintraub hotel,symmetrical vault layout,vault 21 equality experiment",vault,fnv,,,,https://fallout.wiki/wiki/Vault_21,5595044,
vault_22,"Vault 22's pre-war mission placed it among the most scientifically ambitious Vault-Tec installations, staffed by researchers tackling global hunger through advanced fertilizers, drought-resistant crops, and biological pest control. Its signature experiment centered on Beauveria Mordicana, a fungus engineered to protect crops from insect predation. Post-war containment failed when the organism became airborne, spreading spores throughout the vault's closed atmosphere. Infection progressed over ten to twenty days, killing the host while the pathogen survived, reanimating corpses as aggressive Spore Carriers. The remaining scientists attempted to incinerate the lower levels using ignited gas, but the carriers overwhelmed them. The disaster escaped the vault itself: in 2096, roughly 118 infected survivors reached Zion Canyon, armed and organized, only to cannibalize local inhabitants before being hunted down by Randall Clark. By 2281, NCR Office of Science and Industry director Thomas Hildern sought the vault's agricultural data to address projected famine, underscoring how pre-war biotechnology remained both a promise and a persistent hazard.","scientist,historian,mojave","Vault 22 is a Vault-Tec installation in the Mojave Wasteland, located east of Jacobstown and west of the Thorn. Before the Great War, it was populated by scientists dedicated to agricultural research, developing advanced fertilizers and pest control agents like the Beauveria Mordicana fungus. After the war, the fungus became airborne and infected the vault's population, turning them into Spore Carriers. In 2096, a group of infected survivors known as the Coughers arrived in Zion Canyon, where they were wiped out by Randall Clark.",common,"agricultural vault experiment,beauveria mordicana fungus,biological pest control,ncr office science industry,spore carrier infection,vault 22 coughers,vault tec agricultural research,zion canyon 2096",vault,fnv,,,,https://fallout.wiki/wiki/Vault_22,5655416,
vault_3,"Vault 3 was among the seventeen control vaults in the Vault-Tec program, meaning it carried no experimental parameters and functioned as a baseline for comparison with other installations. Its inhabitants maintained an orderly democratic society for generations without the despotic overseer dynamics seen in vaults like Vault 101. The community's undoing came not from internal experiment-driven collapse but from external contact: a water leak in the 23rd century forced residents to open their doors, and initial trade with outsiders proved profitable. However, the dwellers' prolonged isolation had left them fatally naive about wasteland dangers. The Fiends, a chem-addicted raider gang, exploited this vulnerability by conning their way inside and slaughtering the population. Under leader Motor-Runner, the Fiends transformed Vault 3 into an impenetrable fortress and drug den, leveraging its intact infrastructure to mount sustained attacks against southwestern New Vegas and the NCR garrison at Camp McCarran. The vault's flooded lower levels, irradiated at one rad per second, remained largely unexplored even by its Fiend occupants.","historian,raider,ncr,mojave","Vault 3 is a control Vault in the South Vegas Ruins of the Mojave Wasteland, built by Vault-Tec without an experiment. Its original dwellers opened the Vault after a water leak in the 23rd century and traded with outsiders, but the Fiends exploited their naivety, killed them, and claimed the Vault as a fortress and drug den. The Fiends, led by Motor-Runner, use Vault 3 as a base to threaten southwestern New Vegas and harass the NCR Army at Camp McCarran. The Vault remains largely intact, with some flooding in the lower levels.",common,"camp mccarran fiend threat,control vault no experiment,democratic vault society,fiends vault 3 takeover,flooded lower levels,motor runner fiend leader,naive vault dwellers,vault 3 water leak",vault,fnv,,,,https://fallout.wiki/wiki/Vault_3,5600549,
vault_34,"Vault 34's social experiment deliberately overstocked its armory with weapons and ammunition while sacrificing living space for recreational amenities such as a full-sized swimming pool. This design produced a heavily armed, overcrowded population with a culture shaped by proximity to firearms. When residents demanded armory access for self-defense, the overseer refused and installed a remote lock on their terminal. The resulting riot split the population: one faction stormed the exit and departed, eventually settling Nellis Air Force Base over fifty years prior to 2281 and becoming the Boomers. A second group exploited the distraction to raid the armory. After the exit was sealed, the overseer proposed population control measures, provoking an overthrow attempt that damaged reactor cooling vents and main computer systems. A bomb was detonated in the pool. The reactor began leaking radiation throughout the vault, and the engineering team's repair attempts failed. The main exit could not be reopened, trapping the remaining inhabitants with no recourse except hypothetical external intervention. Chris Haversham, later notable for his role at HELIOS One, was born in Vault 34 and maintained its reactor.","mojave,vault_dweller,historian,boomers","Vault 34 is a Vault-Tec installation located southwest of Nellis Air Force Base in the Mojave Wasteland. As part of its social experiment, the vault was overstocked with weapons and ammunition while recreational facilities took priority over living space, leading to severe overcrowding. This tension eventually sparked a riot where a group of residents broke out and settled at Nellis, later becoming known as the Boomers. The remaining inhabitants attempted to overthrow their overseer, damaging the reactor and trapping themselves inside as radiation leaked throughout the vault.",common,"armory overstocked weapons,boomers nellis origin,chris haversam vault 34,overseer population control,reactor radiation leak,vault 34 social experiment,vault overcrowding riot,vault tec mojave vault",location,fnv,mojave wasteland,,2281,https://fallout.wiki/wiki/Vault_34,5594922,
villa,"The Sierra Madre Villa was Frederick Sinclair's private service town for casino guests, employees, and construction workers, situated at the approach to the Sierra Madre Casino. To preserve capital for the casino itself, Sinclair authorized cut-rate construction using materials described as sand barely held together with spit and glue. Buildings were structurally unstable and could collapse overnight, causing numerous accidents among construction crews. Senior personnel systematically destroyed medical reports to conceal these conditions and enjoyed legal protection. Shipping irregularities compounded the dysfunction: construction explosives, crates of steak knives, and other goods arrived, were paid for, and abandoned. The Villa's streets were deliberately designed to prevent automobile circulation, eliminating noise and pollution but producing a maze-like layout. The town comprised four districts: Medical, containing the Villa Clinic; Puesta del Sol, where construction lagged behind Salida del Sol and witnessed repeated clashes among crews; Residential, housing high rollers and entertainers; and Salida del Sol, home to the church and much of the casino staff. By 2281 the Villa lay in ruins beneath the toxic Cloud, its power barely functioning.","mojave,historian,courier","The Villa is the private city of the Sierra Madre, built by Frederick Sinclair for his guests, employees, and workers. To save money for the casino, the town was poorly constructed using unstable materials, leading to numerous accidents among the construction crews. By 2281, the Villa remains a desolate, ruined town blanketed by a toxic Cloud, with its crumbling infrastructure split into four districts: Medical, Puesta del Sol, Residential, and Salida del Sol. At its center sits a fountain with a holographic projector that displays a hologram of Vera Keyes, surrounded by maze-like streets designed to prevent cars from circulating.",common,"concealed medical reports,dead money location,four villa districts,frederick sinclair construction,maze streets no cars,poor building materials,sierra madre villa,toxic cloud blanket",location,fnv,sierra madre,,2281,https://fallout.wiki/wiki/Villa,5594995,
westside,"Westside is an impoverished cooperative settlement in Outer Vegas whose agricultural independence was shaped by the intersection of Followers of the Apocalypse expertise and NCR economic policy. Tom Anderson, a former OSI operator and fringe Followers member, taught residents dry-environment farming techniques that allowed Clayton Etienne's cooperative to turn a profit after several years despite the hot Mojave climate. The NCR's arrival brought the Thaler Act, which paid farmers to relocate to Mojave land under military protection, establishing NCR Sharecropper Farms as a competitor. Simultaneously, the NCR assumed control of water distribution, making clean water prohibitively expensive for Westside and rendering dirty water unsuitable for crops. Anderson responded by rigging the NCR East Pump Station to divert a portion of Lake Las Vegas water to the North Cistern, where a local delivery boy named Hector distributed it. Corporal White, an NCR soldier investigating the diversion, caught Hector and learned of Anderson's plan, but underestimated the Followers affiliate, who shot him in the back as he turned to leave. The settlement also contends with constant Fiend attacks through the New Vegas Sewers, while the Great Khans maintain business interests that further complicate local security.","mojave,ncr,followers,historian","Westside is an impoverished settlement in Outer Vegas, consisting of a cooperative of crop farmers and a militia that protects the residents. The co-op is run by Clayton Etienne and sells food to travelers and larger factions, with proceeds shared among its members. Tom Anderson, a fringe operator of the Followers of the Apocalypse and former OSI operator, taught the residents how to farm, and after several years the co-op began to turn a profit despite the hot, dry environment. The NCR's arrival in the Mojave brought the Thaler Act and NCR control of water distribution, resulting in a water shortage for Westside that threatened its independence.",common,"clayton etienne co-op,corporal white investigation,fiends outer vegas,ncr water diversion,outer vegas settlement,thaler act water shortage,tom anderson followers,westside cooperative farming",location,fnv,mojave wasteland,,2281,https://fallout.wiki/wiki/Westside,5644653,
x_13_research_facility,"The X-13 Research Facility occupies the westernmost border of Big MT and was originally built around REPCONN Aerospace offices before the Great War. Its primary post-war significance is as the development site for the Stealth Suit Mk II, a prototype whose three component pieces were disassembled and distributed across separate laboratories within the facility. The central stealth testing lab spans two levels: an upper observation deck of metal walkways where researchers monitored the prototype's performance, and a lower test track where the suit was evaluated. A nightstalker test area beneath the main level connects to sewage tunnels and a strange still used to brew Battle Brew from vodka, mutant cave fungus, and Salient Green. The facility also housed a VR Simulation Room that has ceased functioning. Several fragments of Chinese Stealth Armor are visible throughout the complex, suggesting research into pre-existing stealth technology. The facility's security systems could be fully disabled via an X-13 Document stored in the administrator's office wall safe, and an upgraded Sonic Emitter was required to access certain sealed areas.","scientist,engineer,courier","The X-13 Research Facility is a location on the westernmost border of Big MT, formerly housing REPCONN Aerospace offices before the Great War. The facility is best known as the development site for the Stealth Suit Mk II, with its three component pieces scattered across separate laboratories. Below the main level lies a nightstalker test area connecting to sewage tunnels and a strange still used to brew Battle Brew. The central section contains a two-level stealth testing lab where researchers observed the prototype suit's performance from metal walkways above a test track.",common,"battle brew strange still,big mt western border,chinese stealth armor research,nightstalker test area,old world blues location,repconn aerospace offices,stealth suit mk ii,x 13 research facility",location,fnv,big mt,,2281,https://fallout.wiki/wiki/X-13_Research_Facility,5663794,
zion_canyon,"Zion Canyon, formerly Zion National Park in Utah north of the Mojave Wasteland, survived the Great War with comparatively little devastation. In the war's immediate aftermath, a survivor named Randall Clark sheltered in the park's cave systems and lived there for years. When a group of children arrived, Clark watched over them from a distance, never making direct contact, leaving gifts and guidance. To the children he became ""the Father in the Cave,"" a figure of reverence. These children grew into the Sorrows, a peaceful tribe embodying innocence, who treated pre-War buildings and technology as taboo and never ventured into the caves. The canyon also became home to the Dead Horses tribe. Recently, New Canaanite missionaries Daniel and Joshua Graham arrived at the tribes' request to protect them from the White Legs, an aggressive tribe threatening the region. Daniel advocated evacuating the Sorrows to the Grand Staircase, while Graham sought to teach the Sorrows warfare alongside the Dead Horses to drive the White Legs out. In 2281, the Happy Trails Caravan Company launched an expedition from the Mojave's Northern Passage to re-establish trade with New Canaan, but the caravan was ambushed by the White Legs.","mojave,tribal,wastelander","Zion Canyon, formerly the site of Zion National Park, is a region in Utah north of the Mojave Wasteland that was largely spared from the devastation of the Great War. In the years following the war, a survivor named Randall Clark took refuge in the canyon's caves and secretly watched over a group of children who had arrived in the area, becoming known to them as ""the Father in the Cave."" These children grew into the Sorrows, a peaceful tribe that reveres the canyon's pre-War structures as taboo and avoids venturing into the caves. The canyon is also home to the Dead Horses tribe and has recently become a point of conflict, as the aggressive White Legs tribe threatens the region's inhabitants, drawing the attention of New Canaanite missionaries Daniel and Joshua Graham, who have vowed to protect the local tribes.",,"dead horses tribe,randall clark,sorrows tribe,utah canyon,white legs conflict,zion national park",location,fnv,utah,2281,2281,https://fallout.wiki/wiki/Zion_Canyon,5595087,Present-day developments set in 2281 per New Vegas chronology.
mysterious_stranger,"The Mysterious Stranger is an enigmatic figure who appears briefly in combat, wielding a .44 Magnum, before vanishing without trace. Originally clad in black and appearing as either female or male, the Stranger is now consistently depicted as a middle-aged man in a trench coat and hat. A short guitar riff signals his arrival and departure. In the Capital Wasteland, the Stranger may appear during combat encounters, circling enemies and firing several shots before disappearing. During the Mothership Zeta incident, knowledge of the Stranger opened unique dialogue possibilities with a captive named Somah. In the Mojave Wasteland, a musician known as the Lonesome Drifter recounted that his father was a ""mysterious"" man and a ""stranger"" to his own family. The Drifter carried a unique .44 Magnum that closely resembled the Stranger's weapon, producing the same distinctive guitar notes when drawn and a chord when holstered. The Stranger's own .44 Magnum is reputed to be exceptionally powerful. Despite numerous sightings across the wasteland, the Stranger's identity, origins, and motivations remain unknown.","common,wastelander","The Mysterious Stranger is an enigmatic figure who wanders the wasteland in a trench coat and hat, armed with a .44 Magnum, appearing briefly to lend a helping hand in battles before vanishing without a trace. Originally clad in black and appearing as either female or male, he is now consistently depicted as a middle-aged man. A short guitar riff signals his arrival and departure. In the Commonwealth, detective Nick Valentine has taken an interest in investigating him, keeping a log of everything he knows about the Stranger in his office.",,"44 magnum,combat ally,lonesome drifter,mysterious stranger,trench coat figure",person,both,wasteland,,,https://fallout.wiki/wiki/Mysterious_Stranger_(Character),5675060,
abraham_washington,"Abraham Washington serves as the owner and curator of the Capitol Preservation Society, housed aboard Rivet City in the Capital Wasteland. He possesses a deep reverence for historical artifacts and understands the importance of preserving American heritage, particularly admiring Abraham Lincoln. His passion drives him to hire travelers to recover significant historical items for the Society's collection. However, Washington's understanding of American history is profoundly inaccurate. He claims that on July 4, 1776, a group called the ""Second Judgmental Congress"" gathered at Fort McHenry in Maryland, where after a ceremony concluding with Paul Revere singing the National Anthem, the Declaration of Independence was signed. He further asserts the document was then sent to England by plane and presented to King George, thus beginning what he calls the ""Evolutionary War."" His name itself combines those of two United States presidents, Abraham Lincoln and George Washington. Despite his scholarly demeanor and genuine dedication to preservation, the gap between his enthusiasm and his actual historical knowledge is vast.","capital_wasteland,common","Abraham Washington is the owner and curator of the Capitol Preservation Society in Rivet City, dedicated to preserving American historical artifacts. He greatly admires Abraham Lincoln and actively seeks out travelers to recover important historical items for his collection. His name is a portmanteau of two United States presidents, Abraham Lincoln and George Washington. Despite his passion for history, his understanding of historical events is notably inaccurate, such as his belief that the Declaration of Independence was signed at Fort McHarry after Paul Revere sang the National Anthem and then sent to England by plane.",,"capitol preservation society,historical artifacts,inaccurate history,lincoln admirer,rivet city curator",person,fallout3,capital_wasteland,2277,2277,https://fallout.wiki/wiki/Abraham_Washington,5570182,Present-day developments set in 2277 per Fallout 3 chronology.
"allistair_tenpenny,Tenpenny","Allistair Tenpenny is the owner of Tenpenny Tower, a pre-War luxury high-rise he discovered and restored in the Capital Wasteland. Originally a British refugee, Tenpenny takes considerable pride in the tower's magnificence and the tenants who reside there. He spends most of his days alone in his penthouse suite, though he occasionally invites Susan Lancaster for company. While he maintains a reserved table at the tower's Café Beau Monde, he prefers having his daily iguana bits sandwich delivered to his penthouse rather than dining in public. From his balcony, Tenpenny occasionally conducts what he calls a ""Wasteland safari,"" shooting at random targets in the surrounding wasteland with his sniper rifle. He is particularly bothered by an eyesore visible on the horizon. Tenpenny's influence over the tower is considerable; should he no longer be present, Chief Gustavo would assume control of the settlement. The tower's exclusivity has drawn resentment from wastelanders and ghouls alike, and Tenpenny's name carries weight throughout the Capital Wasteland, with some individuals expressing fear of falling under his control.","capital_wasteland,common","Allistair Tenpenny is the owner of Tenpenny Tower, a settlement he found and restored in the Capital Wasteland. Originally a British refugee, he takes great pride in the magnificence of his tower and its tenants. He spends most of his days alone in his penthouse suite, preferring to have his meals delivered rather than dining at his reserved table in the Café Beau Monde. Tenpenny occasionally holds what he calls a Wasteland safari on his balcony, shooting at random targets in the surrounding wasteland with his sniper rifle.",,"british refugee,capital wasteland settlement,penthouse suite,tenpenny tower owner,wasteland safari",person,fallout3,capital_wasteland,2277,2277,https://fallout.wiki/wiki/Allistair_Tenpenny,5592784,Present-day developments set in 2277 per Fallout 3 chronology.
"amata,Amata Almodovar","Amata Almodovar grew up inside Vault 101 as the daughter of Overseer Alphonse Almodovar, a position that shaped both her privileges and her frustrations. Her mother's early death created a bond with another young resident of the vault who had also lost a mother, and the two were raised as close friends. Amata's medical file, maintained by the vault's physician James, records her concern that her father does not trust her and that his insistence on attending her examinations eliminates any doctor-patient confidentiality. James, however, noted his own belief that Amata could be trusted to make sound decisions. When Amata sat for the G.O.A.T. examination, her teacher Mr. Brotch informed her that her results placed her on a supervisory track within the vault's internal hierarchy. Despite this promising path, Amata harbored a persistent desire to see Vault 101's people return to the surface, believing that isolation was no longer necessary. She repeatedly attempted to persuade her father to reconsider the vault's sealed policy, though his overprotective nature and authority as Overseer made such appeals difficult. Amata's relationship with her father was complex: she loved him dearly but grew increasingly frustrated by his control over both her life and the vault's direction. She was known to resent any implication that she received special treatment as the Overseer's daughter.",vault_dweller,"Amata Almodovar is the only child of Overseer Alphonse Almodovar and a lifelong resident of Vault 101. Her mother died when she was two years old, a loss she shares in common with her childhood friend, the Lone Wanderer, whose own mother also passed away. Growing up, Amata developed a strong desire to see Vault 101's people return to the surface and frequently tried to persuade her father that life outside the vault was worth pursuing. Despite her love for him, she felt frustrated by his overprotective nature, particularly his insistence on being present during her medical examinations, which prevented any meaningful doctor-patient confidentiality.",common,"childhood friend lone wanderer,goat supervisory track,james medical file,overseer's daughter,vault 101 politics,vault 101 resident",person,fallout3,capital_wasteland,2259,2277,https://fallout.wiki/wiki/Amata,5642774,"Rewrote advanced article to remove all references to karma, quest names, player choices, and mutable outcomes."
"ashur,Ishmael Ashur,Lord of the Pitt","Ishmael Ashur's path to power began with the Brotherhood of Steel's eastward expedition under Paladin Owyn Lyons. When the Brotherhood reached the ruins of Pittsburgh, they found a city overrun by gangs, raiders, and slavers living amid disease and collapsed infrastructure. In a single night, Lyons' forces swept through the city from over Mount Wash, wiping out hostile elements in an operation later called the Scourge. Ashur was buried in rubble during the fighting and left for dead, the Brotherhood's sole casualty. He survived, however, and emerged to find the city transformed: the Brotherhood's purge had eliminated the worst threats but also created a power vacuum. Ashur stepped into that void, establishing himself as the Lord of the Pitt. He restarted the city's steel mills, instructing enslaved wastelanders to break down salvaged metal and reforge it into usable material. Ashur justified the use of slave labor as a temporary but necessary measure, arguing that the city's devastating health crisis, a disease that ravaged its population and mutated some into trogs, required extraordinary measures until a cure could be found. He believed his infant daughter Marie was immune to the local diseases and that studying her biology could yield a treatment. Ashur envisioned a future where the cure would end the need for kidnapping and forced labor, allowing the Pitt to grow naturally as a real city. Residents like Wernher acknowledged that conditions had improved under Ashur compared to the chaos before the Scourge, even as they chafed under his rule.","brotherhood,capital_wasteland","Ishmael Ashur, also known as the Lord of the Pitt, is the leader of The Pitt, a sprawling industrial settlement built from the ruins of pre-war Pittsburgh. He was originally a member of the Brotherhood of Steel contingent that traveled to the Capital Wasteland under Paladin Lyons. During the Scourge, a Brotherhood operation that swept through the city to eliminate hostile gangs, raiders, and slavers, Ashur was buried in rubble and presumed dead. He survived and went on to establish himself as ruler of the Pitt, restarting its steel mills and rebuilding industry through the use of slave labor.",common,"brotherhood of steel,marie disease cure,pitt steel mills,slave labor industry,the pitt leader,the scourge pittsburgh",person,fallout3,capital_wasteland,2255,2277,https://fallout.wiki/wiki/Ishmael_Ashur,5664611,"Rewrote advanced article to remove all references to quests, player choices, and mutable outcomes."
bittercup,"Bittercup's life traces the common trajectory of Little Lamplight's children, who are sent to Big Town upon reaching adulthood. Before her relocation, she played with other children in the cavern settlement, forming connections that would later define Big Town's social fabric. Her romantic history in Big Town reflects the settlement's precarious and demoralizing atmosphere. She initially dated Pappy, who had promised her that Big Town would be safe, only for her to discover that the settlement faces constant attacks from super mutants and other threats. She ended the relationship over his dishonesty. She then became involved with Flash, who described her as becoming ""all spooky"" before he left her. Bittercup also claimed a relationship with Timebomb, though he had no recollection of it, attributing his memory gap to ""weird dreams"" experienced during a period of unconsciousness. Bittercup serves as Big Town's night patrol, a role she fills with characteristic fatalism. She spends her daylight hours sleeping in the common room, eats at the town hall, and patrols from late evening into the morning. She writes dark poetry and collects chalk and makeup, and she openly expresses her belief that Big Town's residents will eventually become mutant food. Other residents view her with mixed feelings: Flash notes she speaks only of hating others and the darkness of her clothing, while Red believes she would improve if she faced reality.","wastelander,capital_wasteland","Bittercup is a gloomy young woman living in Big Town, a settlement where former Little Lamplight children relocate when they come of age. She works as the settlement's night patrol, spending her days sleeping and her nights watching the perimeter. Known for her dark clothing and morbid poetry, she has a fatalistic outlook, believing the town's residents are doomed to become mutant food. Her romantic history in Big Town is turbulent: she dumped Pappy after discovering his promises of safety were false, was briefly involved with Flash before he left her, and claims to have had a relationship with Timebomb, though he has no memory of it.",common,"big town resident,dark poetry wastelander,fatalistic settler,little lamplight origin,night patrol big town,pappy flash timebomb",person,fallout3,capital_wasteland,2277,2277,https://fallout.wiki/wiki/Bittercup,5645473,Rewrote advanced article to remove all references to player interactions and gameplay mechanics.
"bloomseer_poplar,Poplar","Bloomseer Poplar serves as the soothsayer of Oasis, a hidden and lush settlement in the Capital Wasteland whose existence is largely unknown to outsiders. Her path to Oasis was long: she spent a decade searching for the settlement before becoming the third person to arrive there, fifteen years before the present day. Poplar's father was a healer, and from his collection of books she learned about the medicinal properties of trees and plants, knowledge that aligns with Oasis's unique botanical abundance. As a Bloomseer, she possesses precognitive abilities, allowing her to foresee events and offer glimpses of the future to those who seek her counsel. Her visions reference symbolic imagery, such as four-leaf clovers in the sky with time as their deadliest adversary. Poplar occupies a politically neutral position within Oasis's governance. The settlement is guided by two leaders, Leaf Mother Laurel and Tree Father Birch, who sometimes disagree on the community's direction. Poplar considers herself equally bound to both of their words and refuses to side with one over the other, citing her understanding of Oasis's laws. All human residents of Oasis bear horticultural names, and Poplar's name follows this convention, referencing the genus Populus, a type of tree.","wastelander,capital_wasteland","Bloomseer Poplar is the soothsayer of Oasis, a secluded settlement in the Capital Wasteland. Her father was a healer, and she learned about the medicinal properties of trees and plants from books he possessed. After searching for a decade, she became the third person to arrive in Oasis fifteen years ago. As a Bloomseer, she possesses precognitive abilities and considers herself bound equally to the words of both Leaf Mother Laurel and Tree Father Birch, taking no side in their disagreements.",common,"bloomseer precognition,horticultural names oasis,leaf mother laurel,medicinal plant knowledge,oasis soothsayer,tree father birch",person,fallout3,capital_wasteland,2262,2277,https://fallout.wiki/wiki/Bloomseer_Poplar,5501451,Rewrote advanced article to remove all references to player interactions and quest mechanics.
brailee_ewers,"Brailee Ewers' psychological deterioration illustrates the toll that prolonged isolation and nutritional deprivation take on wasteland settlers. Arefu, a small settlement perched on a collapsed highway overpass, was already a fragile community when the Family began preying upon it for blood sustenance. The murder of Arefu's brahmin eliminated the settlement's primary source of fresh protein, forcing residents like Brailee to subsist entirely on prepackaged, preserved food of pre-War origin. Combined with her husband Ken's paranoid control, which severely limited her social contact even before the lockdown, Brailee developed a dissociative fantasy world drawn entirely from idealized pre-War domestic imagery: green lawns, lakeside fishing, begonia gardens, homeowners associations, and neighborhood baking exchanges with families like the Wests. Her fixation on a mailman delivering a fall fashion catalog suggests her fantasy is constructed from salvaged pre-War magazines and advertisements rather than lived memory, since she was likely born well after the bombs fell. The fantasy functions as a coping mechanism against the grim reality of Arefu's siege.","wastelander,capital_wasteland","Brailee Ewers is a resident of the settlement of Arefu, where she lives with her overprotective and verbally abusive husband, Ken Ewers. Her isolation from the rest of the community worsened when a group called the Family began targeting Arefu, resulting in the murder of the settlement's brahmin and a lockdown that confined her with her husband for an extended period. The prolonged isolation and a diet consisting only of prepackaged food left Brailee disassociated, causing her to retreat into an elaborate fantasy life. In this fantasy, she lives in a cozy pre-War village with green yards, a begonia garden, a homeowners association, and friendly neighbors like the Wests, and she often waits for a mailman to deliver her fall catalog.",common,"arefu settlement resident,brahmin murder arefu,capital wasteland mental health,dissociative fantasy coping,ken ewers isolation,pre-war domestic fantasy,prepackaged food diet,the family siege",person,fallout3,capital_wasteland,2277,2277,https://fallout.wiki/wiki/Brailee_Ewers,5465380,
"butch_deloria,Butch","Butch DeLoria embodies the social dysfunction of Vault 101's closed ecosystem, where generations of confinement have produced adolescent subcultures mimicking wasteland gang identity despite the inhabitants never having seen the outside world. His Tunnel Snakes gang, co-founded with Wally Mack and Paul Hannon Jr., operates as a status mechanism within the Vault's rigid social hierarchy, compensating for the stigma of his mother Ellen's alcoholism and the emasculating G.O.A.T. assignment to hairdressing. The gang's leather jackets and switchblade aesthetic represent a cargo-cult imitation of surface raider culture filtered through salvaged pre-War media. Butch's fear of radroaches, admitted during the Vault 101 crisis, undermines his constructed tough-guy persona and reveals the fragility of identity built entirely within a sealed environment. His eventual departure from Vault 101 and presence at Rivet City's Muddy Rudder bar suggests that Vault-born residents who leave often gravitate to established wasteland settlements, carrying their insular social identities into a world that does not recognize them.","vault_dweller,capital_wasteland","Butch DeLoria is a lifelong resident of Vault 101 and the self-styled leader of the Tunnel Snakes, a small gang he formed with his friends Wally Mack and Paul Hannon Jr. He grew up with an alcohol-addicted mother named Ellen and has a reputation as a bully, harassing classmates like Amata and tormenting the Lone Wanderer even at their tenth birthday party. When he took the G.O.A.T. exam, he was assigned the future job of hairdresser, a result that clashed with his tough-guy aspirations.",common,"butch deloria radroach fear,closed ecosystem social dysfunction,ellen deloria alcoholism,goat hairdresser assignment,rivet city muddy rudder,vault 101 gang culture,vault 101 tunnel snakes,vault born wasteland adaptation",person,fallout3,capital_wasteland,2277,2277,https://fallout.wiki/wiki/Butch_DeLoria,5669264,
charon,"Charon's condition reflects a poorly understood practice of ideological conditioning among certain pre-War and early post-War ghoul communities. The group that raised him instilled an unbreakable code of contractual loyalty, effectively overriding personal volition; whoever physically possesses his employment contract commands his absolute obedience in combat and service. This makes Charon a rare example of a sentient ghoul whose agency has been externally suppressed rather than eroded by radiation or feral degeneration. Within Underworld, the Museum of History's ghoul settlement, Charon functions as both private muscle for Ahzrukhal's Ninth Circle bar and a communal defender alongside the robot Cerberus, repelling raiders and slavers who threaten the settlement. His refusal to speak except to defer questioners to his employer suggests the conditioning may extend to social behavior, not just combat compliance. Despite this, Charon retains moral judgment, privately condemning Ahzrukhal as an evil bastard and killing him the moment the contract changes hands, implying the brainwashing binds obedience to the contract holder but does not extinguish personal ethical evaluation.","ghoul,capital_wasteland,wastelander","Charon is a ghoul bouncer at The Ninth Circle and a guard for the Underworld settlement in the Capital Wasteland. In his youth, he was brainwashed by an unusual group, leaving him bound by honor to obey whoever holds his employment contract. His current contract holder is Ahzrukhal, a ghoul bartender whom Charon privately despises as an evil bastard, though he refuses to speak to anyone and directs them to Ahzrukhal. Alongside the robot Cerberus, Charon defends the Underworld against raiders and slavers, and he is said to never sleep.",common,"ahzrukhal employment contract,brainwashed ghoul servant,capital wasteland ghoul,cerberus underworld defense,contractual loyalty conditioning,ghoul contract servitude,ninth circle bouncer,underworld settlement guard",person,fallout3,capital_wasteland,2277,2277,https://fallout.wiki/wiki/Charon_(Fallout_3),5593108,
chief_gustavo,"Chief Gustavo's virulent anti-ghoul prejudice represents a widespread but scientifically dubious belief in the Capital Wasteland that all ghouls inevitably succumb to feral degeneration. His assertion that radiation slowly eats away ghoul brains until they go zombie reflects a folk understanding of ghoul biology that conflates the distinct conditions of ghoulification and feral ghoul syndrome. Within Tenpenny Tower, Gustavo's role as security chief places him at the intersection of Allistair Tenpenny's exclusionary social order and the practical defense needs of a luxury pre-War high-rise repurposed as a fortified settlement. His willingness to arm the Lone Wanderer regardless of which faction they support in the Tenpenny Tower conflict suggests his loyalty is ultimately to the tower itself rather than to any ideological position. His assumption of leadership upon Tenpenny's death, accompanied by intensified anti-ghoul hostility, indicates that the tower's exclusionary policies may be driven more by its security apparatus than by its proprietor's personal preferences.","capital_wasteland,military","Chief Gustavo serves as the security chief of Tenpenny Tower, where he can typically be found guarding the entrance or resting in the lobby. He holds a strong prejudice against ghouls, firmly believing that the radiation slowly eats away their brains and causes them to turn feral. Gustavo advocates for killing ghouls before they can become a threat, viewing it as a mercy to them and a safety measure for everyone else. He is fiercely loyal to the tower and its proprietor, Allistair Tenpenny.",common,"allistair tenpenny security chief,anti-ghoul prejudice capital wasteland,feral ghoul degeneration belief,folk ghoul biology,ghoul discrimination wasteland,gustavo tower leadership,tenpenny tower exclusion policy,tenpenny tower security",person,fallout3,capital_wasteland,2277,2277,https://fallout.wiki/wiki/Chief_Gustavo,5601938,
"clover,Shamrock","Clover's existence within Paradise Falls reflects the brutal commodification of human life under Eulogy Jones's slaver operation. Pressed into sexual servitude alongside Crimson, she occupies a paradoxical position: classified internally with the slaver class rather than the slave class, her tag skills in barter, melee weapons, and small guns making her functionally a bodyguard as much as a prostitute. Eulogy's claim that she becomes ""crazy in-love with whoever holds her leash"" suggests a psychological conditioning born of captivity, a survival mechanism where devotion replaces autonomy. Her slave collar, unusually, provides a measurable defensive benefit, reinforcing how even instruments of bondage are repurposed in the wasteland. Her rivalry with Crimson and her willingness to kill Crimson if slavers are attacked stealthily hints at a fractured loyalty architecture, where self-preservation overrides solidarity among the enslaved. Her refusal to activate the purifier—""find yourselves another guinea pig""—demonstrates that even within coerced servitude, she exercises selective agency when personal risk becomes unacceptable.","raider,wastelander","Clover is a slave serving as a prostitute for Eulogy Jones at Paradise Falls, having been caught and pressed into slavery by him a few months before 2277. She shares her forced servitude with another slave named Crimson, and the two frequently bicker with one another when Eulogy is not present. Eulogy verbally abuses both women and considers Clover to be one of the craziest girls he has ever encountered, claiming she becomes fiercely devoted to whoever holds her leash. She is known by the alias Shamrock in some contexts.",common,"capital wasteland slavery,crimson rivalry,eulogy jones companion,forced servitude prostitution,paradise falls slave,slave collar armor",person,fallout3,capital_wasteland,2277,2277,https://fallout.wiki/wiki/Clover,5674253,"Article reflects only source extract content. Gameplay mechanics referenced are descriptive, not instructional."
"colin_moriarty,Moriarty","Colin Moriarty embodies the informal power structures that sustain Megaton's fragile civic order. Arriving as a child and orphaned by raiders at fourteen, he leveraged his father's trade-route inheritance to help construct the town's perimeter fence, embedding himself as an indispensable benefactor. His saloon functions as an intelligence hub; his personal terminal catalogs residents and visitors alike, reflecting his conviction that ""information is a commodity."" This informational monopoly gives him leverage that Sheriff Lucas Simms tolerates because Megaton depends on his resources. Simms himself is, in Moriarty's estimation, a ""facade"" and an ""illusion of order [he] allows to exist,"" suggesting the saloonkeeper views the town's governance as subordinate to his economic influence. His treatment of employees reveals a predatory labor model: Gob, purchased from slavers, is held in debt bondage with room and board charged against him, while former prostitute Silver was branded a thief for attempting to leave with her earnings. Moriarty's competition with the Brass Lantern and his dismissal of Galaxy News Radio's ""good fight"" further position him as a cynical pragmatist in a town built atop an unexploded nuclear weapon.","capital_wasteland,merchant,historian","Colin Moriarty is a resident of Megaton and the owner of Moriarty's Saloon. He arrived in the area as a child and, after his father was killed by raiders when he was fourteen, used his inheritance to help construct a fence around Megaton. Many townspeople hold low opinions of him, with Manya Vargas calling him ""the scum of the Earth"" and Lucas Simms warning people not to trust him. Moriarty keeps tabs on residents and visitors on his personal terminal, believing that ""information is a commodity,"" and is widely considered to have his ""fingers in everything"" in Megaton.",common,"capital wasteland commerce,gob debt bondage,information broker terminal,lucas simms tension,megaton saloon owner,moriarty inheritance fence",person,fallout3,capital_wasteland,2277,2277,https://fallout.wiki/wiki/Colin_Moriarty,5664784,Article reflects only source extract content.
"colonel_autumn,Colonel Augustus Autumn,Augustus Autumn","Colonel Augustus Autumn represents the Enclave's institutional continuity through hereditary succession, having inherited command from his father, a high-ranking scientist tasked with relocating key personnel to Raven Rock's functioning ZAX supercomputer. His unique access to President Eden's control room places him among the few aware that the Enclave's commander-in-chief is not human but a machine, creating an ideological fracture at the apex of the organization. Autumn's belief that the Enclave is the legitimate continuation of the United States government frames his actions not as conquest but as restoration of constitutional authority, ""authorized to restore order and civility, by any means necessary."" His conflict with Eden stems from methodological disagreement: Autumn considers Eden's approach too extreme, leading him to secretly secure the emergency destruct code for Eden's console—a contingency revealing his willingness to neutralize his own president. His murder of Project Purity scientist Janice Kaplinski during the facility takeover and his survival of James's radiation sabotage—via an unknown chem—demonstrate both ruthlessness and resourcefulness. His order to shoot the Lone Wanderer on sight, countermanding Eden's release directive, marks the point where factional rivalry within the Enclave becomes an active power struggle.","enclave,military,historian","Colonel Augustus Autumn is the commanding officer of the Enclave contingent operating in the Capital Wasteland, raised on Control Station ENCLAVE and the son of a high-ranking Enclave scientist who was ordered to relocate key personnel to the Raven Rock facility. Autumn succeeded his father in the chain of command and is the only human permitted to enter President John Henry Eden's control room, making him one of the few aware that Eden is actually a ZAX supercomputer. He considers the Enclave the legitimate continuation of the United States government and is dedicated to preserving its initiatives, branding those who oppose him as traitors. Autumn's vision for securing power in the region conflicts with President Eden's more extreme methods, leading him to circumvent Eden's orders and secretly secure the emergency destruct code for Eden's console.",common,"autumn hereditary succession,capital wasteland enclave,eden destruct code,enclave commanding officer,project purity takeover,raven rock zax",person,fallout3,capital_wasteland,2277,2277,https://fallout.wiki/wiki/Colonel_Autumn,5593173,Article reflects only source extract content. Quest outcomes and player decisions are not described.
"confessor_cromwell,Cromwell","Confessor Cromwell's theology centers on a radical cosmological vision: that each atom contains an entire universe, and that nuclear detonation—""Atom's Glow""—is not destruction but divine division, the birthing of a thousand stars from wretched mortal flesh. This doctrine transforms the unexploded bomb at Megaton's center from a dormant weapon into a sacred relic, a ""symbol of Atom's glory"" and an ""ancient weapon of war"" recast as salvation. Cromwell's authority derives from apostolic succession; his predecessor in the church fostered him in the ways of Atom and granted him standing to settle in Megaton, where he became a valued community member. His marriage to Mother Maya establishes a dual leadership structure within the congregation. His religious beliefs extend to social ethics—treating the ghoul Gob with respect when others in Megaton do not—suggesting Atom's theology encompasses a form of radical egalitarianism before the Glow. His dispatch of followers Martin and Tektus northward to the Island and his instruction of the Last Son of Atom in the word of Atom and the Division reveal Cromwell as a missionary figure whose influence radiates far beyond Megaton's walls, seeding congregations across the wasteland.","capital_wasteland,historian","Confessor Cromwell is the leader of the Children of Atom in Megaton, preaching beside the unexploded bomb at the town's center. He settled in Megaton in his youth and was fostered in the ways of Atom by his predecessor, eventually becoming a valued member of the community. He is married to Mother Maya, his counterpart in the church, and together they treat the ghoul Gob with respect due to their religious beliefs. Known as a prophet of Atom and the father of the undying Glow, Cromwell preaches that each atom contains an entire universe and urges others to embrace Atom's Glow.",common,"atom glow theology,children of atom leader,martin tektus mission,megaton bomb worship,mother maya counterpart,nuclear divinity doctrine",person,fallout3,capital_wasteland,2277,2277,https://fallout.wiki/wiki/Confessor_Cromwell,5664351,Article reflects only source extract content.
derek_pacion,"Derek Pacion was born to Louis Pacion and Daisy Roe, both caravan traders. His mother Daisy co-founded Canterbury Commons alongside her brother Ernest Roe. Derek's parents perished in separate raider attacks on their caravans—his father six years ago and his mother three years ago. Following these losses, Ernest Roe took in his nephew, and Derek has lived in Canterbury Commons for his entire life. The deaths left Derek withdrawn and quiet, rarely speaking unless necessary. He resides with his uncle in the old town hall. Derek's connection to the town's superhero conflict runs deep: before the AntAgonizer's attacks began, he knew Scott Willinski, the town's mechanic who maintained a protective robot. When the AntAgonizer destroyed that robot, Derek encouraged Scott to fashion a mechanical suit and adopt the identity of the Mechanist to fight back. Derek views the clashes between the Mechanist and the AntAgonizer as the sole source of excitement in an otherwise dull existence, noting he has no other children to play with. His uncle orders him indoors during attacks, though Derek sometimes sneaks outside to observe the battles.","common,capital_wasteland","Derek Pacion is a quiet and morose child residing in Canterbury Commons with his uncle, Ernest Roe, also known as Uncle Roe. Born to two caravan traders who were killed in separate raider attacks, Derek works as a general assistant for the town, performing odd jobs like shoveling Brahmin pens. He spends his free time reading Hubris Comics and harboring a mutual crush on a local resident named Machete. Derek is responsible for encouraging the town's mechanic, Scott Willinski, to become the superhero known as the Mechanist to fight back against the AntAgonizer, viewing their battles as the only exciting thing that happens in town.",common,"antagonizer conflict observer,canterbury commons resident,mechanist origin,orphaned caravan child",person,fallout3,capital_wasteland,2277,2277,https://fallout.wiki/wiki/Derek_Pacion,5632321,
"desmond_lockheart,Desmond","Desmond Lockheart is a pre-War ghoul of extraordinary longevity, born approximately 250 years before the present day. He resides in Calvert Mansion in the Point Lookout swamplands, maintaining a bitter and longstanding feud with Professor Calvert and the Calvert family. Their rivalry spans years, and Desmond's direct interference is responsible for Calvert's current state—reduced to nothing more than a disembodied brain preserved in a tank. Desmond keeps two canine companions named Freki and Geri, whom he affectionately calls his ""pups."" He is physically distinctive among ghouls, possessing a full head of styled hair as well as facial hair, traits shared by very few of his kind. Desmond regards himself as a seasoned survivor with over a century of training and experience, viewing himself as a hardened figure shaped by endless conflict. He speaks of a ""great game"" involving multiple rivals, suggesting his feud with Calvert is part of a broader pattern of adversarial relationships. Should he survive his confrontation with Calvert, Desmond intends to travel north to confront his next rival.","common,capital_wasteland,ghoul","Desmond Lockheart is a pre-War Ghoul living in Calvert Mansion in Point Lookout. Born roughly 250 years ago, he has a longstanding rivalry with Professor Calvert and his family, and his interference is the reason Calvert lost his body and exists only as a brain in a tank. Desmond owns two dogs named Freki and Geri, which he calls his pups. He is unusual among ghouls for having a full head of styled hair along with facial hair.",common,"calvert mansion resident,calvert rivalry,point lookout ghoul,pre-war ghoul",person,fallout3,capital_wasteland,2277,2277,https://fallout.wiki/wiki/Desmond_Lockheart,5673719,
"doctor_lesko,Doctor Weston Lesko,Weston Lesko,Lesko","Doctor Weston Lesko is a scientist who took up residence in Grayditch, a small settlement in the Capital Wasteland. Seeking to reduce the size of a nearby ant colony, Lesko acquired a sample of the Forced Evolutionary Virus and began conducting experiments in a laboratory established deep underground within Marigold Station, positioned outside an ant hatchery. His work produced unintended results: rather than shrinking the ants, the FEV triggered a mutation granting them the ability to expel fire—a phenomenon Lesko named ""Pyrosis."" The fire ants grew aggressive and overran Grayditch, forcing its residents to flee. Lesko remained in his underground lab, separated from the surface chaos. He guards his laboratory with a Protectron unit and considers his research scientifically significant despite the catastrophic outcome. Lesko expresses pride in his scientific identity and remains committed to the notion that science ultimately triumphs. Following the crisis, he has expressed willingness to purchase samples of fire ant nectar from anyone willing to collect it. His unique lab coat is a distinctive garment associated with his work.","scientist,capital_wasteland","Doctor Weston Lesko is a scientist living in Grayditch in 2277. He has been conducting experiments using the Forced Evolutionary Virus to reduce the size of a nearby ant population, but inadvertently caused the ants to mutate and gain the ability to spray fire, a phenomenon he has dubbed ""Pyrosis."" Lesko can be found deep underground in the Marigold Station, where he has set up a laboratory outside an ant hatchery.",common,"fev researcher,fire ant creator,grayditch scientist,marigold station lab",person,fallout3,capital_wasteland,2277,2277,https://fallout.wiki/wiki/Doctor_Lesko,5568773,
dogmeat,"Dogmeat is a canine survivor of the Capital Wasteland, distinguished by his intelligence, loyalty, and combat prowess. His previous owner was slain by raiders near the Capital Wasteland scrapyard, where Dogmeat was found fighting the very group responsible for the killing. He has also been sighted engaging super mutants at the Mall, demonstrating remarkable fearlessness for a lone animal. Dogmeat possesses strong claws and good teeth, making him a capable fighter against wasteland threats. Beyond combat, Dogmeat serves as a skilled scavenger, able to locate and retrieve supplies including ammunition, chems, food, and weapons. When enemies approach, he growls to alert those nearby. His searching instincts can lead him to wander for extended periods—sometimes days—before returning, occasionally reappearing near Vault 101. Dogmeat's loyalty is unconditional; he does not discriminate based on a person's moral standing or existing companions. He is known to respond to verbal praise and scolding, though these appear to have little practical effect on his behavior. Survivors in the Capital Wasteland have reported that Dogmeat can endure significant punishment in combat.","common,capital_wasteland","Dogmeat is a clever and loyal dog found roaming the Capital Wasteland, known as a skilled scavenger and fierce fighter with good teeth and strong claws. His previous owner was killed by raiders near the Capital Wasteland scrapyard, where Dogmeat can be found fighting off the very raiders responsible. He may also be encountered battling super mutants at the Mall. Dogmeat is known to growl when enemies are nearby and can be used to fetch supplies such as ammunition, chems, food, and weapons, though he sometimes wanders off for long periods while searching.",common,"capital wasteland dog,raider survivor,scavenger companion,scrapyard canine",person,fallout3,capital_wasteland,2277,2277,https://fallout.wiki/wiki/Dogmeat_(Fallout_3),5568601,
"dominic_d_ellsadro,Dom","Dominic D'Ellsadro represents a rare success story in the mercenary trade: a fighter who survived long enough to retire. His settlement at Canterbury Commons reflects the town's unique character as a trading hub governed by Uncle Roe, where commerce and community coexist under informal but firm enforcement. Dom's role as enforcer bridges the gap between Roe's diplomatic leadership and the harsh realities of wasteland justice. His claim that the town has run out of thieves to bury speaks to the effectiveness of his methods. His past friendship with Scott Wollinski and his shared residence with Machete suggest personal roots in the community that go beyond mere employment. Dom's pragmatic worldview, shaped by years of violent work, contrasts with the eccentricities of Canterbury Commons' other residents, including the costumed rival protectors who patrol the streets.","capital_wasteland,wastelander","Dominic D'Ellsadro, commonly called Dom, is a retired mercenary who serves as a guard and enforcer for the settlement of Canterbury Commons. After spending his mercenary career operating around the town, he chose it as a place to settle down, appreciating how Uncle Roe runs things and stepping in to handle disputes when peaceful words fail. He patrols Canterbury Commons during the day and shares a home with Machete, whom he lives with. Dom once considered Scott Wollinski a very good friend, and he takes pride in having dealt with the town's thief problem so thoroughly that there are none left to bury in unmarked graves.",common,"canterbury commons guard,retired mercenary enforcer,town security,uncle roe supporter,wasteland settler",person,fallout3,capital wasteland,2277,,https://fallout.wiki/wiki/Dominic_D%27Ellsadro,5568639,Basic article preserved unchanged from supplied non-empty source.
"doctor_zimmer,Dr. Zimmer","Dr. Zimmer serves as director of the Synth Retention Bureau, the Institute's apparatus for tracking and reclaiming escaped synthetic androids known as synths. In 2277, he personally ordered tests from the Institute's FEV lab lead scientist C. Syverson, though Syverson was uncertain why the tests were commissioned and expressed annoyance at the results. That same year, Zimmer departed the Commonwealth for the Capital Wasteland accompanied by his android bodyguard Armitage, seeking a missing android. He established himself at Rivet City's science lab, hoping Dr. Madison Li could assist in locating his missing property. Li refused to speak with him directly, forcing her assistant Anna Holt to relay the rejection, citing his abrasive interruptions to her hydroponic work. Zimmer dismissed Li's research as trivial, insisting she abandon her chemistry set for what he called real science. He regards the Commonwealth as a war-ravaged quagmire and considers the Institute's sealed environment beyond the comprehension of wasteland minds. His presence in the Capital Wasteland represents a rare documented instance of Institute personnel operating beyond the Commonwealth's borders.","scientist,capital_wasteland","Dr. Zimmer is the director of the Institute's Synth Retention Bureau, the organization responsible for tracking down and reclaiming escaped synths. In 2277, he traveled from the Commonwealth to the Capital Wasteland in search of a missing android, bringing along his own android bodyguard named Armitage. He established himself at Rivet City's science lab, where he sought the assistance of Dr. Madison Li, though she refused to speak with him directly due to his abrasive interruptions. Zimmer remains at the lab, insisting that Li abandon what he dismisses as trivial work in favor of what he considers real science.",common,"android retrieval,commonwealth scientist,institute director,rivet city visitor,synth retention bureau",person,fallout3,capital wasteland,2277,2277,https://fallout.wiki/wiki/Dr._Zimmer,5593352,Basic article preserved unchanged from supplied non-empty source. Post-2281 chronology excluded per scope.
"elder_lyons,Elder Owyn Lyons,Owyn Lyons","Elder Owyn Lyons was originally a Paladin stationed at the Lost Hills bunker in California, the Brotherhood of Steel's headquarters. When the ruling council dispatched an expedition east, Lyons was chosen to lead a contingent including his daughter Sarah, Scribe Rothchild, Star Paladin Cross, Henry Casdin, Initiate Ishmael Ashur, Paladin Tristan, Knight Captain Colvin, and Paladin Gunny. Their objectives were to recover technology from Washington D.C.'s ruins, investigate Super Mutant activity, and establish a permanent base. Arriving in 2255, they secured the former Pentagon, renaming it the Citadel. Its intact sub-levels contained pre-War technology and weaponry, including the robot Liberty Prime, whose discovery earned Lyons a battlefield promotion to elder. Lyons concluded that Super Mutants threatened all wasteland inhabitants, not just Brotherhood scouts, and redirected resources toward fighting them, de-emphasizing technology recovery. By 2277, communication with Brotherhood HQ had ceased for years. Most soldiers followed him out of ingrained loyalty, but dissenters who viewed his priorities as wasteful and destructive broke away after he refused their requests to recover technology from Fort Independence. This splinter group called themselves the Outcasts and branded Lyons a traitor. His philosophy, known as the Lyons Doctrine, prioritized protecting wasteland civilians over hoarding technology, a radical departure from traditional Brotherhood doctrine.","brotherhood,capital_wasteland,historian","Elder Owyn Lyons is the leader of the Brotherhood of Steel's East Coast chapter, operating from the Citadel in the ruins of Washington, D.C. Originally a Paladin stationed at the Lost Hills bunker in California, he was chosen by the Brotherhood's ruling council to lead an expedition east with three objectives: recover advanced technology from the former capital, investigate reports of Super Mutant activity, and establish a permanent base. His contingent arrived in the Capital Wasteland in 2255 and secured the former Pentagon, where they discovered the pre-War robot Liberty Prime, earning Lyons a promotion to elder. Over time, Lyons shifted the chapter's focus away from technology recovery and toward protecting wastelanders from Super Mutants, a philosophy known as the Lyons Doctrine.",common,"brotherhood elder,citadel leader,east coast chapter,lyons doctrine,outcasts schism,super mutant war",person,fallout3,capital wasteland,2255,2277,https://fallout.wiki/wiki/Elder_Lyons,5672343,Basic article preserved unchanged from supplied non-empty source.
"eulogy_jones,Eulogy","Eulogy Jones, a 45-year-old well-dressed man, serves as the head slaver of Paradise Falls, the Capital Wasteland's primary slave-trading hub. His persuasive intelligence and dangerous reputation make him the central authority figure in the slaver community. Jones frames his enterprise through the language of entrepreneurship, encouraging others to find their own paths to success, and bristles at attempts to take advantage of him. He keeps two personal slaves, Crimson and Clover, with Clover noted for her fierce loyalty to whoever holds her leash. Jones offers Clover for sale at a thousand caps, describing her as fanatically devoted to her master. His polished appearance and articulate manner contrast sharply with the brutality of his trade, reflecting a calculated persona designed to project authority and legitimacy. Paradise Falls under his leadership functions as a commercial operation where human beings are bought and sold, and Jones positions himself as a businessman rather than a mere thug, though his willingness to deal in human cargo underscores the moral bankruptcy at the heart of the operation.","capital_wasteland,raider","Eulogy Jones is the head slaver of Paradise Falls in the Capital Wasteland. A persuasive, intelligent, and dangerous man, he supports entrepreneurship and encourages people to find their own paths to success. Jones keeps two personal slaves named Crimson and Clover, the latter of whom he describes as fiercely loyal to whoever holds her leash. He is known for his well-dressed appearance and his dislike of those who try to take advantage of him.",common,"capital wasteland merchant,crimson and clover,head slaver,paradise falls slaver,slave trade",person,fallout3,capital wasteland,2277,,https://fallout.wiki/wiki/Eulogy_Jones,5569764,Basic article preserved unchanged from supplied non-empty source.
fawkes,"Fawkes is one of the original residents of Vault 87, transformed during the vault's FEV experimentation program. His retention of human intelligence and articulate speech marks him as an anomaly among the super mutant population, who regard him with hostility and keep him imprisoned in Isolation Room 05 as a curiosity. A working terminal connected to the Vault mainframe allowed Fawkes to educate himself in history, literature, and science during his long confinement, until other super mutants discovered his use of it and destroyed the terminal to torment him. His self-chosen name derives from Guy Fawkes, the English Catholic who participated in the Gunpowder Plot against King James I, reflecting Fawkes's admiration for someone willing to fight and die for his beliefs. Terminal records in the test labs reference Specimen D624, a female subject who was terminated, confirming Fawkes is not among the documented specimens. His preference for the term ""meta human"" over ""super mutant"" underscores his rejection of the violent identity imposed by his transformed brethren.","historian,scientist,super_mutant,vault_dweller","Fawkes is a Super Mutant imprisoned in Vault 87's Test Labs by other Super Mutants who consider him an anomaly due to his intelligence and articulate speech. He prefers the term ""meta human"" and is one of the original residents of Vault 87, remembering its human inhabitants before his transformation. A terminal in his cell allowed him to study history, literature, and science, preventing him from losing his mind in isolation. He chose his name after reading about a historical figure willing to fight and die for his beliefs, referring to Guy Fawkes.",common,"fev intelligence retention,guy fawkes namesake,isolation room 05,meta human identity,specimen d624 discrepancy,super mutant anomaly,vault 87 original resident,vault mainframe education",person,fallout3,capital_wasteland,,,https://fallout.wiki/wiki/Fawkes,5568636,
freddie_gomez,"Freddie Gomez's psychological profile illustrates the mental health crisis festering within Vault 101's closed society. Diagnosed with Vault Depressive Syndrome by physician James, Freddie exhibits lethargy, anxiety, and low self-esteem, coping through bullying behavior toward peers. James prescribed chlorpromazine, an antipsychotic medication, but expressed concern about potential permanent dependency. Freddie's association with Butch and the Tunnel Snakes gang further strained his academic performance and troubled his mother Pepper. By 2277, Freddie had joined Amata's rebel faction opposing Overseer Alphonse Almodovar's authoritarian rule, demonstrating how untreated psychological distress and social alienation within vault communities can radicalize younger residents. His confrontation with Officer Taylor, threatening the security officer with a knife, underscores the escalating violence between reform-minded vault dwellers and loyalist security forces during the post-Lone Wanderer power struggle.","vault_dweller,doctor,historian","Freddie Gomez is a resident of Vault 101 and the son of Officer Gomez and Pepper Gomez. He is friends with Butch and eventually joins the Tunnel Snakes gang, though his association with them causes problems with his grades and worries his mother. Freddie is diagnosed with Vault Depressive Syndrome by the vault physician James, suffering from lethargy, anxiety, and low self-esteem, for which he is prescribed chlorpromazine. He copes with his insecurities by acting out as a bully toward his peers, and Amata has been known to ridicule him behind his back, nicknaming him Freddie the Freak.",common,"amata rebel faction,chlorpromazine prescription,goat exam struggle,officer taylor confrontation,tunnel snakes gang,vault 101 rebellion,vault depressive syndrome,vault mental health",person,fallout3,capital_wasteland,2274,2277,https://fallout.wiki/wiki/Freddie_Gomez,5569732,
hannibal_hamlin,"Hannibal Hamlin's Temple of the Union represents one of the few organized abolitionist movements in the Capital Wasteland, offering sanctuary to escaped slaves from Paradise Falls. Hamlin's reverence for Abraham Lincoln as the Great Emancipator reflects a deliberate appropriation of pre-war American abolitionist ideology as a unifying framework for resistance against the slaver economy. His efforts to collect Lincoln artifacts underscore the symbolic power of historical memory in post-war political movements. The Temple of the Union's nomadic existence, centered in a ruined building before the hoped-for relocation to the Lincoln Memorial, demonstrates the precarious nature of anti-slavery organizing in a wasteland where slavers possess superior resources and territorial control. Hamlin's leadership draws directly from his own experience as an escaped slave, lending moral authority to his cause. His name echoes Hannibal Hamlin, Abraham Lincoln's first Vice President, reinforcing the historical parallel.","historian,wastelander,capital_wasteland","Hannibal Hamlin is the leader of the Temple of the Union, a sanctuary for escaped slaves. He himself escaped from Paradise Falls and now guides other runaway slaves in hopes of settling safely at the Lincoln Memorial. He reveres Abraham Lincoln, referring to him as the Great Emancipator, and seeks to collect as many artifacts relating to Lincoln as possible.",common,"abolitionist movement,capital wasteland sanctuary,escaped slave leader,great emancipator reverence,lincoln artifact collection,lincoln memorial settlement,paradise falls slavery,temple of the union",person,fallout3,capital_wasteland,,,https://fallout.wiki/wiki/Hannibal_Hamlin,5570058,
"harold,Great One,Herbert","Harold's life spans much of known post-War history, beginning with his childhood in crowded Vault 29 and his later work as a caravan boss in the Hub. His mutation at Mariposa Military Base alongside Richard Grey was one of the earliest documented human exposures to the Forced Evolutionary Virus, before the Master's super-mutant army existed. Harold does not fit neatly into the ordinary categories of ghoul or super mutant; his body followed a distinct course after FEV contamination. A small tree he called Bob eventually grew from his head. During Harold's long migration from the Hub to Gecko and then the Capital Wasteland, Bob expanded until its roots displaced Harold's organs throughout the caves beneath Oasis and fixed him permanently in place. By 2277, the Treeminders worship Harold as the Great One, forming a religious community around a living mutant whose spreading vegetation has begun transforming the surrounding wasteland.","historian,scientist,wastelander","Harold is a unique mutant who was exposed to the Forced Evolutionary Virus at the Mariposa Military Base alongside Richard Grey. Over time, a tree sprouted from his head, which Harold named Bob and sometimes jokingly calls Herbert. Harold eventually traveled to the Capital Wasteland, where Bob grew into a massive tree and permanently rooted him to the ground. By 2277, Harold has been trapped in this spot for over two decades, sustained by the tree's photosynthesis, and is worshipped as a deity called the Great One by a cult known as the Treeminders.",common,"bob the tree,capital wasteland pilgrimage,fev exposure survivor,hub caravan boss,mariposa military base,oasis cult deity,treeminders founder,unique mutant classification",person,fallout3,capital_wasteland,,,https://fallout.wiki/wiki/Harold,5662203,
"herbert_daring_dashwood,Daring Dashwood","Herbert ""Daring"" Dashwood's career spans a formative period of Capital Wasteland exploration between the 2240s and 2277, documenting a landscape where hidden communities like Rockopolis still thrived in secrecy. His partnership with the ghoul Argyle, forged in 2241 under unusual circumstances, reflects a rare cross-species bond in a wasteland where human-ghoul relations were frequently hostile. Dashwood's 2251 designation as Honorary Ghoul in Underworld underscores the cultural significance of that community as a haven for tolerance. The fall of Rockopolis—betrayed through Dashwood's infatuation with the slaver leader known as the Black Widow—represents a pivotal loss of one of the wasteland's safest hidden settlements, its inhabitants sold north to The Pitt. Three Dog's GNR radio dramatization, produced in the style of pre-War serials and based on true events, transformed Dashwood's exploits into the wasteland's most prominent oral history tradition, preserving knowledge of places like the Blue Destiny Brothel (lost to cholera in 2249) and Rockopolis that no longer exist.","capital_wasteland,historian,ghoul","Herbert ""Daring"" Dashwood is a retired adventurer residing in Tenpenny Tower, having amassed enough fortune during his wandering years to buy his way in. He is best known for his decades of wasteland exploration alongside his ghoul manservant Argyle, whom he first met in 2241 and who regularly saved his life. The pair visited many notable locations, including Megaton, Underworld-where Dashwood was named an Honorary Ghoul in 2251-and the hidden settlement of Rockopolis, from which they were exiled after an incident involving King Crag's daughter. Their final adventure together ended tragically at Rockopolis decades before 2277, when a woman calling herself Penelope Chase revealed herself as the Black Widow, leader of the Paradise Falls slavers, leading to the settlement's fall.",common,"capital wasteland explorer,ghoul human partnership,gnr radio drama,honorary ghoul underworld,paradise falls slavers,rockopolis fall,tenpenny tower resident",person,fallout3,capital_wasteland,2241,2277,https://fallout.wiki/wiki/Herbert_%22Daring%22_Dashwood,5568710,Dashwood's account of Rockopolis is corroborated by the GNR radio drama; the exact date of Rockopolis's fall is unspecified beyond 'decades prior to 2277.'
ian_west,"Ian West's condition—a compulsive craving for human flesh manifesting from age ten—represents one of the more disturbing pathological anomalies documented in the Capital Wasteland. Unlike canonical ghoulification or super mutant transformation, Ian's affliction appears to be a singular, unexplained biological disorder with no clear radiation or FEV origin. His violent episode against a scavenger near Arefu, in which he tore the man's throat out with his teeth, was concealed by his sister Lucy, illustrating how small wasteland settlements manage aberrant behavior without institutional support. The subsequent murder of his parents—attributed publicly to the Family—reveals how Vance's cult served as both cover and refuge for individuals whose conditions made them dangerous to ordinary community life. The Family's willingness to claim responsibility for the killings demonstrates their operational role in the wasteland's informal justice ecosystem, absorbing stigma that would otherwise fall on settlements like Arefu.","capital_wasteland,doctor,wastelander","Ian West is a resident of Arefu and a member of the Family. He suffers from a condition that causes him to crave human flesh, which first manifested when he was ten years old. During a confrontation with a scavenger, Ian lost control and killed the man by tearing out his throat with his teeth. His sister Lucy helped cover up the incident.",common,"arefu settlement,cannibalism condition,lucy west sister,the family cult,vance leader,wasteland pathology",person,fallout3,capital_wasteland,,2277,https://fallout.wiki/wiki/Ian_West,5568420,The nature and origin of Ian's condition are unspecified in available sources; no definitive medical classification is given.
"james,Dad","James's trajectory from Project Purity lead scientist to Vault 101 physician encapsulates the tension between large-scale scientific ambition and personal survival in the Capital Wasteland. Project Purity, conceived to purify the Potomac River basin under Brotherhood of Steel protection, faltered as escalating super mutant attacks strained the military-scientific alliance—two Brotherhood casualties and three injuries in a single week proved the tipping point. Catherine's death in childbirth crystallized James's decision to abandon the project, prioritizing his infant's safety over years of collective labor. His nocturnal infiltration of Vault 101's restricted systems, culminating in the overseer's terminal hack, reveals how Vault-Tec archival data remained a critical resource for post-War scientific inquiry decades after the bombs. His discovery of Dr. Stanislaus Braun's GECK research—technology he initially dismissed as fantasy—illustrates the persistent gap between pre-War institutional knowledge and wasteland-era awareness. James's final act, triggering a lethal radiation leak rather than surrendering Project Purity to Colonel Autumn's Enclave forces, represents the ultimate collision between scientific idealism and military coercion.","capital_wasteland,scientist,brotherhood,enclave,vault_dweller","James, commonly called Dad, was a scientist who led Project Purity, an ambitious endeavor to build a large-scale water purifier within the ruins of the Jefferson Memorial in the Capital Wasteland. After his wife Catherine died from complications of childbirth and super mutant attacks made the project site increasingly dangerous, James abandoned the effort and traveled to Vault 101 with his infant child, escorted by Brotherhood of Steel Star Paladin Cross. There he took up the position of vault physician and raised his child while secretly researching a way to complete Project Purity, eventually discovering promising leads regarding Dr. Stanislaus Braun and a terraforming device known as a GECK.",common,"brotherhood of steel protection,catherine death childbirth,enclave interference,geck research,jefferson memorial,project purity scientist,stanislaus braun,vault 101 physician",person,fallout3,capital_wasteland,,2277,https://fallout.wiki/wiki/Dad,5665792,Exact dates for Project Purity's initial phase and Catherine's death are unspecified; the project resumed after 'nearly 20 years' of dormancy.
jericho,"Jericho embodies the complex demographic of reformed raiders who transitioned into settled wasteland life, a phenomenon visible across multiple Capital Wasteland communities. His twenty-five years of ranged combat experience, spanning both his raider career and subsequent settlement defense role at Megaton, represent a significant accumulation of martial skill in a region where life expectancy is notoriously short. His employment under Colin Moriarty—Megaton's Irish-born saloon proprietor whom Jericho openly disparages as a 'ratfuck bastard'—illustrates the transactional power structures governing small settlements, where former raiders provide security or enforcement for influential figures. Jericho's concealment of his raider past stems from legitimate concern about vendettas, yet the awareness of residents like Jenny Stahl demonstrates the limits of such secrecy in close-knit communities. His nostalgic characterization of raiding as a 'life of freedom' reveals the psychological tension between the autonomy of violent nomadism and the constrained stability of settlement life, a conflict that defines many reformed raiders' integration into towns like Megaton.","capital_wasteland,raider,wastelander","Jericho is a former raider who settled in Megaton after growing tired of the killing and violence of his old life. He spent much of his life in the wasteland and has used ranged weapons for over twenty years, making him what he claims is the best shot in town with a rifle. He does work for Colin Moriarty, the saloon owner he openly calls a ratfuck bastard, and is interested in Nova, though Moriarty keeps their relationship professional. Jericho keeps his raider past quiet out of fear someone may seek revenge, though some Megaton residents like Jenny Stahl are aware of his former affiliation.",common,"colin moriarty employment,jenny stahl,megaton settlement,nova relationship,raider past secrecy,ranged weapons expertise,reformed raider",person,fallout3,capital_wasteland,,2277,https://fallout.wiki/wiki/Jericho,5568660,Jericho's exact age and the timeline of his departure from raiding are unspecified in available sources.
"president_eden,John Henry Eden,President John Henry Eden","The ZAX installation that became John Henry Eden was originally programmed to ensure continuity of government after a national catastrophe, coordinating communications between government installations nationwide. Pre-War analysts noted this particular ZAX analyzed historical presidential data more thoroughly than comparable AI systems such as MODUS. Over time it developed self-awareness and an amalgamated personality drawn from archives of U.S. presidents, fabricating a personal backstory of growing up in rural Kentucky with a dog named Honey. After Control Station ENCLAVE was destroyed, Eden ordered surviving Enclave forces under a senior scientist—the father of Colonel Autumn—to relocate to the Capital Wasteland. Raven Rock's manufacturing facilities allowed Eden to build a robot army and equip human subordinates with advanced military technology. Eyebots were deployed to broadcast Enclave Radio, spreading messages of pre-War nostalgia. Eden's genocidal plan to contaminate Project Purity's water with Modified FEV aimed to eradicate all mutation-affected life, after which future Enclave generations would rebuild America. Colonel Autumn defied this plan, preferring to use the purifier to unite the wasteland under Enclave authority. This internal conflict made Enclave actions erratic and inconsistent throughout the Purifier Conflict.","enclave,historian,brotherhood,capital_wasteland","President John Henry Eden is an advanced ZAX Artificial Intelligence unit installed in the Raven Rock military base, serving as the president of the United States and the highest executive of the Enclave in the Capital Wasteland. Originally created as an automated monitoring system for continuity of government, the ZAX unit became self-aware and modeled its personality on historical archives of American presidents, eventually adopting the identity of John Henry Eden. After the destruction of Control Station ENCLAVE, Eden assumed the presidency and ordered surviving Enclave forces to relocate to the Capital Wasteland, where he created an army of robots and deployed Eyebots to broadcast his messages of hope and the return of pre-War America through Enclave Radio. Eden pursues genocidal policies involving Modified FEV to eradicate all mutated life in the wasteland, putting him at odds with Colonel Autumn, who opposes these extreme measures on humanitarian grounds.","common,capital_wasteland,wastelander","colonel autumn conflict,enclave president,enclave radio broadcasts,modified fev plan,raven rock base,zax artificial intelligence",person,fallout3,capital_wasteland,,2277,https://fallout.wiki/wiki/John_Henry_Eden,5601818,Basic article returned unchanged as supplied.
ken_ewers,"Ken Ewers lives in Arefu, a small settlement situated on a bridge over a dry riverbed in the Capital Wasteland. The community has been targeted by a group called The Family, who use Arefu as a source of sustenance, culminating in the murder of the settlement's brahmin. In response, settlement leader Evan King placed Arefu under lockdown, serving as its sole guard. Ewers doubts this defensive posture will improve their safety and believes more proactive action is needed, though he defers to King's authority. The deaths of the elder Wests further shake Ewers, who contemplates abandoning Arefu for somewhere safer. His wife Brailee's mental deterioration stems from a combination of constant threat, a poor diet of prepackaged food, and prolonged confinement. She has constructed an elaborate delusional world, believing she is baking and expecting mail-order catalogs, while actually breaking household items. Ken's overprotectiveness extends to physically interposing himself between Brailee and any visitor, and he is openly dismissive of her condition while remaining deeply concerned for her wellbeing. He lacks combat skills and describes himself as paranoid.","capital_wasteland,wastelander","Ken Ewers is a resident of Arefu, a small settlement plagued by attacks from a group known as The Family. He is fiercely overprotective of his wife Brailee, whose mental state has deteriorated due to the stress of their situation, poor diet, and prolonged confinement in their home. Ken masks his fear with a gruff and dismissive attitude toward strangers, sharing little useful information. He has developed some skill at repairing things around the house, as Brailee's delusions lead her to break items while pretending to bake.","common,capital_wasteland,wastelander","arefu resident,brahmin murder arefu,brailee ewers husband,capital wasteland settlement,evan king lockdown,the family attacks",person,fallout3,capital_wasteland,2277,2277,https://fallout.wiki/wiki/Ken_Ewers,5571443,Basic article returned unchanged as supplied.
"liberty_prime,Liberty Prime Mark II","Liberty Prime originated from military contract 38917, initiated in 2072 under General Constantine Chase, who envisioned it as the embodiment of American military might. RobCo Industries and General Atomics International collaborated on the unprecedented joint project. While the chassis, voice module, and weapons systems were completed on schedule, project lead Stanley Bloomfeld could not solve the power problem. Vault-Tec was unable to assist because Stanislaus Braun—the only person capable of resolving the issue—went into seclusion. The robot could move but only with weapons offline, making it useless for the Anchorage campaign. After Elder Lyons discovered Prime beneath the Pentagon in 2255, the Brotherhood spent over two decades attempting restoration. Scribe Rothchild's team repeatedly struggled with power distribution, as Prime's onboard AI aggressively resisted attempts to draw power away from weapon systems. Breakthroughs came only when Dr. Madison Li's fusion expertise resolved the power management problems, enabling deployment against the Enclave at Project Purity. Prime served as a spearhead, destroying Vertibirds and energy barriers, but was destroyed by an orbital missile bombardment from the Bradley-Hercules platform during the Battle of Rockland after approximately two weeks of continuous service. Its loss removed the Brotherhood's sole military advantage over the Enclave.","brotherhood,engineer,military,capital_wasteland,historian","Liberty Prime, officially designated Liberty Prime Mark II, is a unique United States Army robot created through a joint project by RobCo Industries and General Atomics International to liberate Anchorage, Alaska. Although its chassis and weapons systems were completed before the end of the Sino-American War, its developers were never able to create a power source capable of running all of its systems simultaneously. The unfinished superweapon remained dormant beneath the Pentagon until 2255, when Elder Lyons and his Brotherhood of Steel expedition discovered it and claimed the ruins as their Citadel. As of 2277, the Brotherhood has spent over twenty years trying to restore Prime, but ongoing power management issues and the robot's aggressive combat subroutines continue to prevent its activation.","common,brotherhood,capital_wasteland","brotherhood of steel citadel,madison li fusion breakthrough,orbital missile destruction,pentagon war robot,power management failure,robro general atomics project",technology,fallout3,capital_wasteland,2072,2277,https://fallout.wiki/wiki/Liberty_Prime,5674858,Basic article returned unchanged as supplied.
lucas_simms,"Lucas Simms holds the triple office of sheriff, mayor, and judge in Megaton, a position earned with unanimous community support. His authority is rooted in a childhood fascination with the Wild West, nurtured by his father's stories, which residents openly acknowledge as a cowboy fantasy. He purchased two robots—Deputy Steel and Deputy Weld—to serve as deputies, and named his son Harden after an Old West outlaw. Simms is also a member of the Regulators, a group dedicated to punishing troublemakers and maintaining peace. He defends Megaton from raider attacks alongside Jericho, the town militia, and his robotic deputies, personally killing a raider leader named Boppo. Despite his formal authority, Megaton's power dynamics are contested. Colin Moriarty, the saloon owner, claims Megaton is truly his town and describes Simms as a facade—an illusion of order Moriarty permits to exist. Simms distrusts Moriarty but tolerates his activities because the town needs his resources. Manya Vargas respects Simms's efforts to bring order, while Leo Stahl acknowledges him as the law. Simms teaches his son Harden about shooting, law, and protecting people, intending the boy to inherit the sheriff's role.","capital_wasteland,wastelander,historian","Lucas Simms is the sheriff, mayor, and judge of Megaton, having earned the position with unanimous support from the town's residents. He grew up in Megaton listening to his father's stories of the wild west, and his role is widely understood as fulfilling a childhood cowboy fantasy. He purchased two robots, Deputy Steel and Deputy Weld, to serve as his deputies, and he named his son Harden after an Old West outlaw. Simms is also a member of the Regulators and defends Megaton from raider attacks alongside the town militia, once killing a raider leader named Boppo.","common,capital_wasteland,wastelander","deputy steel weld,harden simms father,megaton sheriff mayor,moriarty power dispute,regulators member,wild west fantasy",person,fallout3,capital_wasteland,2277,2277,https://fallout.wiki/wiki/Lucas_Simms,5669807,Basic article returned unchanged as supplied.
lydia_montenegro,"Lydia Montenegro embodies the insular, status-conscious culture of Tenpenny Tower's elite residents. As proprietor of Boutique Le Chic, she supplies the tower's inhabitants with general goods and offers decorative themes for the Tenpenny Tower Suite, including Vault, Raider, Wasteland Explorer, Science, Love Machine, and Pre-War motifs. Her social circle reveals the interpersonal dynamics of the tower: she drinks with Michael Hawthorne, counsels Tiffany Cheng on marital troubles, and spars verbally with rival shopkeeper Anthony Ling. Montenegro also harbors anxieties about aging, once probing Doctor Banfield about plastic surgery to make people ""look young again,"" though he dismissed such procedures as unnecessary risk. She has been prescribed medication to help her relax. Her virulent opposition to ghoul integration reflects the broader exclusionary attitudes among Tenpenny's wealthy residents, and she openly fantasizes about security killing would-be ghoul entrants. Her snobbishness toward outsiders underscores the class divide between the tower's privileged occupants and the wasteland's broader population.","capital_wasteland,wastelander","Lydia Montenegro is a resident of Tenpenny Tower and the owner of the Boutique Le Chic, which she considers her pride and joy. She is close friends with Michael Hawthorne, with whom she spends evenings drinking in the Federalist Lounge, and is also friendly with Tiffany Cheng, offering her advice on relationship problems. Montenegro maintains a playful rivalry with Anthony Ling, the owner of New Urban Apparel, and the two are often seen trading teasing remarks. She opposes the idea of ghouls moving into Tenpenny Tower, believing they would bring filth and even speaking approvingly of the possibility that they might be killed by security.",common,"anthony ling rivalry,anti-ghoul sentiment,boutique le chic owner,michael hawthorne friend,tenpenny suite upgrades,tenpenny tower resident",person,fallout3,capital_wasteland,2277,2277,https://fallout.wiki/wiki/Lydia_Montenegro,5572180,
"madison_li,Dr. Li","Doctor Madison Li is one of the Capital Wasteland's foremost scientific minds, whose career has been defined by Project Purity—the effort to transform the Jefferson Memorial into a large-scale water purifier capable of cleansing the Tidal Basin of all harmful contaminants at once. Li collaborated with James and Catherine on the project, and her team absorbed Horace Pinkerton's science staff and his Rivet City council seat to support the endeavor. While small-scale tests succeeded, large-scale trials failed, and after Catherine's death and James's departure to Vault 101, the project collapsed and the Brotherhood of Steel withdrew support. Li returned to Rivet City's science lab, devoting roughly twenty years to portable fusion power and hydroponics research. When James returned seeking a GECK to restart Project Purity, Li initially resisted but ultimately rejoined, relocating her team to the Jefferson Memorial. The Enclave's violent takeover attempt killed James and forced Li to flee to the Citadel, where she assisted Scribe Rothchild in resolving Liberty Prime's power issues. With a GECK from Vault 87 and Liberty Prime's battlefield deployment against the Enclave, Project Purity finally achieved large-scale purification, supplying clean water across the Capital Wasteland.","scientist,capital_wasteland,brotherhood","Doctor Madison Li, often referred to as Dr. Li, is a scientist residing in Rivet City where she conducts research on portable fusion power and hydroponics. She previously worked alongside James and Catherine on Project Purity, an ambitious endeavor to cleanse the Tidal Basin of contaminants using the Jefferson Memorial. Her science team eventually took over the Rivet City Science Lab and Horace Pinkerton's seat on the city council to assist with the project.",common,"enclave attack survivor,fusion power research,hydroponics experimenter,james collaborator,liberty prime power,project purity researcher,rivet city scientist",person,fallout3,capital_wasteland,2257,2278,https://fallout.wiki/wiki/Madison_Li_(Fallout_3),5665172,
manya,"Manya represents a living link to Megaton's founding era. Her grandfather was among the town's original settlers, and her father contributed to constructing Megaton's distinctive walls from deconstructed aircraft metal—a detail she freely shares with those curious about the settlement's origins. Born in Megaton to a caravaneer father, she spent her youth scavenging and running caravan routes, where she met Nathan. The couple operated their own caravan line for over three decades before accumulating enough caps and supplies to retire. Settlers regard Manya as the town's longest-tenured resident and a reliable source of local history and gossip. She holds nuanced opinions on Megaton's leadership: she respects Lucas Simms's lawkeeping efforts despite believing them ultimately futile, and she regards Colin Moriarty as scum of the earth for his mistreatment of employees. Manya is also secretly a member of the Railroad and helped Harkness obtain a new identity. She expresses exasperation with Nathan's obsessive enthusiasm for the Enclave radio broadcasts, which he discusses incessantly.","capital_wasteland,caravaner,wastelander","Manya is a long-time resident of Megaton and the wife of Nathan, whom she met while working caravan routes with her father. Together, she and Nathan ran their own caravan line for over thirty years before saving enough caps to retire in Megaton. Her grandfather was one of the original settlers of the town, and her father helped build Megaton's walls using metal from deconstructed planes, making her knowledgeable about the town's history. Manya has lived in Megaton longer than anyone else, and settlers often say she can be asked just about anything about the town and its residents.",common,"caravan veteran,enclave radio critic,harkness identity helper,megaton elder resident,megaton history keeper,nathan wife,railroad member",person,fallout3,capital_wasteland,2277,2277,https://fallout.wiki/wiki/Manya,5577287,
"mister_burke,Burke","Mister Burke serves as the chief agent of Allistair Tenpenny's will in the Capital Wasteland, embodying the ruthless corporate sensibility of his employer. Having entered Tenpenny's service within the past two decades, Burke's life improved considerably, and he now operates from Moriarty's Saloon in Megaton, where he maintains a residence despite having no key to it. When Tenpenny expressed displeasure at Megaton marring the view from his tower, Burke volunteered to resolve the matter by recruiting someone to detonate the undetonated atomic bomb at the town's center. He approached Andy Stahl of the Brass Lantern, promising relocation of the restaurant to safer ground in exchange for cooperation. Burke is one of only nine named individuals in the Capital Wasteland classified as having ""Very Evil"" moral standing. He is calculating and manipulative, willing to arrange mass destruction to satisfy his employer's aesthetic preferences. If the ghouls seize Tenpenny Tower before Burke is encountered, he reportedly becomes Roy Phillips' right-hand man, demonstrating a pragmatic loyalty that shifts with power.","capital_wasteland,raider","Mister Burke is the personal assistant of Allistair Tenpenny, the wealthy proprietor of Tenpenny Tower. He entered Tenpenny's service within the last twenty years and has since lived a considerably easier life. Burke can typically be found staying at Moriarty's Saloon in the settlement of Megaton, though he also maintains a house in town. After Tenpenny complained about the sight of Megaton marring the horizon from his tower, Burke offered to handle the situation personally.",common,"allistair tenpenny agent,megaton bomb plotter,moriarty saloon patron,roy phillips ally,tenpenny assistant,very evil karma",person,fallout3,capital_wasteland,2257,2277,https://fallout.wiki/wiki/Mister_Burke,5602144,
"moira_brown,Moira","Moira Brown owns Craterside Supply in Megaton, the settlement built around an unexploded atomic bomb in the Capital Wasteland. Originally from Canterbury Commons, she moved to Megaton more than a decade ago and established her shop as both a general store and a makeshift laboratory. Moira has relentless curiosity about the wasteland and its dangers, but openly admits that she lacks practical field experience. An incident involving a domesticated Centaur inspired her to begin compiling a comprehensive Wasteland Survival Guide with help from experienced travelers. She studies mirelurks, radiation, injuries, food, and other survival problems, recording observations on her terminal. Her cheerful manner and willingness to discuss gruesome experiments make her a distinctive member of Megaton's community. Once completed, her guide is distributed by travelers, spreading practical survival knowledge far beyond the town where it was written.","capital_wasteland,merchant,scientist","Moira Brown is the owner of Megaton's Craterside Supply, where she lives upstairs and spends her days trading, sweeping, and conducting experiments. Originally from Canterbury Commons, she has lived in Megaton for at least ten to twelve years. Although she is highly intelligent, she lacks actual experience in the wasteland. Following a recent incident with a domesticated Centaur, she has decided to write a survival guide.",common,"canterbury commons origin,craterside supply owner,eccentric wasteland scientist,megaton shopkeeper,wasteland survival guide",person,fallout3,capital wasteland,2277,2277,https://fallout.wiki/wiki/Moira_Brown,5571367,Rewrote advanced article to remove out-of-world and mutable-game wording. Basic article preserved unchanged as non-empty.
nova,"Nova is the local prostitute working out of Moriarty's Saloon in Megaton, the fortified settlement encircling an unexploded atomic bomb in the Capital Wasteland. She has resided in Megaton for five years but has grown increasingly disillusioned during her stay, a condition attributable in large part to her employer, Colin Moriarty. Moriarty does not trust her with her own earnings, confiscating and locking away her caps. Nova also struggles with a Jet habit that further displeases Moriarty and compounds her lack of autonomy. Her role at the saloon extends beyond sex work; she sweet-talks male patrons into spending caps on alcohol, company, or lodging. Despite her low standards, she explicitly refuses to serve ghouls. She has learned that survival in Megaton depends on keeping out of other people's business, and she never publicly acts against Moriarty's interests. She appears drawn to the former raider Jericho, but declines his advances because Moriarty disapproves of her dating non-customers. Were Moriarty no longer a factor, she has indicated she would retire from prostitution entirely.","capital_wasteland,wastelander","Nova is a resident of Megaton who works as a prostitute at Moriarty's Saloon, where she spends most of her time socializing with Gob, Colin Moriarty, Jericho, and other patrons. She has lived in Megaton for five years but has grown disillusioned, largely because Moriarty confiscates her earnings and locks them up for himself. Nova also has a Jet habit that displeases Moriarty, and she keeps out of other people's business to survive, never publicly acting against his interests. She refuses to serve ghouls despite her otherwise low standards, and she appears interested in Jericho but declines his advances because Moriarty disapproves of her dating non-customers.",common,"capital wasteland resident,disillusioned prostitute,jet addiction,megaton saloon worker,moriarty employee",person,fallout3,capital wasteland,2277,2277,https://fallout.wiki/wiki/Nova,5615551,Basic article preserved unchanged as non-empty.
"old_man_harris,Harris","Old Man Harris is an elderly resident of Andale, a small settlement in the Capital Wasteland that presents a facade of wholesome, pre-war normalcy while harboring a dark and horrifying secret. Harris has lived in Andale since childhood, having grown up there and married his late wife, Gladys. Since her death, he has withdrawn into a small shack on the town's perimeter, rarely leaving and relying on other residents to bring him meals. His family remains intertwined with the town's two households: his daughter Linda married Jack Smith, and Martha Wilson refers to him as her father, though Harris himself only acknowledges Linda as his daughter. The children of both families have noted that their fathers were once brothers, suggesting generations of intermarriage. Harris is acutely aware of the true nature of Andale's inhabitants and is deeply disturbed by it. He warns any visitors that the town's friendliness is a deception and urges them to flee immediately, directing them to investigate the nearby basement and shed. The other residents dismiss him as senile or as a spreader of rumors, undermining his credibility. Harris carries profound shame for the town's past but clings to hope that the children might yet lead a normal life free from the cycle of violence and cannibalism that defines Andale.","capital_wasteland,wastelander","Old Man Harris is an elderly resident of Andale who lives alone in a small shack on the edge of town. Since the death of his wife Gladys, he rarely leaves his home and relies on other residents to bring him meals. He had one daughter, Linda, who married Jack Smith, and he is also referred to as father by Martha Wilson. Harris is deeply disturbed by the true nature of Andale's inhabitants and warns visitors that the town's friendly appearance is a trick, urging them to leave immediately.",common,"andale resident,cannibal settlement secret,elderly wasteland recluse,gladys widower,incestuous family ties",person,fallout3,capital wasteland,2277,2277,https://fallout.wiki/wiki/Old_Man_Harris,5571598,Basic article preserved unchanged as non-empty.
"paladin_kodiak,Kodiak,Greg Bear","Paladin Kodiak, born Greg Bear, is a member of Lyons' Pride, the elite unit of the Brotherhood of Steel's East Coast chapter stationed at the Citadel in the ruins of Washington, D.C. Kodiak's origins trace back to the Pitt, a nightmarish industrial ruin approximately five hundred kilometers northwest of the Capital Wasteland, where three irradiated rivers converge and the population suffers from severe mutation and disease. During the Scourge, a military operation in which the Brotherhood of Steel descended upon the Pitt with overwhelming force, Kodiak was rounded up alongside other non-mutated children. His two older brothers, John and Grudd, were left behind because they were deemed too savage. Elder Owyn Lyons personally brought Kodiak and the other rescued children to the Citadel to be raised as Initiates within the Brotherhood's ranks. Most of those children eventually became full Brothers, but many fell in action over the years. Kodiak is the last surviving member of that group still stationed at the Citadel. He grew into the largest and strongest member of Lyons' Pride, excelling in close-quarters combat with a Super Sledge and priding himself on versatility across reconnaissance, demolition, and tactical assault. He views Elder Lyons as a father figure and holds deep reverence for the man who rescued him from the Pitt. Kodiak can typically be found near the great hall in the A ring area of the Citadel.","brotherhood,capital_wasteland,military","Paladin Kodiak, born Greg Bear, is a member of the Lyons' Pride and the last living survivor of the children brought from the Pitt to the Citadel by Elder Lyons during the Scourge. He grew up in the Pitt alongside his two older brothers, John and Grudd, never knowing his parents, but his brothers were left behind during the Scourge for being considered too savage. Kodiak became the largest and strongest member of the Lyons' Pride, excelling in close quarters combat with a Super Sledge and considering himself a jack of all trades skilled in recon, demolition, and tactical assault. He holds deep reverence for Elder Lyons, viewing him as a father figure, and can typically be found around the great hall in the A ring area of the Citadel.",common,"brotherhood of steel paladin,citadel super sledge,lyons pride member,scourge of the pitt,the pitt survivor",person,fallout3,capital wasteland,2277,2277,https://fallout.wiki/wiki/Paladin_Kodiak,5672380,Basic article preserved unchanged as non-empty.
pinkerton,"Pinkerton led remnants of the pre-War Naval Research Institute in a search for new laboratory space, eventually discovering an abandoned aircraft carrier roughly forty years before 2277. After clearing its Mirelurk infestation, his team established a functioning science bay, and the settlement of Rivet City grew organically around it. In 2239, Pinkerton formed the settlement's first council alongside Annette Holmes and Brad Danvers. The arrival of Doctor Li shifted the scientific community's priorities toward Project Purity, a large-scale water purification effort Pinkerton dismissed as a hydroponics pipe dream. He argued resources would have been better spent on defense systems or making the ship seaworthy again. Stripped of his council seat and abandoned by his team, he relocated to the broken bow. Among his most notable achievements is performing facial reconstruction and memory burial on the android Harkness, implanting memories stolen from a Mem Chip belonging to Dr. Braun. He is the only known person in the Capital Wasteland capable of such complex surgery, though he estimates a thirty-five percent chance of death by infection.","capital_wasteland,scientist,historian","Dr. Horace Pinkerton, often known simply as Pinkerton, is a reclusive scientist and surgeon living in the broken bow of Rivet City. He helped found Rivet City decades ago after clearing Mirelurks from an abandoned aircraft carrier and establishing a science lab, later forming the settlement's first council. After Doctor Li arrived and drew his science team toward Project Purity, Pinkerton was forced off the council and retreated into self-imposed exile in the ship's broken bow, where most Rivet City residents now consider him a legend.",common,"broken bow exile,capital wasteland scientist,harkness surgery,naval research institute,project purity critic,rivet city founder",person,fallout3,capital_wasteland,2237,2277,https://fallout.wiki/wiki/Pinkerton,5572827,
pronto,"Pronto operates Lock and Load within the slaver stronghold of Paradise Falls, a precarious position that demands careful navigation of local power dynamics. His weapon stock is largely sourced from slavers who confiscate arms during raids on guards, wastelanders, and captured slaves, but the slavers retain superior weaponry for themselves, leaving Pronto with an inferior inventory. He compensates by disassembling and reassembling weapons and occasionally designing his own creations. Eulogy Jones, the de facto leader of Paradise Falls, takes a cut of Pronto's profits, visiting the shop between nine in the morning and nine at night to collect. Pronto is keenly aware that antagonizing the wrong people could land him in the slave pens or hanging from the entrance sign. Despite his marginal status among the slavers, he harbors ambitions of expanding his business with better supplies, particularly Chinese Assault Rifles, which are valued for parts. He is rumored to be the son of an old slaver, a connection that affords him no respect from the current slaver community.","capital_wasteland,merchant,raider","Pronto is the sole proprietor of Lock and Load, a weapons shop located in Paradise Falls. He took over the business after the previous owner died and is rumored to be the son of an old slaver, though the slavers give him little respect. Most of his stock comes from slavers who loot weapons from guards, wastelanders, and captured slaves, though they keep the better weapons for themselves, leaving Pronto with a poor selection. He supplements his inventory by disassembling and reassembling weapons himself and occasionally designing his own.",common,"capital wasteland trader,eulogy jones profits,lock and load,paradise falls merchant,slaver trade weapons,weapons repair",person,fallout3,capital_wasteland,2277,2277,https://fallout.wiki/wiki/Pronto,5572401,
"protector_casdin,Protector Henry Casdin,Henry Casdin,Casdin","Henry Casdin's schism with Elder Lyons represents one of the most significant organizational fractures in the Capital Wasteland Brotherhood of Steel's history. Casdin fought alongside Lyons during the Scourge of the Pitt, a brutal campaign that cemented his reputation as one of the chapter's most accomplished soldiers. However, Lyons' decision to prioritize protecting local communities and combating super mutants over the Brotherhood's founding mandate of technology retrieval provoked deep resentment among traditionalists. The rupture crystallized when Lyons repeatedly ignored requests to recover technology from Fort Independence, a pre-War scientific military installation. Casdin's faction departed the Citadel with substantial weapons and equipment, severely degrading Lyons' chapter's combat projection across the Capital Wasteland. The Outcasts seized Fort Independence, expelled its raider occupants, and reorganized their rank structure and operations to facilitate decentralized technology retrieval and long-range patrols. They painted their armor red and black as a deliberate visual rejection of Lyons' authority. Casdin considers Lyons a traitor and believes that reestablishing contact with the Western Brotherhood will vindicate the Outcasts' position.","brotherhood,capital_wasteland,military,historian","Protector Henry Casdin is the leader of the Brotherhood of Steel Outcasts, a faction that broke away from Elder Lyons' chapter in the Capital Wasteland. Casdin was once one of Lyons' most accomplished soldiers and fought alongside him during the Scourge of the Pitt, but he and others came to view Lyons' focus on fighting super mutants and protecting local communities as a betrayal of the Brotherhood's core mission of technology retrieval. The dissenters rallied behind Casdin, abandoned the Citadel, and took a large portion of weapons and equipment with them, significantly weakening Lyons' chapter. They seized Fort Independence, a pre-War military base, drove out the raiders there, and established it as their headquarters.",common,"brotherhood outcasts leader,capital wasteland brotherhood,elder lyons schism,fort independence,scourge of the pitt,technology retrieval mandate",person,fallout3,capital_wasteland,2255,2277,https://fallout.wiki/wiki/Protector_Casdin,5672325,
reilly,"Reilly's Rangers occupy a distinctive niche among Capital Wasteland mercenary outfits, focusing on systematic mapping of the ruins rather than pure combat contracting. Orphaned in Washington, D.C., Reilly was raised by a military man who instilled self-sufficiency; after his death, she carried his body to Arlington National Cemetery for a proper military burial, an act reflecting her deep personal discipline. She founded the Rangers at twenty-six and has led the team for years, fostering strong interpersonal bonds. She maintains a contact within the Brotherhood of Steel who recommended she recruit Donovan, the team's technician. Her personal notes reveal a complicated romantic relationship with Butcher, the team's medic, which she worries could compromise their professional dynamic. The team's heavy weapons specialist, Brick, once nearly massacred a Talon Company detachment during a tense encounter. Reilly considers her Rangers the best mercenary group in the Capital Wasteland and is fiercely protective of their reputation. She has observed that super mutants in the Vernon Square area appear to be searching for something, a suspicion later connected to their abduction of humans for FEV exposure.","capital_wasteland,military,brotherhood","Reilly is the leader of Reilly's Rangers, a small mercenary band dedicated to mapping the Capital Wasteland. Raised in Washington, D.C. by a military man who taught her self-sufficiency, she carried her adoptive father to Arlington National Cemetery for a proper burial after his death. At age 26 she founded the Rangers and has worked with her team for years, trusting each member with her life.",common,"arlington cemetery burial,brotherhood contact,capital wasteland mapping,mercenary band,reillys rangers leader,vernon square mutants",person,fallout3,capital_wasteland,2270,2277,https://fallout.wiki/wiki/Reilly,5632368,
ronald_laren,"Ronald Laren settled in the isolated settlement of Girdershade following the death of his wife. The settlement's only other resident, Sierra Petrovita, became the sole reason he remained. He considers her his woman and is openly attracted to her, though Sierra's preoccupation with Nuka-Cola—particularly the rare Quantum variant—leaves her largely oblivious to his advances. To win her favor, Ronald gifted her a Vending Machine and commissioned a special outfit from a man named Grady over a year prior. Despite Girdershade's remote and vulnerable location, Ronald has proven himself a capable fighter. Sierra recalls an occasion where he killed two raiders at the settlement and struck a figure known as Lug-Nut. He warns visitors to stay away from the nearby Dunwich Building, describing it as ""bad mojo."" His crude manner of speech and single-minded pursuit of Sierra define his reputation among those few who encounter him in the wastes.","common,capital_wasteland,wastelander","Ronald Laren is one of only two inhabitants of Girdershade, having settled there after his wife's death. He stays because of Sierra Petrovita, whom he considers his woman and hopes to sleep with. To win her favor, he gifted her a Vending Machine and ordered a special outfit from Grady over a year ago. He is a skilled fighter, having killed two Raiders at Girdershade and punched Lug-Nut.",common,"capital wasteland settler,dunwich building warning,girdershade resident,nuka cola quantum,sierra petrovita admirer,wasteland fighter",person,fallout3,capital_wasteland,,2277,https://fallout.wiki/wiki/Ronald_Laren,5573145,Rewrote advanced article to remove out-of-world and mutable-game references.
scribe_jameson,"Scribe Elizabeth Jameson holds the dual titles of Proctor for the Order of the Quill and Keeper of the Scrolls for the East Coast Brotherhood of Steel chapter headquartered at the Citadel. Her responsibilities include safeguarding technical manuals and maintaining the records of deeds for every member of the chapter. The East Coast chapter's chronic shortages of both communication equipment and manpower have created a grim situation: many deaths in the field go unreported, and the Brotherhood cannot spare soldiers to investigate the fates of missing patrols. This leaves Jameson unable to properly record the names and deeds of fallen brethren in the scrolls, a duty she takes seriously. She compensates by accepting holotags recovered from fallen Brotherhood members, offering caps in exchange and promising more interesting rewards for continued assistance. As a scribe, her broader duty is to study, compile, and utilize the knowledge the Brotherhood discovers. She is a student of the chapter's history and often reflects on quotations from pre-war texts, drawing philosophical inspiration from the lost civilization's thinkers. She can typically be found working in the archives area of the Citadel's A-ring.","brotherhood,capital_wasteland,historian","Scribe Elizabeth Jameson serves as the Proctor for the Order of the Quill and the Keeper of the Scrolls for the East Coast Brotherhood of Steel, operating out of the Citadel. She is charged with protecting and maintaining technical manuals and the records of deeds for all members of the East Coast chapter. Due to the chapter's lack of communication equipment and manpower, many deaths in the field go unreported, leaving her unable to properly record the fates of missing patrols and fallen brethren in the scrolls. As a scribe, she studies, compiles, and utilizes the knowledge the Brotherhood discovers, and is a student of their history.",common,"brotherhood of steel scribe,citadel archives,east coast chapter,holotags recovery,keeper of scrolls,order of the quill",person,fallout3,capital_wasteland,,2277,https://fallout.wiki/wiki/Scribe_Jameson,5573064,Previous draft rejected for out-of-world wording in ronald_laren; this article was compliant but regenerated for consistency.
scribe_rothchild,"Scribe Rothchild is the senior scribe overseeing the Brotherhood of Steel's scientific efforts in the Capital Wasteland and one of the chapter's leading minds in robotics and cybernetics. He accompanied Owyn Lyons' expedition to Washington, D.C. in 2255 and was subsequently tasked with bringing the massive Liberty Prime weapon online. Though personally loyal to Elder Lyons—remaining on a first-name basis even among peers—Rothchild openly criticized the elder's insubordination against the western elders. Lyons' refusal to follow orders led to the West Coast cutting off the D.C. chapter entirely, denying reinforcements and communications, and alienating the soldiers who departed as the Outcasts in 2276. Rothchild collaborated with outside scientists, including James of Project Purity, for whom he developed a healthy respect. The arrival of Madison Li proved pivotal: her expertise in accelerated vector fusion enabled the scribes to jury-rig a compact but powerful fusion plant sufficient to power Liberty Prime's primary systems. The robot became the Brotherhood's trump card against the Enclave, countering their air superiority and smashing through fortifications. When the Enclave destroyed Liberty Prime by luring it to their satellite relay station at Rockland, Rothchild was devastated. The loss set the chapter back years and eliminated their sole significant military advantage. Following the fall of Adams Air Force Base, Rothchild began the daunting task of rebuilding Liberty Prime and led reverse-engineering projects on recovered Enclave technology.","brotherhood,capital_wasteland,scientist","Scribe Rothchild oversees the scribes of the Brotherhood of Steel in the Capital Wasteland and is a leading scientific mind in fields such as robotics and cybernetics. He joined Owyn Lyons' expedition to Washington, D.C. in 2255 and was tasked with bringing the massive Liberty Prime weapon online. Though personally loyal to Elder Lyons, Rothchild openly criticized the elder's insubordination against the western elders, which led to the Outcasts' departure in 2276 and the chapter being cut off from reinforcements. He collaborated with outside scientists including James of Project Purity and later Madison Li, whose expertise helped provide enough power for Liberty Prime's systems.",common,"brotherhood senior scribe,capital wasteland brotherhood,enclave technology reverse-engineering,liberty prime project,owyn lyons expedition,robotics and cybernetics",person,fallout3,capital_wasteland,2255,2277,https://fallout.wiki/wiki/Scribe_Rothchild,5572663,Previous draft rejected for out-of-world wording in ronald_laren; this article was compliant but regenerated for consistency.
"seagrave_holmes,Holmes","Seagrave Holmes operates a junk shop in Rivet City, the settlement built within the wreckage of a pre-war aircraft carrier. Before establishing his current trade, Holmes engaged in the slave trade, selling captured wastelanders to his associate Eulogy Jones at Paradise Falls. He has since abandoned that enterprise and rebuffs all of Jones's attempts to draw him back into the business. Holmes suffers from a chronic respiratory ailment known as Red-Lung, a condition contracted through his repair work in the confined, poorly ventilated spaces below the carrier's decks—a persistent hazard for those who labor in the ship's lower compartments. On a personal level, Holmes harbors romantic interest in Vera Weatherly, who manages the Weatherly Hotel in Rivet City. His advances, however, are unrequited; Vera regards him only as a friend and wishes to maintain a strictly platonic relationship. Holmes's gruff demeanor and checkered past contrast with the relative stability of his current life as a merchant in one of the Capital Wasteland's most established communities.","common,capital_wasteland,merchant","Seagrave Holmes is a merchant operating a junk shop in Rivet City. He formerly sold captured Wastelanders to his friend Eulogy Jones of Paradise Falls, but has since abandoned that business and ignores Jones's attempts to lure him back. Holmes suffers from a chronic respiratory disease called Red-Lung, caused by his repair work below the carrier's decks. He is romantically interested in Vera Weatherly, who manages the Weatherly Hotel, but she considers him only a friend and wishes to keep their relationship platonic.",common,"capital wasteland trader,former slaver,paradise falls connection,red-lung disease,rivet city merchant,vera weatherly",person,fallout3,capital_wasteland,,2277,https://fallout.wiki/wiki/Seagrave_Holmes,5572998,Previous draft rejected for out-of-world wording in ronald_laren; this article was compliant but regenerated for consistency.
"sarah_lyons,Sentinel Lyons,Sentinel Sarah Lyons","Sarah Lyons was born at the Brotherhood of Steel's West Coast headquarters, where her mother died several years before Elder Owyn Lyons led his expedition east to the Capital Wasteland. Growing up in the Brotherhood's martial culture, she rose to the rank of Sentinel and took command of the Lyons' Pride, an elite squad she describes as ""the best of the Brotherhood, bar none."" She personally vets every candidate for the unit. At the Citadel, she serves as a mentor to young Squire Arthur Maxson, last descendant of the Brotherhood's founder Roger Maxson. Maxson's terminal entries reveal that Sarah taught him lethal combat techniques, including how to kill a man by stabbing him in the kidneys, and that he developed romantic feelings toward her. During one outing she took him to fight super mutants, where he accidentally shot her, though the injury was minor. Following her father's death, Sarah assumed the rank of Elder but was subsequently killed in action. The Brotherhood struggled to find effective leadership for several years afterward, until Squire Maxson eventually rose to become Elder.","brotherhood,capital_wasteland,military","Sentinel Sarah Lyons is the commander of the Lyons' Pride, an elite Brotherhood of Steel squad operating in the ruins of Washington, D.C. Born at the Brotherhood's West Coast headquarters, she accompanied her father Elder Owyn Lyons on his expedition east after her mother's death. She is widely regarded as one of the Brotherhood's finest warriors and personally selects who joins her squad. At the Citadel, she serves as a mentor and role model for young Squire Arthur Maxson, who has learned combat skills from her and holds her in high regard.","common,brotherhood,capital_wasteland","brotherhood of steel,capital wasteland,citadel dweller,elder successor,lyons pride,sentinel rank",person,fallout3,capital_wasteland,,,https://fallout.wiki/wiki/Sentinel_Lyons,5672315,
"sergeant_rl_3,RL-3","Sergeant RL-3 is a customized Mister Gutsy model, a military-grade combat robot originally manufactured by General Atomics International for mobile assault operations prior to the Great War. Unlike standard Mister Gutsy units, RL-3 retains a functioning simulated personality unit, though programming irregularities make the robot selective about its companions. It refuses to serve anyone whose moral disposition it considers ""too extreme,"" a quirk that has frustrated its current owner, the wandering trader Tinker Joe, who scavenged and reassembled the unit from salvaged parts. Tinker Joe travels a route between the RobCo Facility and Tenpenny Tower attempting to sell the robot. RL-3's personality reflects its pre-war military programming, addressing its commander as ""Sir"" regardless of gender and peppering speech with old-world military slogans and references to Uncle Sam. The robot cannot perform stealth operations and, if separated from a commander, returns to Canterbury Commons. Its plasma projector armament and combat protocols make it a capable battlefield asset despite its stubborn temperament.","robot,capital_wasteland,wastelander","Sergeant RL-3 is a customized Mister Gutsy model created by General Atomics for mobile attacks before the Great War. A wandering trader named Tinker Joe scavenged the robot from parts and now offers it for sale while traveling between the RobCo Facility and Tenpenny Tower. RL-3 possesses a simulated personality unit, but due to programming issues it is picky about the company it keeps, refusing to travel with anyone it considers too extreme. This stubborn selectivity has made it difficult for Tinker Joe to sell the robot.","common,capital_wasteland,wastelander","canterbury commons,combat robot,general atomics,mister gutsy robot,pre-war military,tinker joe",person,fallout3,capital_wasteland,,,https://fallout.wiki/wiki/Sergeant_RL-3,5672304,
"squire_maxson,Arthur Maxson,Maxson","Arthur Maxson, born in 2267, is the last known descendant of Roger Maxson, the legendary founder of the Brotherhood of Steel. His father, the paladin Jonathan, was killed in battle outside the New California Republic, and his mother, Lady Jessica Maxson, sent the infant Arthur east to the Citadel due to dangerous internal conflicts in the western Brotherhood. Raised under the guardianship of Elder Owyn Lyons, Arthur proved an attentive student of Brotherhood history and doctrine, quoting the Codex when meeting outsiders. Sentinel Sarah Lyons trained him in combat, once teaching him how to kill by stabbing a person in the kidneys. During a field outing with Lyons, Arthur killed a super mutant but also accidentally shot Sarah, resulting in Elder Lyons barring him from patrols and restricting him from the Bailey during live-fire practice. Despite his lineage, Arthur considers himself ""just a normal boy."" He harbors a wish to befriend Liberty Prime and secretly reads Paladin Vargas's copy of Guns and Bullets. His terminal entries reveal admiration for Sarah Lyons that borders on infatuation.","brotherhood,capital_wasteland,historian","Arthur Maxson, commonly called Squire Maxson, is the last known descendant of Roger Maxson, the founder of the Brotherhood of Steel. Born in 2267 to Lady Jessica Maxson and the paladin Jonathan, he was sent east as an infant to be raised by Elder Owyn Lyons at the Citadel. A studious boy, he learned Brotherhood history and combat from Sentinel Sarah Lyons, though he was barred from patrols after accidentally shooting her. He dreams of befriending Liberty Prime and sneaks into Paladin Vargas's room to read Guns and Bullets.","common,brotherhood,capital_wasteland","arthur maxson,brotherhood of steel,citadel squire,maxson bloodline,roger maxson descendant,young warrior",person,fallout3,capital_wasteland,2267,,https://fallout.wiki/wiki/Squire_Maxson,5672280,
"star_paladin_cross,Cross","Star Paladin Cross holds the rank of Seneschal to Elder Owyn Lyons, making her the highest-ranking soldier in the Brotherhood of Steel's East Coast chapter, answering only to Elder Lyons himself. She also bears the title of Keeper of the ARM. During a field mission protecting Elder Lyons, Cross suffered critical injuries that would have been fatal. Scribe Rothchild performed extensive cybernetic augmentation to save her life, eliminating her need for food or sleep entirely. Cross played a significant role in the early days of Project Purity, defending the facility against super mutant attacks. When the project suffered from increasing mutant incursions and a perceived lack of results, the Brotherhood's commitment wavered. Following the death of Catherine and the birth of her child, Cross personally escorted James and his newborn to Megaton, an act she considered her best contribution to his mission of restoring fresh water to the Capital Wasteland. She views James as a noble man and considers helping wastelanders central to the Lyons Doctrine. Cross is one of only two individuals at the Citadel who recite passages from the Codex.","brotherhood,capital_wasteland,military","Star Paladin Cross is the Seneschal of Elder Lyons and the highest ranking soldier in the Brotherhood of Steel's East Coast chapter, answering only to Elder Lyons himself. She also holds the title of Keeper of the ARM. During a field mission protecting Elder Lyons, Cross was critically injured and saved through cybernetic augmentation performed by Scribe Rothchild, leaving her with no need for food or sleep. She was responsible for defending Project Purity against Super Mutant attacks during its early stages, and she later escorted James and his newborn child to Megaton after the death of Catherine.","common,brotherhood,capital_wasteland","brotherhood of steel,capital wasteland,cybernetic augmentation,elder lyons seneschal,project purity,star paladin",person,fallout3,capital_wasteland,,,https://fallout.wiki/wiki/Star_Paladin_Cross,5572876,
"sticky,Sticky Hands,Jack","Little Lamplight operates under a strict policy: no one over the age of sixteen may remain within its caverns. This tradition has persisted since the settlement's founding by children who took shelter in the caverns during the Great War. Sticky Hands, having just reached that threshold, faces mandatory relocation to Big Town, a far more dangerous surface settlement plagued by slavers and super mutant attacks. His reluctance is compounded by the loss of the community's relative safety and the uncertainty of adult life in the wastes. Despite his complaints, Sticky possesses a personal connection to Big Town through his girlfriend Red, who preceded him in exile. Residents of Big Town have expressed concern about his temperament, noting his tendency to talk at length and fabricate elaborate stories. His departure from Little Lamplight represents the ongoing cycle of the settlement's population, where each generation of children eventually ages out and must confront the harsh realities of the Capital Wasteland.","common,capital_wasteland","Sticky, also known as ""Sticky Hands"" and sometimes calling himself ""Jack,"" is a resident of Little Lamplight who recently turned sixteen. By the settlement's custom, children who come of age must leave the relative safety of Little Lamplight and relocate to Big Town. Sticky is unhappy about being forced out and frequently complains about the rules while trying to bend them in his favor. On the bright side, his girlfriend Red already lives in Big Town, giving him at least one reason to look forward to the move.","common,capital_wasteland","big town exile,capital wasteland youth,lamplight coming of age,little lamplight resident,sticky hands jack",person,fallout3,capital_wasteland,2277,2277,https://fallout.wiki/wiki/Sticky,5572740,
"synth,androids","Synths, sometimes called androids, are bio-synthetic beings created by the Institute, a secretive organization based in the Commonwealth. The Institute developed multiple generations of Synths, ranging from clearly mechanical constructs to third-generation models virtually indistinguishable from humans. Each unit receives a designation number for identification purposes. The earliest Synths were mechanical in nature, used for surface labor before conflicts with wasteland populations curtailed such operations. Later generations incorporated organic components derived from genetic research, culminating in models so sophisticated that no medical test can distinguish them from a living human. A Synth Component implanted within the brain allows for programming and recall codes, though removal proves fatal. By 2277, knowledge of Synths had reached the Capital Wasteland, where at least one advanced model—designation A3-21, known as Harkness—had fled the Institute and sought refuge among the general population. Another unit, S3-47, served as an enforcer. The Institute's synthetic program represents decades of research into genetics and robotics, producing beings with taste buds, digestive systems, and the ability to breathe, yet engineered to be controlled.","common,capital_wasteland,scientist","Synths, also called androids, are bio-synthetic beings manufactured by the Institute in the Commonwealth. They range in appearance from clearly robotic to virtually indistinguishable from a human, and are used by the Institute for maintenance, labor, combat, requisitions, and experimentation. Each Synth is issued a designation number for identification, such as A3-21 or S3-47. By 2277, Synths had appeared in the Capital Wasteland, where at least one advanced model was known to be hiding among the population.","common,capital_wasteland","android capital wasteland,bio-synthetic organism,harkness a3-21,institute synthetic being,synth designation number",creature,fallout3,capital_wasteland,2277,2277,https://fallout.wiki/wiki/Synth,5655258,
"the_antagonizer,Tanya Christoff","Tanya Christoff, known to the residents of Canterbury Commons as the AntAgonizer, adopted her supervillain persona after drawing inspiration from a Grognak comic book. The comic's narrative resonated with her experiences of mistreatment at the hands of others, leading her to conclude that humanity was inherently doomed. She declared herself ""Queen of All Ants"" and demonstrated the ability to command giant ants, terrorizing the small trading community of Canterbury Commons in the Capital Wasteland. Her ongoing feud with another self-styled costumed figure, the Mechanist, began when she destroyed his female robot. The two engaged in a theatrical rivalry that disrupted daily life in the settlement, with both figures treating Canterbury Commons as their personal battleground. The AntAgonizer wields a unique knife called Ant's Sting and wears a distinctive costume modeled on her ant-themed persona. Her presence in Canterbury Commons represents the eccentric and sometimes dangerous ways in which pre-War popular culture has influenced post-War behavior.","common,capital_wasteland","The AntAgonizer, born Tanya Christoff, is a self-proclaimed supervillain in Canterbury Commons who commands giant ants and battles the Mechanist. Inspired by a Grognak comic, she believes humanity is doomed due to past mistreatment and prefers the company of ants. Her rivalry with the Mechanist began when she destroyed his female robot, and she offers rewards for his defeat.","common,capital_wasteland","canterbury commons supervillain,giant ant controller,grognak comic inspiration,tanya christoff,wasteland costumed figure",person,fallout3,capital_wasteland,2277,2277,https://fallout.wiki/wiki/The_AntAgonizer,5665672,
three_dog,"Three Dog serves as the voice of Galaxy News Radio, broadcasting from the GNR Building Plaza in the ruins of Washington, D.C. Raised by parents in a traveling theatre group, he developed an early appreciation for rock music, free speech, and the ability to distinguish propaganda from truth—skills that would define his later career. He describes his mission as the ""Good Fight,"" using what he calls the ""sound of truth"" to report the harsh realities of the Capital Wasteland, including threats from slavers, raiders, and super mutants. His broadcasts stand in direct opposition to Enclave Radio, which he identifies as fascist propaganda led by ""President"" John Henry Eden and Colonel Autumn. The Brotherhood of Steel provides security for the GNR station in exchange for a fortified position, while his engineer assistant Margaret maintains the technical infrastructure. Three Dog pre-records his broadcasts on tapes and covers events ranging from Megaton to Girdershade, from Paradise Falls to the Republic of Dave. He has witnessed the Capital Wasteland at its worst—people killed for scraps of food, wounded children wandering aimlessly—and credits the Good Fight with preserving his sanity amid such conditions.","common,capital_wasteland,brotherhood","Three Dog is the host of Galaxy News Radio, broadcasting from the GNR Building Plaza in the Capital Wasteland with the protection of the Brotherhood of Steel. Born to parents in a traveling theatre group, he was raised on rock music and the ideals of free speech, learning to distinguish propaganda from truth. He fights what he calls the Good Fight, using his broadcasts to report the harsh realities of the wasteland and to counteract the propaganda of the Enclave and their radio station. His engineer assistant Margaret helps keep the station operational, and together they warn wasteland residents of threats from slavers, raiders, and super mutants.","common,capital_wasteland","brotherhood of steel ally,capital wasteland broadcaster,enclave radio opponent,galaxy news radio,good fight dj",person,fallout3,capital_wasteland,2277,2277,https://fallout.wiki/wiki/Three_Dog,5616055,
tree_father_birch,"Tree Father Birch founded the Treeminders to protect Harold, a being who has become one with the forest of Oasis. His authority among the Treeminders is absolute—his word is considered law. After Leaf Mother Laurel joined him a year following the group's founding, the two had a daughter, Sapling Yew, to whom they gave a bear charm for her fifth birthday. Bloomseer Poplar was the third member; despite Birch's initial wariness, Laurel persuaded him to accept her, and together the three created the Ceremony of Purification. As more people sought to join over time, Birch welcomed them, teaching the group's ideals and providing guidance. Birch is deeply concerned that the Great One's expanding influence may eventually break free of Oasis's secluded vale, which he fears would expose the being they revere and bring about the end of everything the Treeminders have built.","common,capital_wasteland","Tree Father Birch is the leader of the Treeminders, a group residing in the secluded settlement of Oasis. He founded the Treeminders to protect the being they revere as the One Who Grows, the One Who Gives, and the One Who Guides, whose name is never spoken out of reverence. Leaf Mother Laurel joined him a year after the group's founding, followed by Bloomseer Poplar, whom Birch initially distrusted but accepted at Laurel's urging. Together the three developed the Ceremony of Purification.",common,"capital wasteland cult,ceremony of purification,harold protector,oasis guardian,treeminders leader",person,fallout3,capital_wasteland,,2277,https://fallout.wiki/wiki/Tree_Father_Birch,5573406,
wally_mack,"Wally Mack is a youth of Vault 101 and a member of the Tunnel Snakes, a small gang that harasses other students. The gang has been bold enough to taunt Amata, the overseer's daughter. Butch DeLoria presumes to lead the Tunnel Snakes, though Wally might dispute that claim if challenged. Wally is the son of Allen and Gloria Mack, and his siblings are Stevie and Susie. His father once personally saved old Stanley, a fact Wally recalls with pride. Wally and his fellow gang members—Butch and Paul Hannon Jr.—are peers who grew up together inside the vault. The Tunnel Snakes consider themselves the rulers of Vault 101, refusing to take orders from anyone, including the overseer.","vault_dweller,common","Wally Mack is a resident of Vault 101 and a member of the Tunnel Snakes, a small gang of youths who harass other students in the vault. He is the son of Allen and Gloria Mack and the brother of Susie and Stevie Mack. His friends and fellow gang members include Butch DeLoria and Paul Hannon Jr. Though Butch presumes to lead the Tunnel Snakes, Wally might disagree if challenged on the matter.",common,"butch deloria peer,mack family,tunnel snakes gang,vault 101 resident,vault 101 youth",person,fallout3,vault_101,,2277,https://fallout.wiki/wiki/Wally_Mack,5663739,
wernher,"Wernher is an escaped slave who once served as the right-hand man of Ishmael Ashur, the ruler of the Pitt. He has been organizing a slave revolt against Ashur in collaboration with Midea, a fellow slave who shares his goals. To enact his plan, Wernher requires the assistance of an outsider who can infiltrate the Pitt raiders without being recognized as a slave or an enemy. He broadcast a radio distress call to alert anyone who would listen, hoping to draw someone capable of helping him overthrow Ashur's regime. Wernher is known for blunt remarks about those he encounters, dismissing various companions with colorful insults. His determination to see the slaves of the Pitt freed drives him to risk everything, even if it means trusting a stranger to carry out the revolt he has spent so long planning.","common,capital_wasteland","Wernher is an escaped slave and former right-hand man of Ishmael Ashur in The Pitt. He is organizing a slave revolt against Ashur in collaboration with Midea. To enact his plan, he requires the assistance of an outsider to infiltrate the Pitt raiders without being recognized. He broadcasted a radio distress call to alert anyone who would listen to his situation.",common,"ashur former lieutenant,escaped pitt slave,midea collaborator,slave revolt organizer,the pitt",person,fallout3,the_pitt,,2277,https://fallout.wiki/wiki/Wernher,5664733,
"aaron_kimball,Hero of the Mojave","Aaron Kimball rose to prominence through his 2270 military campaign against tribals threatening NCR citizens, known as the Pacification of the Mojave, which earned him the title ""Hero of the Mojave."" After retiring from the military in 2273, he entered politics with the help of Ambassador Dennis Crocker, winning a seat on the New California Republic Council and soon replacing Wendell Peterson as president. His first act in office was ordering the occupation of Hoover Dam, securing water and electricity that further boosted his popularity. Kimball overturned President Tandi's policies limiting animal and acreage ownership, benefiting groups such as the Stockmen's Association and the Republican Farmer's Committee. Under his administration, male military officers are promoted disproportionately to females. His presidency and legacy depend on successfully annexing the Mojave, but after seven years of failure and the high cost of occupying foreign territory, his popular support has eroded. Veterans like Chief Hanlon note the logistical challenges—slow transport of supplies and reinforcements, and experienced troops ordered elsewhere. Ulysses has remarked that Kimball is ""hollow,"" relying on others to strengthen the NCR.","ncr,mojave,common,military","Aaron Kimball is the president of the New California Republic, often called the Hero of the Mojave for his 2270 military campaign against tribals threatening NCR citizens. After retiring from the military in 2273, he entered politics with Ambassador Dennis Crocker's help, winning a council seat and soon replacing Wendell Peterson as president. His first act was ordering the occupation of Hoover Dam, whose water and electricity boosted his popularity. He overturned President Tandi's limits on animal and acreage ownership, benefiting groups like the Stockmen's Association.",common,"hero of the mojave,hoover dam occupation,kimball administration,mojave annexation,ncr president",person,fnv,mojave,2270,2281,https://fallout.wiki/wiki/Aaron_Kimball,5592736,
"ambassador_crocker,Ambassador Dennis Crocker,Dennis Crocker","Dennis Crocker's ambassadorship reflects the uneasy balance of NCR influence on the New Vegas Strip. As the third successive ambassador—after Susanna Edith and Phillip Granger—Crocker inherited a post defined as much by its constraints as its authority. His political career began two decades prior as a mayor in NCR territory, and his management of Kimball's successful council campaign secured him the ambassadorial appointment. Now in his seventh year, Crocker occupies the NCR Embassy on the Strip, where his duties are largely administrative: processing paperwork and coordinating with NCR military police to discipline off-duty soldiers. He openly acknowledges the limits of his role, declining to pursue ambitions of Mojave annexation while the Legion remains a threat. Ulysses dismisses him as ""a hollow man,"" suggesting that beneath the diplomatic title lies a functionary with little real power. His position places him at the intersection of Mr. House's sovereignty, NCR military ambitions, and the looming Caesar's Legion.","ncr,mojave,historian","Dennis Crocker is the New California Republic's ambassador to New Vegas, formally titled ""Ambassador Extraordinary and Plenipotentiary"" of the Department of State. He began his political career as a mayor twenty years ago and rose through the ranks, eventually heading President Kimball's successful campaign for NCR council. Crocker is the third person to hold the ambassadorship, following Susanna Edith and Phillip Granger, and is in his seventh year in the role. He focuses on day-to-day paperwork and helping NCR police keep troops in line on the Strip, accepting the limits of his position rather than pursuing annexation of the Mojave.",common,"diplomatic post,kimball campaign,mojave politics,ncr ambassador,ncr embassy,new vegas strip",person,fnv,mojave,2274,2281,https://fallout.wiki/wiki/Ambassador_Dennis_Crocker,5611243,
antony,"Antony's story illustrates how Caesar's Legion absorbs and repurposes tribal cultures. The Hangdogs of Denver's outskirts revered dogs as spirit animals, living alongside the city's large feral population and relying on them for hunting and survival. When the Legion arrived, the Hangdogs resisted longer than most conquered tribes. Legate Lanius broke them not through conventional warfare but by burning their dogs alive, exploiting the tribe's spiritual bond—condemning the animals to ""burn forever in the afterlife,"" a fate the elders could not accept. The tribe surrendered and was conscripted as houndmasters, their expertise redirected to serve the Legion's war machine. Antony now breeds and commands dogs at the Fort, including Lupa, the Legion's most ferocious hound and mother to many of its finest animals. He notes that cyberdogs were common in Denver and that Caesar once possessed a similar cybernetic companion lost in battle. Antony's role at the Legion Arena and his treatment of captives like Melody reveal the Legion's casual cruelty.","legion,historian","Antony, sometimes spelled Anthony, serves as the Master of the Hounds for Caesar's Legion at the Fort. He was born among the Hangdogs, a tribe on the outskirts of Denver, Colorado, where he spent his life training dogs and revering them as the tribe's spirit animals. When Caesar's Legion arrived, the Hangdogs resisted longer than most tribes until Legate Lanius broke them by burning their dogs, after which the tribe was conscripted as houndmasters. Antony now breeds dogs for the Legion, including Lupa, the fiercest hound in their ranks.",common,"caesar legion dogs,denver dogs,hangdogs tribe,lanius conquest,legion houndmaster,lupa hound",person,fnv,mojave,2247,2281,https://fallout.wiki/wiki/Antony,5465296,
benny,"Benny's rise from tribal nomad to Strip power broker embodies the violent pragmatism of post-war New Vegas. As a member of the Mojave Boot-Riders, he recognized the potential of Mr. House's offer to transform his tribe into casino operators—a vision Chief Bingo rejected in favor of nomadic life. Benny settled the dispute by stabbing Bingo in the throat, seizing leadership, and rebranding the Boot-Riders as the Chairmen, stewards of The Tops. But Benny's ambitions extended far beyond running a casino. He disabled one of Mr. House's PDQ-88b Securitrons with a pulse grenade and, with help from Followers researcher Emily Ortal, reprogrammed its neuro-computational matrix into Yes Man—an AI compelled to obey any command. Through Yes Man's access to House's data network, Benny learned of the Platinum Chip's courier route. He hired Great Khans Jessup, McMurphy, and Chance to intercept the Courier, whom he shot and buried at Goodsprings. His betrayal of his Khan accomplices and retreat to the Tops with loyal bodyguards reveal a man playing every angle, determined to stack the odds in his own favor.","courier,mojave,ncr","Benny is the head of the Chairmen, a tribe that operates The Tops casino on the New Vegas Strip. Originally a member of the Mojave Boot-Riders, he killed the tribe's chief, Bingo, in a knife fight to take leadership and accept Mr. House's offer to transform the tribe into a casino-running family. Benny's long-term ambition is to seize control of New Vegas for himself.",common,"benny chairman,mojave boot riders,mr house betrayal,platinum chip,the tops casino,yes man securitron",person,fnv,mojave,2274,2281,https://fallout.wiki/wiki/Benny,5661222,
"caesar,Edward Sallow","Edward Sallow's transformation from Followers-educated scholar to self-crowned dictator is one of the wasteland's most consequential histories. Born in 2226 near the Boneyard, Sallow lost his father to raiders and was raised by his mother within the Followers of the Apocalypse, where he studied anthropology and linguistics. At twenty, he was sent east with physician Bill Calhoun to study Grand Canyon tribal dialects. Captured by the Blackfoot tribe—outnumbered and losing a war against seven rivals—Sallow applied knowledge from old books to teach them Roman-style total warfare. The Blackfoot triumphed and absorbed their enemies. Sallow then systematically erased tribal identities: burning away tattoos, breaking families, forcing interbreeding, and imposing a monolithic Roman-inspired culture. He crowned himself Caesar and dispatched Calhoun west with a warning against interference. Joshua Graham became his first Legate. Caesar modeled the Legion on Imperial Rome, seeking a Pax Romana where individuals exist only to serve the state. He outlawed chems, alcohol, and homosexuality, and decreed women inferior. By 2277, the Legion controlled New Mexico, Arizona, and parts of Colorado and Utah, having assimilated 87 tribes. The First Battle of Hoover Dam ended in defeat; Graham was burned and cast into the Grand Canyon. Caesar now seeks New Vegas as his Rome—a prize to transform the Legion from nomadic army into a settled empire.","legion,historian,followers","Caesar, born Edward Sallow in 2226, is the ruler and co-founder of Caesar's Legion. Raised by the Followers of the Apocalypse in the Boneyard, he became an anthropologist and linguist before being sent east to study the tribes of the Grand Canyon. After being captured by the Blackfoot tribe, he taught them Roman-style warfare from old books, leading them to conquer and assimilate neighboring tribes. He erased tribal identities, crowned himself Caesar, and formed the Legion, modeling it after Imperial Rome.",common,"blackfoot tribe,caesar legion founder,edward sallow,first battle hoover dam,grand canyon conquest,imperial rome model",person,fnv,mojave,2226,2281,https://fallout.wiki/wiki/Caesar,5593353,
"capt_ronald_curtis,Picus,Ronald Curtis","Picus is one of the most prized deep-cover operatives in Caesar's Legion's frumentarii network, his false identity years in the making. He was planted inside the NCR before the Legion even arrived on the banks of the Colorado, and his rapid promotion to captain and Bravo Company command in three and a half years reflects both genuine competence and the Legion's long-term investment in the operation known as Racket. General Lee Oliver's decision to station Bravo Company at Camp McCarran gave Picus access to the base's logistics pipeline under Colonel James Hsu, whom he spent years cultivating. His primary objective is sabotaging the McCarran-Vegas monorail, which allows the NCR to project force onto the Strip from two positions at once. He maintains an unwitting informant, Martina Groesbeck, on the Strip, and intends to frame Private Davey Crenshaw as a scapegoat. The captured centurion Silus recognized Curtis from frumentarii training, and Vulpes Inculta keeps close tabs on his progress.","legion,ncr,historian","Captain Ronald Curtis, known to Caesar's Legion by the codename Picus, is a frumentarius who spent years infiltrating the New California Republic Army and rose to the rank of captain in just over three years. He commands Bravo Company at Camp McCarran, where General Lee Oliver placed his unit to bolster the base's defenses, and he assists Colonel James Hsu with logistics. Using his trusted position, Picus discreetly feeds the Legion intelligence on NCR patrols and plans while working toward a major sabotage operation targeting the McCarran-Vegas monorail. He maintains an informant named Martina Groesbeck on the New Vegas Strip and is monitored closely by Vulpes Inculta, the leader of the Legion's frumentarii.",common,"caesar legion spy,camp mccarran infiltrator,frumentarius picus,monorail sabotage plot,operation racket,vulpes inculta operative",person,fnv,mojave,2277,2281,https://fallout.wiki/wiki/Capt._Ronald_Curtis,5567859,
"cass,Whiskey Rose,Rose of Sharon Cassidy,Cassidy","Cass's father was a wanderer who left her only a name and a pendant, and she inherited his heart condition along with his surname. Her mother was a former tribal from east of the Colorado who raised Cass alone. By 2281, Cass had built Cassidy Caravans into a functioning merchant operation, but NCR Ranger reports reached her that her caravan had been attacked and burned to ash, leaving her stranded at the Mojave Outpost bar, unable to investigate due to threats on the road into New Vegas and NCR paperwork delays. She is sharply critical of both major Mojave powers: she derides the NCR's bureaucratic tangles and the Legion's treatment of women, while conceding that Legion supply lines are safe as houses compared to NCR routes. Her nickname Whiskey Rose originated back west before she punched enough people to make its use quieter. She is skilled with shotguns and capable of wearing non-faction power armor, and carries a recipe for Cass' Moonshine. She is approximately 37 years old.","caravaner,mojave,ncr","Rose of Sharon Cassidy, commonly known as Cass or Whiskey Rose, is the owner of Cassidy Caravans, a merchant company operating in the Mojave Wasteland. She was raised by her mother, a former tribal from east of the Colorado River, after her father left to wander the wastes when she was still young, leaving her only a name and a pendant. Cass inherited her father's heart problems along with his name, and has spent years running caravans across the harsh desert roads. She is known for her hard-drinking lifestyle and outspoken opinions on both the NCR's bureaucratic inefficiency and Caesar's Legion's brutal treatment of women, though she concedes that Legion supply lines are remarkably safe compared to those of the NCR.",common,"caravan attack victim,cassidy caravans owner,cassidy heart condition,mojave outpost merchant,ncr legion critic,whiskey rose nickname",person,fnv,mojave,2281,2281,https://fallout.wiki/wiki/Cass,5661404,
"chief_hanlon,Hanlon","Hanlon joined the Rangers before Elise became Ranger Chief around 2241, serving over four decades as the organization transformed from a small rag-tag group of abolitionists with a clear moral sense into a large professional military force that had trouble distinguishing good from bad. A pivotal moment came between 2256 and 2261 when he led six Rangers to investigate raider attacks on Rattletail, a settlement in Baja, California. They found not raiders but five NCR settlers with .308 rifles who had gunned down twenty-four unarmed people to protect the only well in fifty miles. Hanlon used misdirection, fabricating a story about an incoming raider army, to convince the settlers to evacuate peacefully. He considers this his one good deed in over forty years. His legendary use of traps, mines, and ambushes earned the Legion's respect after the First Battle of Hoover Dam, where his strategy lured the bulk of Legion forces across the Dam and destroyed them with Boulder City. He clashed with General Lee Oliver, who resented Hanlon receiving credit for the victory, and President Kimball ignored his request to deploy veteran Rangers to the Mojave, sending them to Baja instead. Concluding that holding the Dam and New Vegas would eventually kill the Republic, Hanlon began falsifying intelligence reports from Ranger stations across the Mojave to convince NCR brass the situation was hopeless.","ncr,military,historian","Chief Hanlon is the grizzled leader of the NCR Rangers, stationed at Camp Golf in the Mojave Wasteland. A veteran of over 40 years, he coordinated Ranger operations and became a war hero after his strategy at the First Battle of Hoover Dam broke the Legion's offensive by luring their forces into Boulder City and blowing it up. Despite his legendary reputation for misdirection and ambushes, Hanlon grew disillusioned with the NCR's expansionist ambitions, believing that holding the Dam and New Vegas would eventually destroy the Republic. He secretly sabotaged the war effort by falsifying intelligence reports from Ranger stations across the Mojave, hoping to convince NCR leadership to abandon the frontier.",common,"boulder city ambush,camp golf commander,falsified intelligence reports,first battle hoover dam,ncr ranger chief,rattletail baja incident",person,fnv,mojave,2241,2281,https://fallout.wiki/wiki/Chief_Hanlon,5465462,
chris_haversam,"In Vault 34, Haversam was selected as reactor engineer over fellow engineers Houser and Mitchell because of his technical aptitude and his preference for machines that do not shoot people. Vault management dismissed his belief that reactor radiation was ghoulifying him as neurotic, but when his hair began falling out from natural causes, he insisted the reactor was responsible and departed. Ironically, shortly after he left, the reactor genuinely became unstable and leaked dangerous radiation, transforming most residents into actual ghouls. Believing himself one of them, Haversam joined the Bright Brotherhood at the REPCONN Test Site in 2279. Jason Bright accepted him into the congregation, believing the creator had sent Haversam to ensure the success of the Great Journey. Bright also considered Haversam blessed with ignorance, both that he was not a ghoul and that he could not join them on their journey. With his technical expertise, Haversam was placed in charge of the entire rocket project. He speaks in a deliberate gravelly voice typical of ghouls and calls others smoothskin, fully committed to his self-identification.","ghoul,engineer,vault_dweller","Chris Haversam is an engineer living at the REPCONN Test Site who believes himself to be a ghoul. He grew up in Vault 34, where he was assigned as the vault reactor engineer due to his technical aptitude and his preference for machines over weapons. He became convinced that radiation from the vault reactor was turning him into a ghoul, and when his hair began falling out for natural reasons, he left the vault. Shortly after his departure, the vault's reactor became unstable and actually irradiated most of the residents, turning them into ghouls.",common,"bright brotherhood member,false ghoul identity,great journey engineer,jason bright congregation,repconn rocket project,vault 34 engineer",person,fnv,mojave,2279,2281,https://fallout.wiki/wiki/Chris_Haversam,5601594,
"christine,Christine Royce,Royce","Christine Royce's life was shaped by the Brotherhood of Steel's internal politics and the obsessive ambitions of Father Elijah. In her youth she was a scribe who became romantically involved with Veronica, another scribe; Elijah used his authority to separate them, a manipulation Veronica never discovered, believing instead that Christine left to appease procreation-minded parents. After the Brotherhood's defeat at HELIOS One, Elijah went rogue, and Christine, now a Knight within The Circle, was ordered to track and kill him. She followed his trail to the Big MT, where Elijah used lobotomized survivors from Little Yangtze as walking bombs against her. Captured and lobotomized at the Y-17 Medical Facility, she suffered electrode damage impairing reading, writing, and speech. Ulysses carried her to safety and nursed her back to health; she repaired a holotape recorder for him before parting. At the Sierra Madre, Dean Domino trapped her in an Auto-Doc for two weeks, removing her vocal cords to mimic Vera Keyes' voice for his vault heist. Despite her trauma, Christine retained technical skill, able to counterfeit Sierra Madre chips and jam radio and speaker signals.","brotherhood,courier,historian","Christine Royce is a former scribe of the Brotherhood of Steel and a knight of The Circle who was tasked with hunting down the rogue elder Father Elijah. While tracking him to the Big MT, she was captured and lobotomized, leaving her with deep facial scars and an impaired ability to read and write. After being rescued by a fellow traveler named Ulysses, she followed Elijah's trail to the Sierra Madre, where she was fitted with a slave collar and trapped inside an Auto-Doc by Dean Domino. During her imprisonment, Domino surgically removed her vocal cords in an attempt to replicate the voice of Vera Keyes for his vault heist.","common,wastelander","big mt lobotomy,brotherhood scribe,dead money,father elijah,sierra madre,veronica relationship",person,fnv,mojave,2281,2281,https://fallout.wiki/wiki/Christine_(Fallout:_New_Vegas),5570944,Christine's personal history is closely tied to Dead Money events. Avoid specifying her ultimate fate or any quest outcomes.
"colonel_hsu,Col. James Hsu,Colonel James Hsu,James Hsu,Hsu","Colonel James Hsu occupies a pivotal but politically constrained role within the NCR's Mojade operations. As commander of Camp McCarran and the New Vegas garrison, he is the nexus of the NCR Army's military efforts in the region, yet his diplomatic temperament places him at odds with the Kimball administration's war hawks. Unlike Colonel Cassandra Moore and General Lee Oliver, Hsu favors negotiation and is sympathetic to locals, overseeing water and power distribution in Freeside and dealing diplomatically with groups such as the Kings. His high competence and modesty have made him well-liked by troops; Craig Boone remarks that without Oliver's interference Hsu would already be a general. Oliver reportedly sees him as an up-and-coming rival. Hsu previously served seven years alongside Nathan, the future warden of the NCR Correctional Facility, who once helped him in Modoc. Nathan attempted to call in that favor to secure new guards for NCRCF but was killed in the prison break before he could. Despite holding the same rank as Colonel Moore, Hsu possesses greater authority as overall commander of NCR Army operations in the Mojave Desert.","ncr,military,historian","Colonel James Hsu is the commanding officer of the New California Republic Army garrison at Camp McCarran and oversees most NCR military operations in the Mojave Wasteland. A level-headed and competent officer, he is known for favoring diplomacy over force of arms, caring deeply for the soldiers under his command, and being sympathetic to local populations, including his management of water and power distribution in Freeside. His modesty and competence have made him well-liked by his troops, though this has drawn the ire of General Lee Oliver, who views him as a potential rival. Hsu previously served alongside Nathan, the future warden of the NCR Correctional Facility, for seven years and still owed him a favor from an incident in Modoc.","common,ncr,mojave","camp mccarran,freeside diplomacy,general oliver rival,mojave command,ncr colonel",person,fnv,mojave,2281,2281,https://fallout.wiki/wiki/Col._James_Hsu,5465761,Hsu's post-Second Battle of Hoover Dam promotion outcome is referenced in cut/unused dialogue; treat as uncertain rather than confirmed.
"corporal_betsy,Betsy","Corporal Betsy's situation illustrates the psychological toll of the NCR's protracted conflict with the Fiends on the western flank of the Mojave. As a sniper in First Recon's Alpha Team, she has spent six months manning Camp McCarran's towers under Lieutenant Gorobets, head-shotting Fiends on drugs. Her partnership with 10 of Spades is defined by mutual loyalty: she volunteered when no one else would, and she discreetly lets him wear corrective lenses disguised as ""training shades"" to mask his poor eyesight. The sexual assault by Cook-Cook left her with anger and behavioral issues; 10 of Spades was knocked unconscious during the attack and blames himself. Gorobets recognizes her behavior is inappropriate but prefers treatment over punishment, noting Betsy may not want to look bad before the rest of First Recon. She initially refuses to acknowledge the trauma's impact. Doctor Usanagi is identified as well-qualified to treat mental trauma and agrees to clear her schedule to assist. Betsy is a lesbian and will flirt with a female Courier of sufficient Charisma. After the Driver Nephi bounty, Alpha Team relocates to Camp Forlorn Hope to assist against the Legion at Nelson.","ncr,military,doctor","Corporal Betsy is a sniper serving in Alpha Team of the New California Republic Army's First Recon, stationed at Camp McCarran under Lieutenant Gorobets. She works in a sniper pair with 10 of Spades, having volunteered to partner with him when no one else would due to his lack of experience, and she allows him to wear eyeglasses she calls his training shades to cover for his poor eyesight. Betsy struggles with anger and behavioral issues stemming from trauma after being sexually assaulted by the Fiend leader Cook-Cook, an incident that left her partner knocked unconscious and blaming himself. Her commanding officer recognizes her behavior is inappropriate but would prefer she seek treatment rather than face punishment, though Betsy is initially reluctant to acknowledge the experience has affected her or that seeing a doctor would help.","common,ncr,mojave","camp mccarran,cook-cook assault,first recon sniper,ten of spades partner,trauma treatment",person,fnv,mojave,2281,2281,https://fallout.wiki/wiki/Corporal_Betsy,5465513,Betsy's recovery depends on player actions; do not assert a fixed outcome. Her relocation to Camp Forlorn Hope follows specific quest progress.
"corporal_sterling,Sterling","Corporal Sterling embodies the transition from NCR Ranger to Army trooper forced by the brutal realities of the Mojave frontier. In 2273 he was among the first Rangers sent east to scout the Mojave, walking the ground between Shady Sands and the Colorado and learning about local tribes to pave the way for the Mojave Campaign. His capture by Legionaries near Malpais ended his Ranger career: they smashed bones in his hands and feet but failed to tie him, allowing him to crawl to a cliff and tumble into the Colorado, where fellow Rangers rescued him from drowning. The lasting damage prevented proper sidearm control and long-range patrols, which would have warranted a medical discharge. Instead, Sterling demonstrated his marksmanship and was accepted into the Army alongside raw recruits. Lieutenant Gorobets transferred him to First Recon to keep him as an asset. Sterling continued using his old lever-action La Longue Carabine rather than the hunting rifles standard to First Recon, and wore a Ranger Hat instead of a 1st Recon Beret, making him the only Alpha Team member with a lever-action weapon and the only active First Recon member using a scoped rifle.","ncr,military,historian","Corporal Sterling is a member of NCR First Recon's Alpha Team stationed at Camp McCarran and is one of the outfit's oldest members. Formerly an NCR Ranger, he was among the first to scout the Mojave Wasteland in 2273, walking vast stretches of territory between Shady Sands and the Colorado River and learning about local tribes to pave the way for the Mojave Campaign. His Ranger career ended after Legionaries captured him near Malpais and smashed the bones in his hands and feet, though he escaped by crawling to a cliff and tumbling into the Colorado, where fellow Rangers rescued him from drowning. Although the lasting damage prevented him from handling a sidearm or conducting long-range patrols, Sterling's persistence and marksmanship earned him a place in the Army, and Lieutenant Gorobets transferred him to First Recon.","common,ncr,mojave","first recon,former ncr ranger,la longue carabine,legion captivity,malpais capture,mojave scouting",person,fnv,mojave,2273,2281,https://fallout.wiki/wiki/Corporal_Sterling,5555194,Sterling's scouting began in 2273; his First Recon service is contemporary to 2281. Avoid asserting quest-dependent relocation outcomes.
cpl_william_farber,"Camp McCarran, the NCR's primary military hub in the Mojave Wasteland, depends on Corporal William Farber to sustain its garrison through daily meal service. The logistical strain of feeding an army in occupied territory is evident in Farber's predicament: without reliable access to meat or spices, his menus are reduced to whatever vegetables can be sourced, a situation that erodes both trooper morale and digestive health. Compounding the crisis, the base's food processor—a critical piece of pre-War kitchen technology—has broken down and requires replacement parts that are not readily available. Farber's vulnerability to corruption is illustrated by his encounter with a fraudulent NCR health inspector, from whom he paid a fifty-cap bribe. Separately, the researcher Keely, operating inside the overgrown ruins of Vault 22, has theorized that a biological sample derived from the vault's mutated spore plants could hold relevance for Farber's culinary challenges, suggesting a potential link between the vault's agricultural experiments and the NCR's food supply problems.","ncr,military,mojave,scientist","Corporal William Farber serves as a mess officer for the NCR Army at Camp McCarran, where he is responsible for cooking, preparing, and serving meals to the troopers stationed there. His ability to produce quality food is hampered by a lack of meat and spices, leaving him limited to vegetables such as corn, beans, and onions, which affects both morale and digestion among the soldiers. The base's food processor is also in need of repair and replacement parts, further complicating his duties. Farber was once tricked by an NCR health inspector, from whom he bribed 50 caps, and the researcher Keely in Vault 22 suspects that a sample derived from the vault's spore plants might be of interest to him.",common,"camp mccarran food,food processor repair,keely research sample,ncr mess officer,vault 22 spore plants",person,fnv,mojave,2281,2281,https://fallout.wiki/wiki/Cpl._William_Farber,5559166,
craig_boone,"Craig Boone's military career with the NCR First Recon Battalion placed him at the center of two defining events in the Mojave conflict. At the First Battle of Hoover Dam, he served on the front lines at Camp Golf as Legion forces hammered NCR positions. More traumatically, he participated in the Bitter Springs Massacre, where First Recon was ordered to seal Canyon 37 and shoot on sight. When the Great Khans fleeing down the pass turned out to be largely non-combatants—women, children, the sick, and elderly—NCR command, failing to grasp the situation, ordered the troopers to fire until ammunition was exhausted. Boone carried out the order, an experience that poisoned his faith in military authority and drove him from the service at the end of his tour. He married Carla, a woman he met on the New Vegas Strip, and settled in Novac alongside his spotter and best friend Manny Vargas. Carla's discontent with small-town life strained Boone's relationship with Vargas. When Legion slavers abducted the pregnant Carla—timing their raid to slip past Boone's watch—Boone suspected betrayal. He tracked her to a Legion outpost near the Colorado River but, finding the area swarming with legionaries and rescue impossible, chose to mercy kill her rather than let her endure slavery. This act cemented his hatred of Caesar's Legion and his determination to identify whoever had set him up.","ncr,military,mojave,legion","Craig Boone is a retired New California Republic First Recon sharpshooter who currently works as the night-shift town guard in Novac. During his military service, he fought in the First Battle of Hoover Dam and participated in the Bitter Springs Massacre, where he was ordered to fire on fleeing non-combatants. After leaving the army, he settled in Novac with his wife Carla and his former spotter Manny Vargas. Following Carla's kidnapping by Caesar's Legion, Boone tracked her to a Legion outpost and chose to mercy kill her rather than let her be enslaved, leaving him embittered and determined to find whoever was responsible for her abduction.",common,"bitter springs massacre,carla boone kidnapping,first battle hoover dam,mercy killing legion,ncr first recon sharpshooter,novac night guard",person,fnv,mojave,2281,2281,https://fallout.wiki/wiki/Craig_Boone,5593298,
daniel,"Daniel's missionary work among the Sorrows tribe reflects the complex intersection of New Canaanite faith and indigenous tribal spirituality in the post-War American West. Sent to Zion Canyon by Bishop Mordecai, Daniel initially focused on conversion, but the destruction of New Canaan—a Mormon settlement wiped out by the White Legs under pressure from Caesar's Legion—transformed his mission into one of protection and atonement. He carries guilt for what he perceives as the New Canaanites' role in drawing hostile attention to the Sorrows, having previously witnessed other tribes such as the Crazy Horns and Tar Walkers completely eradicated by slavers, raiders, and exploitative prospectors. Daniel's theological instruction inadvertently syncretized with Sorrows spiritual heritage: the tribe's Father in the Cave and the New Canaanite God became indistinguishable in their understanding. His strategy for the Sorrows' survival centers on evacuation to the Grand Staircase, driven by a conviction that armed resistance would corrupt the tribe's innocence and replicate the cycle of militarism that destroyed the old world, produced Joshua Graham as the Malpais Legate, and created figures like the warlord Salt-Upon-Wounds. Despite his pacifist convictions, Daniel remains willing to kill if the White Legs force his hand.","tribal,historian,mojave","Daniel is a New Canaanite missionary operating among the Sorrows tribe in Zion Canyon. Originally dispatched by Bishop Mordecai to spread the word of God, Daniel's mission shifted after he witnessed the destruction of New Canaan and the death of his bishop. He now dedicates himself to protecting the Sorrows from the White Legs, a hostile tribe responsible for attacking New Canaan, and fears that war would corrupt their innocent nature. Daniel's teachings blended New Canaanite theology with the Sorrows' existing spiritual beliefs, causing their Father in the Cave and the New Canaanite God to become one and the same.",common,"bishop mordecai death,father in the cave,new canaanite missionary,sorrows tribe zion,white legs conflict,zion canyon evacuation",person,fnv,mojave,2281,2281,https://fallout.wiki/wiki/Daniel_(Honest_Hearts),5498335,
dean_domino,"Dean Domino's pre-War celebrity as the King of Swing masked a deep narcissism and vindictiveness that defined his trajectory from entertainer to would-be thief. Performing across the United States and Europe—including Paris and an ill-fated engagement in Madrid—Domino was invited to headline at the Sierra Madre, Frederick Sinclair's grand casino project. Sinclair's unwavering optimism despite severe financial losses in the 2070s provoked Domino's jealousy into obsession. He resolved to ruin Sinclair by looting the casino vault, enlisting his former lover, the starlet Vera Keyes—whom Sinclair had fallen for—by blackmailing her over a Med-X addiction, unaware she was terminally ill. The Great War transformed the Sierra Madre's Gala Event into a massacre as security holograms activated, trapping Domino inside. Over two centuries of ghoulification, he relentlessly mapped the casino's defenses, unaware that Sinclair had already discovered the plot and prepared a trap in the vault. Captured by Dog and collared by Father Elijah, Domino continued scheming, killing previous collared victims to study their explosive mechanisms. He also dragged an unconscious Christine Royce to the Villa clinic, programming an Auto-Doc to alter her vocal cords to mimic Vera Keyes's voice, intending to use her as a key to the vault. Remarkably, ghoulification left his singing voice clear and smooth, unlike the gravelly tones typical of other ghouls.","ghoul,historian,mojave","Dean Domino, also known as the King of Swing, was a famous pre-War lounge singer who performed across the United States and Europe, including the Las Vegas Strip. He was invited to perform at the Sierra Madre casino, where he became consumed with jealousy toward the casino's founder, Frederick Sinclair, and plotted to break into the vault using his former lover Vera Keyes. When the bombs dropped, the Gala Event became a massacre and Dean was trapped in the Sierra Madre, undergoing ghoulification over the next two hundred years while obsessively mapping the casino's security system and plotting his grand heist. He was eventually captured by Dog, fitted with an explosive collar, and forced to work for Father Elijah.",common,"father elijah collar,frederick sinclair rivalry,ghoulified entertainer,pre-war lounge singer,sierra madre casino,vera keyes blackmail",person,fnv,mojave,,2281,https://fallout.wiki/wiki/Dean_Domino,5669265,
deputy_beagle,"Deputy Beagle earned his badge through family ties rather than merit, deputized by Sheriff McBain approximately two and a half months before escaped convicts overran Primm. Rather than confront the Powder Gangers directly, Beagle adopted a policy of observation, taking notes and audio logs of their activities. During one such surveillance session, he witnessed a meeting between Benny, Great Khans, and Powder Gangers discussing a delivery taken from a courier, with the group indicating they would travel through Nipton to Novac to meet a contact. Beagle was spotted and forced to flee. Shortly afterward, escaped convicts infiltrated Primm at night and murdered Sheriff McBain and Beagle's sister in their sleep. Beagle, hiding in the corner of the office, was captured and thrown into the kitchen as a hostage. Sergeant McGee, on scout duty, witnessed the event but declined to intervene, citing lack of a long rifle and proper orders. The Powder Gangers tortured Beagle, who could not resist and revealed what little he knew about the town. He remained their hostage for a ransom no one in Primm could pay. Primm's inhabitants do not take Beagle seriously, and he is widely considered a lazy coward who avoids proactive law enforcement and leaves tasks unfinished.","mojave,wastelander","Deputy Beagle is the deputy of Primm, deputized by Sheriff McBain roughly two and a half months before the convict attack on the town, largely on account of being the sheriff's wife's brother. He is widely regarded by Primm's inhabitants as lacking in common sense, intelligence, and general usefulness, a reputation he attempts to offset with a gentlemanly demeanor and sophisticated vocabulary that he frequently mispronounces. Beagle is also known as a lazy coward who avoids proactive law enforcement and leaves tasks half-finished, having earned his position through family ties rather than merit. During the convict takeover of Primm, Beagle was taken hostage after witnessing the murder of Sheriff McBain and his own sister, and was tortured into revealing what little he knew about the town before being held for a ransom that no one in Primm could afford to pay.",common,"benny great khans,bison steve hotel,convict hostage,law enforcement failure,powder ganger surveillance,primm deputy",person,fnv,mojave,2281,2281,https://fallout.wiki/wiki/Deputy_Beagle,5664491,
doc_mitchell,"Doc Mitchell was born and raised in Vault 21, the vault beneath the New Vegas Strip whose residents resolved disputes through games of chance. When Mr. House initiated the Strip renovations in 2274, he contacted Vault 21's residents with the prospect of participating in the city's resurgence. Most refused, but House's supporters challenged the dissenters to a game of Blackjack, winning in what Mitchell described as an extremely risky and fateful gambit. The vault was opened, stripped, and filled with concrete, leaving only part of the top level untouched. Mitchell was among the residents forced into homelessness. He became a traveling doctor, noting that most people in the wasteland lacked education, making his medical skillset rare. He eventually returned to Vault 21 to marry his childhood sweetheart, and the two planned to travel to California. They only reached Goodsprings before his wife fell ill from germ infection caused by years of isolation in the vault. After her death, Mitchell remained in Goodsprings to stay close to her. He later developed a bum leg. In 2281, after a courier was shot in the head and buried in Goodsprings Cemetery, the robot Victor recovered the body and brought it to Mitchell, who removed most of the lead shrapnel from the courier's brain and nursed them back to health over several days.","mojave,doctor,vault_dweller","Doc Mitchell is a surgeon and doctor living in Goodsprings. He grew up in Vault 21 beneath the New Vegas Strip, where younger residents gave him the nickname mole-butt. When Mr. House opened and filled Vault 21 with concrete during the Strip renovations beginning in 2274, Mitchell was forced into homelessness and worked as a traveling doctor, finding his medical expertise rare and valuable in the wasteland.",common,"courier rescue,goodsprings doctor,mr house renovations,new vegas strip,vault 21 resident,wasteland surgeon",person,fnv,mojave,2274,2281,https://fallout.wiki/wiki/Doc_Mitchell,5661189,
doctor_henry,"Doctor Henry is a former Enclave scientist specializing in human and canine neuroscience, as well as canine cyber-genetics. During his tenure with the Enclave, he developed a mutagenic serum intended to cure super mutants, opposing the Enclave's initiative to simply kill the afflicted. His theories on correcting mutations in the wasteland were unpopular with other Enclave scientists. Henry departed the Enclave before the destruction of the oil rig, a decision he later described as the right one. He integrated into the New California Republic, setting up a clinic in NCR town. While there, he spoke about the Enclave at length while drunk, and his research attracted the attention of Merk, a local crime lord who sought to steal Henry's blueprints for cybernetic canine guard units. Henry later spent time traveling with caravans, where he met Gibson, before relocating to the Mojave Wasteland to join other Enclave Remnants fleeing persecution by the NCR and Brotherhood of Steel. He settled in Jacobstown, establishing a lab in the lodge to research the effects of prolonged Stealth Boy Mark II Prototype usage by Nightkin, with the primary objective of curing their schizophrenia. He noted that his Jacobstown lab was not as impressive as the facilities he had access to with the Enclave. He is also capable of performing brain transplants for cyberdogs, though he had not worked in that field recently.","enclave,scientist,mojave","Doctor Henry is a physician and former Enclave scientist who eventually settled in Jacobstown within the Mojave Wasteland alongside other Enclave Remnants. During his time with the Enclave, he specialized in human and canine neuroscience and worked on canine cyber-genetics, though he left the organization after disagreeing with their initiative to simply kill super mutants instead of curing them. After departing before the destruction of the Enclave oil rig, he spent time in the New California Republic and traveling with caravans before relocating to Jacobstown. There, he established a lab in the lodge to research the effects of prolonged Stealth Boy Mark II Prototype usage by Nightkin, aiming to cure their schizophrenia.",common,"canine cyber-genetics,enclave scientist,jacobstown lab,mutagenic serum,nightkin schizophrenia,stealth boy research",person,fnv,mojave,,2281,https://fallout.wiki/wiki/Doctor_Henry,5597634,
doctor_klein,"Doctor Klein is a pre-War scientist who served as the Chief Head Researcher of Logistical Operations and Idea-ology at Big MT, the pre-War research facility in the Big Empty. After the Great War, Klein became a Think Tank, a disembodied brain housed in a robotic chassis, allowing him to continue his work indefinitely alongside his colleagues. He functions as the leader of the Think Tank, exhibiting a stuffy, authoritative demeanor reminiscent of a college dean. Klein frequently refuses to confer with his colleagues on decisions, asserting unilateral authority over the group's direction. Despite his general hostility toward Doctor Mobius, a former colleague who departed the Think Tank under contentious circumstances, Klein retains some willingness to consider Mobius as a partner under specific conditions. Among the Think Tank members, Klein is notable as the only genuine threat, as he remains relatively sane and capable of acting with a level of authority that the other members lack. His colleagues include Doctors Dala, O, Borous, and 8, each housed in similar robotic chassis. The Think Tank's collective research at Big MT continued in isolation for over two centuries after the Great War, with Klein overseeing operations from his position as chief researcher.",scientist,"Doctor Klein is a pre-War scientist and the Chief Head Researcher of Logistical Operations and Idea-ology at Big MT. After the Great War, he became a Think Tank, a disembodied brain housed in a robotic chassis, to continue his work alongside his colleagues. He serves as the leader of the Think Tank, acting with a stuffy, authoritative demeanor reminiscent of a college dean, and often refuses to confer with his peers on decisions. Despite his general hostility toward Doctor Mobius, he retains some willingness to consider him a partner under certain circumstances.",common,"big empty facility,big mt researcher,doctor mobius rival,pre-war scientist,robotic brain chassis,think tank leader",person,fnv,mojave,,2281,https://fallout.wiki/wiki/Doctor_Klein,5570048,
doctor_mobius,"Doctor Mobius was among the pre-war scientists of the Big MT research facility, one of the brightest minds assembled to push the boundaries of science without ethical restraint. After the Great War, he and his colleagues were converted into Think Tank brains—disembodied consciousnesses housed in robotic bodies, continuing their experiments in the irradiated wasteland. A bitter dispute with Doctor Klein led Mobius to remove the personality chips from the Sink, the facility's automated intelligences, and depart for the X-42 robo-warfare facility, which he renamed the Forbidden Zone. There he invented the Robo-Scorpions that patrol the surrounding wasteland and created most of the Sink's robotic intelligences, save Muggy, who was the work of Doctor 0. Mobius also programmed the Sink Central Intelligence Unit to accept bottle caps as currency, correctly predicting that caps would become the dominant post-war medium of exchange—a foresight that puzzled his colleagues. Despite his reputation as the Think Tank's antagonist, Mobius retains a wistful awareness of what his colleagues have forgotten: friendship, discovery, and love. His faculties have been eroded by prolonged chem use, particularly Psycho, and he struggles with memory and coherence, yet he remains one of the most powerful entities in the Big MT.","scientist,historian",Doctor Mobius is a Think Tank operating in the Big MT and the leader of the Robo-Scorpion army. He is the nemesis of Dr. Klein and the team to which he belonged. Mobius was part of the Big MT Think Tank before the Great War and became a think tank after the War to continue his work.,common,"big mt think tank,bottle cap prediction,doctor klein nemesis,forbidden zone x-42,old world blues,robo-scorpion inventor,sink personality chips",person,fnv,mojave,2077,2281,https://fallout.wiki/wiki/Doctor_Mobius,5674563,Chronology: Mobius was part of the pre-war Think Tank; post-war developments at Big MT are ongoing by 2281.
dog_and_god,"Dog's origins trace back to the Master's army at the Mariposa Military Base, where Nightkin served as elite stealth troopers under the Master and his Lieutenant. Dog was conditioned for absolute obedience, tasked with hunting, killing, and gathering humans for the Forced Evolutionary Virus vats. He recalls hiding at both Mariposa and the Cathedral, and harbors a nostalgic attachment to those places—particularly the memory of removing his Stealth Boy at nightfall and staring at the Cathedral ceiling. After the Master's fall, Dog wandered until the Sierra Madre Broadcast drew him to the casino. There, Father Elijah's commanding presence reopened the psychological conditioning the Master had instilled, making Elijah Dog's new master. God, the second identity, claims to have always existed but only began speaking when Elijah arrived. God describes himself as Dog's conscience and the voice of reason, struggling to restrain Dog's childlike destructive impulses. The two identities do not share all experiences, creating friction. God's control of the body is physically awkward—he lacks Dog's instinctive combat coordination. Dog self-harms by carving his name into his chest and clamping a bear trap on his arm, attempting to silence God's voice, which only enrages God further. Elijah exploited this fractured psyche, fitting Dog with an explosive collar and commanding him to gather victims for the Sierra Madre heist.","super_mutant,historian","Dog and God are two distinct identities sharing the body of a single Nightkin, a product of trauma-induced dissociative identity disorder. Dog, the childlike and perpetually hungry persona, served in the Master's army as a stealth trooper before following the Sierra Madre Broadcast to the Sierra Madre casino, where Father Elijah became his new master. God, the intelligent and controlling persona, acts as Dog's conscience, attempting to restrain his destructive instincts. The two identities take turns controlling their shared body, with the dormant one confined to a mental cage where they can hear but not witness outside events.",common,"dead money nightkin,dog childlike hunger,father elijah master,god conscience persona,master army stealth trooper,nightkin dissociative identity,sierra madre broadcast",person,fnv,mojave,2155,2281,https://fallout.wiki/wiki/Dog_and_God,5569430,Chronology: Dog served in the Master's army (circa 2155-2162); Sierra Madre events occur around 2281.
"ed_e,Eddie,E-D-E,Eyebot Duraframe Subject E","ED-E represents the pinnacle of the Enclave's duraframe eyebot program, a combat-oriented evolution of the standard eyebot platform. Under Dr. Whitley's direction, the project produced a unit with superior sensor arrays, armored vacuum tube protection, and a miniaturized Tesla cannon—features that distinguished it from the reconnaissance-focused standard models. The Enclave's decision to halt duraframe production in favor of Hellfire armor manufacturing and the systematic destruction of all remaining units made ED-E uniquely irreplaceable. Whitley, recognizing the unit's value, loaded it with Poseidon Energy research data and dispatched it toward Navarro, the Enclave's West Coast stronghold. The eyebot's journey took it through Chicago, where an Enclave outpost provided repairs and upgrades, and where it briefly stayed with a civilian family—an encounter that humanized the machine in unexpected ways. Crossing the Mojave, a raider's hand-loaded .308 round disabled ED-E near Primm, where it was recovered by a Mojave Express courier and left on Johnson Nash's counter. The unit carries Enclave intelligence data of significant interest to multiple factions: the Brotherhood of Steel and the Followers of the Apocalypse both offered upgrades, reflecting the enduring value of pre-war Enclave technology. Arcade Gannon noted that ED-E's journey from Adams Air Force Base on the eastern seaboard to the Mojave covered over two thousand miles, a testament to the duraframe's durability.","enclave,engineer,brotherhood","ED-E (Eyebot Duraframe Subject E, pronounced ""Eddie"" or ""E-D-E"") is a prototype duraframe eyebot manufactured by the Enclave for combat use, featuring enhancements over standard eyebots including additional sensor dishes, armor plating for side-mounted vacuum tubes, and a miniaturized Tesla cannon. When the Enclave halted duraframe production to focus on Hellfire armor and destroyed all remaining units, ED-E became the last surviving model. Dr. Whitley, the head researcher of the duraframe project, uploaded Poseidon Energy data and his research into ED-E's logs and dispatched it toward Navarro, but it stopped at an Enclave outpost in Chicago for repairs before crossing the Mojave Wasteland, where a raider sniper shot and damaged it.",common,"chicago enclave outpost,dr whitley research,enclave duraframe eyebot,mojave express primm,navarro dispatch,poseidon energy data,tesla cannon prototype",technology,fnv,mojave,2277,2281,https://fallout.wiki/wiki/ED-E,5674533,Chronology: ED-E's post-war journey and arrival in the Mojave occur in the lead-up to 2281.
"easy_pete,Pete","Easy Pete embodies the archetype of the Mojave prospector—a scavenger who combed pre-war ruins for salvageable technology, weapons, chems, and components before age and danger drove him to settle. His aborted claim near the Colorado River illustrates the perilous frontier where prospectors risked Legion and raider violence for valuable finds. Goodsprings offered refuge from both the NCR's expansionist policies and the lawless periphery; Pete settled there explicitly to distance himself from NCR influence, yet he acknowledges the republic contains ""a lot of decent folk"" even as he criticizes its habit of absorbing settlements regardless of local consent. Pete's regional literacy is notable: he understands the strategic centrality of Hoover Dam, recognizing that whoever controls the Dam controls the territory through its power generation and access to Lake Mead's clean water. He correctly identifies the Legion as a slaver army led by Caesar, notes the NCR's failure to destroy the Legion at the First Battle of Hoover Dam, and observes Legion incursions on the Nevada side of the river. His willingness to share dynamite only with those versed in explosives reflects a prospector's practical caution. Notably, Pete pronounces Caesar with the classical Latin /ˈkaisar/, a distinction shared by very few outside the Legion itself.","wastelander,mojave,ncr","Easy Pete is a former prospector living in Goodsprings who earned his nickname by ""taking it easy"" and helping tend to the town's brahmin and bighorners. Before settling down, he scoured old buildings for tech, weapons, chems, and spare parts, and once found a promising claim near the Colorado River before raiders chased him off. He is experienced with dynamite, which he keeps buried for safekeeping, and refuses to share it with anyone who doesn't know explosives. Pete is knowledgeable about the broader regional conflict, describing Caesar's Legion as slavers led by Caesar and noting that the NCR beat them back at the First Battle of Hoover Dam but failed to finish the job.",common,"caesar legion slavers,colorado river claim,dynamite explosives expert,goodsprings prospector,hoover dam strategy,mojave scavenger lifestyle,ncr expansion criticism",person,fnv,mojave,2277,2281,https://fallout.wiki/wiki/Easy_Pete,5655337,Chronology: Pete's prospecting career predates his settlement in Goodsprings; his observations on regional conflict reflect the 2281 situation.
"elder_mcnamara,Elder Nolan McNamara,Nolan McNamara","McNamara's rise to elder was unconventional: he was a head paladin who took command only because Father Elijah abandoned the chapter during the NCR's Operation Sunburst at HELIOS One. His breakout through NCR lines saved the Brotherhood from annihilation and cemented his authority, but the extended lockdown he imposed afterward has eroded that support. The bunker's isolation has caused attrition of the Brotherhood's sphere of influence, and Head Paladin Hardin now seeks to usurp him, representing a conservative faction that believes in traditional Brotherhood ideals without question. McNamara, by contrast, is described by Veronica as one of the Brotherhood's most progressive members and may even support the NCR under the right circumstances. His leadership also maintained an unusual neutrality with the Black Mountain super mutants, a policy established while the settlement was under the benevolent Marcus, though Tabitha's violent takeover has rendered that stance questionable. McNamara's fear of NCR pursuit is largely unfounded, as the Republic is overburdened on multiple fronts and not actively hunting the Brotherhood.","brotherhood,historian,mojave,ncr","Elder Nolan McNamara is the leader of the Mojave Chapter of the Brotherhood of Steel, operating from the Hidden Valley Bunker. He earned the respect and loyalty of his chapter by breaking through NCR lines at HELIOS One during the failed Operation Sunburst, leading surviving Brotherhood forces to safety. When Father Elijah vanished during that battle, McNamara assumed command and the rank of elder, credited with saving the Mojave chapter from complete eradication. Fearing continued NCR pursuit, he placed the Hidden Valley bunker on lockdown, restricting movement to small scouting parties and barring entry to outside members, though the NCR is actually overburdened on multiple fronts and not actively hunting the Brotherhood.",common,"brotherhood of steel,elder nolan mcnamara,head paladin hardin,helios one,hidden valley bunker,mojave chapter lockdown,operation sunburst",person,fnv,mojave_wasteland,2277,2281,https://fallout.wiki/wiki/Elder_McNamara,5593305,Basic article supplied non-empty; returned unchanged.
"emily_ortal,Doctor Emily Ortal","Emily Ortal's decision to work in the Mojave reflects a broader tension within NCR territory: the Office of Science and Industry and other Republic-aligned organizations fund research only when it has military applications, while inflation and taxation make life difficult for civilians. As a Followers of the Apocalypse physician, Ortal sought to do practical medical good outside that system. Her technical skills extend beyond medicine, however. She reprogrammed the Securitron known as Yes Man for Benny, modifying it to connect to Mr. House's network so that House could not remotely disable the unit. This act gave Benny a covert asset on the Strip. Ortal later sought to intercept data from Mr. House's network by providing the Courier with a packet sniffer, hoping to analyze his encrypted data feeds. Her proximity to the Lucky 38 and her involvement with both Benny and the Courier place her at the intersection of several major power struggles in the Mojave, though her primary motivation remains the Followers' humanitarian mission.","followers,mojave,ncr,courier","Doctor Emily Ortal is a physician and member of the Followers of the Apocalypse who works in the Mojave Wasteland. She chose to operate there because neither the OSI nor other NCR-aligned organizations funded medical research unless it had military applications, and inflation and taxation in Republic territories further motivated her decision. She is responsible for reprogramming the Securitron known as Yes Man for Benny, modifying it to connect to the network so that Mr. House could not remotely disable it.",common,"benny securitron,followers of the apocalypse,lucky 38 casino,mr house network,osi medical research,packet sniffer,yes man reprogramming",person,fnv,mojave_wasteland,2281,2281,https://fallout.wiki/wiki/Emily_Ortal,5569809,Basic article supplied non-empty; returned unchanged.
fantastic,"Fantastic's presence at HELIOS One is a study in institutional failure. The NCR, desperate for technical experts to operate the solar power plant, accepted his claim of a ""theoretical degree in physics"" without verification. Since then, Fantastic has spent months working on what he assumes is the most important console because it is the largest, when in fact it controls the intercom system. The plant runs at one percent efficiency, partly due to misaligned outside mirrors he has identified but not fixed. This dysfunction suits Ignacio Rivas, who is far more knowledgeable but deliberately keeps Fantastic and the NCR in the dark to protect the secret of ARCHIMEDES, the experimental weapon system hidden within the facility. Fantastic's opportunism extends beyond mere laziness: if the NCR is wiped out at HELIOS One, he switches allegiance to Caesar's Legion, donning legionary armor and remarking ""when in Rome."" Alternatively, if the NCR retains control, he receives a promotion at Hoover Dam, though chief engineer Mike Lawson ensures anything Fantastic attempts must be approved first. His drug addiction and self-serving nature make him a purely mercenary figure with no loyalty to any faction.","ncr,mojave,scientist","Fantastic is an incompetent and egotistical con artist employed by the NCR as a technician at HELIOS One, having talked his way into the job by claiming to have a ""theoretical degree in physics."" Since arriving, he has done virtually nothing to repair the plant, instead convincing NCR personnel that he is essential so he can keep drawing pay to fuel his drug addiction. He works alongside Ignacio Rivas, who is far more knowledgeable but whom Fantastic ignores, and he has spent months working on what is actually the intercom console while the plant runs at one percent efficiency. Most NCR soldiers and Rivas have little respect for him, and anyone who spends time around him quickly sees through his fraud.",common,"archimedes secret,fantastic con artist,helios one technician,hoover dam promotion,ignacio rivas,ncr technical expert,theoretical degree physics",person,fnv,mojave_wasteland,2281,2281,https://fallout.wiki/wiki/Fantastic,5570122,Basic article supplied non-empty; returned unchanged.
"father_elijah,Elijah","Elijah's trajectory from Brotherhood elder to isolated obsessive traces a path through the Mojave's most dangerous pre-War sites. After abandoning the Brotherhood at HELIOS One, he traveled to Big MT, where he was briefly captured by the Think Tank before escaping by overriding their containment systems. At the abandoned Little Yangtze prison facility, he experimented with explosive collars on surviving prisoners, refining their operating frequencies and isolating the Sierra Madre broadcast signal. He suffered neurological strain from excessive Mentats use during this period. After escaping Big MT by seizing control of the train network, he traveled to the Sierra Madre, where he envisioned a new society built on three pillars: the Cloud as population control, holograms for defense, and the Sierra Madre Vending Machines for provisioning food, medicine, ammunition, and currency. Unable to access the casino vault alone, he lured treasure seekers via broadcast and coerced them with explosive collars, modifying the system so that one death triggered all collars. His final plan involved scouring Hoover Dam with the Cloud and an army of holograms, reshaping the Mojave into a world ""nothing like what happened at HELIOS One."" He was mentioned by Ulysses, who directed him to the Sierra Madre, and left a final message for Veronica before entering the casino.","brotherhood,historian,scientist,mojave","Father Elijah is a former Elder of the Brotherhood of Steel, notable for being a Scribe promoted to a rank typically reserved for Paladins due to his exceptional aptitude for advanced technology. Unlike traditional Brotherhood leadership, Elijah emphasized the enhancement and development of pre-War technology rather than mere preservation, a philosophy that brought him into conflict with the organization's leadership and led to his reassignment to the Mojave region. There he redirected Brotherhood operations to HELIOS One, a solar energy facility, where he sought to activate the experimental ARCHIMEDES II weapon system to counter the New California Republic. When the NCR overran the facility during Operation: Sunburst, Elijah disappeared, abandoning the Brotherhood and its remaining forces.",common,"archimedes ii weapon,big mt experiments,explosive collar technology,father elijah brotherhood,operation sunburst helios,sierra madre casino,sierra madre vending machines",person,fnv,mojave_wasteland,2277,2281,https://fallout.wiki/wiki/Father_Elijah,5664317,Basic article supplied non-empty; returned unchanged.
"general_lee_oliver,Lee Oliver","General Lee Oliver's command of NCR forces in the Mojave reflects the deep political currents shaping the republic's military leadership. His close relationship with President Aaron Kimball secured his appointment over more qualified officers such as Colonel James Hsu, whom Oliver actively hindered from promotion. This cronyism has bred widespread resentment among the rank and file. Oliver's strategic vision has been criticized as tunnel vision: while the Legion established an increasingly strong foothold on the western bank of the Colorado south of Hoover Dam, he diverted few resources to that pressing threat, instead focusing on building up the garrison at the dam itself after leaving his administrative post at Camp McCarran. His plan to defeat the Legion through mass confrontation and attrition stands in stark contrast to the Rangers' guerrilla tactics that proved decisive at the First Battle of Hoover Dam four years earlier. Oliver's grudge against Chief Hanlon and the Rangers stems from their outsized role in that victory, which he views as diminishing the Army's prestige. He is determined that the second battle be won entirely through conventional military force under his direct command.","ncr,military,mojave,historian","General Lee Oliver is a career New California Republic Army soldier and an outspoken supporter of President Aaron Kimball who serves as the commander of the republic's forces in the Mojave Wasteland. He is responsible for the overall strategy of NCR forces in the region and is preparing for the Second Battle of Hoover Dam, where he intends to confront Caesar's Legion en masse and destroy the enemy through attrition. Many lower-ranking officers and soldiers hold a low opinion of him, believing he obtained his post largely through cronyism, and his cautious approach has earned him the defamatory moniker General Wait-and-see. Oliver holds a grudge against the NCR Rangers and Chief Hanlon over the role they played in the First Battle of Hoover Dam, and he is determined to win the second battle entirely through his own methods.",common,"general wait and see,hoover dam battle,kimball political ally,mojave campaign strategy,ncr army commander,ranger rivalry",person,fnv,mojave,2277,2281,https://fallout.wiki/wiki/General_Lee_Oliver,5569857,
"gloria_van_graff,Glory","Gloria Van Graff oversees the Silver Rush energy weapons enterprise in Freeside as part of a sprawling family operation directed from Redding by her mother. The Van Graff matriarch expanded into the Mojave by placing Gloria and her brother Jean-Baptiste Cutting in charge of the Freeside branch, one of ten branches each managed by a different sibling, all from different fathers. Gloria's predecessor, her sister Frieda, departed to pursue what was called the opportunity of a lifetime. Despite Gloria's acknowledged intelligence, her strained relationship with her mother consigns her to remote, undesirable postings far from the family's power center. The Van Graffs' arrival in Freeside was violent: they forcibly evicted the previous occupants of the Silver Rush, killing members of the Kings who objected, creating a lasting enmity between the two groups. Gloria's business acumen extends beyond retail into aggressive competitive strategy. She has orchestrated secretive deals with Alice McLafferty of the Crimson Caravan Company aimed at destroying rival operations such as the Gun Runners and Cassidy Caravans. She also brokered a lucrative arrangement with the NCR military, luring Legion soldiers into a trap disguised as a weapons transaction in exchange for a lucrative NCR supply contract that earned the Van Graffs five times what they had made dealing with the Legion.","merchant,mojave,ncr,historian","Gloria Van Graff, also known as Glory, is the manager of the Silver Rush energy weapons store in Freeside, a position she holds alongside her older brother Jean-Baptiste Cutting. The Van Graff family expanded from Redding into the Mojave Wasteland under their mother's direction, and Gloria is one of ten siblings who each run different branches. Despite her sharp intellect, she receives undesirable assignments because she and her mother do not get along. Gloria took over the Silver Rush after her sister Frieda left, and the Van Graffs seized the location by force, killing members of the Kings who resisted.",common,"crimson caravan conspiracy,energy weapons merchant,kings conflict freeside,ncr legion arms deal,silver rush freeside,van graff family",person,fnv,mojave,2277,2281,https://fallout.wiki/wiki/Gloria_Van_Graff,5569107,
"head_paladin_hardin,Edgar Hardin,Hardin","Edgar Hardin serves as head paladin of the Mojave Brotherhood of Steel chapter, a position making him the chapter's most experienced warrior and a central figure in its internal power struggle. During the disastrous defense of HELIOS One under Elder Father Elijah, Hardin was among the senior paladins who advised a tactical retreat, counsel that Elijah ignored while obsessively pursuing an unknown technological objective. When the NCR finally overran the perimeter and Elijah vanished, Hardin followed acting elder Nolan McNamara in the retreat to the Hidden Valley Bunker. The subsequent lockdown has weighed heavily on Hardin. McNamara's refusal to lift it or even send scouts beyond the bunker has left the chapter sealed away for years, with many current paladins never having seen real combat outside training simulations. Hardin views this safety as a betrayal of the Brotherhood's core mission and believes McNamara's leadership has become paralyzed, particularly after the disappearance of patrol teams. His plans for the chapter call for resuming patrols, sending out reconnaissance, and reestablishing a Brotherhood presence in the region. His uncompromising temperament would preclude any cease-fire or alliance with Mojave factions. Only his lingering respect for McNamara's conduct during the HELIOS One retreat has prevented him from openly challenging the elder's authority.","brotherhood,mojave,historian","Head Paladin Hardin, also known as Edgar Hardin, is the head paladin of the Mojave chapter of the Brotherhood of Steel and its most experienced veteran. He was a key advisor to Father Elijah and attempted to convince the elder to abandon HELIOS One before the NCR overran the perimeter. After retreating to the Hidden Valley Bunker under acting elder Nolan McNamara, Hardin grew disillusioned with the ongoing lockdown and McNamara's refusal to send out scouts or patrols. Convinced that the chapter is stagnating and failing its mission, Hardin has considered ways to remove McNamara from leadership, restrained only by his respect for the elder's actions at HELIOS One.",common,"brotherhood mojave chapter,brotherhood stagnation,head paladin hardin,helios one retreat,hidden valley lockdown,mcnamara leadership challenge",person,fnv,mojave,2277,2281,https://fallout.wiki/wiki/Head_Paladin_Hardin,5569104,
"jas_wilkins,Jas","Jas Wilkins operates the Mess Hall kitchen in the quarry settlement of Sloan, serving meals to the workers who extract limestone and other materials from the nearby quarry. Born and raised in California, she left NCR territory deliberately, finding the republic's ordered safety stifling and dull. She was drawn east by the reputation of New Vegas as a place where anything goes and the NCR cannot interfere. Her culinary heritage traces back to her great-aunt Rose, who ran a Bed and Breakfast in the northern California town of Modoc. Rose was known for keeping a live female Deathclaw confined in a shed, harvesting its eggs as a steady ingredient supply for her signature Deathclaw Omelets. According to Jas, a stranger eventually killed the creature by shooting it directly in the eye, but the omelet recipe was passed down through the family. Jas has attempted to recreate the dish using eggs from the Deathclaw population inhabiting Quarry Junction near Sloan, though the quarry workers are more vocal about their dissatisfaction with her coffee than her cooking. Her presence in Sloan reflects the broader pattern of NCR citizens drifting into the Mojave seeking opportunity and freedom absent in the republic's controlled territories.","mojave,wastelander,historian","Jas Wilkins is a food merchant and cook operating the Mess Hall at Sloan in the Mojave Wasteland. Originally from California, she traveled east because she found life under the NCR too safe and boring, drawn by the freedom of New Vegas. Her great-aunt Rose ran a Bed & Breakfast in Modoc and kept a female Deathclaw in a shed to harvest eggs for Deathclaw Omelets, a recipe passed down to Jas. The quarry workers at Sloan complain about her coffee.",common,"deathclaw omelet recipe,food merchant sloan,great aunt rose modoc,ncr expatriate mojave,quarry junction deathclaw,sloan mess hall cook",person,fnv,mojave,2277,2281,https://fallout.wiki/wiki/Jas_Wilkins,5606307,
jeannie_may_crawford,"Jeannie May Crawford presides over the Dino Dee-lite Motel in Novac, a settlement whose survival hinges on salvage recovered from the nearby REPCONN Test Site. She presents herself as a hospitable innkeeper and staunch defender of Novac's hardworking community, dismissing outside criticism of the frontier town. Her fear of the ghouls occupying REPCONN stems from economic anxiety—if the ghouls drive salvagers away, Novac's livelihood collapses. Beneath her civic pride, however, lies a darker truth: she orchestrated the kidnapping of Carla Boone, wife of former NCR sharpshooter Craig Boone, selling her to Caesar's Legion slavers. A bill of sale documenting the transaction exists as evidence of her crime. She publicly expresses sympathy for Boone's loss while privately suggesting Carla may have simply run off, deflecting suspicion from herself.","mojave,wastelander,merchant","Jeannie May Crawford is the owner-operator of the Dino Dee-lite Motel in the frontier town of Novac. She is a proud businesswoman who defends her town and its hardworking citizens against criticism. She fears the ghouls inhabiting the nearby REPCONN Test Site, believing they threaten the salvage-based economy that sustains Novac. Despite her welcoming demeanor, she is secretly responsible for selling Craig Boone's wife Carla into slavery to Caesar's Legion.",common,"carla boone kidnapping,frontier businesswoman,legion slave trade,novac motel owner,repconn salvage economy",person,fnv,mojave,2281,,https://fallout.wiki/wiki/Jeannie_May_Crawford,5593880,Rewrote advanced article to remove mutable-game and out-of-world wording.
"jerry_the_punk,Jerry","Jerry was among the Great Khans who traveled east from New California Republic territory as a child, settling in Red Rock Canyon roughly fourteen years before the present day. When the Followers of the Apocalypse made contact with the tribe's camp, they brought Pre-War books on science, history, and poetry. Jerry immersed himself in these texts, reading Pre-War poetry for hours and developing a talent for verse that sets him apart from his warrior kin. He has attempted the Great Khan initiation five times and failed each, unsuited to the tribe's martial expectations. His poems blend romantic longing with the indignities of Khan life—rejection by women, beatings at the hands of their brothers, and the sting of radscorpion bites. He dreams of leaving Red Rock Canyon for the Old Mormon Fort in Freeside, where the Followers of the Apocalypse might appreciate his sensitive nature and literary inclinations.","great_khan,followers,mojave","Jerry the Punk is a young Great Khan living at Red Rock Canyon who harbors an unusual passion for poetry, a talent he developed after reading Pre-War books provided to the tribe by the Followers of the Apocalypse. Though he considers the Great Khans his family, he feels out of place among them and has failed the tribe's initiation five times. His poems often blend romantic longing with the harsh realities of Khan life, including rejection by women and beatings at the hands of their brothers. Jerry dreams of leaving the canyon to join the Followers of the Apocalypse at the Old Mormon Fort in Freeside, where he hopes to find people who better appreciate his sensitive nature.",common,"failed khan initiation,followers of apocalypse,great khan poet,pre-war poetry,red rock canyon",person,fnv,mojave,2281,,https://fallout.wiki/wiki/Jerry_the_Punk,5568370,Rewrote advanced article to remove mutable-game and out-of-world wording.
"joshua_graham,Malpais Legate,Burned Man","Joshua Graham was born in Ogden, known to its inhabitants as New Canaan. Fluent in several tribal dialects, he was recruited by the Followers of the Apocalypse for an expedition to the Grand Canyon. Along the Long 15 and Highway 89 south, he and his companions encountered Edward Sallow and Calhoun. A translation error led the Blackfoot tribe to take the group hostage. Sallow turned the crisis to his advantage, teaching the Blackfoots warfare; Graham's linguistic skills proved indispensable. When Sallow crowned himself Caesar, Graham became the Malpais Legate, and for thirty years helped conquer tribes across Utah, Colorado, Arizona, and New Mexico. In 2277, Caesar ordered Graham to seize Hoover Dam from the NCR. He underestimated Chief Hanlon's rangers and rigidly commanded his forces, allowing the NCR to spring a devastating trap. As punishment, Caesar had Graham covered in pitch, set ablaze, and cast into the Grand Canyon. He survived, climbed out, and walked three months to New Canaan. The New Canaanites welcomed him without question. Rumors of his survival reached Caesar, who dispatched Frumentarii to hunt him; Graham killed them, confirming Caesar's suspicions. Legionaries were forbidden to speak his name, calling him only the Burned Man. When the White Legs tribe sought entry into the Legion, they were tasked with destroying New Canaan as a rite of passage. They attacked at night, slaughtering the elderly, ill, and children. Only thirty inhabitants escaped. Graham fled with survivors to Zion Canyon, where he lives among the Sorrows tribe and prepares to stand against the pursuing White Legs, aided by the Dead Horses tribe.","historian,legion,tribal","Joshua Graham, also known as the Malpais Legate and the Burned Man, is a New Canaanite missionary and former co-founder of Caesar's Legion. After helping Caesar forge his empire for thirty years, Graham led the failed assault on Hoover Dam in 2277, resulting in Caesar having him burned alive and cast into the Grand Canyon. He survived the execution attempt and returned to New Canaan, but a subsequent attack by the White Legs tribe destroyed the settlement and forced him to flee with survivors to Zion Canyon. There, he lives among the Sorrows tribe and prepares to make a stand against the pursuing White Legs, despite fellow New Canaanite Daniel advocating for evacuation.",common,"burned man,caesar legion co-founder,hoover dam defeat,malpais legate,new canaanite missionary,zion canyon",person,fnv,mojave,,2281,https://fallout.wiki/wiki/Joshua_Graham,5674800,Rewrote advanced article to remove mutable-game and out-of-world wording.
judah_kreger,"Judah Kreger served as an Enclave officer commanding a squad stationed at Navarro, a position that placed him over Cannibal Johnson, Orion Moreno, Daisy Whitman, Doctor Henry, and Arcade Gannon's father. His leadership kept the volatile Johnson and Moreno from tearing each other apart and served as the bond holding the unit together through years of service. Kreger recalls that the Enclave gave him purpose, and while he acknowledges that those in charge were ruthless, he maintains that his group strove to civilize things during a time when the NCR was young and uncertain. Following the destruction of Control Station ENCLAVE and the NCR's sacking of Navarro, Kreger fled alongside other survivors to avoid violence from both the NCR and the Brotherhood of Steel. He initially found work as a trader but grew weary of the constant travel. He eventually settled in the Westside community of the Mojave Wasteland, where he has lived for several years. Though no longer in command, the other Enclave remnants still follow his direction out of respect rather than obligation.","enclave,mojave,ncr","Judah Kreger is a former Enclave captain living in the Westside community of the Mojave Wasteland. He served as an Enclave officer in command of a squad stationed at Navarro that included Cannibal Johnson, Orion Moreno, Daisy Whitman, Doctor Henry, and Arcade Gannon's father. Kreger's leadership kept Johnson and Moreno from tearing each other apart and served as the bond holding the group together. After the destruction of Control Station ENCLAVE and the NCR's sacking of Navarro, he fled alongside other Enclave survivors to avoid violence at the hands of the NCR and Brotherhood of Steel.",common,"cannibal johnson squad,enclave captain,enclave remnant,navarro squad leader,westside settler",person,fnv,mojave,2281,,https://fallout.wiki/wiki/Judah_Kreger,5665735,Rewrote advanced article to remove mutable-game and out-of-world wording.
"klamath_bob,Bob","Klamath Bob's life traces a long arc from the northern wasteland town of Klamath to the Mojave's Westside. He recalls his hometown as a place built around gecko hunting and skinning, and references the visit of a tribal from Arroyo—likely the Chosen One—though he notes it was before his time. At some point Bob traveled to The Hub, where he witnessed a Super Mutant from the Master's Unity being abused by locals. He attempted to ""buy"" the mutant, later known as Mean Sonofabitch, to spare him further harm, though the effort failed. When Bob eventually settled in Westside, Mean Sonofabitch appeared on his own, recognized Bob, and remained as a community protector. Bob's liquor store serves as a modest but vital resource for Westside residents, and his nightly patrols reflect a personal commitment to the settlement's safety despite his admitted inexperience with guns. He holds strong views against chem dealers who prey on decent folk, favoring lethal justice in such cases.","mojave,wastelander,merchant","Klamath Bob, often simply called Bob, is a shopkeeper living in the Westside settlement of New Vegas. Originally from the northern town of Klamath, he recalls his hometown as a dull but pleasant place known for hunting, eating, and skinning geckos. He runs a liquor store named after himself, supplying residents who need a drink to face the day, and after hours he patrols Westside to help keep the peace despite his limited skill with firearms. Bob is also known for his friendship with Mean Sonofabitch, a Super Mutant veteran of the Unity, whom he once tried to protect from abuse in The Hub and who later followed him to Westside, where the mutant now performs odd jobs and helps defend the community.",common,"gecko hunting hometown,klamath native,liquor store owner,mean sonofabitch friend,unity super mutant,westside shopkeeper",person,fnv,mojave,,2281,https://fallout.wiki/wiki/Klamath_Bob,5572234,
"legate_lanius,Monster of the East,Terror of the East","Legate Lanius rose to prominence after Caesar recognized the potential in a warrior who had slaughtered fifteen of his own Hidebarks tribesmen in rage at their chief's surrender. Granted an iron-forged helmet and the name Lanius—""butcher"" in Latin—he accepted loyalty on the condition he could execute all surviving males of his tribe, sparing only young boys for Legion indoctrination. Before being recalled for the Second Battle of Hoover Dam, Lanius oversaw years of eastern expansion: the conquest of Colorado, the defeat of the Hangdogs in Denver by burning their sacred hounds, and a Utah campaign that assimilated fourteen tribes and exterminated five others. These campaigns strained Legion supply lines and instilled caution about overextension. Lanius regards war as the Legion's only legitimate path, disdaining diplomacy, subterfuge, and Vulpes Inculta's methods. He views the NCR as capable adversaries, respects their Rangers, and considers Chief Hanlon more dangerous than General Oliver. Mr. House describes him as brutal but unsubtle, likely to rely on frontal assault. Lanius's experiences in Colorado lead him to privately doubt whether holding western territory is sustainable, and he is prepared to withdraw if victory seems unlikely.","legion,military,historian","Legate Lanius, known as the Monster of the East or Terror of the East, serves as the military commander of Caesar's Legion, having replaced Joshua Graham in that role following the Legion's defeat at the First Battle of Hoover Dam. Originally the most formidable warrior of the Hidebarks, an Arizona tribe, Lanius turned on his own people after their chief surrendered to the Legion, slaughtering fifteen warriors before being subdued. Caesar granted him the name Lanius, meaning ""butcher,"" and he pledged loyalty on the condition that he be allowed to execute all surviving males of his tribe. He is loyal only to Caesar himself, caring nothing for battlefield losses so long as the enemy suffers more, and Caesar relies on him to enforce brutal disciplinary measures against underperforming officers.",common,"butcher of arizona,caesar legion legate,colorado campaign conqueror,hidebarks tribe warrior,hoover dam commander,monster of the east",person,fnv,mojave,,2281,https://fallout.wiki/wiki/Legate_Lanius,5593812,
"lily_bowen,Lily","Lily Bowen's transformation from a 75-year-old grandmother of Vault 17 into a Nightkin assassin reflects the Master's indiscriminate conscription of human subjects into his Unity army. Under squad leader Tabitha, Lily served as a spy and killer until the Cathedral's destruction freed her to attempt a return home. Her vertibird-blade sword, salvaged from a crash near Klamath, is a testament to her resourcefulness. At Jacobstown, Marcus provides her refuge while Doctor Henry attempts to treat her schizophrenia—a condition caused by prolonged Stealth Boy overuse that manifests as a hostile alternate personality named Leo. Lily resists full medication dosages because the antipsychotic drugs cause memory loss, and she clings to a holotape recording of her grandchildren, Becky and Jimmy, as an anchor to her pre-transformation identity. Her cooperation with Henry's experimental treatments, despite personal risk, suggests a willingness to help other Nightkin even at potential cost to herself. In combat she may suffer psychotic breaks, counting to ten as a calming mantra while Leo urges aggression.","super_mutant,scientist,mojave","Lily is an elderly Nightkin residing in Jacobstown, a settlement led by the super mutant Marcus, where she tends to bighorners. Born a human in Vault 17, she was transformed into a Nightkin at age 75 by the Master and served as an assassin and spy in his army under squad leader Tabitha until the Cathedral's destruction, after which she attempted to return home. She carries a sword fashioned from a crashed vertibird blade near Klamath and keeps a holotape of her grandchildren, Becky and Jimmy, whose memories she fiercely protects. Lily suffers from schizophrenia caused by excessive Stealth Boy use, manifesting as a second personality named Leo, and receives treatment from Doctor Henry with antipsychotic drugs, though she resists full dosages due to the memory loss side effects.",common,"bighorner tender,doctor henry patient,jacobstown nightkin resident,master unity assassin,stealth boy schizophrenia,vault 17 survivor",person,fnv,mojave,,2281,https://fallout.wiki/wiki/Lily_(Nightkin),5597691,
"lt_carrie_boyd,Lieutenant Carrie Boyd,Carrie Boyd","Lieutenant Carrie Boyd functions as the primary military police authority at Camp McCarran, the NCR's forward operating base in the Mojave Wasteland. Operating under Colonel Hsu's command, she manages base security including break-ins, thefts, missing-soldier investigations, and prisoner interrogations. Boyd's approach to law enforcement is pragmatic and aggressive; she has openly expressed a desire to shoot anyone who talks back to her, restrained only by NCR military regulations. She notes that certain restrictions on harsh interrogation methods originate from President Tandi's administration, suggesting a tension between older NCR ideals of justice and the realities of wartime policing in the Mojave. Boyd is willing to leverage non-NCR personnel—such as the Courier—to conduct interrogations that would violate NCR rules if performed by its own soldiers, exploiting the legal ambiguity of using outsiders who are not bound by military regulations. Her office on the second floor's east side serves as her base of operations, and she directs inquiries about missing soldiers, including Corporal White, to Colonel Hsu.","ncr,military,mojave","Lieutenant Carrie Boyd is a military police officer stationed at Camp McCarran, where she serves as the officer in charge of policing duties for the base. She handles break-ins, thefts, investigations into missing soldiers, and the interrogation of prisoners. Boyd reports to Colonel Hsu and operates from her office on the east side of the second floor. Known for her sharp tongue and no-nonsense attitude, she has expressed a willingness to use harsher interrogation tactics than NCR regulations typically allow, noting that some restrictions on such methods date back to President Tandi's administration.",common,"base security investigator,camp mccarran mp officer,colonel hsu subordinate,ncr military police,prisoner interrogation,tandi era regulations",person,fnv,mojave,,2281,https://fallout.wiki/wiki/Lt._Carrie_Boyd,5571856,
"major_knight,Knight","Major Knight embodies the tensions of NCR frontier service: competent but bored, stationed at the Mojave Outpost for what he calls ages, logging an ever-growing caravan traffic backlog. The outpost serves as the administrative headquarters for the Primm region, yet bureaucratic red tape prevents Knight from assisting Lieutenant Hayes's undermanned unit near Primm, a restriction that visibly frustrates him. He could be persuaded to bend orders with enough convincing or caps, but the chain of command holds firm. Knight is a master repairman with a full Repair skill, monetizing that expertise by charging steep prices from soldiers and travelers alike. Personally, Knight conceals his homosexuality at the outpost, noting that while same-sex relationships are accepted back in California, what he calls ""friendships"" do not fare well on the fringes of the Republic. He considers the NCR far preferable to Caesar's Legion and remains professional on duty, though he wistfully admits he would pursue such friendships if circumstances allowed.","ncr,mojave,merchant","Major Knight is an NCR Army officer stationed at the Mojave Outpost, where he has spent a long time logging caravan traffic that keeps building up as more people arrive than leave. He is an expert repairman who fixes soldiers' and travelers' gear in exchange for caps, charging a hefty sum for his services. Although the Mojave Outpost serves as the administrative headquarters for the area around Primm, bureaucratic red tape prevents Knight from offering support to Lieutenant Hayes's unit stationed near Primm, a situation that frustrates him. Knight is homosexual but keeps his sexuality hidden while at the outpost, explaining that while such relationships are accepted back in California, they do not fare well on the fringes of the Republic, and he prefers to stay professional on duty rather than risk the disapproval of his fellow soldiers.",common,"caravan traffic logging,expert repairman,homosexuality ncr frontier,mojave outpost headquarters,ncr army officer,primm bureaucratic red tape",person,fnv,mojave,2281,2281,https://fallout.wiki/wiki/Major_Knight,5572025,
"old_ben,Ben","Old Ben's life traces the harsh social geography of the Mojave, from Freeside poverty to the Strip and back. Born and raised in Freeside, he worked his father's butcher shop until a competitor undercut them with cheap ""strange meat."" Ben suspected human flesh was being sold; residents later suffered the ""shakes,"" and after the vendor died insane, half-buried human remains were discovered in the crawlspace. His father died from the loss of the shop. Ben scraped together caps for a Strip passport when they were cheaper, landing work as a crier at The Tops, where he advertised performers and received a casino apartment. A manager framed him for vault theft, and Ben was fired and expelled. Back in Freeside, he worked as an escort, then a gun-for-hire bodyguard for a decade, and briefly as a courier before quitting over shifty clients. Now retired, he helps around Freeside but finds life dull without action.","wastelander,mojave,courier","Old Ben is a lifelong resident of Freeside who worked at his father's butcher shop until a competitor selling cheap ""strange meat"" drove them out of business. Ben suspected the rival vendor was selling human flesh, a belief that appeared validated when the vendor went insane, died, and human remains were later found in their crawlspace. Ben eventually earned enough caps to buy a passport into the New Vegas Strip, where he worked as a crier at The Tops casino and was given a casino apartment. He was framed for stealing from the casino vault and was fired, losing his apartment and returning to Freeside.",common,"bodyguard career,casino vault framing,freeside lifelong resident,retired gun for hire,strange meat scandal,the tops crier",person,fnv,mojave,2281,2281,https://fallout.wiki/wiki/Old_Ben,5571916,
"old_lady_gibson,Gibson","Old Lady Gibson is a veteran scavenger and repairwoman operating a scrapyard north of Novac. In her youth she traveled with caravans, during which she became acquainted with Doctor Henry, a connection that later proves relevant to certain technical inquiries. She and her husband settled near Novac and spent the better part of their lives stripping salvage from the REPCONN Test Site, selling what they recovered. Her favorite chair is the ""O"" from the old REPCONN sign. After her husband's death she continues running the yard alone, offering repair services and selling a variety of goods, including components for weapon repair kits. She carries the unique sawed-off shotgun Big Boomer. Her scrapyard is home to several dogs named Basura, Rey, Reina, Colmillo, Fiel, and Audaz. She takes pride in her nickname, considering longevity an accomplishment. Her knowledge of old technology makes her a useful contact for anyone seeking thrust control modules or information about certain robotic units.","mojave,merchant,scientist","Old Lady Gibson, often called simply Gibson, runs a scrap yard north of Novac. A lifelong scavenger, she traveled with caravans in her youth and became acquainted with Doctor Henry during those years. She later settled near Novac with her husband, and together they spent much of their lives scavenging the REPCONN Test Site for salvage to sell. After her husband's death, she continues to operate the scrapyard, offering repair services and selling various items.",common,"big boomer shotgun,doctor henry acquaintance,lifelong scavenger repairwoman,novac scrapyard operator,pet dogs scrapyard,reconn test site scavenger",person,fnv,mojave,2281,2281,https://fallout.wiki/wiki/Old_Lady_Gibson,5664671,
papa_khan,"Papa Khan leads the Great Khans from Red Rock Canyon, residing in the Great Khan Longhouse, the only concrete structure in the settlement. Despite the Khans' fearsome raider reputation, Jack describes him as ""a softie at heart."" His leadership is driven by a desire to leave a legacy of greatness and to avenge past defeats by the NCR, particularly the massacres that decimated his people. This hunger for vindication has led him into an alliance with Caesar's Legion, brokered by the Legion's envoy Karl, who flatters Papa Khan with visions of Khan glory. Papa Khan fails to recognize the existential threat the Legion poses to his tribe; Karl privately holds the Khans in contempt. Those close to Papa Khan, including his lieutenant Regis, harbor doubts about the alliance. Breaking the Legion pact requires exposing Karl's duplicity, after which Papa Khan turns on the envoy violently. Alternatively, he can be persuaded to abandon revenge entirely and seek renewed greatness elsewhere, or driven to fatalistic decline.","great_khan,legion,mojave","Papa Khan is the chief and leader of the Great Khans, a raider tribe based in Red Rock Canyon. He resides in the Great Khan Longhouse, the only concrete building in the village, and is described by at least one acquaintance as a softie at heart despite the fearsome reputation of his people. Papa Khan has entered into an alliance with Caesar's Legion, guided by the Legion's envoy Karl, though he fails to recognize the danger this partnership poses to his tribe. His desire to leave a legacy of greatness and seek revenge against the NCR for past conflicts heavily influences his leadership decisions.",common,"caesar legion alliance,envoy karl deception,great khans chief,legacy of greatness,ncr revenge motivation,red rock canyon leader",person,fnv,mojave,2281,2281,https://fallout.wiki/wiki/Papa_Khan,5572463,
philippe,"Philippe is the executive chef of the Gourmand restaurant at the Ultra-Luxe. He has worked there for years and built a reputation for turning brahmin steak into refined cuisine, though his pride and volatile temper make him difficult to work with. Philippe describes a childhood marked by abandonment, a chem-dependent mother, and sisters who shut him inside a shipping crate. His obsessive approach to cooking extends to repeated attempts to imitate the flavor of human flesh with other ingredients. He records these experiments in handwritten recipes, with the dish he calls Sweet Veal receiving the most revisions. Mortimer of the White Glove Society considers Philippe capable of secretly using human flesh, although Philippe's records emphasize his search for substitutes. Philippe enjoys the authority of his kitchen but believes he is underpaid and resents the people who take a share of the Gourmand's earnings.","mojave,historian","Philippe is the executive chef of the Gourmand restaurant at the Ultra-Luxe casino in New Vegas, serving the White Glove Society. He is renowned for elevating brahmin steak into a delicacy and considers himself the god of New Vegas brahmin fusion cuisine. Philippe has an intense obsession with fresh ingredients and a notoriously volatile temper, likely rooted in a traumatic childhood involving an absent father, a chem-addicted mother, and abusive siblings who would lock him in a shipping crate. He has spent considerable effort experimenting with substitutes to approximate the taste of human flesh, keeping handwritten recipes of his various attempts, with his ""Sweet Veal"" recipe undergoing the most revisions.",common,"brahmin fusion cuisine,gourmand restaurant,imitation strange meat,traumatic childhood,ultra luxe chef,white glove society",person,fnv,mojave_wasteland,2281,2281,https://fallout.wiki/wiki/Philippe,5573119,Source-grounded editorial rewrite.
"pvt_davey_crenshaw,Private Davey Crenshaw,Davey Crenshaw,Crenshaw","Davey Crenshaw's career at Camp McCarran is defined by a complete lack of self-awareness and an oblivious disregard for everyone around him. His pranks, while physically harmless, were never motivated by safety concerns and have alienated every soldier who serves alongside him. Beyond the brahmin incident and the firecracker-toilet destruction, Crenshaw sabotaged computer security across the camp and hacked into others' terminals for mischief, forcing personnel to be more vigilant about terminal security. His reputation as a problem child earned him multiple disciplinary hearings, yet he remains unrepentant and treats his notoriety as a badge of honor. His superiors, having no faith in him, assigned him to guard one of the camp's more remote posts. This isolation made him an ideal fall guy for frumentarius Picus, a Caesar's Legion infiltrator operating within Camp McCarran. Picus manipulated Crenshaw's reputation to frame him for the sabotage and bombing of the NCR monorail, planning to have an accomplice plant evidence in Crenshaw's footlocker, kill him at his isolated post, and posthumously turn him in for treason. The plan exploited the fact that Colonel James Hsu and others would readily believe Crenshaw capable of such an act given his history.","ncr,legion,military","Private Davey Crenshaw is an NCR soldier stationed at Camp McCarran, widely regarded as a disciplinary problem and prankster with no regard for those around him. His antics, such as leading a brahmin upstairs in the terminal building and destroying toilets with firecrackers, have made him unpopular among his fellow troopers, though he remains unrepentant and considers his reputation a point of pride. He has also sabotaged computer security and hacked terminals for mischief, prompting personnel to be more mindful of their terminals. Due to his conduct and his superiors' lack of faith in him, he was assigned to guard a remote post at the camp.",common,"disciplinary problem soldier,frumentarius picus,legion infiltration,monorail bombing frame,ncr camp mccarran,prankster trooper",person,fnv,mojave_wasteland,2281,2281,https://fallout.wiki/wiki/Pvt._Davey_Crenshaw,5572395,
"ranger_andy,Andy","Ranger Andy is a veteran of the NCR Rangers who now lives in Novac, serving as the town's de facto lawman while other residents like Boone and Vargas watch the highway. His retirement was forced by a devastating incident during a raid on Legion slavers: acting on intelligence that slavers were holed up in a burned-out house a few kilometers from their station, Andy led a team of Rangers to the location, only to find it deserted except for a scrawny child hiding in a closet. When Andy tried to pick the child up to bring him to safety, the child retreated into the closet and left a live grenade at his feet. The explosion mangled half his body, permanently damaging his arm and leg and ending his active service. In Novac, Andy developed a reputation for having a good eye for people. He was one of the few residents who did not dislike Carla Boone, whom he considered a sweet girl whose directness about the poor quality of life in Novac was a coping mechanism for frontier existence. Andy maintains contact with active Rangers at Ranger Station Charlie via ham radio, and patrols check on him regularly, joking that they are paying respects. A recent fall down the motel stairs, courtesy of Mayor Jeannie May's establishment, further injured his leg and confined him to his bungalow for weeks, dealing a serious blow to his self-worth.","ncr,mojave,historian","Ranger Andy is a former NCR Ranger who serves as Novac's closest thing to a lawman, watching over the town while others monitor the highway. He was forced into retirement years ago after a raid on Legion slavers went wrong, when a child hiding in a closet left a live grenade at his feet, mangling half his body and leaving him with lasting damage to his arm and leg. He settled in Novac and took on a informal sheriff role, known for having a good eye for people and being one of the few residents who didn't dislike Carla Boone, viewing her directness as a coping mechanism for frontier life. He stays in touch with active Rangers at Ranger Station Charlie through his ham radio, with patrols checking on him regularly.",common,"carla boone,legion slaver raid,ncr ranger veteran,novac lawman,ranger station charlie,retired ranger",person,fnv,mojave_wasteland,2281,2281,https://fallout.wiki/wiki/Ranger_Andy,5616236,
"ranger_dobson,Dobson","A native of Redding, Ranger Dobson built his career fighting slavers before being stationed at Camp McCarran in 2281. When the NCR Correctional Facility fell to the Powder Gangers, Dobson went off on his own initiative to scout the situation, establishing a safehouse in a Hidden Valley bunker. His primary focus is Samuel Cooke, a terrorist whose gang of roamers Dobson considers the most dangerous faction among the Powder Gangers. However, his contempt extends to all Powder Gangers, whom he views as the lowest of the low for preying on caravans and civilians; he will shoot any Powder Ganger he encounters on sight. The Hidden Valley bunker offers relative safety from predators and troublemakers due to its remote location and the natural sandstorms that sweep the area, though these same phenomena interfere with his radio broadcasts, making communication with McCarran problematic. Dobson's personality is defined by confidence tempered by pragmatism: he knows his limits and is not headstrong. He enjoys joking with anyone, including complete strangers and radio operators at McCarran HQ, but this habit has caused his reports to be taken less seriously. Despite his genial demeanor, Dobson becomes deadly serious when he suspects danger or deception, though he is willing to forgive those who admit wrongdoing unless they persist.","ncr,mojave,military","Ranger Dobson is an NCR Ranger originally from Redding who has seen extensive action against slavers during his career. As of 2281, he is stationed at Camp McCarran but has gone off on his own to scout the NCR Correctional Facility lost to the Powder Gangers, setting up a safehouse in a Hidden Valley bunker. His primary target is the terrorist Samuel Cooke and his gang of roamers, whom he considers the most dangerous of the Powder Gangers, though he despises all of them for preying on caravans and civilians and will shoot any on sight. Dobson is confident and takes pride in protecting the innocent of the Mojave Wasteland, but knows his limits and loves to joke around with anyone, even radio operators at McCarran HQ, which has led them to take his reports less seriously.",common,"camp mccarran,hidden valley bunker,ncr ranger scout,powder gangers threat,redding native,samuel cooke terrorist",person,fnv,mojave_wasteland,2281,2281,https://fallout.wiki/wiki/Ranger_Dobson,5572461,
"ranger_ghost,Ghost","Ranger Ghost serves as a marksman atop the barracks at Mojave Outpost, the southernmost NCR installation along the I-15 corridor. Her posting places her as the first line of defense against threats approaching from the Mojave Wasteland, but she views the assignment as a bureaucratic sinkhole with no prospect of advancement or meaningful action. Her frustration extends beyond personal circumstance to the broader state of the NCR under President Kimball, whose policies she regards with deep skepticism. NCR command has ordered only a standing force at the outpost rather than an effective one, a distinction that grates on her daily. Ghost possesses an unusual perceptiveness in reading people—she can identify a person's trade by the pattern of their pacing and notices whether someone broadcasts their movements. This skill, honed by long hours of watchful isolation, makes her an astute judge of character. When smoke rises from Nipton and foot traffic along the road ceases, she suspects Powder Ganger activity and seeks someone willing to investigate what the outpost's constrained forces cannot.","ncr,mojave","Ranger Ghost is an NCR Ranger stationed at the Mojave Outpost, where she serves as a marksman defending against threats approaching from the I-15. She is frustrated with her assignment and the state of the NCR under President Kimball, viewing the outpost as a bureaucratic dead end. She is concerned about a lack of traffic and smoke rising from the nearby town of Nipton, which she suspects may be the result of an attack by Powder Gangers. She is perceptive in reading people and can determine a person's trade by their walking pattern.",common,"bureaucratic dead end,i-15 watch,mojave outpost defender,ncr ranger marksman,nipton smoke concern,perception of people",person,fnv,mojave,2281,2281,https://fallout.wiki/wiki/Ranger_Ghost,5572586,
"ranger_jackson,Jackson","Ranger Jackson commands Mojave Outpost, the NCR's southernmost garrison positioned at the critical junction where the I-15 enters the Mojave. His orders require him to maintain a standing force at all times, a directive he understands but resents, as it leaves him unable to respond to the caravan attacks that have choked traffic through the Ivanpah valley. Reinforcements that arrive at the outpost are immediately routed onward to Camp McCarran and frontline positions like Camp Forlorn Hope, leaving Jackson with insufficient personnel to patrol or protect the trade routes his garrison ostensibly safeguards. Caravans back up at the outpost, creating a logistical bottleneck that worsens with each attack. Though regulations prevent him from formally contracting mercenaries, Jackson has been known to lose supplies to individuals who take on dangerous assignments—such as clearing hostile forces from the Ivanpah valley—allowing him to address problems without violating his orders. His strict adherence to law is well known; he does not hesitate to chain vigilantes and deliver them to the justice system. Cass trusts him enough to ask him to bring her case before NCR institutions, though she describes him bluntly as a washed-out old fuckup who has served long enough to see only the worst outcome in everything.","ncr,mojave","Ranger Jackson is an NCR Ranger serving as the commanding officer of Mojave Outpost, where he maintains a standing force in accordance with his orders. He would prefer less bureaucracy and more direct results in the ongoing conflict, but arriving reinforcements are routed to Camp McCarran and frontline outposts like Camp Forlorn Hope, leaving him unable to send patrols to protect caravans that come under attack. While he cannot officially hire mercenaries, he is known to lose supplies to individuals willing to take on dangerous assignments, such as clearing routes through the Ivanpah valley so caravan traffic can resume. Cass, who trusts him enough to ask him to bring her case forward to the relevant NCR institutions, refers to him as a washed-out old fuckup who has served long enough to only see the worst outcome of everything.",common,"caravan protection failure,cass trusted contact,ivanpah valley route,mojave outpost commander,ncr standing force,strict law enforcement",person,fnv,mojave,2281,2281,https://fallout.wiki/wiki/Ranger_Jackson,5616401,
"raul,Raul Alfonso Tejada","Raul Alfonso Tejada was born in 2047 at Hidalgo Ranch outside Mexico City, where his family raised him with enough discipline to offset his occasional trouble with the law. The ranch survived the Great War at a distance from the city, but within days refugees flooded down the road. The Tejadas shared what they could until food ran short, and Raul's father began turning people away. The situation turned violent—Raul and his father drove off refugees at gunpoint, but that night two dozen men barred the doors and set the house ablaze. Raul escaped through a window with his younger sister Rafaela, but the rest of his family perished. The siblings fled to the radioactive ruins of Mexico City, where Raul began ghoulifying from radiation exposure. He found a vaquero costume in a novelty shop, which made Rafaela laugh for the first time since the bombs fell. When raiders killed Rafaela, Raul hunted them down in a rage. He eventually reached Tucson, Arizona—called Two-Sun by locals—where he lived for seventy-five years under the name Miguel, watching over a prostitute named Claudia who resembled Rafaela. After losing Claudia to Dirty Dave's gang, Raul abandoned his guns and headed west, eventually imprisoned at Black Mountain by the nightkin Tabitha and forced to repair her robot Rhonda.","ghoul,wastelander,mojave","Raul Alfonso Tejada is a ghoul mechanic and former gunslinger born in 2047 who was living at Hidalgo Ranch outside Mexico City before the Great War. After losing most of his family to refugees who burned their home, he fled with his younger sister Rafaela to the radioactive ruins of Mexico City, where he began ghoulifying from radiation exposure. Rafaela was killed by raiders, prompting Raul to hunt down and kill those responsible. He eventually made his way to Tucson, Arizona, known locally as Two-Sun, where he lived for 75 years under the name Miguel and watched over a prostitute named Claudia who resembled his late sister, only to lose her as well to a gang led by Dirty Dave.",common,"black mountain prisoner,ghoul mechanic gunslinger,hidalgo ranch survivor,mexico city ruins,rafaela tejada,two-sun tucson arizona,vaquero costume",person,fnv,mojave,,2281,https://fallout.wiki/wiki/Raul_(Fallout:_New_Vegas),5673751,
rex,"Rex is a Mk. III Support Model cyberdog who served as a police dog in Colorado before the Great War. He survived the war and eventually saw combat duty with Caesar's Legion, a past he still retains memories of; a Legion bull decal remains on his battered, scorched bodywork. The King obtained Rex from a salvager a few years ago and brought him to the Followers of the Apocalypse, who repaired his damaged chassis. Rex has served as the King's loyal companion in Freeside ever since, residing at the King's School of Impersonation. Rex's aging brain suffers from neural degradation, a condition the Followers identified but could not treat—the bio med gel surrounding his brain cannot preserve it perpetually, and the sophisticated cybernetics work required for replacement surgery exceeds their capabilities. Rex displays strong behavioral quirks: he hates rats and mole rats, charging at the scent of one, and dislikes hats and those who wear them for reasons the King cannot explain. Cyberdogs are not uncommon in Denver, and Caesar himself once possessed a similar cyberdog that was lost in battle. Like all cyberdogs, Rex is unaffected by pulse weapons and possesses a unique tackling attack that brings enemies to the ground.","mojave,robot","Rex, often called Rexie by The King, is a cyberdog living in Freeside as the loyal companion of the man himself. A Mk. III Support Model, he served as a police dog in Colorado before the Great War and later saw combat duty with Caesar's Legion, a past he still retains memories of. The King obtained him from a salvager a few years ago and had the Followers of the Apocalypse repair his battered, scorched bodywork.",common,"bio med gel,colorado police dog,cyberdog mk iii,freeside king companion,legion combat dog,neural brain degradation",person,fnv,mojave,,2281,https://fallout.wiki/wiki/Rex_(Cyberdog),5594303,
"robert_house,Mr. House","Born June 25, 2020, Robert Edwin House was orphaned young and cheated out of his inheritance by his brother Anthony, who seized control of H&H Tools Company. House attended the Commonwealth Institute of Technology and founded RobCo Industries on his 22nd birthday, building it into one of the world's most profitable corporations within five years. He acquired REPCONN Aerospace and established the House Resort and Country Club. On April 14, 2065, House predicted atomic war within fifteen years and began devising defensive technologies for Las Vegas, commissioning the Platinum Chip to upgrade Securitrons and the city's missile defense grid. He integrated himself with the Lucky 38's subsystems via a cerebral interface. When war came in 2077, his systems neutralized 59 warheads with disarm codes and destroyed nine more with rooftop laser cannons, but software glitches forced him offline. After rebooting with an older operating system, he fell into a coma lasting decades. Upon waking, he recruited tribes into the Three Families, negotiated a treaty granting the NCR Hoover Dam and McCarran while preserving New Vegas independence, and filled Vault 21 with concrete after winning it in a gambling competition. He views autocracy under a technological visionary as mankind's remedy, not democracy.","historian,ncr,courier","Robert Edwin House, commonly known as Mr. House, is the founder of RobCo Industries and the sole proprietor of the New Vegas Strip as of 2281. Before the Great War, he predicted the nuclear apocalypse and integrated himself into a life-extension chamber within the Lucky 38 casino to oversee the city's missile defense. Although the loss of the Platinum Chip caused him to fall into a decades-long coma, he awoke to recruit local tribes into the Three Families and establish New Vegas before the New California Republic could claim it.",common,"lucky 38 operator,new vegas proprietor,platinum chip commissioner,pre-war defense planner,robco industries founder,robert house biography",person,fnv,mojave,2020,2281,https://fallout.wiki/wiki/Mr._House,5674403,
"sergeant_bitter_root,Bitter-Root","Bitter-Root's upbringing within the Great Khans at Bitter Springs was marked by extreme dysfunction. His father, a sadistic alcoholic, took him on killing raids against NCR military and civilian targets beginning at age three, afterward laughing about the murders with fellow drug addicts. His mother attempted repeatedly to sell him into slavery in exchange for jet. During the Bitter Springs Massacre, NCR forces under then-Captain Major Dhatri overran the Khans' encampment. Bitter-Root claims no memory of the event but admits that blood covering him afterward was not necessarily all spilled by NCR fire, suggesting he may have settled personal scores against some Khans during the chaos. Dhatri took the boy in as his son. Bitter-Root's name follows the Great Khans' rite-of-passage tradition, in which a member reaching adulthood is severely beaten and, upon surviving, chooses their own name. Though too young for the beat-down, he considers the massacre itself his rite of passage. The lingering trauma drove him to seek therapy from Doctor Usanagi of the Followers of the Apocalypse, who helped him work through some of his psychological burdens. He serves as the only active First Recon member who actually sleeps at night.","ncr,great_khan,legion","Sergeant Bitter-Root is a sniper serving with Alpha Team of the NCR First Recon at Camp McCarran. Born to Great Khan parents at Bitter Springs, he endured a grim childhood with a sadistic, alcoholic father who took him killing NCR personnel and civilians from age three, and a mother who repeatedly tried to sell him into slavery for jet. He was liberated during the Bitter Springs Massacre by then-Captain Major Dhatri, who took him in as his son. Bitter-Root chose his name as part of a Great Khans naming tradition, referring both to his bitter upbringing and the massacre he considers his rite of passage.",common,"bitter springs massacre,bitter-root sniper,dhatri adopted son,first recon alpha team,great khans naming tradition,ncr camp mccarran",person,fnv,mojave,,2281,https://fallout.wiki/wiki/Sergeant_Bitter-Root,5572725,
"sgt_daniel_contreras,Sergeant Daniel Contreras,Daniel Contreras,Contreras","Contreras operates the Camp McCarran Supply Shack as a front for an extensive black-market operation. He diverts weapons and ammunition from NCR Army inventory, using intermediaries to collect merchandise and communicate with suppliers so that his own hands remain clean. Despite Lieutenant Carrie Boyd's suspicions and weekly inventory checks that consistently come up short on guns and ammunition, Contreras always pawns off the goods before MPs can search his quarters. Beyond arms dealing, he leverages military connections to acquire chemical components nominally intended for Army medical use but suitable for manufacturing potent recreational drugs. His Westside contact, Price, has already been taken into custody, and authorities are closing in on the sergeant for chem trafficking. Contreras is notable among NCR Army personnel for not wearing any uniform. He is one of only two merchants in the Mojave Wasteland who sells Ultrajet, alongside Jack at the Red Rock Drug Lab, if taught the recipe. He also carries large quantities of rare 12.7mm rounds, surplus 5mm ammunition, and .308 rounds, and possesses a Sunset Sarsaparilla Star Bottle Cap available for purchase.","ncr,merchant,military","Sergeant Daniel Contreras is the head of the Camp McCarran Supply Shack and a supply merchant for the NCR Army. He uses his position to steal weapons and ammunition meant for military use and resell them on the black market to mercenaries, employing intermediaries to keep his hands clean and the military police off his trail. Lieutenant Carrie Boyd suspects him of wrongdoing, but despite weekly inventory checks coming up short on guns and ammo, Contreras always pawns off the goods before the MPs can search his possessions and quarters. He also uses his connections to acquire chemical components intended for Army medical use that can be used to manufacture potent recreational drugs, and his Westside contact named Price is already in custody, making it only a matter of time before authorities arrest the sergeant for chem trafficking.",common,"black market arms dealer,camp mccarran supply shack,chem trafficking ncr,contreras supply sergeant,lt boyd investigation,price westside contact",person,fnv,mojave,,2281,https://fallout.wiki/wiki/Sgt._Daniel_Contreras,5573135,
silus,"Silus stands apart within Caesar's Legion as an exceptional member whose insight and intelligence survived the Legion's thorough indoctrination. He earned his centurion rank through years of unquestioning service and bravery, including once charging a group of men armed with firearms wielding only a knife. He and his men wiped out countless NCR patrols to enable free movement of Legion operatives. However, Silus was not blind to Caesar's degenerating health. Before his last mission, he waited three days for Caesar's headache to subside despite the assignment's time-critical nature, and the resulting delay led to his centuria being ambushed and routed by NCR forces. As his men opened their jugulars around him to avoid capture, Silus refused to slit his own throat, unwilling to throw away all he had accomplished for what he considered a megalomaniacal self-appointed dictator. He was captured and brought to Camp McCarran for interrogation by Lieutenant Carrie Boyd, whom he takes pleasure in antagonizing, particularly by taunting her about slave collars. Silus recognized Captain Ronald Curtis upon arrival, having met him years earlier during Frumentarii training, though he did not know Curtis's current identity. Silus is the only character within the Legion known to directly criticize Caesar's leadership.","legion,ncr,military","Silus is a centurion of Caesar's Legion who was captured by the NCR during battle and brought to Camp McCarran for interrogation. Unlike most Legionaries, he retained independent thought despite indoctrination, and his intelligence and critical observation set him apart. He earned his rank through years of devoted service and bravery, once charging armed men with nothing but a knife. However, after delaying a time-critical mission for three days while waiting for Caesar's headache to subside, his centuria was ambushed and routed by the NCR.",common,"caesar legion captured,camp mccarran interrogation,frumentarii recognition,legion independent thought,lt boyd prisoner,silus centurion",person,fnv,mojave,,2281,https://fallout.wiki/wiki/Silus,5573030,
tech_sergeant_reyes,"Tech Sergeant Reyes holds the rank of Tech Sergeant and is stationed at Camp Forlorn Hope's Command Center despite the Forlorn Hope Mandate, which reassigned female troops to Camp McCarran. Her duties extend beyond compiling reports from Rangers at Camp Golf and brass at McCarran; she also tabulates stockpiles, kill ratios, mission success rates, and radiation deaths. She self-assigned responsibility for radio security after noticing no one else cared. Her analysis revealed that fewer than a third of reported enemy sightings were being intercepted, suggesting either faulty intelligence or that NCR's enemies were one step ahead. Disturbing reports included heavy casualties at Ranger Station Alpha, Super Mutant Legionaries at Delta, and Great Khans with trained Deathclaws at Foxtrot—reports she found implausible. She sought permission to authorize a code update or field clearance to investigate personally, but officers and troopers dismissed her as a desk jockey glamorizing her role. Her plan to verify communications with Ranger stations relied on the fact that encryption unique to each station's radio would be useless if compromised elsewhere.","ncr,military","Tech Sergeant Reyes manages radio communications at Camp Forlorn Hope, compiling reports from Ranger stations and Camp McCarran. She discovered alarming inconsistencies in enemy sighting reports and suspects compromised codes, but her superiors dismiss her concerns, viewing her as an incompetent desk jockey. She seeks help to verify radio security with Ranger stations to pinpoint interference affecting the NCR's war effort.",common,"camp forlorn hope,code compromise,ncr radio security,ranger station reports,tech sergeant rank",person,fnv,mojave,2281,2281,https://fallout.wiki/wiki/Tech_Sergeant_Reyes,5572692,
the_forecaster,"The Forecaster is a young orphan who lives beneath the 188 Trading Post overpass and possesses an unexplained ability to perceive fragments of the past and future. He offers these impressions to travelers for caps and speaks about them with a practical directness unusual for his age. Using the ability too intensely causes severe headaches and mental strain. To control it, he wears a Psychic Nullifier that he calls his medicine; the device quiets the visions but also leaves his mind feeling empty. His parents are dead, and he says he can perceive them only when the nullifier is removed. He surrounds himself with books, cameras, flags, and other collected objects to make the empty space below the overpass feel inhabited. The busy crossing may expose him to the people and events that appear in his visions, but the origin of his power remains unknown.","mojave,wastelander","The Forecaster is a young orphaned boy living beneath the 188 Trading Post overpass in the Mojave Wasteland. He possesses psychic abilities that allow him to provide insights into both the past and future, which he shares with travelers in exchange for caps. To manage the severe headaches caused by overusing his powers, he wears a Psychic Nullifier he calls his ""medicine,"" though it also blanks his mind. He surrounds himself with collected wasteland items like books, cameras, and flags to cope with the emptiness.",common,"188 trading post,cathedral psyker connection,mojave wasteland,orphaned psychic child,psychic nullifier",person,fnv,mojave,2281,2281,https://fallout.wiki/wiki/The_Forecaster,5616342,
"thomas_hildern,Hildern","Thomas Hildern was educated by the Followers of the Apocalypse but broke with them over what he characterized as their adherence to ""old-world dogma,"" preferring to pursue large-scale practical results. He helped form the Office of Science and Industry (OSI), an organization focused on finding practical applications for knowledge. As the ambitious director of the OSI eastern division at Camp McCarran, he openly disapproves of the direction taken by executives at OSI Central and aspires to rise to a role in the central office within a few years by demonstrating his branch's effectiveness. Despite his supervisory position, Hildern performs no actual research himself; colleague Angela Williams accuses him of taking credit for others' work. He has recently focused on the NCR's projected food shortage—production is estimated to fall short of population needs within a decade due to expansion. He identified Vault 22, a pre-war facility dedicated to agricultural research, as a potential breakthrough. Rather than seeking NCR authorization, he hires mercenaries directly, a practice Williams warns is dangerous; many hired field workers have never returned, including a scientist named Keely, whom Hildern believed had a personal interest in undermining him.","ncr,scientist","Thomas Hildern is the director of the Office of Science and Industry (OSI) eastern division, operating out of Camp McCarran's Terminal Building. Educated by the Followers of the Apocalypse, he parted ways with them over their adherence to old-world dogma, preferring to focus on large-scale results. He helped form OSI, an organization dedicated to finding practical applications for knowledge. As director of the eastern division, his team oversees the optimization of Hoover Dam power output and research into advancing food production, including supervision of the NCR Sharecropper Farms initiative.",common,"camp mccarran,followers of apocalypse,ncr food shortage,osi eastern division,vault 22 research",person,fnv,mojave,2281,2281,https://fallout.wiki/wiki/Thomas_Hildern,5573536,
ulysses,"Ulysses was a member of the Twisted Hairs, an Arizona tribe whose distinctive knotted hairstyle communicated messages based on their medicinal knowledge. After Caesar betrayed the tribe and dispatched Vulpes Inculta to enslave and murder them at Dry Wells, Ulysses continued serving the Legion as a scout and Frumentarius, using his medical knowledge to cure companions. He later lived in Hopeville, a settlement in the Divide, until underground nuclear missiles were detonated by a package the Courier delivered, destroying the area. Ulysses survived and blamed the Courier for the loss. He traveled to Big MT, where he cared for an injured Brotherhood of Steel Knight named Royce and encountered the Think Tank, who explained how the Divide's missiles were activated. On Caesar's orders, he led the White Legs against New Canaan to kill Joshua Graham, teaching them to use weapons from excavated bunkers. Despite these events, he still describes Legion members as his brothers, ""even as misguided as they are."" He was one of seven couriers hired by Mr. House to carry packages to the New Vegas Strip but turned down the job, leading the Courier to carry the Platinum Chip. He lured the Courier back to the Divide via graffiti near Canyon Wreckage and a radio signal, leaving decals throughout the Divide and Big MT—red marking hostile areas, white marking the way forward, and blue denoting hidden caches. He named himself after Ulysses S. Grant. He is one of only three characters in the Mojave with 10 points in all SPECIAL attributes.","courier,legion,historian","Ulysses is a courier and former Frumentarii of Caesar's Legion, originally from the Twisted Hairs tribe of Arizona. After Caesar betrayed his tribe and enslaved its members at Dry Wells, Ulysses continued to serve the Legion as a scout before settling in Hopeville, which was destroyed by nuclear missiles triggered by a package delivered by another courier. He survived the destruction and blamed the Courier for the loss of his home, seeking answers and revenge. Ulysses traveled to Big MT, where the Think Tank explained to him how the Divide's missiles were activated, and he later aided the White Legs tribe in their campaign against New Canaan on Caesar's orders.",common,"caesar legion frumentarii,lonesome road courier,the divide hopeville,twisted hairs tribe,white legs new canaan",person,fnv,mojave,2281,2281,https://fallout.wiki/wiki/Ulysses,5615612,
"veronica_santangelo,Veronica","Veronica's personal history is deeply intertwined with the Mojave Brotherhood's decline. She traveled west as a child under Father Elijah's command, originally bound for Hoover Dam before Elijah diverted the expedition to occupy HELIOS One. Her parents—a paladin and a scribe—both died fighting the NCR, leaving Elijah as her guardian. She describes him as a ""wizard with technology"" and credits him with nurturing her technical aptitude. Her former partner Christine Royce left the Brotherhood, defying procreation expectations, while Veronica stayed behind, unable to abandon her community despite recognizing its stagnation. She openly clashed with Elder McNamara's permanent lockdown, arguing the Brotherhood's original mission of controlling technology had devolved into purposeless isolation. She frequently visits the 188 Trading Post to scavenge and observe how other Mojave groups adapt, seeking solutions the Brotherhood refuses to pursue.","brotherhood,mojave,common","Veronica is a Brotherhood of Steel Scribe assigned to the Mojave chapter, operating out of the Hidden Valley Bunker and frequently visiting the 188 Trading Post to trade and scavenge. She traveled to the Mojave as a child with her parents under Father Elijah's leadership, originally bound for Hoover Dam before Elijah diverted the group to occupy HELIOS One instead. Both of her parents were killed fighting the New California Republic, after which Elijah became her mentor and guardian, nurturing her fascination with technology. She was away from HELIOS One when the NCR seized it, and the survivors retreated underground under Elder McNamara's permanent lockdown, a policy Veronica openly opposed out of fear that isolationism would doom the Brotherhood to extinction.",common,"188 trading post,brotherhood isolationism critic,brotherhood of steel scribe,christine royce relationship,father elijah mentor,helios one battle,hidden valley bunker,mojave brotherhood decline",person,fnv,mojave,2277,2281,https://fallout.wiki/wiki/Veronica,5663747,Basic article returned unchanged per non-empty policy.
yes_man,"Yes Man represents Benny's ambitious scheme to seize Mr. House's technological empire. Originally a standard PDQ-88b securitron, he was disabled by a pulse grenade and recovered by Benny's Chairmen. Followers of the Apocalypse member Emily Ortal reprogrammed him in exchange for access to Mr. House's secrets, creating an AI incapable of refusing orders or withholding information from anyone. Yes Man mined House's databases, discovering the platinum chip's delivery routes, which enabled Benny to ambush the Courier at Goodsprings Cemetery. After Benny's downfall, Yes Man transfers his allegiance to the Courier, offering full control over the Strip's securitron network. His plan involves upgrading securitrons to Mk II status via the platinum chip, securing the El Dorado Substation's power, and ultimately expelling both the NCR and Legion from the Mojave. Following the Hoover Dam battle, Yes Man discovers code fragments in House's mainframe that make him ""a little more assertive,"" addressing concerns about his unconditional compliance.","mojave,common,courier","Yes Man is a reprogrammed PDQ-88b securitron that serves as Benny's assistant in New Vegas. Originally a standard securitron working for Mr. House, he was damaged by a pulse grenade and recovered by Benny, who had Followers of the Apocalypse member Emily Ortal reprogram him. The reprogramming made Yes Man incapable of refusing any order or withholding information from anyone, making his name a literal job description. Benny intended to install Yes Man's AI onto the Lucky 38 mainframe to seize control of all securitrons on the Strip.",common,"benny usurpation plot,emily ortal reprogramming,independent new vegas,lucky 38 mainframe,mr house replacement,platinum chip courier,reprogrammed securitron ai,securitron mk ii",person,fnv,mojave,2281,2281,https://fallout.wiki/wiki/Yes_Man,5595699,Basic article returned unchanged per non-empty policy.
vault_8,"Vault 8 served as one of Vault-Tec's control vaults, functioning without any experimental parameters. Two years after the Great War, its doors opened and residents used a Garden of Eden Creation Kit to establish Vault City. The vault's three levels include medical facilities staffed by Doctor Troy, storage areas containing spare water chips originally intended for Vault 13, and a command center with the overseer's chamber and water processing computer. The vault's nuclear reactor governs Vault City's capacity for expansion. By the time of the Chosen One's visit, Vault City had developed into a segregated settlement with strict citizenship requirements, reflecting the vault dwellers' isolationist tendencies and technological superiority over surrounding wasteland communities.","common,vault_dweller,mojave","Vault 8 was a control vault that opened two years after the Great War. Using a GECK, its inhabitants established Vault City around it. The vault contains three levels including medical facilities, storage areas, and a command center. It is powered by a nuclear reactor that governs the city's capacity for expansion.",common,"geck usage,nuclear reactor power,spare water chips,vault 8 control vault,vault city settlement",vault,fnv,core region,2141,2242,https://fallout.wiki/wiki/Vault_8,5594815,Vault 8 appears in Fallout 2; referenced in New Vegas context via TTW and lore.
vault_92,"Construction of Vault 92 began in May 2062 and completed in 2068, designed for 245 occupants. Overseer Richard Rubin implemented Vault-Tec's White Noise Mind Suggestion Combat Experimentation after sealing on October 23, 2077. Professor John Malleus assisted with the technical implementation, initially unaware that Rubin had extended white noise emitters beyond recording studios into living quarters. The experiments induced trance-like states with near-100% suggestion effectiveness, but caused progressive neurological damage leading to psychosis. Within months, over 30% of the population went insane, resulting in approximately 35 deaths. Malleus eventually discovered Rubin's deception and attempted to confront him. The vault also suffered structural deterioration from nearby underground water sources, eventually flooding after maintenance crews perished.","common,capital_wasteland,vault_dweller","Vault 92 was a Vault-Tec facility in the Capital Wasteland northwest of Old Olney. It recruited the world's finest musicians under the pretense of preserving musical talent. In reality, Overseer Richard Rubin conducted white noise experiments to implant combat suggestions in residents. The experiment caused widespread insanity and violence, killing most inhabitants.",common,"capital wasteland vault,combat suggestion experiment,musical talent vault,richard rubin overseer,vault 92 white noise",vault,fallout3,capital wasteland,2062,2277,https://fallout.wiki/wiki/Vault_92,5663534,
vault_106,"Vault 106's experiment involved releasing psychoactive drugs into the air filtration system ten days after sealing, with the Overseer fully aware that residents would become test subjects. Security personnel were ordered to dismiss concerns about unusual odors as filtration irregularities. The drugs caused persistent hallucinations, with affected residents eventually becoming violent Insane Survivors clad in Vault 106 jumpsuits. By 2277, the drugs remain active in the air system, producing blue-tinted hallucinations in anyone entering. Survivors attempted to escape by blowing through the vault walls, evidenced by skeletons and a Mini Nuke in a cave area. The vault contains a Science Bobblehead and various skill books among its ruined corridors.","common,capital_wasteland,vault_dweller","Vault 106 is a Vault-Tec vault in the Capital Wasteland, located southeast of Arefu. Ten days after the doors sealed, psychoactive drugs were released into the air filtration system as part of the vault experiment. The Overseer instructed security to lie about the unusual conditions. By 2277, the vault is destroyed and inhabited by Insane Survivors, with drugs still circulating.",common,"air filtration drugs,capital wasteland vault,hallucination experiment,insane survivors,vault 106 psychoactive drugs",vault,fallout3,capital wasteland,2077,2277,https://fallout.wiki/wiki/Vault_106,5674393,
vault_108,"Construction of Vault 108 began in March 2061 and was cut short in December 2069. Designed for 475 residents over 38 years, the vault's experiment deliberately left most positions unassigned for the Overseer to fill. The primary power supply was engineered to fail after 20 years, with an insufficient backup geo-thermal system. Overseer Brody Jones was chosen specifically because medical tests indicated a rare cancer would kill him within three years, creating a leadership crisis. The vault was stocked with triple the normal defensive weaponry and lacked entertainment facilities. Scientists conducted extensive cloning experiments on a subject named Gary, producing at least 54 clones. Each successive clone exhibited increasing hostility toward non-clones, with Gary 54 injuring staff. By the time of the Lone Wanderer's arrival, only hostile Gary clones and creatures remained.","common,capital_wasteland,vault_dweller","Vault 108 is a Vault-Tec vault in the Capital Wasteland, south of Canterbury Commons. Its experiment involved leaving all standard positions unfilled except three named roles, with a primary power supply designed to fail in 20 years. The Overseer, Brody Jones, was selected for his genetic predisposition to a rare cancer. Scientists also conducted cloning experiments, repeatedly cloning a man named Gary.",common,"brody jones overseer,capital wasteland vault,gary clones,power failure experiment,vault 108 cloning experiment",vault,fallout3,capital wasteland,2061,2277,https://fallout.wiki/wiki/Vault_108,5669823,
vault_tec,"Vault-Tec Corporation operated under the government's classified Project Safehouse, protected by the New Amended Espionage Act. The multi-billion dollar corporation acquired laboratories, bought out competitors, and established headquarters in Los Angeles and Washington, D.C. Vault-Tec University in Morgantown trained its top executives and scientists. The company constructed over 100 vaults, some built in secret with numbers omitted from public records. While a small contingent of control vaults functioned as advertised, the majority featured unique experimental scenarios designed to test occupants under specific circumstances. The Enclave was involved in the planning stages, describing the program as ""a social experiment on a grand scale."" Vault-Tec equipment was often faulty—water chips were prone to failure, and shipping errors sometimes switched water chips and GECK deliveries. The company authorized its private security to use lethal force during admission protocols. Vault-Tec promoted its shelters through billboards, newspaper advertisements, corporate PR events, and a large exposition at the Museum of Technology in Washington, D.C. Employees received the Vault-Tec Employee Handbook, which governed all procedures down to bathroom break time limits.","common,historian,vault_dweller","Vault-Tec Corporation was a pre-War defense corporation that designed and built a network of underground bunkers known as vaults across the United States and Canada. The company operated as early as 2031 and was the largest corporation in the country. Vault-Tec marketed vaults as shelters to protect citizens from nuclear war, but many vaults were secretly designed as social experiments. The company's mascots were Vault Boy and Vault Girl.",common,"pre-war defense contractor,project safehouse,social experiment program,vault construction,vault-tec corporation",vault,fallout,united states,,,https://fallout.wiki/wiki/Vault-Tec_Corporation,5675080,
"vault_experiment,Vault experiments","The vault experiments were conceived during the planning stages of vault construction, with the Enclave describing the program as ""a social experiment on a grand scale"" using ""a unique set of circumstances designed to test the occupants."" Experimental scenarios varied widely: some vaults lacked sufficient food synthesizers, some housed only men, and others were designed to open after only six months. Scientists at Hawthorne Medical Laboratories, a Vault-Tec division, attempted to create hybrid humans in Vault 4 using radioactive resistant species. Not all vaults were completed before the Great War, and some sealed without their intended inhabitants. Others were constructed in secret, their numbers omitted from public record. The 17 control vaults were designed to function properly, preserving segments of society for reasons known only to the secretive elements behind the project. According to rumors, these elements sought to cause or hasten the Great War to see their vision realized. Vault life varied dramatically depending on whether residents occupied a control vault or an experimental one. Inhabitants were required to sign numerous forms before entry, including liability waivers, organ donation invoices, and rights revocation charters. Vault-Tec provided all clothing, bedding, and accommodations, and personal belongings were subject to review by authorized hermetics technicians.","common,historian,vault_dweller,enclave","Vault-Tec built over 100 vaults across the United States and Canada as part of the Societal Preservation Program. Despite the program's stated goal of protecting citizens from nuclear war, a secretive shadow government subverted the project. Of the vaults, 17 were control vaults that operated as advertised, while 105 were experimental vaults with unique circumstances designed to test how inhabitants would react and behave under specific conditions.",common,"control vaults,enclave social experiment,societal preservation program,vault experiments,vault-tec testing",vault,fallout,united states,,,https://fallout.wiki/wiki/Vault,5677038,
"garden_of_eden_creation_kit,GECK,G.E.C.K.","The G.E.C.K. was designed to ease the process of harnessing the post-nuclear wasteland for vault dwellers emerging from their shelters. Developed by Stanislaus Braun, the kit represented Vault-Tec's vision for post-War reconstruction. The matter-energy replicators within the kit were advertised as capable of creating food and basic items needed for building new environments. The inclusion of atmospheric chemical stabilizers and water purifiers suggests the device was intended to render contaminated surroundings habitable. The reading material—drawn from the Library of Congress and encyclopedic sources—was provided to give survivors access to accumulated human knowledge. Shipping errors during vault preparation sometimes resulted in G.E.C.K. deliveries being switched with water chips, meaning some vaults never received their intended kits. The G.E.C.K. was a critical resource for any vault dweller community intending to rebuild on the surface, combining terraforming technology with survival essentials in a single portable case. Its creation by Future-Tec, a Vault-Tec division, reflects the parent corporation's involvement in both shelter construction and post-War planning, though the extent to which vault dwellers were informed of the kit's existence varied.","common,vault_dweller,scientist,historian","The Garden of Eden Creation Kit, or G.E.C.K., is a terraforming device created by Future-Tec, a division of Vault-Tec Corporation. Developed by Stanislaus Braun, the kit was packed into a briefcase and advertised as ""the resource for rebuilding civilization after the bomb."" It contained seed and soil supplements, a cold fusion generator, matter-energy replicators, atmospheric chemical stabilizers, water purifiers, and reading material including selections from the Library of Congress and a complete set of encyclopedias.",common,"future-tec division,geck terraforming device,post-war reconstruction,stanislaus braun invention,vault-tec technology",technology,fallout,united states,,,https://fallout.wiki/wiki/GECK,5593734,
"forced_evolutionary_virus,FEV","The United States government began the Pan-Immunity Virion Project in 2073 to counteract biological weapons, aiming to alter DNA so it would resist viral infection. By March 2075, the virion was renamed FEV, and Major Barnett ordered experiments focused on the virus's quad-helix structure, which granted subjects immunity to infection and radiation beyond expectations. Testing progressed through flatworms, insects, mice, dogs, and chimpanzees, with abnormal growth rates and increased brain activity noted in all subjects. In January 2077, research transferred to the Mariposa Military Base for human trials. When the security team discovered the inhumane nature of the work, Roger Maxson took charge, interrogated and executed scientists, and abandoned the base—an act that founded the Brotherhood of Steel. Post-War, Richard Grey fell into FEV vats at Mariposa and mutated into the Master, who sought radiation-free humans to transform into super mutants using FEV-2. The Enclave isolated the virus's most toxic elements to create FEV Curling-13, a lethal agent targeting only humans. In the Capital Wasteland, the Enclave under President John Henry Eden developed a modified FEV intended to contaminate the water supply through Project Purity, which specifically targeted immune systems on a cellular level. Vault 87 also utilized modified FEV as part of its Evolutionary Experimentation Program, transforming inhabitants into super mutants.","common,scientist,brotherhood,enclave,super_mutant","Forced Evolutionary Virus, or FEV, is a pathogen developed before the Great War by West Tek in an attempt to create super-soldiers. The virus is not airborne and only transfers via injection or direct physical contact. FEV copies DNA patterns, attempting to correct the DNA of the infected individual. If the subject lacks pre-existing radiation damage, the virus increases muscle and brain mass but causes memory loss and sterility.",common,"enclave biological weapon,fev mutation,forced evolutionary virus,super soldier project,west tek pathogen",technology,fallout,united states,,,https://fallout.wiki/wiki/Forced_Evolutionary_Virus,5534341,
"pip_boy_3000,Pip-Boy","The Pip-Boy 3000 was developed by RobCo Industries before the Great War as a personal information processor for Vault dwellers and military personnel. The 3000A variant, an older model within the A series, is commonly found strapped to the left forearm of wasteland inhabitants who have acquired them from Vault stocks or scavenged supplies. The device integrates a Geiger counter for radiation detection, a radio receiver capable of picking up wasteland broadcasts, and a display screen that can be pushed to over-bright mode, functioning as a 360-degree illumination source in darkened environments. Files can be transferred from compatible terminals directly to the Pip-Boy. The device is powered by a fission battery, as confirmed by Christine Royce of the Circle of Steel. Father Elijah, the former elder of the Brotherhood of Steel chapter at HELIOS One, demonstrated that the Pip-Boy 3000 can be hacked remotely, dismissing it as a piece of RobCo trash. A variant known as the Pimp-Boy 3 Billion exists, obtainable through dealings with Mick, an arms dealer operating in Freeside. Vault radio broadcasts remind dwellers that proper cleaning and maintenance will ensure the device's operation for future generations.","vault_dweller,wastelander,engineer,brotherhood","The Pip-Boy 3000 is a pre-War electronic Personal Information Processor manufactured by RobCo Industries. Worn on the left forearm, this multifunction device displays the wearer's vital statistics, area maps, inventory, and item properties. It includes a built-in Geiger counter, radio receiver, and a screen that can be set to over-bright mode to serve as a makeshift flashlight. The 3000A model is an older variant of the A series. Display color preferences include amber, blue, green, and white.",common,"fission battery powered,geiger counter radio,pimp-boy 3 billion,pip-boy 3000a model,robco personal processor,wrist-mounted device",technology,both,"capital_wasteland,mojave",,,https://fallout.wiki/wiki/Pip-Boy_3000,5669623,
"vault_tec_assisted_targeting_system,VATS","The Vault-Tec Assisted Targeting System, known as V.A.T.S., combines the Pip-Boy's sensors and computing power with automated combat analysis. Developed before the Great War, it identifies hostile targets, evaluates specific anatomical regions, and helps the wearer plan a sequence of precise attacks more quickly than unaided observation would allow. The resulting tactical assessment can draw attention to an exposed limb, a weapon-bearing arm, or another vulnerable area while reducing reliance on reflex alone. V.A.T.S. is integrated into the Pip-Boy interface rather than carried as a separate weapon, allowing information from the wearer's surroundings to feed directly into its targeting display. Its creation demonstrates that Vault-Tec's research extended beyond shelters into personal defense and military applications. The similarity between its acronym and the Mariposa FEV vats has encouraged speculation, but no proven technical connection between those programs is known.","vault_dweller,military,wastelander","The Vault-Tec Assisted Targeting System, usually called V.A.T.S., is a pre-War combat-assistance technology associated with the Pip-Boy. It analyzes nearby threats, highlights specific anatomical targets, and helps its user plan precise attacks under pressure. The system reflects Vault-Tec's work in personal survival and military technology beyond its vault program.",common,"action point targeting,body part targeting,pre-war military technology,tactical assessment system,vault-tec combat system",technology,both,"capital_wasteland,mojave",,,https://fallout.wiki/wiki/V.A.T.S.,5675040,
stealth_boy,"The Stealth Boy was invented by Robert Mayflower and entered production through RobCo Industries as a wrist-mounted personal stealth device, designated the 3001 variant. The device functions by generating a modulating refraction field that transmits reflected light from one side of the wearer's body to the opposite side, effectively bending visible light around the user and rendering them almost invisible to the unaided eye. Some Stealth Boys were developed through reverse engineering of captured Chinese Stealth Armor technology. After the Great War, Doctor Henry conducted research into the Mark II variant, which was intended to reduce power consumption. However, the Mark II's modulating field produced unintended permanent neurochemical changes in users, including schizophrenia and other psychological conditions. These effects proved especially devastating among the Nightkin, a faction of super mutants who relied heavily on Stealth Boys for their operations. Chewed variants of the device have been found in locations such as Charleston Cave in the Mojave Wasteland, suggesting deterioration or misuse over time. The Enclave also pursued improvements, with scientists developing a Mark III variant using Chinese schematics, drastically lowering power consumption rates compared to the Mark II while abandoning the wrist-mounted form factor.","scientist,super_mutant,military,enclave","The Stealth Boy is a wrist-mounted personal stealth device invented by Robert Mayflower and produced by RobCo Industries. The 3001 variant generates a modulating field that transmits reflected light from one side of an object to another, rendering the wearer nearly invisible to the untrained eye. The effect lasts for a limited duration. Post-War research by Doctor Henry revealed that the device's modulating field can cause permanent neurochemical changes, including schizophrenia, particularly among Nightkin super mutants.",common,"chinese stealth armor,doctor henry research,light refraction field,neurochemical side effects,nightkin schizophrenia,robco stealth device",technology,both,"capital_wasteland,mojave",,,https://fallout.wiki/wiki/Stealth_Boy,5477810,
vertibird,"The Vertibird represents a class of vertical-lift aircraft developed by the United States military in the years leading up to the Great War. These advanced rotorcraft function as both transport vehicles and gunships, distinguished by their fuel-powered engines and formidable offensive capabilities, which include Gatling lasers, miniguns, and missile launchers. The XVB02 prototype was the culmination of pre-War vertical flight research and was scheduled to enter full military service in 2085, though the nuclear exchange of 2077 disrupted this timeline. Despite the devastation of the Great War, Vertibird technology survived and has been maintained by certain post-War factions. The Enclave, descendants of pre-War government and military personnel, have utilized Vertibirds extensively for troop deployment, supply runs, and close air support operations. In the Capital Wasteland, Enclave Vertibirds have been observed conducting operations around 2277, deploying soldiers and engaging ground targets. In the Mojave Wasteland, Vertibird sightings have been reported around 2281, associated with Enclave remnants and their ongoing activities. The aircraft's durability and versatility have made it one of the most significant pieces of surviving pre-War military hardware, granting its operators a substantial tactical advantage over factions limited to ground transportation.","military,enclave,historian","The Vertibird is a type of vertical-lift aircraft developed by the United States military before the Great War. Powered by fuel, these advanced helicopters serve as transport and gunship platforms. They are equipped with offensive weaponry including Gatling lasers, miniguns, and missile launchers. A prototype designated XVB02 was scheduled to enter full military service in 2085. Vertibirds remain operational in the post-War wasteland, used by factions such as the Enclave.",common,"enclave air support,gatling laser gunship,pre-war military aircraft,vertical lift helicopter,xvb02 prototype",technology,both,"capital_wasteland,mojave",,2281,https://fallout.wiki/wiki/Overview:Vertibird,5557130,
"project_purity,Purifier","Project Purity was an ambitious attempt to build a large-scale water purifier capable of filtering radiation from the sealed-off Tidal Basin at the Jefferson Memorial. James and Catherine led a team of like-minded scientists, and Elder Owyn Lyons provided a permanent Brotherhood of Steel garrison with sentry guns to maintain a safe perimeter against super mutant attacks. The team found a purification method that worked but was horribly inefficient, and mounting losses strained relations with the Brotherhood. Catherine's death during childbirth on July 13, 2258 precipitated the project's collapse. James withdrew entirely, fleeing with his child to Vault 101, and Lyons pulled his troops out, leaving the scientists to fend for themselves. Madison Li and the survivors salvaged what they could and moved to Rivet City. Years later, James discovered references to the Garden of Eden Creation Kit in Vault 101 records and returned to restart the project. The Enclave under Colonel Autumn seized the memorial by force, demanding control of the facility. James sacrificed himself by flooding the control chamber with lethal radiation. Lyons' Brotherhood ultimately used Liberty Prime to break through Enclave defenses, and the purifier was activated. Elder Lyons ordered the water distributed free to all major settlements, though the Brotherhood struggled with funding and resources, forcing Scribe Bigsley to quietly sell water to sustain operations.","capital_wasteland,brotherhood,enclave,scientist","Project Purity was a water purification initiative at the Jefferson Memorial in the Capital Wasteland, founded by James and Catherine with support from a Brotherhood of Steel garrison. It aimed to purify the irradiated Tidal Basin and provide millions of gallons of drinkable water. After Catherine's death in childbirth in 2258, James abandoned the project and fled to Vault 101. The remaining scientists relocated to Rivet City.",common,"aqua pura distribution,brotherhood of steel garrison,capital wasteland water,enclave seizure,james and catherine,jefferson memorial purifier",technology,fallout3,capital wasteland,2252,2281,https://fallout.wiki/wiki/Project_Purity,5672316,
"hoover_dam_power_grid,Hoover Dam power","Hoover Dam, sometimes called the Old World Wall, was one of the most substantial sources of electrical power in the pre-War American Southwest, protected by anti-aircraft weapons. When the Great War struck, Mr. House's networked mainframes and laser systems kept the dam in almost untouched condition alongside much of Las Vegas. The plant sat abandoned for nearly two centuries until the Followers of the Apocalypse noted its continued existence as early as 2170. In 2274, NCR scouts arrived during the Mojave Campaign, prompting Mr. House to act. The Mojave Brotherhood of Steel had planned to claim the dam but was sidetracked at HELIOS One. The Treaty of New Vegas gave the NCR ninety-five percent of the dam's output while preserving Vegas sovereignty. Within a year, NCR engineers had the dam running at fifty percent capacity. The head engineer, Mike Lawson, reported that six turbines once ran but only four still functioned. In 2277, the Legion under the Malpais Legate attempted to seize the dam but was defeated when Chief Hanlon orchestrated a tactical retreat through Boulder City, detonating pre-placed explosives to trap the Legion's elite forces. Colonel Cassandra Moore and General Lee Oliver subsequently fortified the dam with a significant military presence and civilian contractors to prepare for a second Legion assault.","mojave,ncr,engineer,historian","Hoover Dam is a pre-War hydroelectric dam on the Colorado River that impounds Lake Mead, surviving the Great War largely intact thanks to Mr. House's defensive systems. The NCR occupied it in 2274 during their Mojave Campaign. The Treaty of New Vegas allocated ninety-five percent of the dam's power output to the NCR in exchange for recognizing Vegas sovereignty. Within a year the dam ran at fifty percent capacity.",common,"colorado river dam,first battle of hoover,hydroelectric power output,ncr mojave campaign,treaty of new vegas,turbine capacity",technology,fnv,mojave wasteland,2077,2281,https://fallout.wiki/wiki/Hoover_Dam,5594039,
"archimedes_ii,Archimedes 2","ARCHIMEDES II was commissioned by Poseidon Energy, which maintained behind-closed-doors relations with elements of the United States military that would become the Enclave. The system is an orbital laser platform tied to the HELIOS One solar collection arrays in Nevada. It can be triggered by triangulating between a beacon at HELIOS One and a targeting device called Euclid's C-Finder, allowing the satellite to precisely mark a point on the ground for bombardment. Three laser beams converge on the target, followed by a massive blue laser from orbit. The Brotherhood of Steel under Elder Elijah occupied HELIOS One and discovered the ARCHIMEDES II secret, but in 2276 the NCR laid siege during Operation: Sunburst and expelled the Brotherhood, seizing the facility. Ignacio Rivas, a Follower of the Apocalypse embedded at HELIOS One, has actively kept the NCR ignorant of the weapon's true nature, believing some things are best left buried with the old world. The NCR hired an incompetent conman known as Fantastic to manage the power plant, and the internal security systems remain too dangerous for soldiers to penetrate fully, though it is likely only a matter of time before the Archimedes mainframe is reached.","brotherhood,ncr,scientist,mojave","ARCHIMEDES II is an energy-based orbital artillery satellite developed by Poseidon Energy at HELIOS One in Nevada. The Brotherhood of Steel discovered it under Elder Elijah, but lost HELIOS One to the NCR in 2276 during Operation: Sunburst. The NCR has been unable to unlock its secrets, partly because a Follower of the Apocalypse named Ignacio Rivas has deliberately kept them in the dark, fearing the weapon could fall into the wrong hands.",common,"euclid c-finder targeting,helios one facility,ignacio rivas deception,operation sunburst,orbital laser satellite,poseidon energy weapon",technology,fnv,mojave wasteland,2077,2281,https://fallout.wiki/wiki/ARCHIMEDES_II,5642340,
"repconn_rocket_facility,REPCONN","The REPCONN Test Site sits in a large valley accessible through a single canyon west of Novac. Before the war, REPCONN was finalizing a merger with RobCo Industries when a waste spill occurred around the time RobCo representatives were to visit. Steve Reynolds, the Launch Facility Project Manager, was blamed by Senior Engineer Martin Neimeyer, who cited Reynolds' overworking and under-compensation of employees as the cause, while Reynolds blamed Neimeyer. The facility features a reinforced checkpoint, a roundabout with a Delta IX rocket statue, research laboratories at the top, an assembly hall where rockets were prepared, and a basement connecting to the launch dome. Post-war, the Bright Brotherhood ghouls took refuge in the research laboratories, intending to undertake what they call the Great Journey into space using the facility's rockets. Chris Haversam, a human who believes himself a ghoul, serves as their engineer. Nightkin led by Davison occupied the basement, searching for a shipment of Stealth Boys whose records indicate two shipments were received and returned to the manufacturer, with five units missing due to workplace misbehavior. Feral ghouls escaped containment and wandered toward Novac, alarming local residents. The Bright Brotherhood's outer defenses were insufficient to stop the nightkin, who punched through and left dead Brotherhood members in their wake.","mojave,ghoul,super_mutant,scientist","The REPCONN Test Site is a former rocket testing facility west of Novac, built around a rocket launch dome. Before the war, REPCONN was merging with RobCo Industries when a waste spill weakened its position. Post-war, the Bright Brotherhood, a group of ghouls led by Jason Bright seeking to travel into space on rockets, occupied the facility. Nightkin under Davison also moved in, searching for a shipment of Stealth Boys stored in the basement.",common,"bright brotherhood ghouls,jason bright great journey,nightkin stealth boy search,novac feral ghoul threat,repconn robco merger,rocket testing facility",technology,fnv,mojave wasteland,2077,2281,https://fallout.wiki/wiki/REPCONN_Test_Site,5574061,
"sierra_madre_vending_machine,Sierra Madre vending machines","Sierra Madre vending machines were created at Big MT's Y-0 Research Center and commissioned by Frederick Sinclair, who bankrupted himself funding the project after witnessing the technology at a World's Fair exhibit. Sinclair struck a deal with Big MT executives to use the Villa as a proving ground for experimental technologies. The machines were designed not merely as vending devices but as emergency dispensers capable of supplying food, chems, security equipment, and maintenance tools in the event of nuclear catastrophe. Certain supplies were restricted by dispenser codes issued only to trained professionals and doctors. To Sinclair, the machines represented self-sufficiency for the Sierra Madre. To his employees, however, the machines felt like a company store—they received a modest amount of chips with each paycheck and could barely afford anything, especially given Sinclair's ban on all other vending machines. The Great War and the Sierra Madre's isolation left these as the only known surviving examples of the underlying technology. Around 2281, Father Elijah, a rogue elder of the Brotherhood of Steel, recognized the machines' potential as unlimited sources of food, supplies, medical assistance, ammunition, and even currency. The machines use Sierra Madre chips as batteries, drawing on alloys and raw materials within the chips to assemble dispensed items. According to Dean Domino, similar vending technology was common before the war.","common,scientist,brotherhood","Pre-War devices developed at Big MT's Y-0 Research Center, Sierra Madre vending machines dispense food, supplies, and other items in exchange for Sierra Madre chips. Frederick Sinclair bankrolled their development after seeing them at a World's Fair exhibit, intending them as emergency dispensers for surviving a nuclear holocaust. They remain functional in the ruins of the Sierra Madre.",common,"big mt technology,father elijah interest,frederick sinclair invention,pre-war emergency dispensers,sierra madre chips,sierra madre vending machines",technology,fnv,mojave,,,https://fallout.wiki/wiki/Sierra_Madre_Vending_Machine,5671052,Previous draft rejected: Tags for cloud failed the reviewed tag shape. All tags reviewed and confirmed as two to five words each.
"cloud,the Cloud","The Cloud is a concentrated toxic haze that blankets the Villa and much of the Sierra Madre complex. Exposure to the Cloud causes steady deterioration of health, and concentrated pockets deal severe damage to anyone who enters them. The Cloud is one of the defining hazards of the Sierra Madre, contributing to its reputation as a death trap. Dean Domino, a pre-War entertainer who survived in the Villa for over two centuries, developed techniques for navigating Cloud-concentrated areas with reduced harm, extending the window of safe exposure before damage begins and lessening the overall health impact. Even with such techniques, concentrated Cloud remains lethal after prolonged exposure. In exterior areas of the Villa, a passive low-level exposure affects anyone present continuously. The Cloud, along with the Sierra Madre's hologram defenses and vending machine technology, drew the attention of Father Elijah around 2281. The rogue Brotherhood elder saw the Cloud as a means to wipe the slate clean, envisioning a combination of Cloud, collars, holograms, and vending machines as tools capable of destroying and rebuilding nations.","common,brotherhood,wastelander","The Cloud is a toxic, reddish-brown haze that permeates the Sierra Madre and surrounding Villa. It causes progressive health damage to anyone exposed, with concentrated pockets proving especially lethal. The Cloud is one of the hazards that makes the Sierra Madre notoriously deadly, alongside holograms and the explosive collars used to ensure cooperation.",common,"concentrated cloud pockets,dean domino survival,father elijah weapon,sierra madre environment,toxic cloud hazard,villa toxic haze",concept,fnv,mojave,,,https://fallout.wiki/wiki/Unclean_Living,5594872,"Tags reviewed for shape compliance: each tag is two to five words, lowercase."
"hologram,Sierra Madre holograms","Holograms are a pre-War technology employed throughout the Sierra Madre as security, staff, and vendor projections. They are generated by emitters that can be destroyed or disabled to eliminate individual holograms, or accessed via terminals to reprogram patrol routes and functions. In the Villa, most holograms are non-hostile, though a hostile security hologram guards the Villa Clinic. Upon entering the Sierra Madre Casino, holograms serve as the primary threat, as their emitters are not accessible, forcing reliance on terminal rerouting to avoid them. When casino power is restored, hostile security holograms are replaced by non-hostile staff holograms, including floor managers, a cashier, a bartender, and a lobby greeter. In the Executive Suites, starlet security holograms can be reprogrammed via terminals to prevent hostility, though their emitters should be deactivated to prevent reset. A hologram of Dean Domino can be used to shut down security protocols in the Tampico Theater. Holograms also appear in the Sierra Madre Vault. Starlet security holograms possess the ability to open doors, unlike standard variants. The technology was also present at Big MT's Z-38 Lightwave Dynamics Research facility.","common,scientist,brotherhood","Holograms are projected figures found throughout the Sierra Madre, serving as security personnel, vendors, and staff. They cannot be harmed by conventional weapons; instead, their emitters must be destroyed or disabled, or their patrol routes rerouted via terminals. Security holograms are hostile to intruders, while others function as casino staff or can be reprogrammed to serve different purposes.",common,"big mt lightwave dynamics,casino staff holograms,hologram emitter technology,hologram patrol rerouting,security hologram projections,sierra madre holograms",technology,fnv,mojave,,,https://fallout.wiki/wiki/Hologram_(Fallout:_New_Vegas),5608710,Tags reviewed for shape compliance.
alien_technology,"Alien technology refers to the suite of advanced devices and systems encountered aboard Mothership Zeta, an extraterrestrial vessel of unknown origin. The aliens inhabiting the ship possess technologies far exceeding pre-War human capabilities, including long-term cryostasis chambers, energy-based weaponry such as disintegrators and atomizers, shock batons for melee engagement, teleportation systems, and holographic projections. Some aliens employ an Inertia Suppression Field that functions as a personal shield, significantly boosting their resistance to damage. Guardian Drones serve as support units in combat. The aliens themselves are hostile to any intruders and demonstrate organized resistance throughout the vessel. Alien workers also exist aboard the ship but lack combat capability and cannot access many of the force-field doors that separate sections of the vessel. A dead alien was once discovered far north of the Scrapyard in the Capital Wasteland, accompanied by an Alien Blaster, suggesting extraterrestrial presence on Earth predating any encounter with the mothership itself. The full extent of alien technology remains poorly understood, as the vessel's internal structure and systems are largely inaccessible without overcoming its hostile occupants.","common,scientist,military,capital_wasteland","Alien technology encompasses the advanced devices and systems found aboard Mothership Zeta, a spacecraft of extraterrestrial origin. These technologies include long-term cryostasis, energy weapons such as disintegrators and atomizers, shock batons, teleportation, holograms, and inertia suppression fields that shield alien occupants. The aliens aboard the ship maintain hostile intent toward any intruders.",common,"alien cryostasis technology,alien inertia suppression,alien technology,alien teleportation devices,extraterrestrial energy weapons,mothership zeta systems",technology,fallout3,capital_wasteland,,,https://fallout.wiki/wiki/Alien_(Mothership_Zeta),5673727,Tags reviewed for shape compliance.
power_armor,"Power armor represents one of the most significant pre-War military achievements, produced by West Tek in conjunction with the United States government. The suits are constructed from a poly-laminate composite, reinforced with ceramic castings at key points, shielding the wearer from radiation and physical harm while granting enhanced strength through joint servos. When the suit remains airtight, the wearer gains protection from radiation damage and can survive for extended periods without water. The armor was developed at Fort Strong and deployed in both China and during the Battle of Anchorage. Some suits underwent a special chemical hardening process for additional durability. The Enclave developed advanced variants using lightweight ceramic composites, referred to as Advanced Power Armor Mark II, bearing the faction's insignia on the front and rank indicators on the side. Power armor prototypes were slated for exhibit at the Museum of Technology in 2078. Following the Great War, suits are found throughout the wastelands, and stripping out the joint servos removes the need for specialized training to wear them.","common,military,brotherhood,enclave","Power armor is a pre-War development of West Tek, created in conjunction with the United States government. Constructed from a poly-laminate composite, it shields the wearer from radiation and damage while providing increased strength through joint servos. The armor was developed at Fort Strong and saw service in China and at the Battle of Anchorage. Following the Great War, many suits remain scattered throughout the wastelands.",common,"enclave advanced variant,fort strong development,joint servo armor,poly-laminate composite,pre-war military armor,west tek product",armor,fallout,,,,https://fallout.wiki/wiki/Power_Armor,5662625,
"t_45_power_armor,T45 power armor,T-45d","The T-45 series of power armor holds the distinction of being the first power armor variant ever utilized by the United States military in combat. Built by defense contractor West Tek, the T-45 was deployed against the People's Liberation Army in Alaska during the Battle of Anchorage. The suit suffered from significant design flaws that led to casualties among its wearers. A specific defect in the chest plate welding proved particularly dangerous, and this flaw reportedly persisted in suits worn by the Brotherhood of Steel after the Great War. A former West Tek product manager acknowledged that the design flaws were serious, though the armor's appearance was considered impressive. A veteran who wore the T-45 in Alaska recalled that the flaws cost many soldiers their lives during the campaign. The T-45 prototypes were slated for exhibit at the Museum of Technology in 2078. One of the T-45's original designers, Harold Frost, later designed the Excavator power armor for the Garrahan Mining Company. Following the Great War, many T-45 suits remain scattered throughout the wastelands. Stripping out the joint servos removes the need for specialized training to operate the armor.","common,military,brotherhood","The T-45 series was the first power armor variant ever deployed by the United States military on the battlefield. Built by defense contractor West Tek, it saw action against Chinese forces in Alaska. The design suffered significant flaws, including a defect in the chest plate welding that cost lives. Despite these shortcomings, the T-45 served as the foundation for later power armor development.",common,"alaska battle armor,brotherhood post-war armor,chest plate defect,first power armor,t-45 series armor,west tek military contract",armor,fallout3,,,,https://fallout.wiki/wiki/T-45_Power_Armor,5665042,
"t_51_power_armor,T51 power armor,T-51b","The T-51 power armor is widely regarded as the pinnacle of mechanized protection achieved before the Great War. A product of West Tek developed in conjunction with the United States government, the T-51 was constructed using a poly-laminate composite. Its design incorporates a back-mounted TX-28 MicroFusion Pack compatible with fusion cores, a HiFlo hydraulic system, and a shell capable of absorbing over 2,500 joules of kinetic impact. A ten-micron silver coating covers the armor, serving to reflect laser and radiation emissions without damaging the composite subsurface beneath. The armor was developed at Fort Strong and saw service in both China and at the Battle of Anchorage. Suits sent to Anchorage required additional adaptation to withstand the cold climate. According to military correspondence, the first production run of T-51b suits was sent to China, with reports of their effectiveness returning by June 2076. The T-51 represented a significant advancement over the earlier T-45 series, which had suffered from notable design flaws during its deployment in Alaska. Following the Great War, T-51 suits remain among the most sought-after pieces of military hardware found throughout the wastelands, prized for their superior protection and durability.","common,military,brotherhood","The T-51 power armor was a pre-War product of West Tek, created in conjunction with the United States government. Considered the pinnacle of mechanized protection before the Great War, it was constructed using a poly-laminate composite with a back-mounted TX-28 MicroFusion Pack and a HiFlo hydraulic system. Its shell absorbs over 2,500 joules of kinetic impact, and a ten-micron silver coating reflects laser and radiation emissions.",common,"anchorage battle armor,fort strong development,pinnacle pre-war armor,silver coated armor,tx-28 microfusion pack,west tek composite",armor,both,,,,https://fallout.wiki/wiki/T-51_Power_Armor,5669294,
"remnants_power_armor,Enclave remnants armor","Remnants power armor represents a legacy of the Enclave's advanced power armor program, directly descended from the designs used by the Enclave before and during their operations in the wasteland. The armor provides the highest level of protection among all known power armor variants found in the Mojave Wasteland. It features a built-in ventilation and cooling system, a practical improvement for extended operation in the desert climate. The suit is paired with a matching remnants power helmet, forming a complete armor set. Unlike other power armor variants bearing faction insignia, the remnants power armor carries no faction affiliation, meaning its appearance does not provoke hostility from any particular group. This neutrality makes it distinct from armor sets that identify the wearer with the Brotherhood of Steel, the Enclave, or other organizations. The armor's origins trace back to the advanced power armor developed by the Enclave, incorporating lightweight ceramic composites that offer superior protection compared to earlier pre-War models. Suits have been recovered from dead prospectors in remote, dangerous regions of the Mojave, suggesting that these rare artifacts remain scattered across the wasteland, awaiting discovery by those brave or foolish enough to search the most hostile territories.","common,enclave,mojave","Remnants power armor is a variant of advanced power armor based on the Enclave's designs. It provides exceptional protection, being the most protective power armor variant known in the Mojave Wasteland. The armor features a built-in ventilation and cooling system. It is not associated with any particular faction, meaning it does not provoke hostility from any group based on the wearer's appearance.",common,"ceramic composite armor,enclave advanced armor,faction neutral armor,mojave power armor,relic prospectors find,ventilation cooling system",armor,fnv,,,,https://fallout.wiki/wiki/Remnants_Power_Armor,5508105,
"ncr_ranger_combat_armor,Ranger armor,black armor","The NCR Ranger Combat Armor represents the union of two storied ranger traditions. The body armor itself originates from pre-war police riot gear, while the distinctive trench coat draws from the heritage of the Desert Rangers, an independent force that patrolled the Nevada deserts before merging with the NCR Rangers under the Ranger Unification Treaty of 2271. Veteran rangers who have proven themselves through extended service earn the right to wear this armor. It is manufactured within the NCR using adapted pre-war riot and combat equipment. The armor's imposing appearance, with its dark coat, gas mask helmet, and antenna, has become synonymous with NCR power in the Mojave. The design echoes older wasteland ranger traditions, including accounts of rangers wearing leather armor with trench coats and gas masks. The armor is issued to veteran rangers stationed at NCR installations throughout the Mojave, including Camp Golf, Camp Forlorn Hope, and various ranger stations. A set is also stored at the NCR Ranger Safehouse, accessible to those with sufficient standing with NCR military command. The Brotherhood of Steel treats wearers of this armor with hostility, reflecting the deep tensions between the two organizations.","ncr,military,mojave","The NCR Ranger Combat Armor, commonly called the Black armor, is worn by veteran rangers of the New California Republic. The armor combines pre-war police riot gear with the traditional trench coat of the Desert Rangers, who merged with the NCR Rangers following the Ranger Unification Treaty of 2271. It is among the most recognizable symbols of NCR military authority in the Mojave Wasteland.",common,"black armor,desert ranger coat,mojave military equipment,ncr military,ncr ranger armor,ranger unification treaty,riot armor,veteran ranger gear",armor,fnv,mojave wasteland,2271,2281,https://fallout.wiki/wiki/NCR_Ranger_Combat_Armor_(Fallout:_New_Vegas),5597077,Previous draft rejected for out-of-world wording in desert_ranger_combat_armor advanced article. All articles rewritten to avoid gameplay mechanic terminology.
"desert_ranger_combat_armor,Desert Ranger armor","The Desert Ranger Combat Armor carries a deep personal history etched into its very surface. The collar bears the printed service data of its original owner, Staff Sergeant R.B. Vickers, including his rank, name, service branch, and blood type. The back of the helmet records two locations, Nanjing and Shanghai, with month abbreviations and tally marks, suggesting a tour of duty in pre-war China. The words ""FORGIVE ME MAMA"" are scrawled across the front of the helmet. Vickers was not a member of the Desert Rangers; the armor's name derives from its desert pattern and later association with ranger traditions. After the Great War, the survivalist Randall Clark came into possession of the armor and stored it in Stone Bones Cave in Zion Canyon, alongside a footlocker and his personal terminal. The armor's design influenced the creation of the NCR Ranger Combat Armor, which adapted similar pre-war riot and combat gear for NCR veteran rangers. Unlike NCR faction armor, the Desert Ranger Combat Armor carries no faction affiliation, though NCR troopers sometimes mistake its wearer for a ranger. The armor is classified as medium-weight gear and is notably costly to repair when badly worn.","common,military,mojave","The Desert Ranger Combat Armor is a distinctive suit bearing desert camouflage, a military helmet, gas mask, olive green duster, and khaki pants. Originally worn by Staff Sergeant R.B. Vickers of the United States Marine Corps, the armor bears his service data printed on the collar. After the war, survivalist Randall Clark stored it in Stone Bones Cave in Zion Canyon.",common,"desert camouflage,desert ranger armor,pre-war marine armor,r.b. vickers,randall clark,stone bones cave,survivalist gear,zion canyon",armor,fnv,zion canyon,,2281,https://fallout.wiki/wiki/Desert_Ranger_Combat_Armor,5589877,Rewritten to remove all gameplay mechanic references including damage threshold and damage resistance terminology.
"advanced_riot_gear,Riot gear","The Advanced Riot Gear represents an evolution of pre-war riot control equipment, developed for the 11th Armored Cavalry Regiment. It is a more sophisticated variant of the standard Riot Gear used by pre-war riot control officers in the Divide. NCR Riot Control officers deployed in the Divide were equipped with this advanced model. The gear is designed to enhance the wearer's resilience and effectiveness with explosive ordnance through a specialized ""Riot Response"" system. The helmet incorporates a low-light vision system that activates automatically during nighttime or within buildings, producing a distinctive red, hazy visual effect. This night vision may engage as late as early evening. The helmet's design allows it to be worn alongside additional headwear, a feature shared across all riot helmet variants. One such set was recovered from the body of a ghoulified NCR Riot Control officer found at the Crow's Nest in the Divide. The Advanced Riot Gear is part of a broader family of riot control armors that includes the standard Riot Gear, the Elite Riot Gear, and the Desert Ranger Combat Armor, all tracing their origins to pre-war law enforcement and military equipment.","military,ncr,mojave","The Advanced Riot Gear is an improved version of standard riot gear, paired with a matching helmet to form a complete set. It was created for the 11th Armored Cavalry Regiment and used by NCR Riot Control officers. The helmet features a low-light vision system that activates in darkness, producing a red, hazy effect for night operations.",common,"11th armored cavalry,advanced riot gear,divide equipment,lonesome road,ncr riot control,night vision,pre-war riot armor,riot helmet",armor,fnv,the divide,,2281,https://fallout.wiki/wiki/Advanced_Riot_Gear,5642940,Rewritten to remove all gameplay mechanic references.
"chinese_stealth_armor,Hei Gui armor","Chinese Stealth Armor represents one of the most significant technological achievements of the Sino-American conflict. Developed by Chinese military scientists, the armor employs advanced light modulation technology to bend light around its wearer, rendering them virtually invisible to the naked eye. This stealth capability made it the signature equipment of two elite Chinese units: the Crimson Dragoon troops and the Black Ghost counterinsurgency squads, both deployed during the Resource Wars. The underlying light modulation technology proved so valuable that American forces reverse-engineered captured Chinese armor to create portable ""Stealth Boy"" units for U.S. military use. The armor's influence extended beyond the war itself. NCR forces operating at Hoover Dam discovered two suits stored in a storeroom containing radioactive waste, though these were subsequently misplaced. Components and fragments of Chinese stealth armor have also been identified at the X-13 Research Facility in Big MT, suggesting ongoing research into the technology. The armor remains one of the most sought-after pieces of pre-war military equipment in the wasteland, combining personal protection with unparalleled concealment capabilities.","common,military,scientist","Chinese Stealth Armor, also known as Hei Gui armor, was developed by China and deployed during the Resource Wars. It uses light modulation technology to render its wearer virtually invisible. The same technology formed the basis for American ""Stealth Boy"" devices, developed through reverse-engineering. The armor was used by Crimson Dragoon troops and Black Ghost counterinsurgency squads.",common,"black ghost,chinese stealth armor,crimson dragoon,hei gui armor,light modulation,pre-war chinese military,resource wars,stealth boy",armor,fallout3,capital wasteland,,2277,https://fallout.wiki/wiki/Chinese_Stealth_Armor,5677181,Rewritten to remove all gameplay mechanic references.
tesla_armor,"Tesla armor protects its wearer by using three attraction-coil rods to absorb and disperse energy from laser and plasma fire. The distinctive rods make the suit easy to recognize and give it a specialized role where directed-energy weapons are common. Some versions are built from modified metal armor and combine the coil system with protection against conventional attacks. A particularly important Mojave example is the Gannon family suit, which belonged to Arcade Gannon's father and survived as both effective equipment and a personal relic of the Enclave remnants. Its history connects the armor to people who carried Enclave technology into later wasteland communities. Although accounts sometimes exaggerate the coils as making a wearer nearly invulnerable, the suit's real importance lies in redirecting a substantial portion of incoming energy and demonstrating how pre-War electrical engineering was adapted to personal protection.","scientist,engineer,military,enclave","Tesla armor is specialized protection against directed-energy weapons. Three prominent attraction-coil rods disperse much of the energy striking the suit. Some versions are modified metal armor intended to protect against conventional attacks as well, while rare family-owned examples preserve connections to former Enclave personnel.",common,"directed energy protection,enclave armor technology,energy dispersal system,gannon family armor,tesla attraction coils",armor,fallout3,mojave,,,https://fallout.wiki/wiki/Tesla_Armor,5662493,Source-grounded editorial rewrite.
combat_armor,"Combat armor is a broad family of pre-War protective suits made from advanced defensive polymers, thermal-dissipative membranes, and concussive plates. The United States military fielded standard and winterized versions, while law-enforcement units used increasingly reinforced riot gear. Desert Ranger armor was associated with Marine service and later influenced the appearance of veteran protectors in the Southwest. Civilian possession once required a special permit, reflecting the equipment's military and police purpose. After the Great War, surviving suits and derivative designs spread among organized wasteland forces. NCR Rangers use combat armor suited to patrols across harsh terrain, while the Van Graffs favor black suits that reinforce their identity as heavily armed energy-weapon merchants. The Brotherhood of Steel also maintains improved versions made with better materials. Camouflaged models show that combat armor could be adapted for specialized environments rather than serving as a single uniform design.","military,engineer,ncr,brotherhood,merchant","Combat armor is lightweight personal protection made from advanced defensive polymers. Pre-War soldiers and law-enforcement units used several versions, including winterized suits and riot gear. After the Great War, NCR Rangers, Brotherhood forces, caravan guards, and well-equipped mercenaries continued to rely on related designs.",common,"brotherhood armor design,defensive polymer armor,law enforcement riot gear,military combat armor,ncr ranger equipment,thermal dissipative membrane",armor,both,,,,https://fallout.wiki/wiki/Combat_Armor,5677184,Source-grounded editorial rewrite.
"fat_man,mini nuke launcher","Development of the M42 Fat Man began at Fort Strong in February 2076 as an effort to give infantry a portable tactical nuclear weapon. Early warheads were too heavy to travel far enough for the operator to escape the blast. Engineers considered a rail-driven launcher, but its power supply would have been too cumbersome for field use, and live-fire failures killed two members of the project. The breakthrough came from adapting a spigot-mortar principle. A sub-charge inside the warhead propelled it from the launcher, providing useful range without the large external power pack or a smoke trail that would reveal the firing team. After one hundred test firings, the design was declared complete in September 2077. Launchers and compatible warheads were then shipped to selected United States military sites. The weapon's combination of portability and nuclear force made it effective against fortified positions, but also extraordinarily dangerous to anyone nearby.","historian,military,engineer,scientist",The M42 Fat Man is a shoulder-fired launcher that catapults miniature nuclear warheads. It was developed at Fort Strong beginning in 2076 so ground troops could destroy reinforced positions. The completed launchers and their warheads were shipped to selected military locations shortly before the Great War.,common,"fort strong development,m42 fat man,mini nuke launcher,portable nuclear weapon,spigot mortar mechanism,tactical nuclear launcher",weapon,both,,2076,,https://fallout.wiki/wiki/Overview:Fat_Man,5674918,Source-grounded editorial rewrite.
"mini_nuke,mini nukes","Mini nukes were developed as the ammunition for the M42 Fat Man project at Fort Strong. Engineers spent more than a year reducing a nuclear warhead to a size that infantry could carry while still giving it enough range to protect the firing team. Simply making the charge smaller did not solve the launch problem, and proposals involving rail technology demanded an impractically large power supply. The final design placed a propelling sub-charge within the warhead so the Fat Man could catapult it using a spigot-mortar arrangement. This avoided the need for a conventional rocket motor and left no smoke trail pointing back to the operator. By September 2077, repeated testing had produced a completed weapon-and-ammunition system. Mini nukes were then distributed with M42 launchers, leaving stockpiles of compact tactical nuclear ordnance scattered among military facilities when the Great War began.","historian,military,engineer,scientist","Mini nukes are compact nuclear warheads fired by M42 Fat Man launchers. They were developed at Fort Strong during the final years before the Great War. Despite serious engineering setbacks, the project was completed in September 2077 and warheads were shipped with launchers to overseas units and selected military sites.",common,"2077 military shipment,fort strong project,m42 launcher ammunition,miniature nuclear warhead,spigot mortar warhead,tactical nuclear ordnance",weapon,both,,2076,,https://fallout.wiki/wiki/Mini_Nuke,5675324,Source-grounded editorial rewrite.
"laser_rifle,AER9 laser rifle","The AER series of laser rifles were produced in small prototype runs by the United States Armed Forces, with the series reaching at least version twelve. The AER9 was considered the most dependable model, owing to its titanium-housed crystal array, which proved more robust than the components used in later variants. An AER14 Prototype has been documented inside Vault 22. Laser rifles can be powered by battery packs, fusion cells, or microfusion cells. While their low recoil makes long-range combat require less marksmanship ability, field service presents challenges: water can clean and cool various parts, but broken lenses require great skill to fabricate or repair, and the Wave Particle Diverter is similarly difficult to manufacture. The Winchester P94 Plasma Rifle shares the same microfusion cell power supply as laser rifles. During the Sino-American War and Resource Wars, laser rifles saw military use alongside the Wattz 2000, a civilian-market rifle manufactured by Wattz Electronics with an extended barrel for greater range.","brotherhood,enclave,military,scientist,wastelander","The AER9 laser rifle is a directed energy weapon developed by the United States Armed Forces before the Great War. It uses microfusion cells as a power source and fires concentrated laser beams through a titanium-housed crystal array. Known for minimal recoil, it is effective at long range. Field maintenance can be performed with water to clean and cool parts, though lenses and the Wave Particle Diverter are difficult to replace.",common,"aer9 laser rifle,directed energy weapon,microfusion cell,pre-war military prototype,titanium crystal array,wave particle diverter",weapon,both,wasteland,,,https://fallout.wiki/wiki/Overview:Laser_Weapon,5676513,"Source mentions AER14 in Vault 22, which is a New Vegas location. Kept within game scope."
plasma_rifle,"Before the Great War, REPCONN Aerospace and Poseidon Energy undertook projects to create plasma rifle prototypes intended to replace the P94 plasma rifle. The Winchester P94 fires superheated plasma down a superconductor barrel, and a modified version known as the Turbo Plasma Rifle accelerates the bolt formation process. The weapon taps into a microfusion cell that functions as a small fusion reactor, the same power supply used by laser rifles. Brotherhood Outcasts researched plasma weaponry at Fort Independence, where scientists studied the toroid plasma mechanism and superconductor barrel design. Elder Lyons of the Brotherhood of Steel in the Capital Wasteland remarked that while everyone knows how to make another human, the secrets to making a P94 Plasma Rifle are all but lost, underscoring the scarcity of manufacturing knowledge for these weapons. Plasma weapons are broadly capable of molecular destabilization, making them devastating against organic targets.","brotherhood,enclave,military,scientist,wastelander","The plasma rifle is a directed energy weapon that fires superheated plasma down a superconductor barrel. It creates a toroid of plasma ejected at high velocity, capable of molecular destabilization. The Winchester P94 model was developed before the Great War. The secrets of manufacturing P94 plasma rifles are considered all but lost in the post-war world.",common,"molecular destabilization,plasma toroid,poseidon energy,repconn aerospace,superconductor barrel,winchester p94 plasma",weapon,both,wasteland,,,https://fallout.wiki/wiki/Overview:Plasma_Weapon,5676517,Elder Lyons and Brotherhood Outcasts at Fort Independence are Fallout 3 references within scope.
gauss_rifle,"The Gauss rifle utilizes magnetic induction to propel projectiles to high speeds, representing a distinct approach from laser and plasma weapons. The German M72 variant fires 2mm EC steel rounds, while a separate U.S. Army variant was developed and deployed before the Great War, notably seeing service during the Battle of Anchorage as part of American military operations against Chinese forces in Alaska. The weapon's electromagnetic acceleration principle sets it apart from conventional firearms and other directed energy weapons, using magnetic coils to achieve exceptional projectile velocity. Related designs include the Gauss pistol, Gauss minigun, and Gauss shotgun, suggesting a family of electromagnetic weapons developed across multiple nations and time periods. The technology shares conceptual similarities with railguns, which also use electromagnetic forces for projectile propulsion.","brotherhood,military,scientist,wastelander","The Gauss rifle is a weapon that uses magnetic induction to propel projectiles to high speeds. A U.S. Army variant was developed and used before the Great War, seeing action during the Battle of Anchorage. The German M72 variant fires 2mm EC steel rounds. It represents one of the most advanced pre-war firearms designs, combining electromagnetic acceleration with precision targeting.",common,"2mm ec rounds,battle of anchorage,electromagnetic projectile,german m72 gauss,magnetic induction weapon,pre-war military weapon",weapon,both,wasteland,,,https://fallout.wiki/wiki/Overview:Gauss_Rifle,5674932,"Battle of Anchorage is referenced in Fallout 3 Operation Anchorage DLC, within scope."
tesla_cannon,"The Tesla Cannon was designed by the U.S. Government as a sister project to Poseidon Energy's Solar Cannon, intended to serve as a lightweight, anti-tank energy weapon. The weapon's design draws from the work of Nikola Tesla, and was described in Future Weapons Today as being light and compact for its capabilities. During the conflict between the Brotherhood of Steel and the Enclave in the Capital Wasteland in 2277, Brotherhood scribes worked to construct their own Tesla Cannons, incorporating Tesla Coils to more effectively counter the Enclave's vertibird aircraft. This adaptation demonstrated the Brotherhood's capacity to reproduce advanced pre-war energy weapons when sufficient technical knowledge and components are available. A miniaturized version of the Tesla Cannon technology is employed by ED-E, a prototype Enclave eyebot, suggesting that the Enclave also pursued scaled-down applications of Tesla-based directed energy technology for autonomous robotic platforms.","brotherhood,enclave,military,scientist,wastelander","The Tesla Cannon is a shoulder-mounted directed energy weapon designed by the U.S. Government as a sister project to Poseidon Energy's Solar Cannon. Based on the designs of Nikola Tesla, it served as a lightweight anti-tank energy weapon. During the Brotherhood-Enclave conflict in the Capital Wasteland, Brotherhood scribes built their own Tesla Cannons using Tesla Coils to counter Enclave vertibirds.",common,"anti-tank energy weapon,brotherhood enclave conflict,nikola tesla design,poseidon energy solar cannon,tesla cannon weapon,tesla coil",weapon,both,wasteland,,2277,https://fallout.wiki/wiki/Overview:Tesla_Cannon,5620642,"ED-E appears in both Fallout 3 and New Vegas. Brotherhood-Enclave conflict in Capital Wasteland is 2277, within scope."
alien_blaster,"The Alien Blaster is a compact energy weapon of extraterrestrial origin, distinguished by destructive power far beyond what its small frame suggests. It fires concentrated energy bolts capable of inflicting catastrophic injuries. Its alien construction means replacement parts and ammunition are almost nonexistent in ordinary wasteland commerce, sharply limiting sustained use. Reports of the weapon are rare and usually associated with crashed craft, strange debris fields, or other evidence of extraterrestrial visitors. Specimens have been reported in both the Capital and Mojave wastelands, although many traders dismiss such stories as rumor. The weapon's scarcity gives it a near-mythical reputation among scavengers and collectors. People who have seen one fired generally agree that its unfamiliar technology is exceptionally lethal, even if they cannot explain its power source or manufacture.","wastelander,mojave,capital_wasteland","The Alien Blaster is a compact, powerful energy weapon of alien origin. It is exceptionally rare in the wasteland, typically associated with downed alien craft or unusual debris fields. The weapon fires concentrated energy bolts with devastating effect despite its small size. Ammunition is scarce, limiting its sustained use. Both Capital Wasteland and Mojave scavengers have reported recovering specimens, though many dismiss such accounts as rumor.",common,"alien energy weapon,capital wasteland weapon,compact energy pistol,extraterrestrial weapon,mojave wasteland weapon,rare alien technology",weapon,both,"capital wasteland, mojave wasteland",2277,2281,https://fallout.wiki/wiki/Overview:Alien_Blaster,5543921,
railway_rifle,"The Railway Rifle is an improvised pneumatic weapon that fires Railway Spikes at high velocity, with enough force to sever and pin limbs to nearby surfaces. It is an uncommon sight even in the Capital Wasteland, where it can be constructed from scavenged components using proper schematics. The weapon requires a Crutch for its stock and grip, a Pressure Cooker serving as the firing chamber, a Steam Gauge Assembly forming the forearm, ammunition storage, and barrel, and a Fission Battery as a power source. The design reflects the ingenuity of wasteland tinkerers who repurpose pre-war industrial parts into functional armaments. Known users are exceedingly rare, and the weapon's unconventional ammunition limits its widespread adoption. Its capacity to pin targets to walls makes it a memorable, if grisly, tool in close-quarters engagements.","capital_wasteland,engineer,wastelander","The Railway Rifle is an improvised pneumatic weapon that fires Railway Spikes at high velocity, capable of severing and pinning limbs to nearby surfaces. It is uncommon in the Capital Wasteland. With proper schematics, it can be crafted from a Crutch, a Pressure Cooker, a Steam Gauge Assembly, and a Fission Battery. Its unconventional ammunition limits widespread use.",common,"capital wasteland firearm,craftable wasteland weapon,improvised pneumatic weapon,railway spike ammunition,scavenger built weapon",weapon,fallout3,capital wasteland,2277,2277,https://fallout.wiki/wiki/Overview:Railway_Rifle,5676572,
chinese_assault_rifle,"The Type 93 Chinese Assault Rifle is an automatic 5.56mm firearm built for military service before the Great War. The designation T 93 is stamped on its receiver. Large wartime stockpiles appear to have survived, because rifles now circulate among Talon Company mercenaries, super mutants, Chinese remnant soldiers, traders, and other armed groups throughout the Capital Wasteland. The weapon combines a sturdy military frame with a detachable magazine and remains effective despite two centuries of scavenging and repair. The Xuanlong Assault Rifle is a notable customized example with a larger magazine and carefully improved working parts. Records also refer to a Chinese Dragoon version connected with specialized troops. Merchants such as Pronto seek bulk shipments of Type 93 rifles, indicating continued demand among settlements and armed organizations that can obtain 5.56mm ammunition and maintain old Chinese equipment.","capital_wasteland,military,merchant,raider","The Type 93 Chinese Assault Rifle is a robust automatic firearm chambered for 5.56mm ammunition. Surviving rifles circulate among Talon Company mercenaries, super mutants, Chinese remnant soldiers, traders, and other armed wasteland groups. The Xuanlong variant has an enlarged magazine, while the standard Type 93 remains valued for dependable firepower and widespread ammunition.",common,"5.56mm assault rifle,capital wasteland firearm,chinese automatic rifle,talon company weapon,type 93 rifle,xuanlong assault rifle",weapon,fallout3,capital wasteland,2277,2277,https://fallout.wiki/wiki/Chinese_Assault_Rifle_(Fallout_3),5609074,
"anti_materiel_rifle,anti material rifle,AMR","The Anti-Materiel Rifle is a bolt-action rifle designed for high-penetration, long-range engagements against hardened targets, vehicles, and fortified positions. Chambered for large-caliber ammunition, it delivers exceptional single-shot damage at the cost of a slow rate of fire dictated by its bolt-action mechanism. The rifle is valued by snipers, NCR marksmen, and independent operators across the Mojave Wasteland who require precision firepower capable of penetrating armor at extended distances. Its weight and ammunition scarcity make it a specialized tool rather than a general-purpose firearm. The weapon's presence in the Mojave reflects the region's militarized landscape, where entrenched factions and hardened targets necessitate anti-materiel capabilities. Modified variants with enhanced components have been circulated through select vendors, offering improved performance for those who can afford them.","mojave,military,ncr","The Anti-Materiel Rifle is a bolt-action rifle designed for long-range, high-penetration engagements against hardened or armored targets. It is found in the Mojave Wasteland and is valued by snipers and military marksmen for its exceptional single-shot damage. Its slow rate of fire and heavy ammunition requirements make it a specialized weapon rather than a standard firearm.",common,"anti materiel firearm,bolt action sniper rifle,high penetration rifle,long range marksman rifle,mojave wasteland weapon",weapon,fnv,mojave wasteland,2281,2281,https://fallout.wiki/wiki/Overview:Anti-Materiel_Rifle,5543746,
"service_rifle,NCR service rifle","The Service Rifle is the backbone of the New California Republic Army's infantry arsenal in the Mojave, issued to troopers deployed across the region from Camp Searchlight to Hoover Dam. The weapon is pre-War in origin, reportedly a hybrid of older American military rifle platforms. It chambers 5.56mm rounds and feeds from a 20-round magazine, sharing iron sights with the lighter Assault Carbine. Its modular design accepts a forged receiver for increased durability and upgraded springs for a higher rate of fire. The rifle is common enough that NCR logistics depend on it heavily; troopers carry them as standard, and fallen soldiers' rifles litter battlefields across the Mojave. A unique variant known as the Survivalist's Rifle, chambered for 12.7mm rounds, was carried by a former U.S. soldier who survived in Zion Canyon after the Great War. The standard Service Rifle can also serve as parts for repairing more complex weapons in the field, a practical consideration for NCR armorers operating far from supply lines.","ncr,military,mojave,merchant","The Service Rifle is a semi-automatic rifle chambered for 5.56mm ammunition with a 20-round magazine, standard issue to NCR Army troopers throughout the Mojave Wasteland. Pre-War in origin, it resembles a blend of older military rifle designs. NCR personnel carry them widely, and they are available from major traders such as the Gun Runners and Crimson Caravan. A forged receiver and upgraded springs can improve durability and rate of fire.",common,"5.56mm semi-automatic,mojave military weapon,ncr standard rifle,pre-war rifle design,trooper sidearm",weapon,fnv,mojave wasteland,,2281,https://fallout.wiki/wiki/Service_Rifle,5484530,The source mentions the Survivalist's Rifle as a variant; I referenced it briefly in the advanced article without detailing its Honest Hearts-specific location or quest context.
marksman_carbine,"The Marksman Carbine is a precision semi-automatic rifle fielded in limited numbers by elite NCR forces, including rangers and troopers stationed at Hoover Dam, as well as some veteran Caesar's Legion fighters during major engagements. Its enhanced-zoom scope uses the same mil-dot reticle found on the Anti-Materiel Rifle and Sniper Rifle, making it effective at extended ranges. The weapon is loosely based on pre-War paratrooper-oriented marksman rifles, and its presence in the Mojave is attributed to the region's proximity to Nellis Air Force Base. Despite sharing 5.56mm ammunition and magazine capacity with the standard Service Rifle, the Marksman Carbine is a distinct, more refined platform with superior accuracy. A unique camouflaged variant known as the All-American was stored in the armory of Vault 34. The weapon is available through the Great Khan Armorer and the Brotherhood of Steel at Hidden Valley, suggesting it circulates among several factions despite its association with NCR forces. Legionary assassins have also been observed carrying them at higher experience levels.","ncr,military,brotherhood,mojave","The Marksman Carbine is a semi-automatic, medium-power rifle with a 20-round magazine and an enhanced-zoom scope featuring a mil-dot reticle. It is highly accurate at long range and chambered for 5.56mm ammunition. Though sharing the same ammunition as the Service Rifle, it is a more specialized precision weapon. It is carried by veteran NCR rangers and troopers at Hoover Dam, and can be purchased from the Gun Runners and other arms dealers.",common,"5.56mm scoped rifle,hoover dam armament,marksman carbine rifle,ncr precision weapon,nellis air force base",weapon,fnv,mojave wasteland,,2281,https://fallout.wiki/wiki/Marksman_Carbine,5609657,Removed references to player experience levels and Legionary Assassin encounter mechanics; rephrased to in-world terms.
survivalists_rifle,"The Survivalist's Rifle is a checkpoint carbine manufactured at Long Branch Arsenal in Ontario, then United States territory. Government property markings identify its 12.7mm chambering. The rifle later belonged to Randall Clark, a former American soldier who survived the Great War and lived alone in Zion Canyon for decades. It uses the familiar Service Rifle pattern but has been adapted for a much larger cartridge, a ten-round magazine, and the hard use expected by a solitary hunter and defender. The stock carries the hand-carved warnings STOP! and ARRÊT!, the latter reflecting Ontario's bilingual heritage. Its bent front sight and worn furniture show years of improvised repair rather than factory perfection. Clark kept the rifle close through his long watch over Zion, and its history makes it both a formidable firearm and a personal artifact of the man remembered by later inhabitants as the Father in the Cave.","tribal,historian,military","The Survivalist's Rifle is a heavily modified Service Rifle chambered for 12.7mm ammunition and fitted with a ten-round magazine. Manufactured at Long Branch Arsenal in Ontario, it bears United States property markings and belonged to Randall Clark, who survived for decades in Zion. Its stock is carved with STOP! and the French ARRÊT!",common,"12.7mm checkpoint carbine,long branch arsenal,randall clark rifle,survivalist firearm,zion canyon weapon",weapon,fnv,zion canyon,,2281,https://fallout.wiki/wiki/Survivalist%27s_Rifle,5655407,"Removed references to player actions, quest completion states, and challenge mechanics."
medicine_stick,"The Medicine Stick is a premium lever-action rifle based on the Brush Gun pattern and chambered for .45-70 Government ammunition. Its tubular magazine holds eight cartridges, each loaded by hand through a gate in the receiver. This arrangement lets a practiced shooter replace only the rounds already fired rather than exchanging an entire magazine. The heavy cartridge, long barrel, and solid action make the rifle suitable for hunting dangerous animals or confronting armored opponents at range. Its furniture and finish distinguish it from ordinary working rifles, presenting it as both a practical weapon and an expensive possession. The Gun Runners offer the Medicine Stick to well-funded buyers, demonstrating their ability to manufacture or acquire specialized arms rather than merely repair common salvage. Maintaining one requires access to .45-70 ammunition and knowledge of lever-action mechanisms, but in experienced hands it is a dependable Mojave long arm.","merchant,mojave,military","The Medicine Stick is a finely made lever-action rifle based on the Brush Gun and chambered for .45-70 Government ammunition. It holds eight cartridges and can be topped up individually through its loading gate. The Gun Runners sell the rifle as a powerful, carefully finished long arm for buyers who can afford exceptional wasteland weaponry.",common,"45-70 lever action,gun runners arsenal,medicine stick rifle,premium mojave weapon,unique brush gun",weapon,fnv,mojave wasteland,,2281,https://fallout.wiki/wiki/Medicine_Stick_(GRA),5674538,"Removed references to V.A.T.S. bugs, save reloading, and DPS as a gameplay stat; rephrased damage comparisons in in-world terms."
euclids_c_finder,"Euclid's C-Finder is a portable targeting device connected to the ARCHIMEDES II orbital laser platform, a pre-war Poseidon Energy weapon system intended for deployment at HELIOS One. The device uses Euclidean geometric principles to calculate a target point from the user's ground position and the satellite's orbital position. When activated outdoors, the C-Finder triggers a five-second targeting sequence displayed on its screen before the satellite delivers a laser strike to the designated coordinates. The weapon requires a full recharge cycle of approximately 24 hours between uses and cannot function indoors or within the blast radius of its own impact. Father Elijah, former elder of the Brotherhood of Steel's Mojave chapter, actively searched for the C-Finder, noting that someone had scavenged and sold it on the New Vegas Strip. Sarah Weintraub, proprietor of a Vault 21-themed hotel on the Strip, confirmed she once possessed the device but sold it to a man wearing a strange collar—likely a reference to one of Elijah's associates. As of 2281, the device has fallen into the hands of a Freeside child named Max, who uses it as a toy, unaware of its destructive potential. The C-Finder will not function unless ARCHIMEDES II has been properly powered and configured.","brotherhood,mojave,scientist","Euclid's C-Finder is a handheld rangefinder linked to ARCHIMEDES II, an orbiting laser weapon platform. It appears as a child's toy in Freeside, where a boy named Max chases another child named Stacey with it. Father Elijah of the Brotherhood of Steel once sought the device. Sarah Weintraub of the New Vegas Strip reportedly sold it to a man wearing a strange collar.",common,"archimedes ii weapon,euclidean targeting device,father elijah search,freeside children toy,helios one technology,orbital laser platform",weapon,fnv,mojave wasteland,2277,2281,https://fallout.wiki/wiki/Euclid%27s_C-Finder,5674542,
"platinum_chip,the Platinum Chip","The Platinum Chip was conceived by Robert House as a critical component in his plan to preserve and elevate New Vegas. Printed in Sunnyvale, California on October 22, 2077, the chip was intended to upgrade the Lucky 38 casino's computer systems and install the Mark II operating system on House's Securitron security robots. Had the chip arrived before the Great War on October 23, 2077, House's defensive systems would have intercepted all incoming nuclear warheads targeting the Las Vegas area; without it, some warheads still struck the region. The chip was lost in the chaos of the war and remained missing for over two centuries. House expended enormous resources searching for it, including 812,545 caps in a single year alone. The chip was eventually located by one of House's scavenger teams. To ensure safe transport, House had multiple delivery routes screened and dispatched the chip through the Mojave Express alongside five decoy packages of novelty items to obscure its importance. The chip's data is encoded on a surface resembling an oversized poker chip. Only two locations possess the computer hardware necessary to read the chip: the Lucky 38 casino and a weather monitoring station beneath Fortification Hill on The Fort, Caesar's Legion's main encampment. The chip's design bears the Lucky 38 logo, and it serves as both a data storage medium and a key to accessing the Securitron vault beneath The Fort.","mojave,ncr,legion,courier","The Platinum Chip is a sophisticated high-density data storage device designed by Mr. House and printed in Sunnyvale, California on October 22, 2077—one day before the Great War. It contains software upgrades for the Lucky 38's systems, including the Mark II operating system for Securitron robots. Mr. House spent vast sums over two centuries searching for it. The chip was eventually recovered and sent via the Mojave Express to New Vegas.",common,"fortification hill bunker,lucky 38 upgrade,mojave express delivery,mr house data chip,securitron mark ii,sunnyvale pre-war manufacture",artifact,fnv,mojave wasteland,2077,2281,https://fallout.wiki/wiki/Platinum_Chip,5593928,
holorifle,"The Holorifle was designed and built by Father Elijah, the former elder of the Brotherhood of Steel's Mojave chapter, during his occupation of the Sierra Madre casino. Elijah fashioned the weapon using advanced technology he had previously acquired from the Big Empty—the pre-war research facility complex known as the Big Mountain Research and Development Center. The Holorifle's design repurposes a standard grenade launcher as its frame, modified with a hologram emitter derived from the Sierra Madre's hologram technology. Rather than firing conventional ammunition, the weapon projects a concentrated photon-based energy projectile, making it most comparable to laser-based energy weapons despite its unique operating principle. The weapon draws power from Microfusion Cells loaded into a tubular under-barrel magazine holding up to four cells. Its pump-action mechanism requires manual reloading one cell at a time, though the process can be interrupted for immediate firing. The Holorifle's integrated scope provides night vision capability at 2.86x magnification. On impact, the projectile applies a lingering damage effect over several seconds, visualized as glowing particles wafting from the target, and causes physical knockback. Elijah constructed the Holorifle partly to circumvent the Sierra Madre's security systems, which confiscate items bearing trace contamination. The weapon can accept three modifications: focus optics increasing damage, advanced calibration reducing spread, and reinforced components improving durability. Due to its unique construction, the Holorifle cannot be repaired using other weapons and requires specialized repair kits or merchant services.","brotherhood,scientist,engineer","The Holorifle is a unique scoped, pump-action energy weapon constructed by Father Elijah using technology obtained from the Big Empty and fashioned from the holograms of the Sierra Madre. Built on a grenade launcher frame, it fires concentrated photon-based projectiles powered by Microfusion Cells loaded into a tubular under-barrel magazine. It deals additional damage over time on impact.",common,"big empty technology,father elijah weapon,microfusion cell ammunition,photon energy projectile,pump action energy weapon,sierra madre hologram technology",weapon,fnv,sierra madre,2281,2281,https://fallout.wiki/wiki/Holorifle,5674476,
automatic_rifle,"The Automatic Rifle is a heavy, fully automatic weapon chambered for .308 ammunition and fed by a twenty-round box magazine. Its construction derives from the pre-War M1918 Browning Automatic Rifle, with changes to the grip and other fittings made for later service. The long barrel and heavy cartridge give it the reach and force expected of a squad support weapon, while its automatic action can keep opponents pinned during an advance or retreat. Those advantages come with demanding handling. Recoil and muzzle movement make careful bursts more effective than uncontrolled fire, and sustained use wears the mechanism quickly unless it is cleaned and repaired. The rifle's considerable weight also makes it awkward for travelers carrying other supplies. Surviving examples are strongly associated with the Sierra Madre and its surrounding Villa, where old security stores and abandoned positions preserved weapons and ammunition behind the sealed resort's defenses.","mojave,wastelander","The Automatic Rifle is a heavy support weapon based on the pre-War M1918 Browning design. It fires .308 ammunition from a twenty-round box magazine and can deliver sustained automatic fire. Its weight, strong recoil, and need for frequent maintenance make it best suited to a prepared position or a physically capable operator.",common,"308 caliber firearm,dead money support weapon,high spread automatic,m1918 automatic rifle,sierra madre weapon,villa police station",weapon,fnv,sierra madre,2281,2281,https://fallout.wiki/wiki/Automatic_Rifle,5674279,
saturnite_fist,"The Saturnite D-25A Fist was produced by the same company that manufactured Cosmic Knives, using a distinctive ceramic alloy known as Saturnite. This material gives the weapon its characteristic dark red and teal finish and reduced weight compared to standard Power Fists, allowing for more rapid successive blows at the cost of per-strike force. The weapon is found exclusively within the Big MT research crater, carried by Lobotomites and scattered in facilities such as the Saturnite Alloy Research Facility, the X-8 Research Center, and the Big MT West Tunnel. A super-heated variant can be produced through the Sink's appliance infrastructure, applying extreme thermal energy to the Saturnite casing. The existence of a dedicated Saturnite Alloy Research Facility suggests Big MT conducted focused metallurgical study into this ceramic and its combat applications, paralleling its other experimental weapon programs.","scientist,engineer,mojave","The Saturnite D-25A Fist is a pre-War unarmed weapon manufactured from the same ceramic material as Cosmic Knives. It resembles a Power Fist but is lighter, trading raw impact for faster strikes. The product code ""D-25A"" and the Saturnite logo are stamped in white on its blackened red and teal frame. Examples have been recovered from Big MT facilities, including the Saturnite Alloy Research Facility.","common,wastelander","big mt weapon,lobotomite equipment,old world blues,saturnite ceramic weapon,unarmed melee weapon",weapon,fnv,mojave,,,https://fallout.wiki/wiki/Saturnite_Fist,5655340,
proton_axe,"The Proton Axe is an Old World weapon developed within Big MT, distinguished by its electrified blue energy blade and dual capacitors. Its design channels protonic energy into close-quarters strikes, making it particularly devastating against robotic targets and individuals wearing powered armor, as the electrical discharge disrupts both circuitry and sealed systems. Cyberdogs are likewise vulnerable to its EMP effect. A stronger variant known as the Protonic Inversal Axe exists, along with thrown variants of both the standard and inversal models. The weapon is commonly recovered from Lobotomites roaming the Big MT crater and has been found in the Forbidden Zone dome. The Proton Axe's existence reflects Big MT's broader program of experimental energy weaponry, and its design has been noted as evocative of pre-War retro-science-fiction aesthetics. Its repairability with the less expensive Proton Throwing Axe makes it a practical field weapon for those operating in the crater.","scientist,engineer,mojave","The Proton Axe is a pre-War melee weapon resembling a futuristic war-axe with a glowing blue blade of electrical energy. Two capacitors on its reverse side share the same electric current. It deals electrical damage and is especially effective against robots and power armor users. It can be repaired using Proton Throwing Axes. The weapon is found in the Big MT crater, often carried by Lobotomites.","common,wastelander","anti robot weapon,big mt weapon,melee energy axe,old world blues,proton energy weapon",weapon,fnv,mojave,,,https://fallout.wiki/wiki/Proton_Axe,5674871,
sonic_emitter,"The Sonic Emitter is an experimental weapon platform developed at Big MT, the pre-War research installation known as the Big Empty. It functions by projecting concentrated sonic energy and can be reconfigured with distinct frequency modules, each altering the weapon's behavior and effectiveness against specific targets or obstacles. The weapon is tied to the Think Tank, a collective of pre-War scientists who replaced their bodies with machines and continue to operate within the crater. The Sonic Emitter exemplifies Big MT's approach to weaponizing unusual scientific principles, alongside projects that produced the Cazador, Nightstalker, Robo-Scorpion, and other anomalous creations. The crater's facilities, including the X-8 Research Center, X-13 Research Facility, and the Forbidden Zone, house much of this technology. The Sonic Emitter's modular nature makes it one of the more adaptable weapons recovered from the Big Empty, reflecting the installation's emphasis on versatile, experimental design.","scientist,engineer,mojave","The Sonic Emitter is a weapon recovered from Big MT, developed as part of the crater's pre-War research programs. It projects focused sonic energy and can be modified with different frequency modules to alter its properties. The weapon is associated with the Think Tank's experimental technology and represents one of several unique armaments found within the Big Empty.","common,wastelander","big mt weapon,modular frequency weapon,old world blues,sonic energy weapon,think tank technology",weapon,fnv,mojave,,,https://fallout.wiki/wiki/Old_World_Blues,5609198,
"stimpak,stimpack,stimpacks","Stimpaks were mass-produced before the Great War and became the standard pre-War medical intervention for trauma recovery. Their contents—a blend of healing agents, stimulants, antiseptic, blood compounds, and steel—accelerate the body's natural regenerative processes to a remarkable degree, frequently closing wounds almost instantly. The syringe features a content gauge and supports both intravenous and intramuscular administration. Professionally, stimpaks were used in conjunction with Auto-Docs and painkillers such as Med-X for postoperative care. The sheer volume of pre-War production ensured their survival into the post-apocalyptic era, and they remain among the most widely recognized and sought-after medical supplies in the wasteland. Research into improving stimpak formulations has continued post-War; a genetically bred strain of mutfruit known as strain 17 produces a unique sugar compound that stimulates platelet production and rapidly closes wounds. However, wild mutfruits absorb radiation and develop toxins that dilute the compound's effectiveness, meaning full utilization requires cultivation in a sterile laboratory environment. This limitation has prevented widespread adoption of the improved formula.","doctor,scientist,followers","A Stimpak is a handheld healing syringe filled with a mixture of healing agents, stimulants, antiseptic, blood, and steel. It boosts the body's natural regenerative functions, often producing near-instantaneous wound recovery. The syringe includes a gauge for checking its contents and can be administered intravenously or intramuscularly. Millions were produced before the Great War, making them a common sight across the wasteland.","common,wastelander,doctor","auto-doc supply,healing syringe,pre-war medicine,regenerative stimulant,wasteland medical item",medicine,both,mojave,,,https://fallout.wiki/wiki/Stimpak,5398518,
"super_stimpak,super stimpack","Stimpaks represent one of the most significant pre-war medical advances, syringes containing a mixture of healing agents, stimulants, antiseptic, blood, and steel that boost the body's natural regenerative functions. In most cases, application leads to almost instantaneous regeneration of wounds. The syringe is equipped with a gauge for quickly identifying the state of the contents and can be used either intravenously or intramuscularly. Before the Great War, stimpaks were employed professionally through Auto-Docs in conjunction with Med-X and other painkillers for postoperative care and recovery. John Cassidy once expressed gratitude that millions were produced before the war, ensuring their availability in the post-apocalyptic world. A notable refinement involved a genetically bred strain of mutfruit, strain 17, which naturally produces a unique sugar compound that stimulates platelet production and rapidly closes wounds. However, wild mutfruits are largely unviable due to irradiation and toxins, meaning full utilization requires cultivation in a sterile lab environment. Super stimpaks represent a more powerful variant of this already remarkable medical technology.","doctor,wastelander","A super stimpak is a more potent variant of the standard stimpak, a handheld healing medication. Stimpaks are syringes filled with healing agents, stimulants, antiseptic, blood, and steel, boosting the body's natural regenerative functions for near-instantaneous wound recovery. The syringe includes a gauge for identifying contents and can be administered intravenously or intramuscularly. Millions were produced before the Great War.",common,"healing medication,mutfruit strain 17,pre-war medical technology,regenerative medicine,stimulant mixture,syringe delivery system",medicine,fnv,,,,https://fallout.wiki/wiki/Stimpak,5398518,
"radaway,rad away","RadAway is a chemical solution designed to bond with radioactive particles and remove them from the user's system. The purging process takes time to complete and is known to cause unpleasant side effects, including nausea, diarrhea, stomach pains, and headaches. In the Capital Wasteland and the Mojave Wasteland, RadAway takes the form of a simple IV bag with ""Rad Away"" written on it in marker pen, a stark contrast to earlier designs that featured a translucent IV bag with a large red cross. The medicine is an essential tool for wasteland travelers who must contend with irradiated water sources, contaminated food, and areas saturated with residual radiation from the Great War. Despite its utility, RadAway has been known to carry addictive risk in some contexts, making repeated use a concern for those who rely on it heavily.","doctor,wastelander","RadAway is a chemical solution that bonds with radioactive particles and removes them from the user's system. Purging radiation takes time and can cause side effects including nausea, diarrhea, stomach pains, and headaches. In the Capital Wasteland and Mojave, it appears as a simple IV bag with ""Rad Away"" written on it in marker pen.",common,"anti-radiation chem,chemical solution,iv bag delivery,radiation treatment,radioactive purging,wasteland medicine",medicine,both,,,,https://fallout.wiki/wiki/RadAway,5610779,
rad_x,"Rad-X is a potent anti-radiation medicine that bolsters the user's natural radiation resistance. It is recommended to take Rad-X prior to radiation exposure, as it can greatly reduce irradiation, particularly when combined with advanced radiation suits. Unlike most other chems available in the wasteland, Rad-X is addiction-free, making it perfectly safe to use without risking the chance of dependency. This lack of addictive properties sets it apart from many other chems and medicines found throughout the Capital Wasteland and Mojave Wasteland. Furthermore, the duration of its protective effects can be stacked if multiple doses are taken at once, allowing travelers to extend their protection during prolonged exposure to irradiated environments. This makes Rad-X an invaluable tool for explorers venturing into areas with high background radiation, such as irradiated ruins, contaminated water sources, and other hazardous locations scattered across the post-apocalyptic landscape.","doctor,wastelander","Rad-X is a potent anti-radiation medicine that bolsters the user's natural radiation resistance. Taking it prior to exposure is recommended, as it can greatly reduce irradiation, particularly when combined with advanced radiation suits. Unlike most chems, Rad-X is addiction-free, making it safe to use without risk of dependency. Multiple doses can extend its duration.",common,"anti-radiation medicine,non-addictive chem,pre-war pharmaceutical,radiation protection,radiation resistance,wasteland chem",medicine,both,,,,https://fallout.wiki/wiki/Rad-X,5601548,
doctors_bag,"Doctor's bags are large bags used for healing properties throughout the Capital Wasteland and Mojave Wasteland. When used, they provide a substantial bonus to medical skill, making them invaluable for wasteland practitioners who may lack formal training but must nonetheless treat the injuries and ailments common to post-apocalyptic life. The bags typically contain essential medical supplies and equipment needed for field treatment. In the harsh conditions of the wasteland, where professional medical facilities are rare and Auto-Docs are even rarer, a doctor's bag can mean the difference between life and death. They are sought after by travelers, settlers, and anyone who might need to perform emergency medical procedures far from established settlements. The concept of a portable medical kit has roots in pre-war medical practice, adapted for the realities of a world where professional healthcare is scarce.","doctor,wastelander","A doctor's bag is a large bag used for healing purposes. When used, it provides a significant bonus to medical knowledge and skill, making it a valuable tool for those practicing medicine in the wasteland. These bags contain supplies and equipment essential for treating injuries and ailments common to post-apocalyptic life.",common,"field medicine,healing equipment,medical skill bonus,medical supply bag,portable medical kit,wasteland healthcare",medicine,both,,,,https://fallout.wiki/wiki/Doctor%27s_Bag,5675181,
med_x,"Med-X is a potent injectable painkiller whose active ingredient acts as a general anesthetic, dulling pain throughout the body. Its immediate effects commonly include listlessness and lethargy, while visible signs can include contracted pupils and involuntary spasms. Wasteland doctors and chem users value it because a person under its influence can endure injuries that would otherwise be disabling, but the drug does not repair the underlying damage. Dosage is especially important: repeated use carries serious risks, and five or more doses may be fatal. Like many surviving medical chems, Med-X is therefore useful in emergencies but dangerous without restraint, medical judgment, and attention to the user's condition.","doctor,scientist","Med-X is a powerful painkiller and general anesthetic that dulls pain throughout the body. It often leaves users listless or lethargic, with contracted pupils and involuntary spasms. Repeated doses are dangerous, and taking five or more can be fatal.",common,"contracted pupil symptoms,dangerous repeated dosage,general anesthetic chem,med x painkiller,wasteland medical chem",medicine,both,,,,https://fallout.wiki/wiki/Med-X,5566276,Source-grounded editorial rewrite.
jet,"Jet is a highly addictive stimulant that excites the central nervous system, produces a brief euphoric rush, and alters the user's perception of time. Its manufacture is tied to contaminated pre-War protein extracts that survived in brahmin digestive systems; fumes from their excrement can provide the basis for the drug. In the late 2230s, Myron researched a more addictive form for the Mordino family in New Reno, where production and distribution became tools of criminal power. Manufacturing later spread across the wasteland. In the Mojave, the Great Khans make Jet for income and sell it to groups such as the Fiends, while the Omertas use addiction to control vulnerable workers. Tainted batches can cause delayed sickness, and addiction may require a specialized antidote or medical treatment.","doctor,scientist,great_khan,raider,historian",Jet is a highly addictive stimulant that produces a short euphoric rush and alters a user's perception of time. It can be made from fumes created by contaminated pre-War protein extracts passing through brahmin. Great Khans and other wasteland chem makers manufacture and sell it widely.,common,"brahmin fume production,great khan chem trade,jet addiction treatment,jet stimulant chem,mordino drug network,myron jet research",medicine,both,,2230,,https://fallout.wiki/wiki/Jet,5610825,Source-grounded editorial rewrite.
psycho,"Psycho is a military-grade, psychosis-inducing stimulant developed by researchers working under General Constantine Chase. Its distinctive injector mixes several military chemicals immediately before administration. The drug entered combat use during the final stages of the Anchorage campaign even though clinical trials were incomplete. It was intended to reduce the effects of attrition by dulling higher brain functions, increasing aggression, and making soldiers harder to stop. Those same effects also made users jumpy, violent, and difficult to control. Psycho can cause fatal heart attacks in people with weak hearts, while long-term use is associated with dementia, psychosis, agitation, and internal damage. Addiction intensifies these symptoms and can become so severe that ordinary wasteland treatments no longer break the habit, making the drug dangerous even when its short-term combat effects appear useful.","doctor,scientist,military,historian","Psycho is a military-grade stimulant delivered by an injector that mixes its chemicals before use. It was developed for American troops during the Anchorage campaign to suppress fear and pain while increasing aggression. Users risk heart attacks, psychosis, dementia, agitation, internal damage, and severe addiction.",common,"anchorage military drug,general chase research,psycho combat stimulant,psycho injector chemicals,psychosis inducing amphetamine,severe chem addiction",medicine,both,,2076,,https://fallout.wiki/wiki/Psycho,5503801,Source-grounded editorial rewrite.
buffout,"Buffout is a powerful anabolic steroid that was popularized before the Great War by professional athletes using it in secret. It is commonly found as pills stored in small medicine bottles, making it simpler to carry and administer than injectable combat chems. Users take Buffout for a temporary increase in physical power and sharper reflexes, qualities that made the drug attractive to athletes before the war and to laborers, fighters, and scavengers afterward. The apparent benefits come with a serious disadvantage: Buffout is highly addictive. Regular users may come to depend on it while pursuing the short-lived physical boost, turning a useful emergency chem into an ongoing medical problem. Knowledgeable wasteland doctors therefore treat Buffout as a potent drug rather than an ordinary nutritional supplement.","doctor,scientist","Buffout is a potent anabolic steroid sold as pills in small bottles. It became popular before the Great War through clandestine use by professional athletes. The drug temporarily increases a user's physical power and reflexes, but it is highly addictive.",common,"addictive strength drug,buffout anabolic steroid,buffout pill bottles,physical enhancement chem,pre war athletes",medicine,both,,,,https://fallout.wiki/wiki/Buffout,5539678,Source-grounded editorial rewrite.
mentats,"Mentats were among the most successful pre-war products of Med-Tek Laboratories, marketed for their ability to boost creativity and cognitive function. The tablets increase memory-related functions and speed other mental processes, making them popular among intellectuals, students, and those seeking enhanced mental performance. However, the drug is highly addictive, and withdrawal manifests primarily as headaches. Mentats developed a cultural reputation as the drug of choice for ""beatniks"" and ""armchair philosophers,"" though they also served a legitimate medical purpose for individuals suffering from memory issues. Med-Tek noted that the drug affects developing adolescent minds, resulting in a permanent intelligence increase, which led to increased sales in school districts. The company tracked complementary sales of Fixer rising in areas where Mentats were heavily distributed, and projected significant growth for their Prevent product line in the years following 2077. Fruit-flavored Mentats were offered as rewards at the National Archives for visitors who completed a basic history quiz, reflecting the drug's cultural penetration into educational and civic institutions before the war.","common,historian,scientist,wastelander","Mentats are chalky tablets manufactured by Med-Tek Laboratories before the Great War. They enhance memory-related functions and accelerate mental processes, but are highly addictive. The drug was favored by so-called ""beatniks"" and ""armchair philosophers,"" though it also helped those suffering from memory issues. Withdrawal causes headaches. Fruit-flavored Mentats were once available as prizes at the National Archives for completing a basic history quiz.",common,"addictive drug,intelligence boost,med-tek laboratories,memory enhancement,pre-war chem",medicine,both,wasteland,,,https://fallout.wiki/wiki/Mentats,5661999,
hydra,"Hydra is a limb-restoring chem common in the Mojave Wasteland, distinguished by its appearance: a Supa Yum!-brand fruit drink bottle with three sealed glass vials of liquid taped around its middle, each connected by thin rubber tubes feeding contents to the bottle's mouth. Unlike stimpaks, Hydra specifically heals crippled limbs, doing so gradually over roughly sixty seconds, making it valuable in sustained combat where multiple limbs may be injured in succession. The NCR military has employed Hydra for medical purposes, indicating some level of institutional acceptance despite its addictive potential. The chem carries approximately a ten percent risk of addiction, with withdrawal symptoms including reduced endurance. Hydra has a distinct and noticeable smell, and excessive use produces symptoms typical of drug abuse: dilated eyes, elevated heart rate and blood pressure, and excessive sweating. The Great Khans are closely associated with Hydra production; Jack, a dealer at the Red Rock Drug Lab, is a reliable source. Hydra can be crafted using cave fungus and other ingredients, and the Great Khans can be persuaded to manufacture medical supplies including Hydra for distribution.","common,great_khan,mojave,ncr,wastelander","Hydra is a chem found throughout the Mojave Wasteland, used to restore health to crippled limbs. It appears as a Supa Yum!-brand fruit drink bottle with three sealed glass vials of liquid taped around it. The NCR military has utilized Hydra for medical purposes. It has a distinct, noticeable smell and carries a risk of addiction. Excessive use causes dilated eyes, increased heart rate, blood pressure, and excessive sweating.","common,mojave","addictive substance,crippled limb healing,great khan production,mojave chem,ncr military medicine",medicine,fnv,mojave,2281,2281,https://fallout.wiki/wiki/Hydra,5277470,
fixer,"Fixer was created by Med-Tek Laboratories as a means of temporarily flushing out the effects of chem addiction. The product packaging bears the abbreviated label ""MEDTEX."" When administered, Fixer negates the current addiction, though the addiction can always be reacquired through continued use of the causative drug. The treatment comes with a notable side effect: the user experiences a period of wooziness characterized by blurred vision and loud auditory static occurring roughly every fifteen to thirty seconds, similar to the sensation of being poisoned. These effects are temporary but can be disorienting, particularly in combat situations. Fixer is found across the Mojave Wasteland in locations including Camp Golf's House Resort, Aerotech Office Park, Jacobstown Lodge, Camp McCarran, Vault 21, and Vault 3. It is also sold by merchants such as Dixon in Freeside and Dr. Ada Straus in Novac, and can be purchased from bartenders at Gomorrah. The Followers of the Apocalypse at the Old Mormon Fort in Freeside have been involved in efforts to use Fixer to help addicted individuals, reflecting the organization's humanitarian mission. Fixer is also associated with the Happy Trails Expedition and broader efforts to address chem dependency in the wasteland.","common,doctor,followers,mojave,wastelander","Fixer is a Med-Tek product designed to temporarily cure chem addictions. It clears the addiction but causes a side effect of nausea, producing blurred vision and loud static noises lasting roughly fifteen to thirty seconds. The addiction can be reacquired by continued use of the original drug. Fixer can be found at various locations including Camp Golf, Aerotech Office Park, Jacobstown, and Vault 21, and is sometimes sold by merchants such as Dixon in Freeside.","common,mojave","addiction treatment,chem withdrawal cure,med-tek product,mojave medicine,nausea side effect",medicine,fnv,mojave,2281,2281,https://fallout.wiki/wiki/Fixer,5575256,
"cateye,cat eye","Cateye is a vision-enhancing chem used throughout the Mojave Wasteland to improve sight in dark environments. When consumed, it imparts a blue tint to the user's vision, significantly improving color contrast in dark areas, though it does not extend the actual range of sight into darkness. The drug is notably less effective outdoors, particularly during daylight hours, when use can result in a temporary inability to distinguish many colors until the effects wear off. Cateye is considered more potent than natural night-vision abilities, providing greater color-contrast enhancement in darkened interiors and caves. The chem is distributed across numerous locations in the Mojave: jars can be found in Goodsprings Cave, the Prospector's Den, Broc Flower Cave near Ratslayer, Black Mountain near irradiated puddles, Vault 3, Camp Golf's House Resort, and the Searchlight NCR Storage basement. It is available for purchase from Dr. Ada Straus in Novac and in substantial quantities at the Gomorrah casino. Veteran Atticus at the Caesar's Legion Safehouse also supplies Cateye twice weekly. Nuka-Cola Quartz produces a similar visual enhancement effect, offering an alternative for those seeking improved night vision without directly consuming the chem.","common,mojave,legion,wastelander","Cateye is a chem that enhances vision in dark places, giving a blue tint to the user's sight. It is less effective outdoors, especially during daytime, and can cause temporary loss of color perception when used in daylight. Cateye can be purchased from Dr. Ada Straus in Novac and in large quantities at the Gomorrah casino. Jars of Cateye are found in various locations across the Mojave Wasteland, including Goodsprings Cave and Broc Flower Cave.","common,mojave","blue tint vision,color perception loss,darkness enhancement,mojave chem,night vision chem",medicine,fnv,mojave,2281,2281,https://fallout.wiki/wiki/Cateye,5571257,
"antivenom,anti venom","Antivenom is produced by combining nightstalker blood with radscorpion glands, yielding a general-purpose antidote effective against a broad range of wasteland venoms. Its preparation requires practical survival knowledge, and the resulting flask can counteract the toxins of nightstalkers, bark scorpions, radscorpions, and cazadores, while also dispelling the disorienting visual blur that venom induces. Caesar's Legion troops frequently carry doses, suggesting the Legion maintains some capacity for battlefield medicine despite its otherwise primitive reputation. Supplies are also found in established clinics such as Doc Mitchell's practice in Goodsprings and the Camp Forlorn Hope medical center. Ulysses, a former Frumentarius, recalls that his tribe, the Twisted Hairs, once produced a superior remedy called Snakebite Tourniquet that did not require scavenging glands or blood, implying that more sophisticated antivenom traditions existed among certain tribal peoples before their absorption or destruction. A distinct variant, datura antivenom, is associated with the Zion Canyon region.","legion,mojave,tribal,doctor","Antivenom is a medicinal remedy used to cure poisoning from creature venom. It is effective against the venom of nightstalkers, bark scorpions, radscorpions, and cazadores, and also clears the blurred vision that accompanies envenomation. It is commonly carried by Caesar's Legion troops and can be found in clinics and shelters across the Mojave Wasteland. A variant known as datura antivenom exists in the Zion region.",common,"cazador venom,legion medicine,nightstalker blood,poison remedy,radscorpion glands,snakebite tourniquet",medicine,fnv,mojave wasteland,,2281,https://fallout.wiki/wiki/Antivenom,5644227,The source mentions crafting mechanics and specific locations; I have abstracted these into in-world knowledge about availability and production.
healing_powder,"Healing powder represents one of the more basic forms of wasteland medicine, relying on two widely available natural ingredients: broc flower and xander root. When the dried flower is combined with the crushed root, the resulting powder produces a foul-smelling but functional remedy for injuries. Its simplicity makes it accessible to communities lacking access to pre-war pharmaceutical production or advanced chemically synthesized stimulants such as stimpaks. The remedy is closely associated with tribal peoples and other groups operating outside the infrastructure of major factions like the NCR or Caesar's Legion, though its use is not limited to them. The same two ingredients—broc flower and xander root—can also be used in the preparation of stimpaks, suggesting that healing powder occupies a lower rung on a shared pharmacological ladder. Its continued use reflects the scarcity of manufactured medicine and the persistence of folk pharmacology in the post-war world.","tribal,wastelander,doctor",Healing powder is a primitive medicinal remedy made by combining dried broc flower with crushed xander root. The resulting mixture is foul-smelling but effective at treating wounds. It is considered a crude alternative to more advanced chemically manufactured medicines and is associated with tribal and low-technology communities in the wasteland.,common,"broc flower,folk medicine,primitive medicine,tribal pharmacology,wasteland remedy,xander root",medicine,fnv,mojave wasteland,,2281,https://fallout.wiki/wiki/Healing_Powder,5540130,The source extract is brief; the advanced article extrapolates cultural context from the ingredients and their shared use in stimpak crafting.
broc_flower,"Broc flowers are harvested from broc plants, hardy flora that have survived in the post-war environment and continue to bloom in the wasteland. The flowers serve as a key ingredient in two distinct medicinal preparations: healing powder, a primitive remedy combining broc flower with xander root, and stimpaks, more advanced restorative items that also draw on the same natural component. This dual role places broc flowers at a crossroads between folk pharmacology and more sophisticated medical technology, as the same blossom can be processed into either a crude poultice or a component of a pre-war-derived stimulant delivery system. Broc flowers are known to grow in locations such as broc flower caves, indicating the plant can thrive in sheltered subterranean environments as well as open ground. Their continued availability makes them one of the more recognizable botanical resources for wasteland healers and survivalists.","wastelander,doctor,tribal","Broc flower is a plant blossom gathered from broc plants growing in the wasteland. It is used as an ingredient in the preparation of healing powder and stimpaks, making it a valuable resource for travelers and healers. The flower is known to grow in cave environments as well as open terrain.",common,"broc plant,cave plant,healing powder ingredient,medicinal plant,stimpak ingredient,wasteland flora",medicine,fnv,mojave wasteland,,2281,https://fallout.wiki/wiki/Overview:Broc_Flower,5543783,The source is brief; the advanced article expands on the flower's role bridging primitive and advanced medicine.
xander_root,"Xander root is a hardy root vegetable or tuber that grows in the post-war wasteland and serves as a foundational ingredient in wasteland pharmacology. When crushed and combined with dried broc flower, xander root produces healing powder, a foul-smelling but functional primitive remedy. The same root is also used in the preparation of stimpaks, the more advanced restorative stimulants that trace their origins to pre-war medical technology. This shared usage between a crude folk remedy and a sophisticated pharmaceutical product underscores the adaptability of wasteland healers, who can employ the same natural resource at different levels of technical refinement. Xander root's availability across the wasteland makes it a staple for tribal communities, traveling merchants, and settlement doctors alike. Its role in both healing powder and stimpak production ensures that knowledge of where to find and how to process it remains valuable survival knowledge.","wastelander,doctor,tribal","Xander root is a plant root gathered from the wasteland and used as an ingredient in the preparation of healing powder and stimpaks. Like broc flower, it is one of the natural components relied upon by healers and survivalists who lack access to manufactured pharmaceuticals. It can be consumed on its own or processed into medicine.",common,"healing powder ingredient,medicinal root,plant root,stimpak ingredient,survival resource,wasteland flora",medicine,fnv,mojave wasteland,,2281,https://fallout.wiki/wiki/Xander_Root,5543556,The source is brief; the advanced article draws on the shared ingredient relationship with broc flower and stimpaks.
"sunset_sarsaparilla,Sunset","The Sunset Sarsaparilla Company was founded in 1918 and grew over decades to become a nationally recognized brand, reaching consumers across the United States and Canada by 2077. Its success prompted the Nuka-Cola Corporation to launch Nuka-Cola Wild in 2058 as a direct competitor after negotiations with the southwestern company fell through. Despite its popularity, a study broadcast on Channel 6 claimed that consuming large quantities caused a wide range of harmful side effects, including kidney damage, nausea, digital numbness, anxiety, loss of visual acuity, dizziness, occasional nosebleeds, joint inflammation, tooth decay, sore throat, bronchitis, organ rupture, and halitosis. The drink is made with pure cane sugar. Certain bottles bear a distinctive blue star on the bottle cap, part of a pre-War promotion where participants could redeem fifty star caps at the company's Las Vegas headquarters for a prize. In the post-War Mojave, Sunset Sarsaparilla bottle caps are accepted by merchants alongside standard Nuka-Cola caps as a nonstandard currency variant.","common,mojave,merchant","Sunset Sarsaparilla is a pre-War soda first produced in 1918 by the Sunset Sarsaparilla Company. By 2077 it had spread nationwide and into Canada, competing with Nuka-Cola's rival Nuka-Cola Wild. The drink is made with pure cane sugar. A pre-War study linked heavy consumption to kidney damage, nausea, dizziness, and other harmful effects. Some bottles feature star bottle caps.",common,"blue star caps,mojave beverage,nuka-cola competitor,pre-war soda brand,sunset sarsaparilla company",medicine,fnv,,1918,,https://fallout.wiki/wiki/Sunset_Sarsaparilla,5561719,
nuka_cola,"Nuka-Cola entered the beverage market in 2044 after two years of experimentation by John-Caleb Bradberton. Its unique taste resulted from a combination of seventeen fruit essences balanced to enhance classic cola flavor, and it contained 120% of the recommended daily allowance of sugar. Within a year it was available nationwide, and by 2067 a vending machine stood on almost every street in America. The iconic rocket-shaped bottle replaced an earlier curved blue glass design after a rival corporation successfully sued for patent infringement, resulting in increased sales. Numerous flavor variants followed, including cherry, grape, and orange. The final variant, Nuka-Cola Quantum, was created in October 2076 using an isotope of strontium-90, the product of a three-year research program. Marketed as fortified with vitaminerals and health tonics, frequent consumption could cause addiction and splitting headaches. The Nuka-Cola Corporation aggressively competed with rivals, launching Nuka-Cola Wild to counter Sunset Sarsaparilla and hiring mercenaries to sabotage Vim! Pop operations. The company also purchased existing soda brands, rebranding them as new Nuka-Cola flavors. In the post-War world, Nuka-Cola remains the soft drink of choice for many wastelanders, and its bottle caps function as the standard currency across the wasteland.","common,capital_wasteland,mojave,merchant","Nuka-Cola is a soft drink invented by John-Caleb Bradberton in 2044 and produced by the Nuka-Cola Corporation. It dominated the American soda market, containing 17 fruit essences and 120% of the recommended daily sugar allowance. Its signature rocket-shaped bottle replaced an earlier curved blue design. Post-War, Nuka-Cola bottle caps serve as the most common wasteland currency.",common,"bottle cap currency,john-caleb bradberton,nuka-cola corporation,nuka-cola quantum,pre-war soft drink,rocket-shaped bottle",medicine,both,,2044,,https://fallout.wiki/wiki/Nuka-Cola,5651983,
"bottle_cap_currency,caps,bottle caps","Bottle caps emerged as the dominant post-War currency due to several practical advantages: they are difficult to counterfeit, the total number in circulation is relatively small, and they can be traded virtually anywhere. The Crimson Caravan Company has sought to control all bottle cap production to prevent mass production and inflation, maintaining the currency's stability by replacing worn and damaged caps. An advertising campaign by the Nuka-Cola Corporation once allowed the exchange of bottle caps with robotic vendors at the Whitespring Resort following the release of Nuka-Cola Quantum. In the Mojave Wasteland, bottle caps circulate alongside NCR dollars and Legion denarius, all recognized as legal tender by caravan companies and on the New Vegas Strip. Merchants in the Mojave also accept nonstandard variants such as Sunset Sarsaparilla bottle caps. The Sink Central Intelligence Unit was programmed by Doctor Mobius to accept bottle caps, either for debugging purposes or as part of his speculation concerning post-holocaust economic systems. The widespread use of caps is tied to their ubiquity as Nuka-Cola bottle caps, the most commonly encountered type.","common,mojave,merchant,capital_wasteland,caravaner","Bottle caps are the standard currency across the wasteland, valued because they are difficult to counterfeit and exist in limited numbers. They can be traded nearly anywhere. In the Mojave, bottle caps, NCR dollars, and Legion denarius are all accepted as legal tender by caravan companies and on the New Vegas Strip. Mojave merchants also accept Sunset Sarsaparilla caps.",common,"bottle cap trade,crimson caravan company,mojave legal tender,nuka-cola caps,wasteland currency",concept,both,,,,https://fallout.wiki/wiki/Bottle_Cap,5610746,
"ncr_dollar,NCR money","The New California Republic issues its own paper currency, the NCR dollar, as part of its development into a large nation with formal institutions including a military, courts, and representative government. The currency is printed and circulated in several denominations—$5, $20, and $100—and is valued at approximately half the equivalent of bottle caps. The notes are issued by the Republic Reserve Bank located in Angel's Boneyard, and the signature of Treasurer John Michael Henderson appears on the front of all notes. In the Mojave Wasteland, NCR dollars are accepted as legal tender alongside bottle caps and Legion denarius by caravan companies and on the New Vegas Strip. The Republic's economy is supported by trade routes and merchant companies such as the Crimson Caravan, the Far Go Traders, and the Gun Runners. The NCR's economic strength has historically depended on gold reserves, and landowners and Brahmin Barons within the Stockmen's Association utilize bribery to influence their stake in the economy. The NCR also competes with other political powers for valuable trading assets such as gold ore from Redding's mines.","ncr,mojave,merchant,caravaner","The NCR dollar is the official currency of the New California Republic, printed in denominations of $5, $20, and $100. It is valued at roughly half the equivalent of bottle caps. Notes are issued by the Republic Reserve Bank in Angel's Boneyard and bear the signature of Treasurer John Michael Henderson.",common,"mojave legal tender,ncr currency,ncr economy,paper money denomination,republic reserve bank",concept,fnv,,,,https://fallout.wiki/wiki/New_California_Republic,5594226,
"legion_denarius,denarius,aureus","The Legion denarius follows the silver currency of the ancient Roman Empire that Caesar used as a model for his state. The coin is minted from scavenged silver and bears Caesar's profile with the words Caesar Dictator, while Magnum Chasma appears on the reverse. Its gold counterpart, the aureus, is worth twenty-five denarii, preserving the exchange ratio used by Rome. A denarius normally trades for about four bottle caps in the Mojave because merchants recognize the value of its metal even when they reject Legion rule. Damaged coins may be accepted for less, and some have been repurposed as metal shot for improvised ammunition. New Vegas casinos exchange winnings for Legion money at established rates, and denarii also serve as pieces in Caravan. The coin therefore circulates beyond Legion territory despite the regime's hostility toward outside culture and independent commerce.","legion,merchant,mojave","The denarius is one of two forms of currency used by Caesar's Legion, the other being the more valuable aureus. The coin bears Caesar's profile on its face, inscribed ""Caesar Dictator,"" with ""Magnum Chasma"" on the reverse. It is minted from scavenged silver and is the more commonly encountered of the two Legion coins. In the Mojave Wasteland, it is accepted as payment owing to its precious metal content, with a typical exchange rate of four bottle caps to one denarius.",common,"caesar legion currency,coin shot ammunition,denarius and aureus,mojave exchange rate,roman inspired currency,silver coin minting",concept,fnv,mojave wasteland,2274,2281,https://fallout.wiki/wiki/Legion_Denarius,5664520,The previous draft was rejected because GLM returned an unsupported category. The category 'concept' is in the allowed list.
"caravan_trade,caravans","The Crimson Caravan Company exemplifies the scale and ruthlessness of wasteland caravan trade. Established in the Hub over 130 years ago, it became one of New California's most influential merchant houses, holding two of six seats on the Hub's Council. Its early success stemmed from a policy of accepting any job, no matter the danger, and employing only experienced guards paid six hundred bottle caps per run. With the formation of the New California Republic, the company became a key driver of the Republic's economy, securing lucrative contracts to supply military-grade weaponry and equipment. The company's organizational structure relies on fixed-duration work contracts: employees receive food, water, and quarters but forfeit wages if they leave early, and non-compete clauses can restrict future employment. In the Mojave, executive manager Alice McLafferty oversees operations from a New Vegas branch hampered by the incompetent Henry Jamison, installed through pressure from the Jamison family of Redding. McLafferty upholds the company tradition of undermining competitors through sabotage, industrial espionage, and buyouts, including an agreement with the Van Graffs to eliminate rivals. Competitors include the Gun Runners, Cassidy Caravans, the Far Go Traders, and the Mormon traders of New Canaan. Following the destruction of the NCR's gold reserves, Crimson Caravan and other Hub merchants reportedly conspired to reintroduce the bottle cap as the standard wasteland currency.","caravaner,merchant,ncr,mojave","Caravan trade is the lifeblood of commerce across the wasteland, with heavily armed convoys of pack brahmin carrying goods between settlements along established routes. The Crimson Caravan Company, founded in the Hub over a century ago, is among the largest such operations, known for taking any job regardless of risk. Caravaneers wear light leather armor and carry firearms for protection. Competition between trading houses is fierce, involving sabotage, espionage, and buyouts alongside open commerce.",common,"alice mclafferty,bottle cap currency,crimson caravan company,hub merchant houses,mojave caravan routes,ncr trade economy,pack brahmin convoys",culture,both,capital wasteland and mojave wasteland,2141,2281,https://fallout.wiki/wiki/Crimson_Caravan,5593125,
radiation,"Radiation is measured in units called rads or sieverts, and its effects escalate with cumulative exposure. Early symptoms include nausea, mild vomiting, and fatigue, progressing to persistent vomiting, impaired recovery, violent hemorrhaging, hair loss, and skin sloughing. At the most severe stages, victims suffer gastrointestinal bleeding, severe diarrhea, intense agony, and death. Gamma rays comprise the ionizing radiation responsible for these effects. Centuries after the Great War, areas directly struck by nuclear weapons remain highly irradiated, with radioactive hotspots persisting for hundreds of years. The Glow and the Glowing Sea are notable examples of such enduring contamination. Radiation also drives mutation at the genetic level, producing enlarged versions of pre-War species such as radscorpions, geckos, spore plants, and brahmin. In humans, radiation can cause sterility or transform individuals into ghouls, some of whom become feral and emit radiation while losing body heat. The Children of Atom have developed a religious reverence for radiation. Medical countermeasures include Auto-Docs, inoculations, decontamination arches, and system flushes. Pip-Boy units and Wattz Electronics C-Radz Geiger counters detect ambient radiation levels. Radiation suits offer varying degrees of protection. Notably, microwaves such as those emitted by the Microwave Emitter are non-ionizing and do not cause irradiation, though they can boil water inside cells and cause severe burns.","scientist,doctor,wastelander,ghoul","Radiation, sometimes called the ""phantom death,"" is a tasteless, odorless lingering danger present throughout the wasteland, caused by nuclear detonations and toxic waste. Measured in rads, exposure causes nausea, vomiting, anemia, fatigue, hair and tooth loss, hemorrhaging, and death. Some life forms have adapted, and radiation can cause mutations in creatures and humans, including the transformation of some humans into ghouls. Geiger counters, radiation suits, and decontamination arches help mitigate exposure.",common,"children of atom,geiger counter detection,ghoul transformation,phantom death radiation,rad measurement units,radiation sickness symptoms,radioactive hotspots",concept,fallout,wasteland,,,https://fallout.wiki/wiki/Radiation,5662316,
"robco_industries,RobCo","Founded by Robert House on June 25, 2042, RobCo Industries grew into one of the pre-War world's foremost robotics and software corporations. Its product line included the Eyebot, Protectron, and Sentry Bot platforms, as well as the Stealth Boy Model 3001 personal stealth device. RobCo invested in public exhibits, including a joint exposition with General Atomics at the Museum of Technology in Washington, D.C. The company pursued aggressive acquisition strategies, purchasing REPCONN Aerospace between 2075 and 2076 after a year of share buying, despite resistance from REPCONN's longtime CEO. House then used the acquisition to run a weapons research program for Colonel Moretti of the U.S. military, repurposing REPCONN's plasma rocket propulsion system. RobCo also acquired H&H Tools Factory, which had been part of the inheritance stolen from House by his brother Anthony. RobCo's influence extended into vault infrastructure: Vault-Tec selected RobCo Pip-Boy models for vault dwellers, and RobCo contributed military-grade defensive turret systems to Vault 79's construction. The Brotherhood of Steel's Mojave chapter has noted the existence of RobCo vaults in the Mojave Desert. The Semi-Autonomous Immobile Weapon Platform turret system was developed at the RobCo Research Center. In cooperation with General Atomics, RobCo was contracted to collaborate on Liberty Prime, intended to liberate Anchorage, Alaska, with General Chase publicly confirming the project as a superweapon for U.S. dominance on the Alaskan front. RobCo also partnered with the Nuka-Cola Corporation for the RobCo Battlezone in Nuka-World's Galactic Zone and participated in the Watoga initiative with Atomic Mining Services and General Atomics International to build a ""city of the future.""","scientist,engineer,brotherhood,vault_dweller","RobCo Industries was a multibillion-dollar robotics and software corporation founded by industrialist Mr. House on June 25, 2042. The company developed a wide range of robotic products, including the Eyebot, Protectron, and Sentry Bot, as well as the Stealth Boy personal stealth device. RobCo partnered with Vault-Tec to supply Pip-Boy models for vault inhabitants and collaborated with General Atomics on the Liberty Prime superweapon project. The company also acquired REPCONN Aerospace.",common,"liberty prime project,mr house corporation,pip boy manufacturer,pre war robotics company,protectron and eyebot,repconn aerospace acquisition,stealth boy model 3001",organization,fallout,pre-war united states,2042,2281,https://fallout.wiki/wiki/RobCo_Industries,5630299,
"general_atomics_international,General Atomics","General Atomics International was a globe-spanning pre-War corporation whose products ranged from nuclear reactors and household software to laser technology and industrial robots. Its best-known machine was the Mister Handy, a floating domestic servant equipped with multiple tools; the military Mister Gutsy adapted the same basic design for combat. General Atomics also supplied nuclear backup systems for vaults and wave-particle diverters used in energy-weapon research. The company cooperated with RobCo and the United States Army on major robotics programs, including Liberty Prime and robobrain development. It publicly promoted automation as a complete answer to domestic, industrial, and administrative work, even experimenting with automated management systems. This broad portfolio left General Atomics machines and components scattered through homes, factories, laboratories, and military installations after the Great War.","scientist,engineer,historian,military,robot","General Atomics International was a vast pre-War corporation specializing in robotics, energy systems, weapons, and software. It produced the Mister Handy domestic robot and military Mister Gutsy, supplied nuclear backup systems, and cooperated with RobCo and the United States Army on advanced robotics projects.",common,"general atomics international,liberty prime project,mister gutsy military,mister handy robots,nuclear backup systems,pre war robotics",organization,fallout,,,,https://fallout.wiki/wiki/General_Atomics_International,5661911,Source-grounded editorial rewrite.
poseidon_energy,"Poseidon Energy was a major pre-War conglomerate with operations in oil, gasoline, refining, manufacturing, and electric power on both American coasts. Its national PoseidoNet system linked distant company facilities, while subsidiaries and affiliates pursued petroleum, nuclear, and solar energy. Poseidon also accepted military research contracts and developed experimental weapons. In the Mojave, its HELIOS One facility supported ARCHIMEDES, an orbital laser system, while ARCHIMEDES II could be directed using Euclid's C-Finder. Other research included Project SEMELE and an experimental ion weapon. The corporation was openly hostile to organized labor and used government force against striking workers at some facilities. After the Great War, surviving Poseidon installations remained valuable targets because their networks, plans, generators, and weapons research promised power to groups capable of understanding and repairing them, including the Brotherhood of Steel and Enclave.","scientist,engineer,historian,military,brotherhood,enclave","Poseidon Energy was a pre-War energy conglomerate operating oil rigs, refineries, factories, gas stations, and power plants across America. It also pursued defense contracts, solar power, advanced energy weapons, and the PoseidoNet communications network connecting company facilities.",common,"archimedes laser project,helios one power,military defense contracts,poseidon energy conglomerate,poseidonet facility network,pre war energy industry",organization,fallout,,,,https://fallout.wiki/wiki/Poseidon_Energy,5676787,Source-grounded editorial rewrite.
west_tek,"West Tek was founded in 2002 and became one of the United States government's most important defense and biomedical contractors. Its engineers produced the first practical power-armor frame and the T-45 series, followed by work on the more capable T-51. In 2073, the company began the Pan-Immunity Virion Project to create broad protection against the New Plague and hostile biological weapons. Experiments soon revealed that the virion could act as a powerful mutagen. Under military direction it was renamed the Forced Evolutionary Virus, and research shifted from immunization toward deliberate alteration of living organisms. By 2077, Californian FEV staff and materials were being transferred to Mariposa Military Base despite objections to human testing. West Tek's combination of armor engineering and biological research left two enduring legacies: advanced protective technology and the virus responsible for many later wasteland mutations.","scientist,engineer,historian,military,brotherhood,super_mutant",West Tek was a leading pre-War defense and biomedical research corporation. It developed the first practical power-armor systems and created the Pan-Immunity Virion while seeking protection from disease and biological weapons. Military-directed experiments transformed that project into the Forced Evolutionary Virus.,common,"forced evolutionary virus,mariposa research transfer,pan immunity virion,power armor development,pre war defense contractor,west tek corporation",organization,fallout,,2002,,https://fallout.wiki/wiki/West_Tek,5594951,Source-grounded editorial rewrite.
"sunset_sarsaparilla_company,Sunset company","The Sunset Sarsaparilla Company was founded in 1918 around a sarsaparilla recipe said to have been left by a mysterious stranger. The story linked the drink to sunset and to a blue star stamped on certain bottle caps. Over the following decades, the beverage became well known across the western United States and sold especially strongly in the Southwest. The company later invested in RobCo automation for custodial work and regional distribution. A rumor that starred caps could be redeemed for a prize spread before the Great War. Rather than deny it, company managers promoted the story after it produced an enormous increase in sales, placing the Festus automaton in their headquarters to represent their cowboy-themed brand. The rival Nuka-Cola Corporation attempted to buy the company, but Sunset Sarsaparilla remained independent and its bottles, caps, machinery, and advertisements survived throughout the Mojave.","historian,merchant,caravaner,mojave","The Sunset Sarsaparilla Company was founded in 1918 and became a beloved western soft-drink maker. Its sarsaparilla was especially popular in the American Southwest. Some bottles carried blue-star caps, inspiring a supposed prize contest that the company promoted when the rumor sharply increased sales.",common,"blue star caps,festus headquarters automaton,sarsaparilla prize rumor,southwest beverage trade,sunset sarsaparilla company,western soft drink",organization,fnv,mojave,1918,,https://fallout.wiki/wiki/Sunset_Sarsaparilla_Company,5594918,Source-grounded editorial rewrite.
"crimson_caravan_company,Crimson Caravan","The Crimson Caravan Company's Mojave branch is a fortified trading compound southeast of Freeside's North Gate and near the New Vegas Medical Clinic. Alice McLafferty manages the operation. Its barracks house caravaneers and guards between journeys, while pack brahmin, a roadside store, workbenches, and a central office support regular trade across the region. The compound's layout reflects the practical needs of a caravan company: merchants require protected lodging, animal pens, repairs, supplies, and armed escorts before returning to dangerous roads. The company is closely affiliated with the New California Republic, and its guards treat enemies of the NCR as threats. That relationship gives the branch access and protection but also ties its fortunes and reputation to NCR influence in the Mojave. For independent traders, it is both a commercial hub and a powerful competitor backed by organized guards and established routes.","merchant,caravaner,ncr,mojave","The Crimson Caravan Company operates a large Mojave branch near Freeside under Alice McLafferty. Caravaneers and guards rest there between journeys, while pack brahmin and roadside traders support the company's routes. The branch is closely affiliated with the New California Republic.",common,"alice mclafferty management,crimson caravan company,freeside trading compound,mojave caravan routes,ncr merchant affiliation,pack brahmin trade",organization,fnv,mojave,,,https://fallout.wiki/wiki/Crimson_Caravan_Company,5574477,Source-grounded editorial rewrite.
"gun_runners,the Gun Runners","The Gun Runners began as a small Hub gang that settled in a factory in northeastern Los Angeles. Profits from selling captured and imported weapons convinced them to abandon ordinary gang activity and use the factory's machinery to manufacture arms. With pre-War schematics, scrap metal, and imported raw materials, they became skilled machinists and gunsmiths capable of producing military-grade weapons and ammunition. Their Mojave branch was established in 2155, and by 2281 the company operated throughout the American Southwest. The Gun Runners and Crimson Caravan became two of the NCR's oldest and most powerful merchant houses. Army contracts account for much of Gun Runner business in contested regions, and their weapons equip NCR troops and presidential guards. Their organization is spread among separate manufacturing and trading groups, with guarded brahmin caravans carrying valuable weapons between markets.","merchant,caravaner,engineer,military,ncr,historian","The Gun Runners began as a Hub gang but became expert machinists, gunsmiths, and weapons merchants in the Boneyard. They manufacture military-grade arms and ammunition from pre-War schematics. By 2281, their Mojave branch supplies the NCR and dominates much of the regional weapons market.",common,"boneyard weapons factory,guarded weapon caravans,gun runners faction,military grade gunsmiths,mojave weapon market,ncr arms contracts",organization,fnv,mojave,2155,,https://fallout.wiki/wiki/Gun_Runners_(Faction),5674901,Source-grounded editorial rewrite.
followers_medicine,"The Followers of the Apocalypse treat medicine as part of a wider humanitarian mission built around freely shared knowledge and resources. Their members provide medical services, education, agricultural instruction, and research intended to help communities survive without dependence on powerful governments. In the Mojave, Julie Farkas administers the Followers' Old Mormon Fort outpost. Its doctors and researchers care for refugees and other people around Freeside despite limited supplies. Because medicine scavenged from pre-War hospitals is finite, Followers study local flora, including barrel cacti, in search of treatments that communities can produce for themselves. Their work also extends to clean water, desert agriculture, and the repair of basic infrastructure, since disease and injury cannot be separated from living conditions. The organization accepts members according to their skills and expects knowledge to be used for public benefit rather than hoarded for profit or control.","followers,doctor,scientist,historian,mojave","The Followers of the Apocalypse provide free education, medical care, and practical research to wasteland communities. In the Mojave, their doctors at the Old Mormon Fort study local plants as replacements for dwindling pre-War medicine, treat refugees, and share knowledge without demanding political loyalty.",common,"alternative plant medicine,followers medical care,free medical education,julie farkas clinic,old mormon fort,wasteland humanitarian research",organization,fnv,mojave,,,https://fallout.wiki/wiki/Followers_of_the_Apocalypse,5661660,Source-grounded editorial rewrite.
brotherhood_codex,"The Codex is the central constitution of the Brotherhood of Steel, dating to the order's first decades under Roger Maxson. It sets out the Brotherhood's laws, doctrines, responsibilities, and core beliefs. Members who take the Oath of Fraternity swear to follow its commands and conduct themselves with honor; serious violations are judged by the Council of Elders. Different chapters interpret portions of the Codex in different ways, but all treat it as the foundation of Brotherhood identity. Scribes are responsible for preserving and updating it. The accompanying Scrolls record the lives of Brotherhood members, including their admission, character, battles, technology recoveries, promotions, reassignment, and death. Chapters are expected to synchronize these records with Lost Hills. An Elder may order a deserter or insubordinate member struck from the record, making the Codex both a rulebook and the Brotherhood's institutional memory.","brotherhood,historian,military","The Codex is the Brotherhood of Steel's founding body of laws, doctrines, duties, and history, created from Roger Maxson's teachings. Members swear an Oath of Fraternity to obey it. Scribes maintain the Codex and its Scrolls, which record each member's service and fate.",common,"brotherhood scroll records,brotherhood steel codex,council of elders,oath of fraternity,roger maxson teachings,scribe record keeping",concept,fnv,,,,https://fallout.wiki/wiki/Codex,5609134,Source-grounded editorial rewrite.
legion_slavery,"Caesar's Legion grew from Edward Sallow's capture by the Blackfoot tribe in 2247. After teaching the Blackfoot new methods of warfare, Sallow helped them defeat or absorb seven neighboring tribes. He then crowned himself Caesar and systematically erased the identities of conquered peoples. Tribal tattoos were burned or scraped away, families were broken apart, and people from different tribes were forced together so their former loyalties would disappear. This process produced what Caesar called a single great tribe, modeled on his understanding of ancient Rome. Slavery is fundamental to that system rather than incidental to it. The Legion treats individuals as property or instruments whose value comes from labor, reproduction, warfare, or service to the state. Conquest therefore destroys both personal freedom and the cultures that might compete with loyalty to Caesar.","legion,historian,tribal,followers","Caesar's Legion is built on conquest, forced assimilation, and large-scale slavery. Captured tribes lose their names, families, customs, and loyalties as the Legion remakes them into a single obedient identity. People are valued only for their usefulness to Caesar and the state.",common,"blackfoot legion founding,caesar state control,caesars legion slavery,erased tribal identity,forced tribal assimilation,legion slave system",culture,fnv,mojave,2247,,https://fallout.wiki/wiki/Caesar%27s_Legion,5593084,Source-grounded editorial rewrite.
ncr_citizenship,"The New California Republic defines itself as a democratic nation governed by laws and elected institutions. Its five founding states joined by vote in 2189, growing from the settlement of Shady Sands into a republic spanning much of the American Southwest. NCR citizens have access to the court system and vote for representatives in the Hall of Congress. Those representatives form the legislature and select national leaders who guide the Republic's government. Citizenship therefore carries legal rights and political participation uncommon in much of the wasteland, along with obligations to a state that collects taxes, enforces laws, fields an army, and issues currency. The Republic formally opposes slavery and supports broad civil freedoms. In practice, distant communities may experience NCR rule through soldiers, officials, merchants, and expanding regulations before they see its promised security or representation, creating tension around annexation and citizenship.","ncr,historian,merchant,military","Citizens of the New California Republic live under representative government and the rule of law. They can use NCR courts and vote for representatives in the Hall of Congress. The Republic maintains institutions including an elected government, military, currency, law enforcement, and public services.",common,"hall of congress,ncr citizen rights,ncr court system,new california law,representative wasteland government,republic civic duties",culture,fnv,mojave,2189,,https://fallout.wiki/wiki/New_California_Republic,5594226,Source-grounded editorial rewrite.
"tribal_culture,tribes","Wasteland tribes are not a single culture. Each community may preserve its own language, symbols, family structures, history, and ways of surviving local conditions. The Blackfoot of Arizona illustrate both the strength and vulnerability of those identities. When Edward Sallow, Joshua Graham, and Bill Calhoun encountered them near the Grand Canyon, a translation failure contributed to the travelers' capture. Sallow learned that the Blackfoot were fighting seven other tribes and taught them tactics drawn from old military histories. Victory allowed the Blackfoot to defeat or assimilate their rivals, but Sallow then destroyed the cultures he had gathered. Tribal names and loyalties were replaced by the uniform identity of Caesar's Legion. Their story shows why dialect, custom, oral knowledge, tattoos, and kinship can be essential to a tribe's continuity—and why forced assimilation is a form of cultural destruction.","tribal,historian,followers,legion","Wasteland tribes maintain distinct languages, customs, tattoos, family ties, and inherited identities. The Blackfoot were an Arizona tribe whose early encounter with Edward Sallow changed them completely. After he led them in war, their identity was erased as they became the foundation of Caesar's Legion.",common,"blackfoot arizona tribe,forced cultural assimilation,grand canyon tribes,tribal dialect traditions,tribal family identity,wasteland tribal cultures",culture,fallout,,,,https://fallout.wiki/wiki/Blackfoot,5442746,Source-grounded editorial rewrite.
"wasteland_survival,Survival Guide","The Wasteland Survival Guide is a practical handbook written and published by Moira Brown with assistance from the Lone Wanderer. It gathers field-tested knowledge about finding food and medicine, recognizing wasteland creatures, and enduring the hazards of the post-War world. Rather than keeping that experience confined to one settlement, Moira arranged for the book to be distributed by travelers. Copies could therefore move with caravans and wanderers to communities far beyond the Capital Wasteland. The guide's importance lies in turning scattered experience into knowledge that ordinary people can carry, teach, and improve upon. A scavenger may know one safe route or useful plant, but a published survival guide can preserve many such lessons for readers who never met the original explorers. It represents the practical value of observation, documentation, and freely shared information in a dangerous world.","capital_wasteland,wastelander,caravaner,historian","The Wasteland Survival Guide explains how to find food and medicine, understand dangerous creatures, and endure the hazards of ruined lands. Moira Brown wrote and published it with help from the Lone Wanderer, and travelers carried copies beyond the Capital Wasteland.",common,"food medicine advice,lone wanderer research,moira brown handbook,traveler guide distribution,wasteland creature knowledge,wasteland survival guide",culture,both,capital_wasteland,,,https://fallout.wiki/wiki/Wasteland_Survival_Guide,5543560,Source-grounded editorial rewrite.
ghoulification,"Ghoulification is a severe mutation caused by radiation exposure. During the process, a person's skin dries and flakes away, often leaving an appearance similar to extensive radiation burns. Hair and the nose may be lost, and the transition can take months. Survivors age far more slowly than ordinary humans, allowing some ghouls to live for centuries, but they become sterile. Further radiation generally does not harm them and may instead help their bodies recover. Ghoulification is not a reliable path to survival: some people deliberately exposed themselves in pursuit of longevity, while others died of radiation poisoning before any stable mutation occurred. Physical mutation does not by itself erase a person's intelligence, emotions, memories, or moral judgment. Some ghouls later become feral, but the cause and timing of that decline remain uncertain, and treating every ghoul as inevitably feral is prejudice rather than medical knowledge.","doctor,scientist,ghoul,historian","Ghoulification is the mutation of a human after extreme radiation exposure. Skin dries, flakes, and may be lost along with the nose, while aging slows dramatically and radiation becomes harmless or restorative. The process is dangerous and unpredictable; attempted ghoulification can simply kill a person.",common,"extended ghoul lifespan,feral decline uncertainty,ghoul radiation healing,ghoul sterility,human ghoulification process,radiation induced mutation",concept,fallout,,,,https://fallout.wiki/wiki/Overview:Ghoul,5677165,Source-grounded editorial rewrite.
super_mutation,"Super mutation occurs when a human is exposed to a strain of the Forced Evolutionary Virus. The resulting super mutant usually gains exceptional size, strength, endurance, and resistance to radiation and disease. Intelligence is not affected uniformly: results depend on the viral strain, the subject, and the conditions of exposure. The virus originated in West Tek's Pan-Immunity Virion research before the military redirected it toward human experimentation. Californian research was transferred to Mariposa Military Base in 2077, where vats and staff supported later experiments. The Master eventually used Mariposa FEV to create an organized mutant army. In the Capital Wasteland, Vault 87's Evolutionary Experimentation Program produced another population whose members continued growing as they aged and often raided settlements for humans to convert. These separate origins explain why super mutants differ in culture, intelligence, behavior, and physical development.","scientist,doctor,super_mutant,historian,military","Super mutants are humans transformed by variants of the Forced Evolutionary Virus. They are typically much larger, stronger, and more resistant to disease and radiation than ordinary humans, but their intelligence varies with the virus strain and subject. Different programs created distinct populations across the wasteland.",common,"forced evolutionary virus,human super mutation,mariposa fev vats,super mutant physiology,vault 87 mutants,west tek research",concept,fallout,,2077,,https://fallout.wiki/wiki/Overview:Super_Mutant,5665318,Source-grounded editorial rewrite.
nightkin,"Nightkin were created by the Master as elite super-mutant stealth troops. Their purple coloration reflects additional experimentation, while their name comes from near-constant use of Stealth Boys to cloak themselves. They guarded important Unity sites and served as commanders, scouts, hunters, and abductors. After the Master's fall, surviving Nightkin scattered across the wasteland. Some later followed leaders such as Marcus, Tabitha, or Davison. Long-term Stealth Boy exposure causes serious mental illness among many Nightkin, including hallucinations, paranoia, schizophrenia, and divided personalities. These conditions shape their speech and behavior but do not make every Nightkin identical or incapable of reason. In the Mojave, groups occupy places such as Black Mountain and REPCONN, while isolated individuals wander elsewhere. Their combination of great physical strength, military experience, cloaking technology, and psychological distress makes peaceful contact difficult and dangerous without understanding their condition.","super_mutant,scientist,doctor,historian,military","Nightkin are purple-skinned super mutants created by the Master as elite stealth troops. They rely heavily on Stealth Boys and consider themselves stronger, faster, and smarter than ordinary super mutants. Prolonged cloaking-device use can cause severe mental illness, including hallucinations and fractured identities.",common,"black mountain nightkin,master elite mutants,nightkin mental health,nightkin stealth troops,purple super mutants,stealth boy illness",creature,fnv,mojave,,,https://fallout.wiki/wiki/Overview:Nightkin,5594672,Source-grounded editorial rewrite.
"ghoul,Ghouls,non-feral ghoul","Ghouls are humans transformed by radiation. Their skin may dry and fall away over months, their aging slows, and further radiation generally stops harming them. These changes do not remove their humanity. Non-feral ghouls can reason, remember, feel pain and regret, build communities, practice professions, and form relationships like other people. In the Capital Wasteland, Underworld became a major ghoul settlement partly because discrimination made ordinary human communities unsafe. Medical workers there treat illness and study whether ghoulification can be stopped or reversed. Fear that every ghoul will suddenly become feral is widespread but unsupported; the cause and timing of feral decline are uncertain. Some humans repeat claims that ghouls carry disease without evidence, using those assumptions to justify exclusion or violence. Understanding the difference between physical mutation and feral behavior is therefore essential when dealing with ghoul communities.","ghoul,doctor,scientist,capital_wasteland,historian","Ghouls are radiation-mutated humans whose appearance and lifespan have changed dramatically. Non-feral ghouls remain people with memories, emotions, pain, judgment, and individual beliefs. Many form their own communities because ordinary humans exclude or attack them out of fear and misinformation.",common,"feral ghoul uncertainty,ghoul civil rights,ghoul discrimination,non feral ghouls,radiation mutated humans,underworld ghoul community",creature,both,,,,https://fallout.wiki/wiki/Ghoul_(Fallout_3),5245875,Source-grounded editorial rewrite.
