topic,topic_desc,knowledge_class,topic_desc_basic,knowledge_class_basic,tags,category
"brahmin,pack brahmin,mono-headed brahmin",,,"Brahmin are two-headed cattle that serve as a major food source and form of transportation throughout the wasteland, raised for their meat and milk while their waste is used as fertilizer. When utilized by merchants to carry goods, these creatures are known as pack brahmin, and they are a common, non-dangerous sight in settlements like Megaton, Arefu, and the Republic of Dave. In the New California Republic, herding brahmin is a significant industry where wealthy Brahmin Barons influence politicians and laws. Occasionally, a brahmin is born with a single head, a rare mutation referred to as a mono-headed brahmin.",,,creature
centaur,,,"Centaurs are large, fleshy mutated creatures composed of human and canine components, named for their three pairs of leg-like arms. They are commonly found accompanying super mutants, serving as watchdogs and companions to their masters. Centaurs are capable of spitting radioactive projectiles at their targets and possess multiple human arms that they use to drag themselves along the ground. Earlier wasteland accounts describe two-headed centaurs with one canine and one humanoid head, each connected to the body by thick elongated necks, though more recent sightings in the Capital Wasteland describe a single head with three writhing tentacle-like tongues.",,,creature
deathclaw,,,"Deathclaws are large, highly dangerous mutated predators originally engineered by the pre-war United States government from Jackson's Chameleon stock as replacements for human soldiers in close-combat missions. After the Great War, they spread across North America and established packs led by a pack leader and pack mother, nesting in locations that often disrupt trade routes and make surrounding areas extremely hazardous. They are widely feared as some of the most dangerous creatures in the wasteland, with only behemoths regarded as a greater threat, and some wastelanders who have never encountered them consider them mythical. The Enclave experimented on Deathclaws in several locations, including the creation of Intelligent Deathclaws at Vault 13 through FEV injection, resulting in creatures with increased intelligence who eventually recognized their intended role as expendable soldiers.",,,creature
eyebot,,,"Eyebots are small, spherical aerial robots equipped with a loudspeaker and an electrical weapon mounted on the front, along with several long antennas extending from their top and back. They are a familiar sight in the Mojave Wasteland and the Divide, where they hover about broadcasting signals or engaging threats with their built-in tasers. Though individually not very dangerous, eyebots are known to detonate when destroyed, posing a minor hazard to anything nearby. A notable eyebot designated ED-E has gained some recognition among wastelanders, and pre-War popular media even featured an eyebot character named RALPHIE, suggesting these robots were well known to the American public before the Great War.",,,creature
"feral_ghoul,Mindless Ghouls,Zombies,Crazies,Post-Necrotic Humans",,,"Feral Ghouls are irradiated humans who have lost their minds to brain degeneration, becoming aggressive and dangerous. They are known by many names, including Mindless Ghouls, Zombies, Crazies, and Post-Necrotic Humans. They emit lethal radiation, prefer dark places, and attack with their hands, though some can still use weapons. Their existence fuels prejudice against all ghouls, as many humans assume every ghoul will eventually turn feral.",,,creature
mister_gutsy,,,"The Mister Gutsy is a military combat robot developed by General Atomics International and commissioned by the United States Army before the Great War. It is a dedicated combat variant of the civilian Mister Handy model, and units saw action during the Battle of Anchorage in January 2077. Mister Gutsies are equipped with weapons such as 10mm submachine guns, .44 pistols, plasma weapons, and flamethrowers. General Atomics programmed them to be effective soldiers, but the vague definitions used caused issues with their simulated personality units, giving them the ability to refuse orders from commanders they deemed incompetent or those under court martial.",,,creature
mister_handy,,,"The Mister Handy is a variant of service and maintenance robot found operating in the Mojave Wasteland. They are equipped with a powerful propulsion system that enables them to hover a few feet above the ground. A Mister Handy features a spherical chassis topped with three optical sensors and three primary appendages for manual labor. Among these appendages are a buzz saw and a rudimentary flamethrower, allowing the robot to perform its duties effectively.",,,creature
mole_rat,,,"Mole rats are mutated descendants of a species closely resembling a larger variant of heterocephalus glaber, having survived the Great War by burrowing underground where the soil shielded them from direct nuclear blasts. The subsequent radioactive fallout greatly increased their size and aggression, producing the hostile creatures now found throughout the Capital Wasteland and as far afield as Point Lookout. They attack by charging their prey and lunging to bite with their large incisors, though they may retreat if severely outmatched. Despite their aggression, some wastelanders have been known to train and keep mole rats as pets, and raiders have even hosted mole rat races at a dedicated track.",,,creature
"protectron,RobCo Protectron",,,"The RobCo Protectron is a sturdy pre-War security automaton used in both private and business sectors across the United States. Powered by a fission battery and featuring three photo sensors for sight, these robots were stored in special pods connected to terminals running the Standard Protectron Control Interface. Their introduction displaced many human workers, leading to violent labor strikes between employees and the machines. Protectrons were manufactured in numerous variants for civil service applications, including firefighter models with cryo guns, medic units with defibrillator hands, police units using shock attacks, construction models with nail guns, and office, utility, and Vault helpers with specialized software.",,,creature
"radroach,periplaneta americana",,,"Radroaches, sometimes called Great American Cockroaches or by their scientific name periplaneta americana, are a common mutated insect species descended from pre-War cockroach populations. They are found throughout the Capital Wasteland and are generally hostile to humans, flapping their wings and antennae before attacking. Their meat is edible, though Moira Brown of Megaton famously describes the taste as resembling old feet. Some radroaches have been observed in unusual circumstances, such as the non-hostile specimens found near the so-called Roach King, or the undersized ones kept as pets by individuals like Gallo in the County Sewer Mainline.",,,creature
radscorpion,,,"Radscorpions are mutated descendants of the North American Emperor scorpion, enlarged by radiation and Forced Evolutionary Virus exposure following the Great War. They are found throughout the wasteland and are known for their venom, from which antidotes have been derived.",,,creature
robobrain,,,"Robobrains are pre-war robots developed by General Atomics International under Doctor Bert Riggs, representing the company's first successful union of organic matter and robotics. Research and production were conducted at facilities operated by General Atomics, RobCo Industries, and the US Army Robotics Division, including Sierra Army Depot and RB-2851. Early models used chimpanzee brains, but the program ultimately sought human brains to augment the robot's functions, accelerate decision-making, and ensure unquestioning obedience. Candidates for brain extraction were drawn from military and civilian prisons, targeting adults of high intelligence and sufficient constitution to survive the removal process.",,,creature
sentry_bot,,,"Sentry Bots are heavy combat robots created to provide security through overwhelming firepower, utilizing a minigun or Gatling Laser on one arm and a Missile Launcher on the other. They possess judicial circuits that allow them to witness crimes such as murder or thievery and hand down death sentences to criminals they identify. A combat inhibitor on their back can cause them to frenzy if damaged, and their fusion core becomes vulnerable during a cooldown phase after attacking. These robots are found throughout the Mojave Wasteland, Big MT, and the Divide, with variants including the Mk series and dedicated Army models.",,,creature
"super_mutant,Mutants",,,"Super Mutants, sometimes simply called Mutants, are hulking humanoid creatures created by exposing humans to the Forced Evolutionary Virus. They typically possess exceptional strength, endurance, and immunity to radiation and disease, though their intelligence is often modified. Various strains of these mutants exist across the wasteland, originating from places like Mariposa Military Base, Vault 87, the Institute, and West Tek facilities. While many are hostile and obsessively seek out more of the virus, often referred to as ""green stuff,"" to expand their numbers, some groups coexist peacefully with humans.",,,creature
abomination,,,"Abominations are hostile half-human, half-alien hybrids created aboard Mothership Zeta by the alien inhabitants. They possess semi-transparent skin and long arms, attacking intruders without ranged weapons by pointing and wailing before charging to swipe at their targets. Recorded logs indicate that aliens transform humans into these creatures, though not all subjects survive the process. They are found patrolling the ship's hallways or confined in cells, particularly in the Biological Research section of the vessel.",,,creature
alien,,,"Aliens are hostile extraterrestrial beings encountered aboard Mothership Zeta, commonly seen wearing white spacesuits. They wield advanced weaponry such as Disintegrators, Atomizers, and Shock Batons, and are sometimes protected by an Inertia Suppression Field that functions as a personal shield. Their civilization possesses highly advanced technology, including long-term cryostasis, teleportation, and holograms. A dead alien can also be found far north of the Scrapyard on Earth, alongside an Alien Blaster.",,,creature
bloatfly,,,"Bloatflies are mutated insects found in the Capital Wasteland, descended from either the common housefly or biting horse fly. The Enclave tentatively classified them within the Tabanidae family, noting that they evolved a unique gland to balance and maintain speed at their enlarged size, though this gland may be toxic if consumed. They attack by launching their own maggots as projectiles and can explode upon death. Bloatflies are known to congregate in areas with available carrion, such as near Reclining Groves Resort Homes where they feed on dead Wastelanders, and within the entrance area of Vault 92.",,,creature
experimental_weapons_drone,,,"Experimental Weapons Drones are alien robots encountered on board the alien vessel known as Mothership Zeta. They are used by the aliens for multiple tasks, including combat, personal use, and weapons testing. In the ship's Weapons Lab, two such drones are used to fire at brahmin exiting from a teleportation matrix. All drones aboard the vessel are manufactured at the Robot Assembly.",,,creature
fire_ant,,,"Fire ants are mutated insects found in the Capital Wasteland, created accidentally by Doctor Lesko through genetic manipulation. The doctor was attempting to return giant ants to their normal size, but a small error in his work produced a different mutation altogether. These creatures breathe fire through a process Lesko calls pyrosis, expelling flammable venom from their venom sacks and igniting it with a spark made by clicking their mandibles. Fire ants employ swarming tactics similar to ordinary giant ants and possess a notable resistance to fire.",,,creature
guardian_drone,,,"Guardian Drones are alien robots used by the aliens aboard Mothership Zeta for a variety of tasks, including combat, personal use, and weapons testing. They are manufactured at the ship's Robot Assembly and can be found stationed throughout the vessel, sometimes resting deactivated within Alien Robot Pods. Each Guardian Drone is equipped with a Drone Cannon, a weapon that fires an arced projectile which rolls along surfaces before exploding. In the Weapons Lab, drones are used to fire at brahmin that emerge from a Teleportation Matrix as part of alien experimentation.",,,creature
mirelurk,,,"Mirelurks are giant mutated creatures that inhabit the waters and shores of the Capital Wasteland. They are heavily armored, making them difficult to harm, though their faces are a known weak point. Wastelanders such as Grandma Sparkle prize mirelurk meat, especially the softshell variety, as a valuable food source. They appear to require contaminated water to survive, as they begin dying off when exposed to pure water.",,,creature
mirelurk_king,,,"Mirelurk Kings are mutated creatures found in the Capital Wasteland. They are known for a ranged sonic attack that can cripple a target's head from afar, though they also possess a more damaging melee attack. Mirelurk Kings cannot attack while swimming and will remain stationary when approached, though their sonic attack can penetrate water. A related variant, the Swamplurk Queen, possesses a spit attack instead of the sonic attack and is more resilient.",,,creature
swampfolk,,,"Swampfolk are mutated humans inhabiting the Point Lookout swamplands, recognizable by their severe deformities and territorial nature. They mark their territory with hanging dolls and other fetishes, and are known to attack outsiders who wander too close to their grounds. While most Swampfolk are born with their distinctive mutations, rare individuals such as Kenny have been born to Swampfolk parents without deformities and become outcasts as a result. Locals like Marguerite and Haley coexist with or trade alongside the Swampfolk, with Haley noting that they tend to carry a strong smell.",,,creature
trog,,,"Trogs are mutated humans found in the Pitt, transformed by Troglodyte Degeneration Contagion, a condition caused by the region's concentrated ambient radiation combined with unique industrial toxins and pollutants. The disease is not spread through contact with the infected. Roughly twenty percent of the local populace has undergone the transformation, becoming feral creatures that attack anything on sight, even former friends and loved ones. Children born in the Pitt face a one hundred percent degeneration rate and become feral within weeks of birth.",,,creature
yao_guai,,,"Yao Guai are mutated bear-like creatures found throughout the Capital Wasteland, typically in craggy, hilly areas or caverns. They are generally encountered in pairs or wandering alone, frequently at night, and are known to inhabit locations such as the Yao Guai Tunnels, Yao Guai Cave, and Cliffside Cavern. Though not as deadly as Deathclaws, Yao Guai are formidable opponents that attack with running pounces followed by slashes and bites. Some wasteland scavengers travel with Yao Guai companions, and these tame specimens will not attack on sight, though they will defend themselves and their ally if threatened.",,,creature
bighorner,,,"Bighorners are large herbivorous creatures native to the American Southwest, commonly found in the Mojave Wasteland and Zion Canyon. Humans have domesticated them for their horns, meat, milk, and hides, with settlements such as Goodsprings and Jacobstown keeping herds for survival. Wild bighorners travel in herds of three to seven, often near banana yucca fruit, while domesticated drifts are kept in settlements. They are generally docile but become aggressive if a herd member is distressed or if approached too closely.",,,creature
cazador,,,"Cazadores are large mutated insects created in 2003 at Big MT through DNA splicing experiments conducted in the Z-14 Pepsinae DNA Splicing Lab. Doctor Borous, their creator, denies that they escaped the Big MT crater or are capable of breeding, though both claims are false. In recent years, swarms of cazadores have spread from Big MT into neighboring regions such as the Mojave Wasteland and Zion Canyon. They are most commonly found in mountainous areas, where they build large basket-shaped nests, and they compete with nightstalkers for prey.",,,creature
cyberdog,,,"Cyberdogs, also spelled cyber dogs, are cybernetically enhanced canines found in Big MT and the Mojave Wasteland, with Antony noting they are an uncommon sight in Denver as well. Notable individual cyberdogs include Rex, who is associated with the King in Freeside, Gabe, and Roxie, a Police Cyberdog created at the X-8 Research Center in Big MT by splicing a robot and a dog together. Despite their mechanical components, cyberdogs are generally considered animals rather than robots. Variants include standard, Police, and Military cyberdogs, with Police and Military variants appearing in Big MT.",,,creature
gecko,,,"Geckos are mutated animals found throughout the Mojave Wasteland, commonly encountered in small packs in areas such as around Goodsprings, along the I-15 toward Primm, and near the Mojave Outpost. Several varieties exist, including the common green gecko, the golden gecko, and the fire gecko, the latter of which is believed to originate from Fire Root Cavern and is capable of breathing fire. A separate population of green geckos is also found in Zion Canyon. Fire geckos are generally hostile to travelers, while other varieties are less aggressive.",,,creature
ghost_people,,,"Ghost People are mutated inhabitants of the Sierra Madre, transformed by prolonged exposure to the Cloud, a corrosive toxin created at Big MT. They originated as construction workers who were issued bulky hazmat suits to protect against the airborne poison, but the suits' locking mechanisms corroded on contact with the Cloud, trapping the workers inside as the gas slowly changed them. They are the only beings able to move freely through the Cloud, and they gather in hordes beneath the Sierra Madre's streets, hunting in areas thick with the toxic haze such as Salida and Puesta del Sol. Dean Domino questions whether they can even be considered alive, and they are known to carry pressurized gas within their bodies.",,,creature
giant_mantis,,,"Giant mantises are mutated insects found in the Mojave Wasteland and Zion Canyon, originally created by horticultural experiments in Vault 22. They attack by jumping and slicing targets with their forelegs, and can become frenzied if their antennae are damaged. They are commonly encountered near Jacobstown and Spring Mt. Ranch State Park, as well as inside Vault 22 itself.",,,creature
lakelurk,,,"Lakelurks are mutated aquatic creatures native to the Mojave Wasteland, commonly found around Lake Mead and other watery areas. They are fiercely territorial and aggressive, attacking nearly anything that approaches them or their nests. They typically travel in small groups of two to three, though larger gatherings of five to eight are not uncommon. Lakelurks use sonic pulse shrieks to stun prey from a distance before closing in to tear victims apart with their claws.",,,creature
lobotomite,,,"Lobotomites are surgically-altered and cybernetically-enhanced humans found at Big MT. Their brains, hearts, and spines were removed and replaced with cybernetics by an Auto-Doc programmed by Doctor Mobius, under the supervision of Doctor Dala. The procedure left them mentally impaired, mute, and hostile to non-Lobotomites. The Think Tank uses them for clean-up duties and experiments.",,,creature
marked_men,,,"Marked Men are mutated survivors of NCR and Legion forces trapped in the Divide, scarred by radiation and storms. They wear patched armor and carry weapons forged from Divide metal, including helmets inspired by Legate Lanius. Rumors of them spread across the West Coast wasteland.",,,creature
mongrel,,,"Mongrels are aggressive canine creatures found in the Mojave Wasteland and surrounding regions. Caesar's Legion keeps Mongrels tended by their Houndmasters, with the current mother of the Fort's pack being a female named Lupa. According to Antony, some of these Mongrels fight in the area and generally do not welcome visitors. White Legs Mongrels are also found throughout Zion Canyon, accompanying members of the White Legs tribe.",,,creature
nightstalker,,,"Nightstalkers are genetic hybrids of coyote and rattlesnake DNA created by Dr. Borous at Big MT before the Great War. They escaped into the Mojave Wasteland and beyond after the bombs fell, hunting in nocturnal packs and nesting in caves. Their bodies combine fur and scales, with dog-like forms, rattlesnake heads and tails, and mismatched eyes.",,,creature
raven,,,"Ravens are small birds found throughout the Mojave Wasteland, commonly gathering near dead or crucified bodies at sites like Nipton and other Legion-raided locations. They tend to be more prevalent around civilized areas and settlements, becoming scarcer the further one travels from towns. Ravens are harmless creatures that will fly away if approached too closely and will never attack even if harmed. They are often seen in pairs along highways and may gather in places such as Goodsprings Cemetery, the Boulder City Ruins, and near the entrance to Primm.",,,creature
"securitron,RobCo security model 2060-B",,,"The PDQ-88b Securitron, also known as the RobCo security model 2060-B, is a security robot created by RobCo Industries and the H&H Tools Factory and charged with protecting the New Vegas Strip. A standard unit is armed with a Gatling laser and a 9mm submachine gun, while the upgraded Mk II operating system enables shoulder-mounted missile launchers, a grenade launching system, and an auto-repair capability that raises combat effectiveness by roughly 235%. Securitrons display a face on a monitor screen and can dispense printed material such as obituaries. Several units were acquired by Big MT for reverse engineering, leading Doctor 0 to create the miniature variant Muggy and to develop a Mk VI operating system, though many Big MT units became berserk and hostile.",,,creature
spore_carrier,,,"Spore carriers are reanimated human corpses colonized by the mutated fungus Beauveria mordicana, originally developed for pest control in Vault 22. The fungus became airborne and spread through the Vault, killing inhabitants within ten to twenty days before reanimating their bodies. Survivors of the Vault 22 outbreak fled to Zion Canyon in 2096, where many succumbed to the infection. Spore carriers can also be found in the X-22 Botanical Garden at Big MT, the original source of the fungus, including a unique specimen known as Patient Zero.",,,creature
tunneler,,,"Tunnelers are subterranean predators that emerged when nuclear explosions created The Divide, allowing them to hunt prey on the surface. They reproduce quickly, hunt in large groups, are capable of killing other predators such as Deathclaws, and may even pose a threat to the Mojave Wasteland in the future. The bite of Venomous Tunnelers can be just as lethal as a sting from a Bark Scorpion. As for their origin, Ulysses suspects that they have been around for a long time, and that Radiation might have had an effect on them.",,,creature
alaskan_reclamation_operation,,,"The Alaskan Reclamation Operation was a pre-War military campaign launched by the United States Armed Forces in response to the Chinese invasion of Alaska in 2066. Commanded by General Constantine Chase, the operation saw American forces deploy airships, T-45 power armor units, and deathclaws against Chinese troops. The campaign lasted until January 2077, concluding with the Battle of Anchorage and the full liberation of Alaska. The operation is remembered as one of the most significant conflicts of the Sino-American War.",,,event
automation_riots,,,"The Automation Riots were a series of conflicts across the pre-War United States sparked by massive unemployment as advanced robotic systems replaced human workers during the Resource Wars. Labor-intensive jobs in mining and factory work were hit hardest, with cities like Watoga becoming fully automated and workers facing homelessness as early as 2061. The unrest peaked in October 2077 when disenfranchised miners and workers organized roadblocks and strikes across Appalachia, only to face lethal force from Hornwright-funded Strikebreaker robots and National Guard units deploying HalluciGen riot gas. The riots spread from Welch to Beckley, Charleston, Mount Blair, Pittsburgh, and Los Angeles, with miners even seizing the Rockhound excavator on Mount Blair for eight days before combat robots eliminated them.",,,event
"battle_of_anchorage,Liberation of Anchorage,Anchorage Campaign,Anchorage Reclamation",,,"The Battle of Anchorage, also known as the Liberation of Anchorage, the Anchorage Campaign, and the Anchorage Reclamation, was a major military conflict of the Resource Wars fought between the United States and China. It began when Chinese forces invaded Alaska in the winter of 2066, threatening the Alaskan Pipeline. Under the leadership of General Constantine Chase, the U.S. Army deployed the newly introduced T-51 series power armor and ultimately liberated Anchorage after ten years of fighting.",,,event
brotherhood_civil_war,,,"A Brotherhood Civil War refers to internal conflicts within the Brotherhood of Steel, whether between factions within a single chapter or across multiple chapters. In the Capital Wasteland, a schism formed when Elder Lyons redirected his chapter toward helping local citizens, prompting Paladin Henry Casdin to lead a breakaway faction called the Outcasts away from the Citadel, with hostility between the two groups escalating into violence. A second civil war erupted in 2296 when Elder Cleric Quintus of the Knights of San Fernando sought to use a Cold Fusion Diode to rally other chapters against the Commonwealth Chapter, a conflict further complicated by the arrival of Paladin Xander Harkness and the theft of the diode by Scribe Dane.",,,event
"ncr_brotherhood_war,Brotherhood War",,,"The Brotherhood War is a major conflict between the Brotherhood of Steel and the New California Republic, rooted in their disagreement over how technology should be controlled. The conflict spans the former American Southwest and the Mojave Wasteland, with NCR commanders such as Colonel Cassandra Moore having completed multiple tours against the Brotherhood. In 2275, fighting broke out in the Mojave between the NCR and the local Brotherhood chapter, extending to attacks on several Brotherhood bunkers across the region. The following year, the NCR launched Operation Sunburst, attacking and occupying the Brotherhood's fortifications at HELIOS One, where Elder Elijah had refused to retreat despite the location being indefensible.",,,event
"brotherhood_exodus,Exodus",,,"The Exodus was the post-War journey in which Captain Roger Maxson led the surviving United States Army soldiers and their families away from Mariposa Military Base on October 27, 2077, toward the Lost Hills bunker. The caravan was repeatedly attacked by marauders throughout the trek, and while the soldiers' Power Armor protected them, the unprotected civilians and families suffered high casualties, including Maxson's own wife. A group of soldiers broke off and headed south, never to be heard from again, while a separatist faction led by D. Allen split from the main body against Maxson's wishes and set out for the Glow in hopes of recovering technology stored there.",,,event
food_riots,,,"The food riots were incidents of civil unrest and protests that swept across the United States in response to dwindling food supplies and government rationing. The White House dismissed the protesters, with officials claiming the president himself was suffering by substituting cube steak for prime rib and drinking what they called the detestable Chateau Montrose 2043 wine. In Roxbury, Boston, tensions turned deadly when a hungry crowd stormed a food bank and the soldiers guarding it opened fire on the unarmed civilians, killing four and injuring eight. Witnesses reported that the soldiers appeared to be picking out targets in advance and laughing as they did so.",,,event
formation_of_the_brotherhood_of_steel,,,"The Formation of the Brotherhood of Steel occurred at Lost Hills when Roger Maxson officially established the organization over radio contact with Elizabeth Taggerdy of Taggerdy's Thunder in Appalachia. Maxson promised to build something new to reclaim what was lost, modeling the group's mission of preserving knowledge after the knights and scribes following the fall of Rome. Taggerdy and her soldiers were confused by the Brotherhood of Steel name but adopted it anyway. The event is remembered as the founding moment of one of the post-War era's most recognized organizations.",,,event
glow_expedition,,,"The Glow Expedition was a post-War event in which a faction of Brotherhood of Steel defectors led by Allen attempted to explore the West Tek research facility, also known as the Glow. Allen's group, including Soto, Jensen, and Camarillo, had split from the main Exodus from Mariposa Military Base to Lost Hills, taking weapons and technology with them. After twenty days of travel, they reached the irradiated crater and descended into the facility, believing their power armor and Rad-X supplies would protect them. They explored the first two levels without incident, but functioning security sensors on the third level triggered automated defenses that killed most of the party.",,,event
"great_war,World War III,War of the Century",,,"The Great War was a global nuclear exchange that occurred on Saturday, October 23, 2077, ending the decade-long Sino-American War between the United States and China. Nuclear missiles were detected that morning, and within hours cities across North America were struck, with the entire exchange lasting roughly two hours and resulting in the deaths of 7.54 billion people. A relative few survived by reaching underground vaults constructed by the Vault-Tec Corporation, while emergency response efforts collapsed due to electromagnetic pulses disabling communications and widespread desertion amid radiation sickness. Hubologists sometimes refer to the event as the Great Deluge, and it has also been called World War III and the War of the Century.",,,event
invasion_of_alaska,,,"The Invasion of Alaska was a major military conflict that took place as part of the Resource Wars, beginning in the winter of 2066 when China launched a massive assault on American soil in pursuit of Alaska's oil reserves and control of the Alaskan Pipeline. The attack caught American forces off guard despite early warnings, with the scale of the Chinese landing being described as unprecedented. Chinese forces quickly executed a two-pronged assault, targeting both the city of Anchorage and the strategically important Artillery Overlook positioned above it. American soldiers under Captain Zachary Lloyd held the overlook for several hours under heavy bombardment while civilian contractors evacuated, though Anchorage ultimately fell to the Chinese.",,,event
mariposa_mutiny,,,"The Mariposa Mutiny was an armed uprising in October 2077 at the Mariposa Military Base, led by Captain Roger Maxson and the base security detail after they discovered the nature of the Forced Evolutionary Virus experiments being conducted on human subjects. Colonel Robert Spindel, the nominal commander, suffered a nervous breakdown and committed suicide on October 15, leaving Maxson in permanent command. Maxson interrogated and murdered the research scientists, including chief researcher Robert Anderson and Erin Shellman, who held out the longest. On October 20, 2077, Maxson declared his unit in full secession from the United States, but no government response came, though news of the mutiny spread through the wider United States Army.",,,event
navarro_conflict,,,"The Navarro Conflict was a post-War military engagement between the Enclave and the New California Republic. After the destruction of Control Station ENCLAVE, the Enclave's command structure dissolved, allowing the NCR to take over Navarro, killing everyone who could not escape. The NCR justified the act by stating the Enclave was a threat to the region. Survivors who fled attempted to integrate into the NCR, while an Enclave contingent at Raven Rock remained unaware of the fall of Navarro.",,,event
resource_wars,,,"The Resource Wars were a series of global conflicts triggered by an unsustainable economy dependent on finite resources such as petroleum and uranium. Major engagements included the Chinese invasion of Anchorage, Alaska, the annexation of Canada by the United States, and fighting between European powers in the Middle East. The Sino-American War, spanning from 2066 to 2077, saw the United States deploy T-51 Power Armor to the Chinese mainland after reclaiming Anchorage, only for the front to settle into a stalemate with no clear victor. These conflicts were ultimately rendered moot by the Great War on October 23, 2077, when a nuclear exchange between the United States and China killed billions and ended the decade-long struggle.",,,event
"brotherhood_schism,Schism",,,"The Schism was a conflict within the Brotherhood of Steel chapter stationed in the Capital Wasteland, arising from Elder Owyn Lyons' decision to redirect the chapter's efforts toward aiding the region's inhabitants rather than pursuing the Brotherhood's traditional mission of technology recovery. A faction of members who viewed this as a betrayal of their core purpose broke away under the leadership of Paladin Henry Casdin, abandoning the Citadel and adopting the name Brotherhood Outcasts. Tensions between the two groups steadily escalated into open violence, with the Outcasts operating independently and regarding Lyons' loyalists as wayward traitors to the Brotherhood's original charter. The division persisted as a defining feature of the Capital Wasteland's Brotherhood chapter, with both sides maintaining hostile relations toward one another.",,,event
sino_american_war,,,"The Sino-American War was a major conflict between the United States and China that lasted from 2066 to 2077, driven by the depletion of global oil reserves. It began when Chinese forces under General Jingwei invaded Alaska to secure the last remaining oil supplies, prompting the United States to launch the Alaskan Reclamation Operation led by General Constantine Chase. During the war, the United States annexed Canada to secure a route to Alaska and commissioned the Pan-Immunity Virion Project, which later became the Forced Evolutionary Virus, to counter biological weapons. The conflict ultimately culminated in the Great War on October 23, 2077, when nuclear missiles were launched, rendering the preceding battles moot.",,,event
"united_states_annexation_of_canada,Little America",,,"The United States Annexation of Canada, sometimes referred to as the creation of ""Little America,"" occurred prior to the Great War due to the United States' desperate need for Canadian natural resources during the Resource Wars. Tensions began after the Chinese invasion of Anchorage in 2066, when Canadian officials opposed American troops moving through their territory. An attempt to sabotage the Alaskan pipeline finally prompted the U.S. military to announce a complete takeover of all Canadian assets and resources on June 3, 2072.",,,event
unity_conflict,,,The Unity Conflict is a post-War event mentioned in Fallout. It is referenced as part of the broader historical background of the wasteland. Little detail is provided beyond its classification as a significant conflict that occurred after the Great War. The Unity Conflict appears in Fallout.,,,event
battle_of_arizona_spillway,,,"The Battle of Arizona Spillway was a military engagement between Caesar's Legion and the New California Republic, fought at the Arizona Spillway following the Battle of Willow Beach. It formed part of a broader Legion campaign to drive NCR forces from the eastern bank of the Colorado River. The battle resulted in a victory for Caesar's Legion, further weakening the NCR's hold on the region's eastern approaches and contributing to the ongoing tension along the river frontier.",,,event
battle_of_nelson,,,"The Battle of Nelson was a military conflict in the Mojave Wasteland in which Caesar's Legion seized the town of Nelson from the New California Republic. General Lee Oliver had occupied Nelson to secure a vulnerable stretch of the Colorado River between Camp Forlorn Hope and Camp Searchlight, but the base had barely enough time to establish proper defenses before the attack. Caesar and Vulpes Inculta, likely acting on intelligence from a mole at Camp McCarran, ordered Decanus Dead Sea to lead two contubernia against the under-equipped NCR troopers. Despite being outnumbered two to one, the legionaries swiftly overran the defenses, killed most of the troopers, and hurled the rest into the Colorado River in full view of spotters from Camp Forlorn Hope.",,,event
battle_of_willow_beach,,,"The Battle of Willow Beach was a military conflict between Caesar's Legion and the New California Republic that occurred at Camp Willow following the First Battle of Hoover Dam. This engagement marked the return to open hostilities between the two factions and was the first Legion strike since the initial battle at the dam. Legion forces led the assault in a bid to push the NCR out of the eastern side of the Colorado River, resulting in the destruction of the NCR camp. Along with the subsequent Battle of Arizona Spillway, this clash forced the NCR back across the river and gave the Legion complete control of its eastern side.",,,event
bitter_springs_massacre,,,"The Bitter Springs Massacre occurred in the Mojave Wasteland around 2278, when New California Republic forces attacked a Great Khan encampment they believed to be a raider hideout. The Great Khans had previously harassed and raided NCR settlers, soldiers, and civilians, prompting the operation. NCR First Recon sharpshooters were positioned to cover the canyon's only escape route, but when the main assault was spotted early, fleeing Khan non-combatants including women, children, and the elderly poured into the pass. The sharpshooters radioed for confirmation of their shoot-on-sight orders, but the commanding major froze and a subordinate confirmed the order, leading to the slaughter of the fleeing civilians.",,,event
first_battle_of_hoover_dam,,,"The First Battle of Hoover Dam was Caesar's Legion's assault on New California Republic forces at Hoover Dam in 2277, led on the Legion side by the Malpais Legate, also known as Joshua Graham. NCR forces under Chief Hanlon, including First Recon and NCR Rangers, executed a tactical retreat into Boulder City, where they had laid explosives throughout the town. When the Legion's elite forces pursued them inside, the explosives were detonated, inflicting severe casualties and crippling the offensive, after which General Lee Oliver's troops counter-attacked and routed the Legion's main force. Caesar punished his failed legate by setting Joshua Graham on fire and casting him into the Grand Canyon, while a memorial at Boulder City honors the over one hundred NCR soldiers who lost their lives in the battle.",,,event
mojave_campaign,,,"The Mojave Campaign is a New California Republic military operation launched in 2274 when President Aaron Kimball sent forces to occupy Hoover Dam after scouts discovered it intact the previous year. Upon arrival, NCR troops encountered Mr. House's forces, and negotiations led to a treaty allowing the NCR to occupy the dam and establish a base at McCarran Airport, with 95% of the dam's electricity sent to NCR home states and the remainder to the Strip. The NCR also established an embassy on the Strip.",,,event
ncr_legion_war,,,"The NCR-Legion War is an ongoing military conflict between the New California Republic and Caesar's Legion over control of the Mojave Wasteland. Tensions rose after the NCR occupied Hoover Dam in 2274, leading to the First Battle of Hoover Dam in 2277, where NCR sharpshooters and rigged explosives in Boulder City repelled the Legion's forces. The conflict has seen significant casualties on both sides, with the Legion employing brutal tactics such as irradiating Camp Searchlight and destroying the settlements of Hopeville and Ashton. The war remains unresolved as both factions vie for dominance in the region.",,,event
ncrcf_prison_break,,,"The NCRCF Prison Break was a convict revolt at the NCR Correctional Facility, a former pre-War Jean Conservancy site repurposed by the NCR to house prisoners used for railroad labor. When most NCR guards were reassigned to the Colorado River, anti-NCR revolutionary Samuel Cooke organized inmates to stockpile blasting powder and makeshift weapons, then blasted their way out, killing the warden and nearly all remaining guards. Afterward the convicts fragmented into several groups, including the Powder Gangers under Eddie who stayed to raid the surrounding areas, Cooke's followers who departed for Vault 19, and a smaller group that took over the Bison Steve Hotel in Primm. The uprising disrupted the region severely, allowing deathclaws to nest at Quarry Junction and effectively shutting down I-15 to New Vegas.",,,event
operation_sunburst,,,"Operation: Sunburst was a major conflict in 2276 between the Brotherhood of Steel and the New California Republic at HELIOS One. Father Elijah led the Mojave chapter there after becoming distracted by the ARCHIMEDES II solar weapon. The NCR outnumbered the Brotherhood and assaulted the facility from all sides. Despite superior equipment, the Brotherhood suffered heavy losses and was forced to retreat to Hidden Valley under Paladin McNamara's command.",,,event
sierra_madre_gala_event,,,"The Sierra Madre Gala Event was a planned celebration at the Sierra Madre Casino, intended to gather celebrities and high society figures. It was scheduled for the night of October 23, 2077, the same night the Great War devastated the world. The event was meant to feature lights in the sky, music filling the villa streets, and a grand finale of fireworks that would open the casino's gates, offering attendees a chance to begin again. The event never occurred as planned due to the nuclear war.",,,event
ultra_luxe_shootout,,,"The Ultra-Luxe Shootout was a gun battle that occurred on July 13, 2072, at the Ultra-Luxe Casino on the Las Vegas Strip, between a group of men labeled as mobsters and the Las Vegas police force. According to the Charleston Herald, police stormed the casino floor and exchanged fire with the group, resulting in the deaths of all five individuals and injuries to seventeen bystanders. Eyewitness accounts conflicted, with some claiming soldiers arrived with a missile launcher while others said the violence began with sniper fire, and witnesses reported the group attempted to surrender on two occasions. The Las Vegas chief of police declared the incident a major victory, stating that no one in Las Vegas was above the law.",,,event
west_side_massacre,,,"The West Side Massacre was a violent confrontation in New Reno in which the Salvatore family attacked members of the Bishop and Mordino crime families. Two of Salvatore's enforcers eliminated a group of rival thugs who had been encroaching on Salvatore territory in the West Side district. The Salvatores' use of laser pistols gave them a decisive advantage over their opponents, allowing them to kill the rival gang members with relative ease. The massacre resulted in an uneasy peace among the families, while the Mordinos quietly planned their revenge against the Salvatores.",,,event
"brotherhood_of_steel,BoS",,,"The Brotherhood of Steel, often abbreviated as BoS or BOS, is a paramilitary organization founded by Captain Roger Maxson after he deserted the United States Army just before the Great War. The various chapters across the post-War United States share a core mission of seizing and regulating pre-War technology to prevent its abuse and ensure the survival of humanity. Their ranks include paladins, knights, and scribes, and they operate under the motto Ad Victoriam. Notable chapters include the founding group at Lost Hills, an expeditionary force in the Capital Wasteland led by Elder Lyons, and a Mojave contingent that recently suffered significant losses to the New California Republic at HELIOS One.",,,faction
enclave,,,"The Enclave is a remnant of America's pre-War government, originally formed as a secret contingent within the United States continuity of government system and described by some as a militarized shadow government. Comprised of presidents, military leaders, industrialists, and scientists, the Enclave made contingency plans before the Great War, securing installations such as the presidential oil rig, Raven Rock, and the congressional bunker. After the nuclear exchange, the organization became a fascist paramilitary group with totalitarian goals, making multiple attempts to reassert control over the wasteland through the use of the Forced Evolutionary Virus to eliminate all mutated life, which they viewed as cleansing the world. Their genocidal agenda brought them into conflict with groups such as the New California Republic and the Brotherhood of Steel, resulting in the destruction of many Enclave outposts including the oil rig and Camp Navarro, though remnants continue to operate in scattered regions.",,,faction
apostles_of_the_eternal_light,,,"The Apostles of the Eternal Light are a religious faction based in the ruins of Springvale and led by Mother Curie III, a former devotee of the Children of Atom. Unlike the Children of Atom, the Apostles actively irradiate themselves and only those who have been baptized in Atom's holy Light are permitted into their Holy Light Monastery, whose surface entrance is guarded by Brother Gerard. The Apostles regard ghouls as enlightened beings who have given themselves to the Eternal Light. They also differ from the Children of Atom in Megaton by opposing the Great Division and the idea of detonating the Megaton bomb.",,,faction
"brotherhood_outcasts,Outcasts",,,"The Brotherhood Outcasts, often simply called the Outcasts, are a renegade faction that split from the Capital Wasteland's Brotherhood of Steel under the leadership of Paladin Henry Casdin. They oppose Elder Lyons' policies, believing they are the true loyalists upholding the Brotherhood's original mission of discovering and securing advanced pre-War technology. After departing the Citadel with a significant portion of its stockpiles, they seized Fort Independence as their headquarters, painting their power armor red and black to distinguish themselves. The group patrols the wasteland for technology and hopes to eventually regroup with the Western Brotherhood chapters to vindicate their actions.",,,faction
"children_of_atom,Church of the Children of Atom",,,"The Children of Atom, sometimes called the Church of the Children of Atom, are a religious cult devoted to the worship of Atom, a deity they associate with nuclear power and radiation. They operate out of Megaton, a settlement built around an undetonated atomic bomb, and helped construct the town in exchange for the bomb remaining in place. The group is led by Confessor Cromwell and Mother Maya, both of whom still reside in Megaton. Members believe the Great War was a holy event perpetrated by Atom, that those who died in it were fortunate to aid in his creation, and that irradiated water is a blessing full of Atom's Light.",,,faction
chinese_remnants,,,"The Chinese Remnants are the surviving remnants of Chinese military operations in the United States, consisting of former spies, intelligence agents, and special-ops soldiers who were transformed into ghouls following the Great War. These ghoulified Chinese personnel continue to operate in the Capital Wasteland, with known presences at Mama Dolce's and in underground sewers near Broadcast Tower KT8. The group maintains a military structure, with sergeants and officers demonstrating greater combat proficiency than their subordinates. They are hostile to outsiders encountered in the wasteland.",,,faction
littlehorn_associates,,,"Littlehorn & Associates is a contract killing firm operating in the Capital Wasteland, headed by Daniel Littlehorn from a large shed at the entrance to the scrapyard. The organization serves as a counterpart to the Regulators and maintains a low-key presence throughout the region, with employees spread across the wasteland. Daniel Littlehorn claims to seek ears from good people as a way of maintaining a certain balance in the wastes, though the firm keeps personal and business information to a minimum to ensure smooth operations. The firm's members include Daniel Littlehorn and his secretaries, who display a remarkably callous attitude toward one another's deaths.",,,faction
"lyons_pride,Pride",,,"Lyons' Pride, commonly known as the Pride, is an elite tactical unit of Lyons' Brotherhood of Steel formed by Elder Owyn Lyons to combat the super mutant presence in Washington, D.C. The squad is commanded by Sentinel Sarah Lyons, who personally selects its members from a pool of applicants. Operating primarily out of the Galaxy News Radio outpost in Chevy Chase and the Lyons' Den within the Citadel, the group is easily recognized by their T-45d power armor bearing a unique lion rampant insignia. In 2277, the Pride suffered casualties when Initiates Reddin and Jennings were killed during a mission to reinforce the radio outpost against super mutant attacks.",,,faction
nuka_cola_fan_club,,,"The Nuka-Cola fan club is an association of Nuka-Cola enthusiasts based in the Capital Wasteland, founded by Sierra Petrovita, who serves as its president, recording secretary, and treasurer. Ronald Laren is the only other member, though membership is open to the public. Club activities include collecting Nuka-Cola related items, hosting an annual cook-off featuring recipes containing Nuka-Cola, and awarding the best collection with the Nuka-Cola Fan Club Collection Award. Sierra has won the collection award for ten consecutive years and also won the most recent cook-off with her poached roach with Nuka-sauce.",,,faction
"pitt_raiders,Ashur's army",,,"The Pitt Raiders, also known as Ashur's army, are a group of slavers who rule over the Pitt Slaves in The Pitt following the Scourge. They were united by Ishmael Ashur, a former Brotherhood of Steel member who was left behind during the Brotherhood's purge of the area and later discovered the potential of an operational steel mill. To maintain their workforce, the Pitt Raiders engage in slavery and purchase slaves from the Capital Wasteland, acting as customers of the Paradise Falls Slavers.",,,faction
pitt_slaves,,,"The Pitt Slaves are the captive workforce of The Pitt, forced to labor under the constant watch of the Pitt Raiders to keep the city's steel industry running. They suffer from the Troglodyte Degeneration Contagion, a disease that renders all of the Pitt's inhabitants infertile and gradually transforms some into Wildmen or Trogs. Despite their grim circumstances, the slaves harbor hopes of revolution, organized under the leadership of Wernher and Midea, who seek to obtain a cure held by Lord Ashur. Most slaves are found in Downtown and The Mill, with some sent into the hazardous Steelyard to collect steel ingots.",,,faction
point_lookout_tribals,,,"The Point Lookout tribals are a group inhabiting the Ark & Dove Cathedral in the Point Lookout swamplands. They cultivate Punga plants and meditate, led by a man named Jackson, who believes the psychic entity Calvert is a god and follows his commands. New members are initiated by traveling to the Sacred Bog to retrieve Punga Seeds from the Mother Punga, a process that exposes them to hallucinogenic gas and involves the removal of part of their brain to free their mind. The procedure sometimes kills prospective members or strips away more brain functions than intended, leaving those unable to care for themselves under the supervision of a tribal named Woodrose.",,,faction
regulators,,,"The Regulators are a faction in the Capital Wasteland dedicated to bringing evildoers to justice. They appeared within the last ten years and are led by Sonora Cruz, operating out of their headquarters. Megaton sheriff Lucas Simms is counted among their members. The Regulators pursue those with evil reputations and offer bounties for proof of wrongdoers' deaths.",,,faction
"reillys_rangers,Reilly's Rangers",,,"Reilly's Rangers is a mercenary faction operating in the Capital Wasteland, based at the Ranger Compound near Seward Square. The group was founded by Reilly when she was twenty-six years old and has built a reputation as guns for hire who operate under a code of ethics and strive to help people. This moral stance has put them at odds with fellow mercenary group Talon Company, whom they view as lacking any such code. The Rangers have taken on contracts to map Washington, D.C.",,,faction
slavers,,,"The slavers are a faction operating out of Paradise Falls in the Capital Wasteland, with a long history of capturing wastelanders for profit. Under past leaders like Harmon Jurley and Penelope Chase, they overran settlements such as Rockopolis and sold its citizens to the Pitt. Currently led by Eulogy Jones, the slavers are paid on commission and traffic their captives either to local buyers or wealthier regions outside the Capital Wasteland. Small teams roam the wilderness hunting for slaves, while a growing abolitionist movement has begun to threaten their trade.",,,faction
sudden_death_overtime,,,"Sudden-Death Overtime is a mercenary gang operating in the Capital Wasteland around 2277. The group is led by Goalie Ledoux and includes members Centre Dubois, Winger Gervais, and Winger Mercier. They are obsessed with the pre-War sport of ice hockey, though their understanding of it is deeply flawed, as they refer to themselves as an ice gang and believe the primary purpose of the sport was fighting rather than scoring goals. Ledoux and his crew use hockey terminology in their speech, referencing face-offs and crossing sticks.",,,faction
talon_company,,,"Talon Company is the largest mercenary organization active in the Capital Wasteland, with operatives found throughout the region. They are hostile to most groups on sight and prioritize cash and loot above all else, hiring themselves out to anyone willing to pay. The group works for an unknown benefactor charged with keeping the Capital Wasteland a lawless place, and their ruthlessness is well documented-Reilly of Reilly's Rangers reports that they killed an entire settlement a year or two ago. Their headquarters displays a flag depicting a large bird with a skull carrying away a crying baby, and they maintain artillery support teams deployed in Seward Square and Takoma Park.",,,faction
tenpenny_tower_security,,,"Tenpenny Tower Security is a group of mercenaries hired by Mister Burke to protect Tenpenny Tower, the upscale residential high-rise in the Capital Wasteland. They serve as the tower's armed enforcement, screening visitors and maintaining order within the settlement's walls. The security personnel are generally regarded as little more than hired guns, distinguished by their uniforms and the authority granted to them by the tower's leadership. Their presence ensures that the wealthy residents of Tenpenny Tower remain insulated from the dangers of the wasteland outside.",,,faction
the_family,,,"The Family is a group of nocturnal cannibals who identify as vampires and dwell in Meresti Metro Station east of Arefu. Vance leads them, teaching members to restrain their hunger for human flesh and consume only blood, framing their cannibalism as a wasteland survival adaptation. Prospective members meditate in solitude before joining and must follow the group's rules. The Family repeatedly raids Arefu and recently captured Ian West, an Arefu resident overwhelmed by cannibalism after killing his parents.",,,faction
treeminders,,,"The Treeminders are a peaceful religious cult that inhabits and protects Oasis, a verdant vale in the northern Capital Wasteland, where they worship a being they call the Great One, the One Who Grows, the One Who Gives, and the One Who Guides. The Great One is in fact Harold, an FEV mutant who took root in the late 2250s after a tree grew from his head and consumed his body, and whose presence transformed the barren hillside into a lush haven of plant and animal life. The group was founded by a wanderer who took the name Tree Father Birch after he discovered Harold and resolved to protect him from exploitation by others who might seek to do him harm. The Treeminders follow a loose hierarchy led by the Tree Father and Leaf Mother, with branchtenders serving as guardians, bloomseers as healers and interpreters of premonitions, and saplings as the youngest members still learning the ways of Oasis.",,,faction
vault_101_security,,,"Vault 101 Security is the law enforcement division of Vault 101, operating from a centralized office on the upper level. They are the only inhabitants permitted to carry 10mm Pistols and police batons, wearing helmets, armor, utility jumpsuits, and Pip-Boy 3000s. Officers like Kendall are known to patrol the vault and respond to disturbances such as radroach infestations.",,,faction
"alpha_team,1st Recon Alpha Team",,,"The Alpha Team, also known as the 1st Recon Alpha Team, is a division of the New California Republic Army stationed at Camp McCarran. For six months, they have been fighting against the Fiends who have committed acts of violence in the surrounding area. The team is led by Gorobets and includes members such as 10 of Spades, Betsy, Corporal Sterling, and Sergeant Bitter-Root.",,,faction
boomers,,,"The Boomers are an isolationist tribe living at Nellis Air Force Base, descended from Vault 34 dwellers who rebelled against their overseer and escaped with the vault's armory. They earned their nickname from outsiders due to their reverence for explosives, which forms the foundation of their culture and ideology. Led by Mother Pearl and a council of elders including Master-At-Arms Raquel, the Boomers maintain a self-sufficient community with schools, a museum, greenhouses, and solar power. They are deeply paranoid and hostile to outsiders, using artillery and spotters to guard their perimeter, and forbid their own members from leaving Nellis.",,,faction
bright_brotherhood,,,"The Bright Brotherhood is a religious cult of ghouls based in the REPCONN Test Site west of Novac. Led by the prophetic Glowing One Jason Bright, the group worships a figure known as The Creator and seeks to escape the bigotry of humans by embarking on a ""Great Journey"" to a promised land using repaired REPCONN rockets. Their ranks also include a single human named Chris Haversam, who fully believes himself to be a ghoul. The Brotherhood is currently hindered by a nightkin invasion in their facility, as the super mutants are convinced the ghouls are hoarding a shipment of Stealth Boys.",,,faction
"caesars_legion,Caesar's Legion",,,"Caesar's Legion is a large slaving empire founded in 2247 by Edward Sallow, also known as Caesar, and Joshua Graham, the Malpais Legate. Modeled after ancient Rome, the Legion erases tribal identities to forge a unified warrior culture that controls Arizona, New Mexico, and parts of Utah and Colorado. By 2281, the Legion has expanded into the Mojave Wasteland, establishing a base at Fortification Hill and clashing with the New California Republic over Hoover Dam. The Legion forbids chems and alcohol, treats women as breeding stock, and punishes homosexuality with death, while its citizens believe Caesar rules by divine right as the son of Mars.",,,faction
cassidy_caravans,,,"Cassidy Caravans is a small caravan company founded and owned by Rose of Sharon Cassidy, commonly known as Cass, in the Mojave Wasteland. Despite its modest size, the company became a notable competitor to larger outfits like the Crimson Caravan by securing consistent trade with core customers such as the New California Republic. Cass established the business after realizing her nomadic wanderings between settlements could be turned profitable, eventually hiring additional staff to handle deliveries along her routes. The company persisted through the brutal caravan conflicts that plagued the Mojave, but in 2281 a covert attack staged by the Van Graffs in collusion with Crimson Caravan manager Alice McLafferty destroyed the caravan and its cargo, leaving Cassidy Caravans with little to its name and Cass stranded at the Mojave Outpost trying to clear her papers.",,,faction
"chairmen,Mojave Boot-Riders",,,"The Chairmen are one of the Three Families that operate casinos on the New Vegas Strip under the employ of Mr. House. Originally a nomadic warrior tribe called the Mojave Boot-Riders, they accepted House's offer to come to Vegas after their leader Bingo was killed in a duel by Benny, who supported the arrangement. Upon arriving, the tribe was given control of The Tops casino and renamed the Chairmen.",,,faction
dead_horses,,,"The Dead Horses are a tribe living in Zion Canyon, descended from refugees from Res, east of the Grand Canyon. They speak a language combining their own with that of travelers present during the Great War. They reside at Dead Horse Point and consider pre-War areas taboo, marked with white hand prints. The tribe hunts bighorners for food, commemorating hunts and special occasions with tattoos, while being mindful of the environment.",,,faction
enclave_remnants,,,"The Enclave Remnants are scattered veterans of the West Coast Enclave living in the Mojave Wasteland. After the destruction of the Poseidon Energy Oil Rig, some Enclave members retreated to Camp Navarro, but a New California Republic offensive forced them to flee and attempt to integrate into society while avoiding bounty hunters, NCR forces, and the Brotherhood of Steel. The surviving members eventually settled in and around the Mojave, stashing their old equipment in a hidden bunker that once served as a refueling station. Their former commanding officer, Judah Kreger, maintained the group's connection over the years, though he no longer issues orders.",,,faction
fiends,,,"The Fiends are a raider gang composed entirely of chem addicts operating in the Mojave Wasteland around New Vegas. After killing the inhabitants of Vault 3, they claimed the facility as their base and grew strong enough to control a large part of the southwestern New Vegas conurbation. The group is led by Motor-Runner, Violet, Cook-Cook, and Driver Nephi, and they attack anyone on sight except the Great Khans, who supply them with chems. The NCR seeks to eliminate the Fiends but is limited to holding defensive lines, while Caesar's Legion views their drug dependence with contempt and the Omertas consider them bad for business due to their theft of weapon shipments and kidnapping of locals.",,,faction
"followers_of_the_apocalypse,Followers",,,"The Followers of the Apocalypse, often called simply the Followers, are a humanitarian organization founded by former vault dwellers and others who originally lived near the Glow in San Diego. Led by Nicole, who lost her parents during the group's migration north, the Followers were established on the principle of ending cycles of violence by sharing knowledge and resources freely. They are not a religious group but are guided by a set of ideals centered on education, medicine, and research, with the aim of rebuilding civilization to its pre-War state. By 2280, the Followers maintained outposts in every major city within the New California Republic, with their headquarters at the Boneyard Library, and a regional hub at the Old Mormon Fort in the Mojave Wasteland under administrator Julie Farkas.",,,faction
great_khans,,,"The Great Khans are a raider tribe based in Red Rock Canyon in the Mojave Wasteland. Descended from the New Khans of California, the tribe migrated east under Papa Khan and clashed with the New California Republic, culminating in the Bitter Springs Massacre. The surviving Khans resettled in Red Rock Canyon, where they sustain themselves through chem production and trafficking, trading with nearby Fiends and Westside residents. Papa Khan seeks an alliance with Caesar's Legion to oppose the NCR and restore the tribe's glory, though the Legion intends to absorb the Khans after using them.",,,faction
"the_kings,Kings of Freeside",,,"The Kings are a gang operating in Freeside, the area outside the New Vegas Strip gates, sometimes called the Kings of Freeside by NCR citizens. They follow The King, the most powerful individual in Freeside, and copy the mannerisms and looks of the individual the King's School of Impersonation was founded to emulate. The gang works alongside the Followers of the Apocalypse to keep Freeside peaceful and independent, defending the area against squatters and thugs while running the water pump installed by Bill Ronte of the Followers. The Kings believe that every man is free to follow his own path and that no one has the right to trample on the freedoms of others, though tensions have risen as New California Republic citizens move into the area, causing conflict with locals.",,,faction
mojave_express,,,"The Mojave Express is a delivery company that emerged alongside the NCR's eastward expansion, carrying letters and packages across the vast distances of the American Southwest. It maintains offices in The Hub, where couriers are hired, and in Primm within the Mojave Wasteland. The company operates dropboxes at several locations throughout the Mojave, including Goodsprings, Novac, Freeside, and the New Vegas Strip, allowing for the transfer of items between distant points. By 2280, the Mojave Express had not yet extended its reach as far as New Reno.",,,faction
"new_california_republic,NCR",,,"The New California Republic, often abbreviated as the NCR, is a large democratic nation spanning portions of the American southwest. Founded by Vault dwellers who established the settlement of Shady Sands, the republic grew to encompass five states and a population of over 700,000 citizens. Dedicated to the rule of law, the nation outlaws practices like slavery and maintains a standing army, currency, and court system. Under the leadership of President Aaron Kimball, the NCR continues to expand its influence into the Mojave Wasteland, though some tribes know them as the Sunset People.",,,faction
omertas,,,"The Omertas are one of the Three Families of the New Vegas Strip, running the Gomorrah casino under the leadership of Nero and his right-hand man Big Sal, with underboss Cachino handling lesser tasks. Before Mr. House recruited them, they were the Slither Kin, a nomadic tribe that lured travelers into camp, drugged them, and murdered or enslaved them. The Omertas run scams, extortion, and prostitution from Gomorrah, keeping workers dependent through chem addiction and ruthlessly pursuing unpaid debts.",,,faction
"powder_gangers,Powder Gangsters",,,"The Powder Gangers, sometimes called Powder Gangsters, are a gang of escaped prisoners operating in the Mojave Wasteland. They originated from a prison break at the NCR Correctional Facility, where inmates were previously forced to maintain a railroad under military supervision. Led by Samuel Cooke, the prisoners overwhelmed the guards and dispersed into various groups, with some taking over the facility under Eddie and others joining Cooke in Vault 19. Known for their heavy use of dynamite, they have disrupted local infrastructure by shutting down Highway 93 and Quarry Junction.",,,faction
sorrows,,,"The Sorrows are a peaceful tribe living in Zion Canyon, known for their hunting and fishing-based culture rather than a warrior tradition. Their signature weapon is the Yao Guai Gauntlet, crafted during a rite of passage where young members hunt and kill a Yao Guai. The Sorrows worship a spirit known as the Father in the Cave, who provided gifts and guidance to the original Sorrows, a group of children who escaped a place called The School. Their shaman White Bird oversees religious rites, and the tribe believes that when they die, the river carries their water to the next life to be with the Father.",,,faction
state_of_utobitha,,,"The State of Utobitha is a faction of Super Mutants and Nightkin occupying Black Mountain in the Mojave Wasteland, founded and ruled by the Nightkin Tabitha, who styles herself supreme commander. Black Mountain was originally settled peacefully by first generation Super Mutants led by Marcus, but an influx of Nightkin and second generation Super Mutants drove Marcus and his followers away to found Jacobstown, leaving Tabitha in control. Tabitha broadcasts propaganda and orders to kill humans on sight over Black Mountain Radio, describing Utobitha as a utopian society for mutants, though Nightkin receive preferential treatment. The inhabitants are hostile to outsiders, wary of the NCR and Caesar's Legion, and maintain their weapons and scrap-built shelters, though they struggle to keep the communications outpost running without outside mechanical help.",,,faction
the_misfits,,,"The Misfits are a small squad of New California Republic Army troopers assigned to 9th Platoon at Camp Golf in 2281. Their commanding officer, Sergeant McCredie, is frustrated by their poor discipline, work ethic, and camaraderie, though he retains some faith in the squad's informal leader, Mags. Each member of the Misfits serves with ulterior motives or under duress rather than genuine dedication. Mags originally sought to become an NCR Ranger but was unable to do so and settled for the regular army.",,,faction
van_graffs,,,"The Van Graffs are a prominent merchant house and crime family operating out of Redding, dealing primarily in energy weapons and high-value commodities. Founded by a ruthless matriarch who relies on her ten children to manage her mercantile empire, the family has a long history of clashing with the New California Republic. By 2281, they have expanded into the Mojave Wasteland, taking over the Silver Rush casino in Freeside under the management of Gloria Van Graff. To secure a lucrative defense contract with the NCR, Gloria orchestrates a trap against Caesar's Legion while simultaneously forming a covert alliance with the Crimson Caravan to undercut local competitors.",,,faction
vipers,,,"The Vipers are an aggressive tribe of raiders originating from Vault 15, founded by Jonathan Faust after a quasi-religious experience involving a pit of vipers that led to their worship of snakes and the foundation of their religion, The Winding Way of the Great Snake. Their faith involves a caste system of priests and warriors, rites using viper venom to evoke visions, and a deity known as the Great Snake or God of the Pit, to whom Faust claimed regular sacrifices were demanded. Faust led the Vipers for 28 years until his death during a raid on the Brotherhood of Steel, after which both the Brotherhood and the New California Republic hunted the Vipers nearly to extinction, fracturing the survivors into small clans that resorted to opportunistic raiding across the Mojave. By 2280, the remaining Vipers had become known for raiding around the New Reno area and occupying territory east of Vegas, though much of their original culture had been lost, with many acting merely as gunslingers rather than religious fanatics.",,,faction
"westside_cooperative,Westside Co-op",,,"The Westside Cooperative, sometimes called the Westside Co-op, is a tight-knit community faction based in the fortified Westside zone of the Mojave Wasteland. Founded by New Reno immigrant Clayton Ettienne and local farmers, the organization pools resources to grow crops for sustenance and sells surplus produce to travelers and larger factions. With the help of engineer Tom Anderson and the Followers of the Apocalypse, the group refurbished an old commercial building to house their farming operation and a grocery store managed by Ettienne. The Cooperative shares its earned caps among the farmers, though it currently faces tense negotiations with the NCR over the siphoning of their water supplies.",,,faction
white_glove_society,,,"The White Glove Society is one of the Three Families responsible for operating the Ultra-Luxe casino on the New Vegas Strip. Originally a cannibalistic tribe, they were employed by Mr. House and agreed to abandon their tribal identity and cannibalism in exchange for him concealing their former name. The society maintains an atmosphere of refinement and mystery, with members wearing formal wear and masks while providing the Strip's most elite casino experience.",,,faction
white_legs,,,"The White Legs are a post-war tribal group originally from the ruins of Salt Lake City, known for raiding and scavenging throughout the Great Basin and Colorado Plains. They periodically raided northeast of Caliente until the Desert Rangers were absorbed into the NCR, after which they regularly raided the stretch of I-15, causing travelers to avoid the area. After the Legion's defeat at the First Battle of Hoover Dam, Caesar ordered New Canaan destroyed and the White Legs, intent on joining the Legion, were given a rite of passage to eradicate the city. Ulysses helped teach the White Legs to wage war, leading them to an armory near Spanish Fork where they discovered large submachine guns they call storm drums, which became their signature weapon.",,,faction
"united_states,U.S.A",,,"The United States, also known as America or the U.S.A., was a pre-War global superpower and the primary setting of the Fallout series. Before the Great War on October 23, 2077, the nation was governed by a President and Congress, with the United States Armed Forces serving as its unified military. Following the devastating nuclear exchange, the country ceased to exist as a centralized political entity, fracturing into a collection of independent settlements and successor states. Remnants of its government and culture, such as the Enclave, continue to influence post-War society across the former territories.",,,location
adams_air_force_base,,,"Adams Air Force Base is a former pre-War military installation located outside the Capital Wasteland, accessible via the Presidential Metro. After the Great War, the Enclave occupied the facility and made use of its Mobile Base Crawler, a large mobile research platform. The base served as a fortified Enclave compound and, following the loss of Raven Rock, became a key fallback position for the organization's remaining forces in the region. The facility housed Enclave soldiers, scientists, Vertibird support infrastructure, and research operations on Wasteland creatures, including caged Deathclaws.",,,location
anacostia_crossing_station,,,"Anacostia Crossing Station is a Metro station and the southernmost stop on the Red Line, situated directly north of Rivet City. The station entrance lies just north of the tower platform that links the Rivet City access bridge to the riverbank. Below, the station is inhabited by lightly armed raiders who have established an encampment behind sandbag barricades on the raised central platform. The tunnels of Anacostia Crossing allow transit to The Mall and Seward Square, and a Super Mutant camp rests just west of the station, overlooking the Jefferson Memorial.",,,location
anchorage_memorial,,,"The Anchorage Memorial is a monument located on an island in the Potomac River within the Capital Wasteland, commemorating the Battle of Anchorage in Alaska. After the Great War, wastelanders herded mirelurks into the facility and established a meat processing operation, selling mirelurk meat to passing traders for caps. A competitor hired mercenaries who released the mirelurks, resulting in the creatures killing the facility's inhabitants. The memorial contains multiple structural levels, including living quarters, offices, and underground maintenance areas now infested with mirelurks and their nests.",,,location
arefu,,,"Arefu is a small settlement in the Capital Wasteland situated on an overpass bridge spanning the Potomac River northwest of Vault 106. It serves as a stopping point on the trading caravan circuit and is the last stop on most trade routes from Megaton. In recent years, the settlement's population has dwindled from thirty down to only five residents. To maintain security, the inhabitants destroyed the northern span of the bridge, leaving only a single entrance to defend against the dangers of the wasteland.",,,location
bethesda_ruins,,,"The Bethesda Ruins are the remains of a major pre-War town located northwest of Washington, D.C., formerly served by metro and highway systems. The ruins are divided into Bethesda Offices West, Bethesda Offices East, and the Bethesda Underworks. Prior to the Great War, the city featured a local park named after its largest employer where residents regularly played baseball. By 2277, the area is heavily barricaded and inhabited by hostile Raiders and Feral Ghouls.",,,location
big_town,,,"Big Town is a makeshift settlement in the Capital Wasteland located north of Vault 101 and southeast of the Moonbeam Outdoor Cinema. It is surrounded by barricades and a makeshift moat, accessible only by a bridge at the north end, with walls built from cars, debris, and rubble. The population consists mostly of teenagers and young adults who were expelled from Little Lamplight upon turning sixteen, having been told that Big Town was a safe and comfortable place for mungos to live. The settlement has been ravaged by Super Mutant and Slaver attacks, and some residents have been kidnapped by Super Mutants and taken to the old police station in Germantown.",,,location
canterbury_commons,,,"Canterbury Commons is a small trading post and town on the eastern edge of the Capital Wasteland, founded by Uncle Roe and his sister Daisy as a trading center for caravan merchants. Raider attacks killed Daisy and her husband Louis, leaving Roe to maintain the settlement with his nephew Derek Pacion. The town is currently caught in a conflict between two self-styled superhumans: Tanya Christoff, known as the AntAgonizer, who seeks to destroy Canterbury Commons believing it a blight on the wasteland, and Scott Wollinski, who adopted the Mechanist persona to defend the town after the AntAgonizer destroyed his favorite robot. The settlement's only permanent merchant is Joe Porter, who operates out of an old Dot's Diner, while Dominic and Machete live in an adjacent garage and Roe resides in the old fire station.",,,location
"capital_wasteland,Capital Region",,,"The Capital Wasteland, also called the Capital Region, encompasses the ruins of Washington, D.C. and surrounding areas, stretching from Raven Rock in the northwest to Rivet City in the southeast. During the Great War, the area received advanced warning after the west coast was destroyed, but those unable to secure space in vaults sought shelter in metro tunnels, museums, and other alternate shelters, while insufficiently equipped National Guard aid stations led to desertion and high mortality. By 2277, settlements such as Megaton, Canterbury Commons, Arefu, and the Republic of Dave dotted the landscape, connected by trade caravans, and Elder Lyons' Brotherhood of Steel had established a base at the Citadel to combat the Super Mutant threat and protect scientists working on Project Purity.",,,location
chaste_acres_dairy_farm,,,"Chaste Acres Dairy Farm is the ruin of a small farm in the northeastern Capital Wasteland, situated southwest of the Republic of Dave. The site has been taken over by a group of raiders, who frequently find themselves under attack by roaming creatures such as robots, yao guai, giant radscorpions, or even deathclaws. The farm includes a grain silo with a sniper position above and a barn containing a corpse on the second floor. A Nuka-Cola delivery truck sits straight west of the farm, and a note about it can be found in Old Olney.",,,location
chryslus_building,,,"The Chryslus Building is a ruined office building on the outskirts of Washington, D.C. in the Capital Wasteland. It was once the headquarters of Chryslus Motors, the pre-War automobile manufacturer, and included a baseball field constructed outside for employee use. Since the Great War, the building has fallen into considerable ruin and become a stronghold occupied by Super Mutants and Centaurs.",,,location
clifftop_shacks,,,"Clifftop Shacks are a fortified encampment perched on a cliff southeast of Oasis in the Capital Wasteland. The site consists of a small plateau bearing three shacks, two of which remain accessible, reachable by an uphill path on the eastern side and a suspension bridge on the western side. The encampment is inhabited by Super Mutants, who have festooned the area with gore bags, and at times Centaurs can be found among them. The northern shack holds a collection of ruined books and a skeleton resting on a bloodied bed, while the southern shack contains makeshift bedding along with the remains of a raider and a wastelander.",,,location
corvega_factory,,,"The Corvega Factory is a pre-War Corvega facility southwest of Vault 108 in the Capital Wasteland that manufactured vehicles used throughout the United States. It is now home to a colony of giant ants, including a giant ant queen at the southern end of the factory. The factory also contains the bodies of mercenaries and raiders who failed to reach the queen, along with a small number of feral ghouls.",,,location
county_sewer_mainline,,,"The County Sewer Mainline is a tunnel system in the Capital Wasteland that can be entered from the Sewer Waystation or a sewage grate along the Potomac north of a raider camp near the Key Bridge. It runs beneath Grayditch and Arlington National Cemetery but offers no access points at either location. The tunnels are home to a hostile ghoul named Gallo, who keeps a small Nuka-Cola collection and a pen of radroaches in his room past a series of traps. Feral ghouls and radroaches occupy much of the sewer management area, and the remains of dead mercenaries and wastelanders litter the passages throughout.",,,location
deathclaw_sanctuary,,,"The Deathclaw Sanctuary is a cave maze in the Capital Wasteland, located between Dickerson Tabernacle Chapel and Broadcast Tower KB5. It is home to numerous Deathclaws and contains piles of maimed bodies and body parts, serving as both a nest and storage place. The interior is dark and maze-like, with twisting tunnels and large obstructions making it one of the most dangerous places in the region. Outside the sanctuary, a small overhang conceals a dead mercenary and a footlocker, while Deathclaws guard the entrance.",,,location
dunwich_building,,,"The Dunwich Building is an office building located at the southwesternmost edge of the Capital Wasteland, south of Girdershade and far west of Tenpenny Tower. Before the Great War, it was owned by Dunwich Borers LLC, a company that manufactured rock drills for tunneling and drilling operations. After the war, the building remains standing and is known among wastelanders as a place of bad mojo, with reports of strange phenomena such as self-opening doors, unexplained footsteps, flickering lights, and disturbing hallucinations. The interior is divided into three sections: the entrance, the Forsaken Dunwich Ruins, and the Virulent Underchambers, all of which are infested with feral ghouls.",,,location
"galaxy_news_radio,GNR",,,"Galaxy News Radio, often abbreviated as GNR, was a pre-War radio station based in Washington, D.C. and a subsidiary of Galaxy News Network, originally broadcasting on 103.8 FM with programs such as Mornings with Marie. In the Capital Wasteland, the station has been repurposed by Three Dog from the GNR Building Plaza, who reports on happenings around the region with the help of a technician named Margaret. Three Dog operates the station as part of what he calls the ""Good Fight,"" his attempt to inform inhabitants how ""things really are"" and expose the Enclave's true intentions. The station plays a combination of Three Dog's commentary and twenty songs from records found in playable condition, though its signal quality is poor due to a relay dish on the Washington Monument that was destroyed when a Super Mutant shot it to pieces.",,,location
greener_pastures_disposal_site,,,"The Greener Pastures Disposal Site is one of the largest radioactive areas in the Capital Wasteland, located northwest of the Temple of the Union, southwest of Old Olney, and northeast of the MDPL-13 Power Station. Before the Great War, Greener Pastures was an infamous radioactive waste-disposal plant that was in reality a dumping ground for all kinds of toxic waste, liberally stored in the open without any containment or deactivation. It became one of the biggest environmental disasters in recorded history, incurring several casualties and serving as a frame of reference for potential future disasters. The site is now a vast barren landscape dotted with puddles of radioactive nuclear waste, inhabited by mutated creatures such as Yao Guai, Radscorpions, and Radroaches.",,,location
hamilton_s_hideaway,,,"Hamilton's Hideaway is a small cave in the Capital Wasteland that was originally built as an unfinished bomb shelter for a family of three who distrusted Vault-Tec. After the Great War, the network of tunnels became a hideout for chem smugglers. According to Evan King, it is one of three possible locations where a group known as The Family might reside. The cave is inhabited by various creatures such as radscorpions and radroaches, as well as raiders, and contains a hidden weapons cache.",,,location
jefferson_memorial,,,"The Jefferson Memorial is a monument in the Capital Wasteland that was selected as the site of Project Purity, an initiative led by James to convert the memorial into a water purifier capable of cleansing the river's water of radiation for use by wasteland residents. The project was abandoned after James' wife Catherine died giving birth to their child, only to be picked up again some twenty years later. The statue of Thomas Jefferson remains submerged within the center of the facility, surrounded by the purifier infrastructure built around it. The memorial contains five interior sections accessible through the gift shop doors, though the exterior is known to be patrolled by Super Mutants.",,,location
"l_o_b_enterprises,L.O.B",,,"L.O.B. Enterprises was a pre-war weapons manufacturer located in Falls Church at 18527 Fairford Drive. The company secretly developed an incendiary weapon known as the Zhu-Rong v418 Chinese Pistol under a program called Project Zhu-Rong. Employees were heavily armed and trained for a potential federal invasion or nuclear exchange, even being sworn into a so-called sovereign L.O.B.",,,location
little_lamplight,,,"Little Lamplight is an underground settlement in the Capital Wasteland, founded on January 26, 2078, by child survivors of the Great War who were abandoned by their adult caretakers. Located within the pre-War Lamplight Caverns tourist attraction, the community is populated entirely by children under the age of 16, who exile or kill any resident who reaches their 16th birthday, referring to them as 'mungos.' The settlement is governed by an elected mayor, a position held by Robert MacCready in 2277. The children of Little Lamplight hold a deep-seated antipathy toward adults, a sentiment rooted in their community's founding, when the last remaining adult survivor left the children to fend for themselves shortly after the Great War. The settlement's layout includes the Great Chamber, which serves as the primary living area, and features structures such as the Spelunkers restaurant, the Souvenir Shop, and the Little Lamplight Office Building, which houses the medical office and school.",,,location
mdpl_13_power_station,,,"The MDPL-13 Power Station is a derelict power plant in the Capital Wasteland, located north-northwest of Minefield. It consists of a main derelict power plant building with three tall chimneys and a smaller power substation to the west. The main building contains a lobby, a plant floor with feral ghouls and radiation pockets, catwalks, and an office with a Glowing One. The substation contains a workbench and safe.",,,location
mama_dolce_s,,,"Mama Dolce's is a food processing plant in the Capital Wasteland, accessible through Arlington Metro Station or the Arlington Falls Church Metro in Falls Church. The facility is divided into three parts: a processed foods area, a food distribution center, and a loading yard connecting them. Despite its outward appearance as an ordinary food manufacturer, Mama Dolce's actually served as a front for Chinese intelligence and espionage operations throughout the D.C. area, a fact revealed through encrypted terminal records.",,,location
mason_dixon_salvage,,,"Mason Dixon Salvage is a salvage yard in the northern Capital Wasteland, located northwest of Paradise Falls and near Drowned Devil's Crossing. The site consists of two rusted metal shacks on its east and west ends, with three overturned trailers situated south of the western shack. It has been occupied as a camp by Super Mutants and their Centaur companions, making it a hazardous area for any wasteland traveler. A captive is held at the location, and a Deathclaw has been known to roam the small hill nearby.",,,location
megaton,,,"Megaton is a fortified settlement in the Capital Wasteland built around a crater containing an undetonated atomic bomb. Founded by people denied entry to Vault 101, the town grew into a trade hub protected by walls made from scavenged aircraft debris. Lucas Simms serves as the self-appointed sheriff, while Colin Moriarty runs the local saloon and keeps tabs on town affairs. The Church of the Children of Atom worships the central bomb, and the settlement maintains contact with Vault 101 through ambassadors established during a 2241 expedition.",,,location
"metro_central,Metro Center",,,"Metro Central, also called Metro Center, is the largest station in the Capital Wasteland's underground metro system, located beneath Washington, D.C. where the Red and White lines cross. No faction controls it; instead, feral ghouls and vicious dogs infest the tunnels. Raiders, Talon Company mercenaries, and the feral ghouls have fought several skirmishes over the station, leaving corpses and barricades throughout.",,,location
mothership_zeta,,,"Mothership Zeta is an alien vessel orbiting Earth that is known to abduct surface dwellers using its transporter technology. The ship holds prisoners taken across centuries, including people from before the Great War and even an astronaut, many of whom are kept in cryogenic storage. Its interior includes laboratories, robotics facilities, hangars, and a bridge equipped with a powerful energy weapon. The ship is associated with the crashed alien recon craft sometimes called Recon Craft Theta found in the Capital Wasteland.",,,location
"my_megaton_house,Empty House",,,"An empty residence in Megaton, known as the Empty House, sits unoccupied until its ownership is transferred. Sheriff Lucas Simms, or his son Harden Simms if the sheriff is deceased, can grant the key to this house as a reward for disarming the central atomic bomb. Once claimed, the dwelling is renamed My Megaton House. The home features a main floor lounge, kitchenette, upstairs landing, bedroom, and an additional room often occupied by a robot butler named Wadsworth.",,,location
northwest_seneca_station,,,"Northwest Seneca Station is a collapsed metro station in the Capital Wasteland, situated just north of Arefu on the opposite bank of the river. According to Evan King, it is one of three possible locations where the group known as The Family might be living. The station's accessible sections include a mole rat-infested restroom area and a converted maintenance room serving as a lab for a ghoul named Murphy and his assistant Barrett. An irradiated sewer tunnel leads from the station through the Meresti Service Tunnel to Meresti Metro Station, where The Family maintains their hideout.",,,location
oasis,,,"Oasis is a lush, forested settlement hidden inside a large rock formation in the northern Capital Wasteland, northwest of the Clifftop Shacks. It is built upon an extensive network of caves that once sheltered survivors from a nearby mining town during the Great War. The vegetation is the result of Harold, a mutated wanderer who had a tree named Herbert, or Bob, growing from his body. Harold took root here roughly 20 to 30 years ago, and his mutation spread seed pods that spawned the surrounding trees, grass, and plants.",,,location
olney_sewers,,,"The Olney Sewers are a small sewer system beneath Old Olney in the Capital Wasteland. Like the town above, the sewers are infested with Deathclaws, making them extremely dangerous to explore. The tunnels contain a maintenance room with a terminal connected to a Protectron unit, and a partly collapsed section where the body of a Brotherhood of Steel Initiate can be found. Some areas of the sewer connect to deeper underground passages beneath Old Olney.",,,location
our_lady_of_hope_hospital,,,"Our Lady of Hope Hospital is a ruined medical facility located near Vernon Square Station in the Capital Wasteland. The building has been overrun by Super Mutants, who gather there in concentrated numbers while searching for traces of the Forced Evolutionary Virus once used at Vault 87. A fallen broadcasting antenna connects the hospital to the Statesman Hotel, serving as a bridge to the hotel's upper floors. The hospital contains numerous traps and a significant stockpile of medical supplies, including blood packs and copies of D.C.",,,location
paradise_falls,,,"Paradise Falls is a fortified slaver compound built from the ruins of a pre-War strip mall, recognizable by its Large Boy statue landmark. The slave trade here has been led by figures such as Harmon Jurley and Penelope Chase, with Eulogy Jones currently managing operations after killing the previous leader. The compound includes slaver barracks, a weapons shop, a clinic, and holding pens where captives are bought, sold, and stored. Herbert Dashwood notes that the slaving operations were once less organized but have since made Paradise Falls the most dangerous dump in the Capital Wasteland.",,,location
point_lookout,,,"Point Lookout is a desolate, swampy region downriver from the Capital Wasteland that was never directly hit by nuclear bombs but suffered severe irradiation from the Potomac River. The pervasive radiation in its bogs led to the evolution of the Swampfolk, crazed and highly deformed people who inhabit the swamps alongside Feral Ghouls and Swamplurks. Almost entirely devoid of organized society, the area is sparsely populated by a few isolated individuals like Tobar the Ferryman and local Tribals. It is known to outsiders primarily for its unique Punga Fruit and the legends of hidden pre-War technology scattered among its abandoned buildings and Civil War-era mass graves.",,,location
reclining_groves_resort_homes,,,"Reclining Groves Resort Homes is a ruined pre-War neighborhood in the Capital Wasteland, situated north of Germantown Police HQ and west-northwest of the MDPL-13 Power Station. The area consists of seven destroyed houses and a small playground lining a stretch of paved road. A scavenger and his dog have set up a makeshift shop in a partially destroyed barn on the eastern end of the settlement. A dirt path leading south from the barn up a small hill leads to Warren, a small cave home to vicious dogs and the corpses of a mercenary and a wastelander.",,,location
"republic_of_dave,the Kingdom of Larry,the Republic of Stevie-Ray,Billsylvania,the New Republic of Stevie-Ray",,,"The Republic of Dave is a small farming community in the northeastern Capital Wasteland, east of Old Olney, founded on the site of a pre-War separatist militia compound. Over its history, the settlement has been known by many names, including the Kingdom of Larry, the Republic of Stevie-Ray, Billsylvania, the New Republic of Stevie-Ray, and most recently the Kingdom of Tom, before its current ruler Dave took control from his father Tom and reformed it into the Republic of Dave. The compound consists of a single extended family living among several buildings, including a capitol, a museum, a school, and a tourism office, and is governed by Dave, who insists on being addressed as Mr. President.",,,location
rivet_city,,,"Rivet City is the largest settlement in the Capital Wasteland, housed within a decaying pre-war aircraft carrier grounded in Washington, D.C. It was formally established in 2239 by Horace Pinkerton, Annette Holmes, and Brad Danvers, growing from a naval science outpost into a thriving community governed by a three-person council representing scientists, civilians, and security personnel. The city is renowned for its hydroponic farms that produce non-irradiated food, its advanced science lab, and a well-equipped security force trained by veterans like Harkness and Lana Danvers. Challenges facing the settlement include respiratory ailments caused by rust, social tensions between upper deck and hangar deck residents, and the constant need to defend against raiders, super mutants, and mirelurks that infest the ship's lower sections.",,,location
robco_facility,,,"The RobCo Facility is a pre-war RobCo Industries factory located in the Capital Wasteland, northeast of Tenpenny Tower and southwest of Fort Independence. It was used for the assembly of Protectron robots, with many units left dormant in charging stations throughout the building. By 2277, the facility is infested with mole rats and radroaches, and its production mainframe remains operational, capable of issuing commands to the robots and turrets within. A traveling robot merchant known as Tinker Joe can occasionally be found in the parking lot outside, accompanied by his automatons, including a military-grade Protectron designated Sergeant RL-3.",,,location
"robot_repair_center,Darren's Discounts",,,"The Robot Repair Center is a facility in the Capital Wasteland situated south-southwest of Canterbury Commons. Before the Great War, the building operated as a large discount electronics warehouse known as Darren's Discounts. In the post-nuclear era, the structure has been repurposed as the base of the Mechanist, a wasteland figure who uses robots to enforce his vision of order. The interior is divided into office spaces, two automated repair sectors, and a secret lair known as the Mechanist's Forge, all heavily guarded by Protectrons, Sentry Bots, and automated turrets.",,,location
shalebridge,,,"Shalebridge is a location in the Capital Wasteland situated north of Broadcast Tower KT8 and southwest of the Abandoned Car Fort. It consists of a broken relay tower, the Shalebridge tunnels, and Shalebridge Hill, with the latter two areas serving as homes to rival ant colonies. The Shalebridge Tunnels, marked by green mushrooms, house a small colony of passive mutated forager ants, while Shalebridge Hill, surrounded by golden fungus, contains an aggressive colony of giant worker ants, soldier ants, and a giant ant queen. The tunnels also hold the remains of an ant researcher found in a pool of water near the egg clusters, along with the bodies of raiders who perished in the area.",,,location
statesman_hotel,,,"The Statesman Hotel is a twelve-story building located in Vernon Square within the ruins of Washington, D.C. Before the Great War, it catered to upper-class clientele, but it is now infested with Super Mutants and Centaurs. The majority of the hotel is only accessible by traveling through Our Lady of Hope Hospital and crossing a fallen radio mast. The mercenary group known as Reilly's Rangers is stranded on the hotel's rooftop, pinned down by Super Mutant forces.",,,location
taft_tunnel,,,"Taft Tunnel is an escape route leading from the Jefferson Memorial to a sewer grate outside The Citadel, situated just south of the west point of Key Bridge. The tunnel system is infested with feral ghouls and contains numerous radioactive barrels. Further inside, the passages branch into areas occupied by Enclave soldiers and a Brotherhood of Steel paladin wielding a flamer. The route ultimately leads up a ladder to the entrance of The Citadel.",,,location
tenpenny_tower,,,"Tenpenny Tower is a fortified settlement in the Capital Wasteland, located west of the DC ruins and southwest of the RobCo Facility. Before the Great War, the structure served as a resort for the wealthy and powerful, built on the foundations of an old plantation. By 2277, the tower had become a private, elitist residential and commercial building under the ownership of Allistair Tenpenny, an English entrepreneur who only permitted the well-to-do to reside there while strictly barring Ghouls from entry. Tenpenny hired individuals to repair and secure the building, including Chief Gustavo, who heads security, and his right-hand man Mister Burke.",,,location
"the_citadel,DC Bunker",,,"The Citadel, sometimes called the DC Bunker, is the headquarters of the Brotherhood of Steel in the Capital Wasteland and occupies the ruins of the former Pentagon at the west end of the Key Bridge. The Brotherhood arrived in the area in 2255 and established their headquarters within the first few months, discovering a pre-War robotic super weapon named Liberty Prime inside the building, which they began to repair. From this location, the Brotherhood searched for advanced technology hidden in the capital's ruins, with the facility's new construction led by Scribe Bowditch. Enclave President John Henry Eden has declared on Enclave Radio that the facility is the country's most important military installation and labeled the Brotherhood criminals with the audacity to claim it as their own personal clubhouse.",,,location
the_mall,,,"The Mall is a bombed-out war zone in Washington, D.C., occupied by Super Mutants. The well-maintained public park has been replaced by a network of trenches, fences, and bunkers in fortified positions where the Super Mutants are located. Crossing this part of the Mall will involve enduring firefights unless sneaking around the outsides, but the underground metro stations on either side of this zone bypass the conflict. The outside of Underworld is patrolled by Willow, who, despite her claims that Super Mutants leave ghouls alone, will be shot at by nearby Super Mutants.",,,location
the_pitt,,,"The Pitt is a Raider-dominated city built in the ruins of Pittsburgh, Pennsylvania. After the Great War, local gangs took over the area, and diseases such as Troglodyte Degeneration Contagion turned much of the populace into hostile creatures like Trogs and Wildmen. The Brotherhood of Steel, led by Paladin Lyons, swept through the city in a single night during an operation known as The Scourge, wiping out hostiles and departing with around twenty healthy children to be initiated into the Brotherhood. Initiate Ishmael Ashur, presumed dead and buried in rubble during The Scourge, survived and established himself as leader of The Pitt, rebuilding its industry and steel mills using slave labor.",,,location
underworld,,,"Underworld is a ghoul settlement established within the Museum of History in the Capital Wasteland, taking its name from a pre-war exhibit on death and the afterlife whose banners still hang at the entrance. In the days following the Great War, survivors who sheltered in the museum gradually transformed into ghouls, with some losing their minds and the rest accepting their fate and building a community. Over the years the settlement grew to include businesses such as Carol's Place, The Ninth Circle bar, Underworld Outfitters, and Doctor Barrows' clinic, and the ghouls there made contact with other ghoul communities as far away as Appalachia. The inhabitants are wary of outsiders but welcoming to well-behaved visitors, resent the Brotherhood of Steel for stirring up conflict in the area, and are notably unbothered by the super mutants camped across the road on the National Mall.",,,location
vault_101,,,"Vault 101 is a Vault-Tec shelter located northwest of Megaton and west of Springvale in the Capital Wasteland. Overseen by Alphonse Almodovar, the Vault's inhabitants have remained largely isolated from the outside world, with the Overseer maintaining strict control over the population. The Vault is divided into four sections: the main entrance, overseer's tunnel, atrium/upper level, and lower level, each serving different functions for the community. Vault 101 did not receive a G.E.C.K. and its genetic diversity is only able to sustain the population for a few more generations.",,,location
vault_112,,,"Vault 112 is a Vault-Tec Vault located in the southwestern Capital Wasteland, beneath Smith Casey's Garage. Constructed between 2068 and 2074, it was designed for only 85 occupants who were to be suspended indefinitely in a virtual reality simulation. The Vault was built to serve the needs of its Overseer, Dr. Stanislaus Braun, the creator of the Garden of Eden Creation Kit. Braun installed a virtual reality simulator with VR pods containing several simulated worlds, the last of which is the Tranquility Lane Simulation.",,,location
vault_87,,,"Vault 87 is a Vault-Tec installation in the Capital Wasteland, located northwest of Little Lamplight. Construction began in May 2066 and finished in December 2071, with the vault equipped with a General Atomics nuclear reactor, a backup Versicorps fusion power generator, four stasis chambers, a plasma containment field, six food processing stations, and a Garden of Eden Creation Kit. Under Dr. Wayne Merrick, the staff studied the effects of the Forced Evolutionary Virus on humans as part of the Evolutionary Experimentation Program, with the Overseer and security guards aware of the experimentation.",,,location
washington_monument,,,"The Washington Monument is a pre-War obelisk standing at the center of the Mall in the Capital Wasteland. The Brotherhood of Steel has claimed the structure as an outpost because it houses the signal transmitter for Galaxy News Radio. A unit called the 2nd Monument Defense Detachment, led by Paladin Berrings, guards the location and its surrounding perimeter. The Brotherhood insignia is stenciled on the entrance doors, and the tall monument is visible from nearly anywhere in the wasteland.",,,location
yao_guai_tunnels,,,"The Yao Guai Tunnels are a cave system in the Capital Wasteland situated west of the Charnel House and northwest of Smith Casey's Garage, with an entrance set into a rocky outcrop behind a chain-link fence door. As the name suggests, the tunnels are home to a large number of Yao Guai, with a roughly circular den chamber forming the heart of their habitat. Several Wastelanders have attempted to make a home in these caves at one time or another, leaving behind mattresses, cooking implements, ammunition containers, and various other personal effects. The tunnels consist of a fairly straightforward central intersection with a few smaller dead-end branches, and the den can be reached by following the eastern passages of the cave system.",,,location
188_trading_post,,,"The 188 Trading Post is a commercial outpost at the intersection of Highway 93 and Highway 95 in the Mojave Wasteland, north of El Dorado Dry Lake and west-northwest of Boulder City. It was established shortly before the Courier's arrival by Samuel Kerr and his daughter Michelle, traders from Primm who fled after the NCRCF prison break unleashed escaped convicts into the city. Recognizing the increased traffic flowing up Highway 95 toward New Vegas due to the closure of I-15, combined with regular NCR troop movements between Hoover Dam and Camp McCarran, they set up the 188 Slop & Shop, offering food, water, supplies, and repair services under the motto ""It's Better Than Nothing."" The post quickly attracted other vendors, including an independent Arms Merchant selling from her truck and Alexander, who operates a satellite location for the Gun Runners beneath the overpass. A young boy known as the Forecaster also sits nearby, selling thoughts to passersby.",,,location
atomic_wrangler_casino,,,"The Atomic Wrangler Casino is a casino in Freeside, situated across the street from the Silver Rush on the pre-War Fremont Street. It is owned by the twins Francine and James Garret. The Atomic Wrangler, the only active casino in Freeside (featuring a neon sign of a futuristic cowboy riding a stylized atom), is also a flophouse, brothel, and source of chems, located just down the main drag. It is run by the Garret twins, protected by their thugs, and is a common hangout for the Van Graffs and the Kings.",,,location
"big_mt,Big Empty,Big MT Research Facility",,,"Big MT, also called the Big MT Research Facility or the Big Empty, was a pre-War scientific research center and defense contractor located south of Hopeville. It drew some of the brightest minds of the twenty-first century, producing advances in sonic emitters, space age alloys, DNA hybridization, force fields, and Auto-Doc surgery. The facility was built beneath a mountain and included a concentration camp called Little Yangtze, where Chinese citizens and suspected Communist infiltrators were held and used as research subjects with total pacification collars. After the Great War, the site was damaged and its dome exposed within a crater, and an event known as the Great Static caused further destruction.",,,location
black_mountain,,,"Black Mountain is a former pre-War Hermes Communications monitoring station in the Mojave Wasteland, topped by a satellite array that tracked Chinese satellite activity before the Great War. During the war, operators recorded multiple launches from both sides before the facility's staff succumbed to radiation, though the mountain shielded the broadcast tower itself. After the war, Marcus and a group of Super Mutants settled there, finding the array still operational and the mountain defensible. One inhabitant, Tabitha, began broadcasting on Black Mountain Radio, and the resulting disagreements fractured the group, leading Marcus and his followers to depart for Jacobstown.",,,location
boulder_city,,,"Boulder City is a small town in the Mojave Wasteland situated west of Hoover Dam and southeast of the 188 Trading Post. The town survived the Great War intact but was largely destroyed in 2277 during the First Battle of Hoover Dam, when NCR forces under Chief Hanlon's command lured Caesar's Legion into the town and detonated explosives packed throughout it, breaking the Legion's offensive at the cost of the settlement itself. The Boulder City Memorial stands near the western entrance, honoring the NCR troopers who fell in the battle. In the years since, the ruins became a stopover for caravans and a source of concrete for NCR fortifications along the Colorado River, using limestone shipped by train from Quarry Junction.",,,location
"california,New California,NCR territory",,,"California is the name of a pre-War American state whose legacy persists long after the Great War. The region is widely known as the heartland of the New California Republic, often called New California or NCR territory, and figures prominently in trade, politics, and military affairs across the post-War West. The Crimson Caravan Company, one of the largest trading outfits operating out of California, maintains extensive business operations there, and wealthy families such as the Jamisons of Redding invest heavily in its commerce. The Brotherhood of Steel has a long history in California, where it first encountered the Enclave decades ago, and the Enclave itself once maintained hidden bases and a headquarters off the California coast.",,,location
"camp_forlorn_hope,Hope",,,"Camp Forlorn Hope, sometimes shortened to ""Hope,"" is a New California Republic Army main camp on the banks of the Colorado River south of Hoover Dam. The camp was established around a water source and consists of a ramshackle collection of tents, shacks, and salvaged buses divided by a creek. After Camp Searchlight fell and Legion forces overran the NCR outpost at Nelson, Camp Forlorn Hope found itself on the front line, with morale at an all-time low and ranks depleted by ongoing skirmishes in the no man's land between the two positions. Major Polatli commands the camp and blames the army's highest commanders for the mismanagement, though he has prepared plans to increase troop numbers, restore supply lines, and retake Nelson to secure the army's flank for the inevitable battle at the dam.",,,location
camp_guardian,,,"Camp Guardian is a New California Republic Army outpost under construction on Guardian Peak in the Mojave Wasteland, positioned to overlook the Colorado River and intercept Legion forces. A squad led by Sergeant Banner was dispatched to establish the fortification, but they soon suffered from supply shortages and strange noises reported by the soldiers. The troops eventually discovered a cave system near their camp that was missed by the initial survey team. The camp was subsequently overrun by lakelurks emerging from the caves, leaving Private Halford as the only known survivor to broadcast a distress signal.",,,location
"camp_mccarran,McCarran International Airport",,,"Camp McCarran, formerly known as McCarran International Airport, is a pre-War airport that serves as the headquarters for the New California Republic Army in the Mojave Wasteland. Located south of the New Vegas Strip, the base is a major hub for troop allocation, supply distribution, and military intelligence. The NCR established a presence there as part of the Treaty of New Vegas, utilizing its pre-War fortifications and direct monorail connection to the Strip. Under the command of Colonel James Hsu, the garrison is the largest in the area and is constantly engaged in skirmishes with the Fiends while dealing with infiltrations by Caesar's Legion spies.",,,location
camp_searchlight,,,"Camp Searchlight is an irradiated former NCR military camp located at the intersection of Nevada 164 and Highway 95 in the Mojave Wasteland. Originally a Pre-War gold mining town, it became contaminated when trucks carrying nuclear waste from San Onofre were diverted there during the Great War. The New California Republic later established a sizable military base at the site, which posed a significant obstacle to Caesar's Legion due to its strategic location. Rather than mounting a direct assault, Vulpes Inculta exploited gaps in the NCR patrol schedule and sent recruit legionaries to open the nuclear waste containers, irradiating the entire area and rendering it unusable as a military installation.",,,location
cottonwood_cove,,,"Cottonwood Cove is a former resort along the Colorado River in the Mojave Wasteland that Caesar's Legion adopted as a staging area and outpost. It serves as a hub for trafficking captured people to Arizona for slave processing and as a launching point for Legion raiding operations in the southern Mojave. After Vulpes Inculta destroyed Camp Searchlight, the NCR's presence in the region waned and the Legion established Cottonwood Cove as their largest encampment on the western bank of the Colorado. Centurion Aurelius of Phoenix commands the camp with two contubernia, and all communication to and from the cove is handled via ham radio.",,,location
freeside,,,"Freeside is a slum located directly adjacent to the New Vegas Strip, situated around the intersection of pre-War Fremont Street and Las Vegas Boulevard. Mr. House directed tribes to build the crude outer walls that separate it from the rest of New Vegas, later building a second inner wall to use Freeside as a filter for undesirables he did not want on the Strip. The district is ruled by the Kings and the Van Graffs, with the Followers of the Apocalypse operating out of the Old Mormon Fort to help with the community's basic needs.",,,location
"gomorrah,Gomorrah Hotel and Casino",,,"Gomorrah Hotel and Casino is a prominent establishment on the New Vegas Strip, managed by the Omertas under the oversight of Mr. House, whom they refer to as ""the Overboss"" or ""Not-At-Home."" Unlike other casinos that offer a refined atmosphere, Gomorrah openly embraces vice, offering gambling, alcohol, chems, and prostitution. It is uniquely ghoul-friendly, employing ghoul bartenders and prostitutes while offering its services to ghoul patrons. The casino features the Brimstone lounge, a courtyard for soliciting, and the exclusive Zoara Club where the Omerta leadership, Nero and Big Sal, conduct their business.",,,location
goodsprings,,,"Goodsprings is a small mining town in the Mojave Wasteland, named after the Goodsprings Source that supplies its water. It was settled after the Great War with a grant from the New California Republic to develop a mining operation near the water source. The town is built around Nevada 160 and includes a saloon, general store, schoolhouse, and Doc Mitchell's house. Recently, trade has declined due to a prison break at the NCR Correctional Facility and a Deathclaw infestation at Quarry Junction shutting down I-15.",,,location
helios_one,,,"HELIOS One is a pre-War Poseidon Energy concentrated solar power plant in the Mojave Wasteland that secretly housed the control systems for the experimental ARCHIMEDES orbital weapons. The Brotherhood of Steel occupied the facility for years under Father Elijah until they were driven out by the New California Republic during Operation: Sunburst in 2276. As of 2281, the NCR maintains a firm foothold at the plant, though it remains barely operational under the supervision of an incompetent engineer known as Fantastic. A representative of the Followers of the Apocalypse, Ignacio Rivas, is also stationed at the facility to research its secrets and ensure its weapon systems remain undiscovered.",,,location
hidden_valley,,,"Hidden Valley is a fenced-in former USAF testing range in the Mojave Wasteland, located northeast of the NCR Correctional Facility and southeast of Sloan. The valley contains four bunkers spread around its perimeter, with the west bunker serving as the home of the Mojave chapter of the Brotherhood of Steel, who retreated there after being defeated by the NCR at HELIOS One during Operation: Sunburst. The area is protected by the DERVISH camouflage system, a cloaking mechanism that makes targeting the site impossible for automated systems and generates a sandstorm each evening. Prospectors have reported seeing armored figures emerging from the valley during these storms, though the bunker intercoms typically garner no response.",,,location
hidden_valley_bunker,,,"The Hidden Valley Bunker is a location in the Mojave Wasteland situated southeast of Sloan, serving as the home of the Brotherhood of Steel. It is protected by a pre-War DERVISH camouflage system that cloaks the bunkers and makes automated targeting impossible. The facility is divided into two main levels containing personnel quarters, an armory, a medical bay, a workshop, and virtual reality chambers surrounding the main reactor. The bunker is led by Elder McNamara and Head Paladin Hardin, with scribes and knights occupying the archives and machine shop on the second floor.",,,location
higgs_village,,,"Higgs Village is a location within the Big MT research facility that consists of a warehouse containing six houses arranged around a central fountain. Each house is numbered and formerly belonged to one of the Think Tank scientists, including Doctor 0, Doctor Klein, Doctor Mobius, Doctor Borous, Doctor Dala, and Doctor 8. The layout strongly resembles Tranquility Lane, suggesting it was used for some form of experiment or testing by the pre-War researchers. The residences contain various personal effects of the scientists, such as Doctor Borous's dog house for his dog Gabe and Doctor Dala's abundance of teddy bears.",,,location
"hoover_dam,Old World Wall",,,"Hoover Dam, often called the Old World Wall, is a massive hydroelectric dam on the Colorado River that survived the Great War in almost untouched condition thanks to Mr. House's defense systems. After centuries of abandonment, the New California Republic occupied the structure in 2274 and later signed the Treaty of New Vegas, securing 95 percent of its power output while guaranteeing the sovereignty of New Vegas. In 2277, Caesar's Legion attempted to seize the dam but was defeated by NCR forces during the First Battle of Hoover Dam.",,,location
jacobstown,,,"Jacobstown is a pre-War resort on Mount Charleston northwest of New Vegas, now serving as a super mutant settlement founded by Marcus, the former sheriff of Broken Hills. Marcus left Black Mountain with a splinter group of super mutants and renamed the resort after an old friend, intending to build a peaceful community open to all so long as they remain nonviolent. The settlement is home to super mutants, nightkin led by Keene, and a sizable bighorner population that provides food and trade goods. Doctor Henry and Calamity are working on a cure for the mental illness afflicting the nightkin, though progress is slow and the nightkin grow restless.",,,location
king_s_school_of_impersonation,,,"The King's School of Impersonation is a three-story building in Freeside at the intersection of Fremont Street and Las Vegas Boulevard, serving as the headquarters of the Kings gang and their leader, known simply as The King. Before the Great War, the business operated as an impersonation school, and the gang members continue this tradition by emulating the original ""king"" while ruling as the predominant power in Freeside. The building features a reception area, a theater with a stage where gang members perform for The King, and multiple floors of bedrooms, recreation rooms, and storage areas. A chalkboard on the third floor bears a ""King Impersonation Checklist"" with instructions to move hips, say ""uh huh,"" say ""momma,"" and prepare peanut butter and banana sandwiches.",,,location
"lucky_38,Lucky 38 Resort and Casino",,,"The Lucky 38 Resort and Casino is the most prominent structure on the New Vegas Strip, serving as both a pre-War relic and a symbol of Mr. House's vision for Las Vegas. Before the Great War, Mr. House extensively modified the building with long-range laser cannons to intercept nuclear warheads and constructed a concealed chamber to serve as his life support system.",,,location
"lucky_38_presidential_suite,High Roller Suite",,,"The Lucky 38 Presidential Suite, also referred to as the High Roller Suite by Victor, is a luxurious accommodation located within the Lucky 38 casino in New Vegas. The suite features a master bedroom, a guest room, a kitchen, a bathroom, and a recreation room. It serves as a clubhouse for companions, who can be dismissed to this location and will engage in various activities such as wandering, sitting, sleeping, drinking, eating, and interacting with one another. The recreation room houses a pool table, a television, and the Snow Globe Stand, while the kitchen contains a long table, two ovens, and a refrigerator.",,,location
mick_ralph_s,,,"Mick & Ralph's is an active consumable and gun shop located in the Freeside slum area of New Vegas, just northeast of the east gate. The business is operated by two colleagues, with Mick selling weapons and Ralph handling consumables and special services. They provide fine quality trinkets to discerning customers while serving the local riff-raff low-grade armaments from the seedier side of Freeside. The building's sign originally only read Ralph's, with the Mick & portion added by the duo after the Great War when they began using the building.",,,location
mojave_outpost,,,"NCR Ranger Outpost Mojave, commonly called Mojave Outpost, sits near the California-Nevada state line along Interstate 15 and serves as the gateway to the Mojave Wasteland for caravans traveling from the New California Republic's core lands. Established in 2249, it functions as a military hub and administrative command center for operations in the southwestern Mojave, with soldiers acting as border guards to protect trade routes. The outpost is marked by the Unification Monument, commemorating the 2271 Ranger Unification Treaty that merged the Desert Rangers of Nevada with the NCR Rangers against the threat of Caesar's Legion. By 2281, the outpost struggles with reduced patrols and backed-up caravans following the NCRCF prison break, leaving anxious soldiers worried that if Legion forces push past Nipton, the outpost itself could become the frontline.",,,location
mojave_wasteland,,,"The Mojave Wasteland, synonymous with the pre-War Mojave Desert, spans portions of California, Nevada, and Arizona. Thanks to intricate defense systems established by Mr. House, the region survived the Great War relatively unscathed, leaving much of its infrastructure and technology intact. By 2281, the region is locked in a delicate balance of power between the expanding New California Republic, the encroaching forces of Caesar's Legion, and the independent Free Economic Zone of New Vegas.",,,location
"ncr_correctional_facility,NCRCF",,,"The NCR Correctional Facility, also known as the NCRCF, is a former prison southeast of Goodsprings that was operated by the New California Republic as a labor camp where inmates maintained the regional railways. Originally the Jean Conservancy, a low-security all-female prison, the facility fell to a prisoner uprising organized by an inmate named Samuel Cooke, who stockpiled blast powder and makeshift weapons. Following the breakout, many of the escaped convicts, who came to be known as Powder Gangers, scattered across the surrounding wasteland while the remainder stayed behind under the leadership of a man named Eddie. The facility is watched with interest by the Brotherhood of Steel, which keeps scouts posted nearby.",,,location
ncr_sharecropper_farms,,,"The NCR Sharecropper Farms are an agricultural settlement located directly south of Freeside's East Gate in the Mojave Wasteland. Established under the Thaler Act, private farmers cultivate the land for the New California Republic in exchange for military protection, housing, food, and water, with a portion of the crop yield going to NCR military locations such as Camp McCarran and Hoover Dam. Irrigation water is pumped from Lake Mead through a pipe system, with the Office of Science and Industry at Camp McCarran pre-calculating optimal water usage for each crop. A military unit is stationed on-site at all times to deter theft.",,,location
"nellis_air_force_base,Nellis homeland",,,"Nellis Air Force Base, also known as the Nellis homeland, is a heavily fortified location northeast of New Vegas in the Mojave Wasteland. Once the United States Air Force Warfare Center, the base was struck by nuclear weapons during the Great War and left highly radioactive and abandoned for decades. The Boomers, a group that originally inhabited Vault 34, eventually settled there and made it their home, using the base's remaining defenses and their own heavy arms to keep strangers away. The base is largely self-sufficient, with irrigated crops, solar power, a biodiesel refinery, and medical and educational facilities, while the Boomers train in virtual reality stations in hopes of one day returning to the skies.",,,location
nelson,,,"Nelson is a settlement in the Mojave Wasteland, located southwest of Camp Forlorn Hope and east of Novac. Originally occupied by the New California Republic as a strategic military camp between Camp Forlorn Hope and Camp Searchlight, it was attacked and captured by Caesar's Legion under Decanus Dead Sea shortly after the NCR occupation. The town has remained under Legion control, with Dead Sea executing captured NCR troopers to demoralize surrounding forces and launching raids against Camp Forlorn Hope.",,,location
new_vegas,,,"New Vegas, built on the remains of pre-War Las Vegas in the Mojave Desert, is managed by the reclusive Mr. House and his army of Securitron robots. Having predicted the Great War, House defended the city with laser cannons and disarm codes, sparing the main city from nuclear devastation before falling into a coma for decades. Upon waking, he rebuilt the New Vegas Strip with the help of recruited tribals known as the Three Families, completing renovations in 2274 just before NCR forces entered the region, leading to the Treaty of New Vegas that granted him sovereignty over the Strip.",,,location
new_vegas_strip,,,"The New Vegas Strip is the rebuilt heart of New Vegas, restored by Robert House with the help of Securitrons and the Three Families in 2274 before NCR forces entered the region. The Treaty of New Vegas granted House sovereignty over the Strip while allowing NCR soldiers and civilians to visit its casinos and establishments, with the NCR forbidden from annexing it by force due to the Legion threat. Powered by electricity from Hoover Dam, the Strip features several reopened pre-War establishments and serves as a major draw for tourism, with NCR citizens described by House as a society of customers desperate for comfort and luxury. Entrance to the Strip is guarded by Securitrons who require visitors to demonstrate sufficient wealth or possess a New Vegas Passport.",,,location
nipton,,,"Nipton is a small town in the southern Mojave Wasteland, located near the Nevada-California state line and transected by railroad tracks. Before the Great War, the town was known for hosting a lottery that offered a jackpot worth millions of dollars. After the war, Nipton was led by Mayor Joseph B. Steyn, who attempted to maintain peace between NCR soldiers and Powder Gangers by inviting each group at different times of day.",,,location
novac,,,"Novac is an independent town along Highway 95 in the Mojave Wasteland, named after the broken motel sign at its entrance. Before the Great War, it was a small roadside stopover featuring the Dinky the Dinosaur novelty attraction and the World's 2nd Largest Thermometer, catering to travelers heading to the nearby REPCONN Test Site. After the war, settlers reclaimed the motel and surrounding area, establishing a modest community sustained by salvage from the REPCONN site and trade along the highway. The town is guarded by two NCR Army veterans, Craig Boone and Manny Vargas, who use the Dinky the T-Rex statue as a sniper's nest, while retired Ranger Andy also contributes to its defense.",,,location
"primm,budget Vegas,the other New Vegas",,,"Primm, sometimes called ""budget Vegas"" or ""the other New Vegas,"" is an independent settlement in the Mojave Wasteland located alongside Interstate 15 in Clark County, Nevada. Before the Great War, it was a small resort town featuring attractions like the Vikki and Vance Casino and the Bison Steve Casino and Hotel. As the New California Republic expanded into the Mojave, it became a promising trade town until a recent breakout of prisoners from the NCR Correctional Facility put an end to commerce. The escaped convicts, known as Powder Gangers, took over the center of town, forcing the residents to seek refuge in the Vikki and Vance Casino while the NCR's 5th Battalion watches from afar, lacking the numbers to reclaim the strategic location.",,,location
puesta_del_sol,,,"Puesta del Sol is a district of the Villa surrounding the Sierra Madre, divided into northern and southern sections. Its construction crews frequently clashed with the casino construction crews, and the district's development lagged behind that of its sister district, Salida del Sol, as if the effort had simply run out of steam and money. Much of the ground level is choked by the toxic red Cloud, though a ventilation system in the Puesta del Sol Switching Station can clear much of it. The area is infested with Ghost People and littered with bear traps, radios, and speakers that can detonate collars or summon further threats.",,,location
repconn_headquarters,,,"REPCONN Headquarters in Henderson, Nevada, served as the home office of REPCONN Aerospace, formally known as the Rocket Engineering and Production Company of Nevada, a firm specializing in rocket manufacture. RobCo Industries acquired the company and overhauled the building with heightened security measures, including automatic facial recognition monitors, badge scanners, security locks, and heavily armed sentry bots, to support classified research operations. Employees were required to wear identification badges at all times, and the third floor was restricted to executives who needed a daily password for access. The facility was the site of a plasma rifle project that produced the Q-35 Matter Modulator, the first working prototype of its kind.",,,location
ranger_station_charlie,,,"Ranger Station Charlie is a New California Republic Rangers stronghold in the central Mojave Wasteland, converted from the pre-War Shady Pines trailer park. Located southwest of Novac along a railroad track, the station provides the rangers with a safehouse and helps establish territorial control over the southeastern sector of the Mojave, a role that became especially important after the fall of Camp Searchlight. The trailers have been piled up to create a makeshift fortress, with the communications center and barracks set up in the old trailer park office building. The commanding officer is Ranger Beaumont, but he and most of his command are typically out on patrol, leaving Comm Officer Stepinac to watch over the encampment.",,,location
salida_del_sol,,,"Salida del Sol is the eastern section of the Villa surrounding the Sierra Madre, originally built to house a church and the homes of many casino staff before the Great War. The district is divided into northern and southern halves, both heavily littered with traps and mines often hidden within the toxic Cloud. It is infested with a large number of Ghost People, and navigation is complicated by blocked gates, locked doors, and the ever-present haze. The Salida Switching Station sits in the southwest corner and contains a terminal capable of restoring power to the ventilation system to clear the Cloud from the area.",,,location
sierra_madre,,,"The Sierra Madre is a legendary pre-War casino resort and adjoining villa designed by Frederick Sinclair as both a luxurious retreat and a shelter from nuclear holocaust, where guests could reverse their fortunes and begin again. Surrounded by a poisonous Cloud born of experimental technologies supplied by Big MT, the isolated location has lured countless prospectors through a mysterious radio broadcast advertising its Gala Event, though none have returned. The resort was designed for total self-sufficiency, with unique vending machines providing all necessities to inhabitants cut off from the outside world, while a small but well-equipped human security force guarded the grounds alongside holographic defenders.",,,location
silver_rush,,,"The Silver Rush is a location in Freeside on Fremont Street, opposite the Atomic Wrangler Casino. Established in 2071, it originally rivaled the Atomic Wrangler as a casino before the Van Graff family killed its former occupants and took over. When the Kings protested, the Van Graffs reduced several of their members to goo, and the two groups have left each other alone ever since. Now the largest retailer of energy weapons in the Mojave Wasteland, the Silver Rush is headed by Gloria Van Graff and Jean-Baptiste Cutting, after Frieda Van Graff departed to pursue personal interests.",,,location
sunset_sarsaparilla_headquarters,,,"The Sunset Sarsaparilla Headquarters was the pre-War corporate office and bottling center for the Sunset Sarsaparilla Company in Las Vegas. Located northwest of the El Rey Motel and west of the NCR Sharecropper Farms, it is one of the largest buildings in the area and features a distinctive entrance shaped like a giant bottle. The facility housed corporate offices, a regional bottling and distribution center, and a staff of security protectrons and maintenance robots. A cowboy robot named Festus stands near the entrance, where he promotes a promotional contest involving Sunset Sarsaparilla Star Bottle Caps.",,,location
the_divide,,,"The Divide is a stretch of devastated land in the northwestern Mojave Wasteland near the California-Nevada border, once home to the pre-war towns of Hopeville and Ashton. Both communities were built above an extensive network of nuclear missile silos managed by the Commonwealth Defense Administration, situated in a geologically unstable region where earthquakes were common. After the Great War, the settlements grew into a thriving community connected to the outside world by a courier who regularly traveled the supply road, and the name Divide referred to this route from the west into the Mojave rather than to the land itself. Before the first Battle of Hoover Dam, a package delivered by a courier contained a detonator that activated the underground warheads, triggering a massive earthquake that ripped the land open and unleashed constant dust storms, killing or maiming soldiers from both the NCR and Caesar's Legion and turning them into skinless Marked Men healed by radiation.",,,location
the_fort,,,"Fortification Hill, commonly known as The Fort, is the primary base of Caesar's Legion situated on the east bank of the Colorado River. Established in 2277, it serves as the staging ground where Caesar and his Praetorian Guards prepare for a second assault on the NCR at Hoover Dam. The camp is built above Mr. House's secret bunker, which is concealed within a pre-existing weather monitoring station.",,,location
the_sink,,,"The Sink is a facility located at the top of the Big MT dome in the Big Mountain research center. Originally owned by Doctor Mobius, it served as a testbed for several personality subroutines embedded in its appliances and fixtures. Mobius removed the personality chips, disabling many of the various functions of its modules, and after a heated argument with Mobius, Doctor Klein took the chips and tossed them off the Sink's balcony. Various staff members working in Big Mountain later recovered the chips and stored them in different areas of the facility.",,,location
"the_tops,Tops Hotel and Casino",,,"The Tops Hotel and Casino is a mainstay of the New Vegas Strip, restored to its pre-War glory by Mr. House and the Chairmen. Formerly the Boot Riders tribe, the Chairmen adopted a stylish, classic Vegas persona to run the establishment, offering gambling, food, and entertainment. The casino's legendary Aces Theater, managed by Tommy Torini, constantly attracts fresh talent from across the wasteland.",,,location
"ultra_luxe,Ultra-Luxe Las Vegas Resort",,,"The Ultra-Luxe Las Vegas Resort is a luxurious pre-War casino and resort located on the New Vegas Strip. It is operated by the White Glove Society, one of the Three Families recruited by Mr. House to manage the Strip's casinos. The society's members are known for being well-dressed and well-spoken, maintaining an air of high class.",,,location
vault_11,,,"Vault 11 is an abandoned Vault-Tec installation in the Mojave Wasteland, situated west of Boulder City and southwest of the 188 Trading Post. Its social experiment required dwellers to sacrifice one member annually or face total extermination by the vault mainframe, making the position of overseer synonymous with death. Over time, political factions called voting blocs formed to influence the selection process, including the Justice Bloc, Human Dignity Bloc, Divine Will Bloc, Allied Service Workers Bloc, United Vault Technicians Bloc, and Utilitarian Bloc, with the Coalition of Vault 11 Voting Blocs providing oversight. Corruption festered as bloc leaders manipulated elections through bribery, drug trafficking, and coercion, culminating in violence after Overseer Katherine Stone dissolved the election process in Overseer Order 745.",,,location
vault_19,,,"Vault 19 is a Vault-Tec installation in the Mojave Wasteland, concealed beneath a sewer grate in an abandoned parking lot along Nevada 159 northeast of Goodsprings. The vault's experiment divided inhabitants into red and blue sectors under two separate overseers, inducing paranoia through subliminal messaging, unusual drafts, and blinking light patterns while each faction blamed the other for mounting malfunctions and psychosis. By the time escaped convicts from the NCR Correctional Facility discovered it, the original population was gone entirely. Samuel Cooke, founder of the Powder Gangers, now occupies the vault with his own followers, though his men are not considered part of that faction.",,,location
vault_21,,,"Vault 21 is a Vault-Tec vault located in downtown Las Vegas that was successfully converted into a hotel and casino. Its original social experiment required perfect equality among its inhabitants, with a symmetrical layout and all conflicts resolved through games of chance. After Mr. House contacted the vault dwellers with an offer to join the resurrection of New Vegas, a lengthy game of Blackjack determined that the vault would open to the outside world.",,,location
vault_22,,,"Vault 22 is a Vault-Tec installation in the Mojave Wasteland, located east of Jacobstown and west of the Thorn. Before the Great War, it was populated by scientists dedicated to agricultural research, developing advanced fertilizers and pest control agents like the Beauveria Mordicana fungus. After the war, the fungus became airborne and infected the vault's population, turning them into Spore Carriers. In 2096, a group of infected survivors known as the Coughers arrived in Zion Canyon, where they were wiped out by Randall Clark.",,,location
vault_3,,,"Vault 3 is a control Vault in the South Vegas Ruins of the Mojave Wasteland, built by Vault-Tec without an experiment. Its original dwellers opened the Vault after a water leak in the 23rd century and traded with outsiders, but the Fiends exploited their naivety, killed them, and claimed the Vault as a fortress and drug den. The Fiends, led by Motor-Runner, use Vault 3 as a base to threaten southwestern New Vegas and harass the NCR Army at Camp McCarran. The Vault remains largely intact, with some flooding in the lower levels.",,,location
vault_34,,,"Vault 34 is a Vault-Tec installation located southwest of Nellis Air Force Base in the Mojave Wasteland. As part of its social experiment, the vault was overstocked with weapons and ammunition while recreational facilities took priority over living space, leading to severe overcrowding. This tension eventually sparked a riot where a group of residents broke out and settled at Nellis, later becoming known as the Boomers. The remaining inhabitants attempted to overthrow their overseer, damaging the reactor and trapping themselves inside as radiation leaked throughout the vault.",,,location
villa,,,"The Villa is the private city of the Sierra Madre, built by Frederick Sinclair for his guests, employees, and workers. To save money for the casino, the town was poorly constructed using unstable materials, leading to numerous accidents among the construction crews. By 2281, the Villa remains a desolate, ruined town blanketed by a toxic Cloud, with its crumbling infrastructure split into four districts: Medical, Puesta del Sol, Residential, and Salida del Sol. At its center sits a fountain with a holographic projector that displays a hologram of Vera Keyes, surrounded by maze-like streets designed to prevent cars from circulating.",,,location
westside,,,"Westside is an impoverished settlement in Outer Vegas, consisting of a cooperative of crop farmers and a militia that protects the residents. The co-op is run by Clayton Etienne and sells food to travelers and larger factions, with proceeds shared among its members. Tom Anderson, a fringe operator of the Followers of the Apocalypse and former OSI operator, taught the residents how to farm, and after several years the co-op began to turn a profit despite the hot, dry environment. The NCR's arrival in the Mojave brought the Thaler Act and NCR control of water distribution, resulting in a water shortage for Westside that threatened its independence.",,,location
x_13_research_facility,,,"The X-13 Research Facility is a location on the westernmost border of Big MT, formerly housing REPCONN Aerospace offices before the Great War. The facility is best known as the development site for the Stealth Suit Mk II, with its three component pieces scattered across separate laboratories. Below the main level lies a nightstalker test area connecting to sewage tunnels and a strange still used to brew Battle Brew. The central section contains a two-level stealth testing lab where researchers observed the prototype suit's performance from metal walkways above a test track.",,,location
zion_canyon,,,"Zion Canyon, formerly the site of Zion National Park, is a region in Utah north of the Mojave Wasteland that was largely spared from the devastation of the Great War. In the years following the war, a survivor named Randall Clark took refuge in the canyon's caves and secretly watched over a group of children who had arrived in the area, becoming known to them as ""the Father in the Cave."" These children grew into the Sorrows, a peaceful tribe that reveres the canyon's pre-War structures as taboo and avoids venturing into the caves. The canyon is also home to the Dead Horses tribe and has recently become a point of conflict, as the aggressive White Legs tribe threatens the region's inhabitants, drawing the attention of New Canaanite missionaries Daniel and Joshua Graham, who have vowed to protect the local tribes.",,,location
mysterious_stranger,,,"The Mysterious Stranger is an enigmatic figure who wanders the wasteland in a trench coat and hat, armed with a .44 Magnum, appearing briefly to lend a helping hand in battles before vanishing without a trace. Originally clad in black and appearing as either female or male, he is now consistently depicted as a middle-aged man. A short guitar riff signals his arrival and departure. In the Commonwealth, detective Nick Valentine has taken an interest in investigating him, keeping a log of everything he knows about the Stranger in his office.",,,person
abraham_washington,,,"Abraham Washington is the owner and curator of the Capitol Preservation Society in Rivet City, dedicated to preserving American historical artifacts. He greatly admires Abraham Lincoln and actively seeks out travelers to recover important historical items for his collection. His name is a portmanteau of two United States presidents, Abraham Lincoln and George Washington. Despite his passion for history, his understanding of historical events is notably inaccurate, such as his belief that the Declaration of Independence was signed at Fort McHarry after Paul Revere sang the National Anthem and then sent to England by plane.",,,person
"allistair_tenpenny,Tenpenny",,,"Allistair Tenpenny is the owner of Tenpenny Tower, a settlement he found and restored in the Capital Wasteland. Originally a British refugee, he takes great pride in the magnificence of his tower and its tenants. He spends most of his days alone in his penthouse suite, preferring to have his meals delivered rather than dining at his reserved table in the Café Beau Monde. Tenpenny occasionally holds what he calls a Wasteland safari on his balcony, shooting at random targets in the surrounding wasteland with his sniper rifle.",,,person
"amata,Amata Almodovar",,,"Amata Almodovar is the only child of Overseer Alphonse Almodovar and a lifelong resident of Vault 101. Her mother died when she was two years old, a loss she shares in common with her childhood friend, the Lone Wanderer, whose own mother also passed away. Growing up, Amata developed a strong desire to see Vault 101's people return to the surface and frequently tried to persuade her father that life outside the vault was worth pursuing. Despite her love for him, she felt frustrated by his overprotective nature, particularly his insistence on being present during her medical examinations, which prevented any meaningful doctor-patient confidentiality.",,,person
"ashur,Ishmael Ashur,Lord of the Pitt",,,"Ishmael Ashur, also known as the Lord of the Pitt, is the leader of The Pitt, a sprawling industrial settlement built from the ruins of pre-war Pittsburgh. He was originally a member of the Brotherhood of Steel contingent that traveled to the Capital Wasteland under Paladin Lyons. During the Scourge, a Brotherhood operation that swept through the city to eliminate hostile gangs, raiders, and slavers, Ashur was buried in rubble and presumed dead. He survived and went on to establish himself as ruler of the Pitt, restarting its steel mills and rebuilding industry through the use of slave labor.",,,person
bittercup,,,"Bittercup is a gloomy young woman living in Big Town, a settlement where former Little Lamplight children relocate when they come of age. She works as the settlement's night patrol, spending her days sleeping and her nights watching the perimeter. Known for her dark clothing and morbid poetry, she has a fatalistic outlook, believing the town's residents are doomed to become mutant food. Her romantic history in Big Town is turbulent: she dumped Pappy after discovering his promises of safety were false, was briefly involved with Flash before he left her, and claims to have had a relationship with Timebomb, though he has no memory of it.",,,person
"bloomseer_poplar,Poplar",,,"Bloomseer Poplar is the soothsayer of Oasis, a secluded settlement in the Capital Wasteland. Her father was a healer, and she learned about the medicinal properties of trees and plants from books he possessed. After searching for a decade, she became the third person to arrive in Oasis fifteen years ago. As a Bloomseer, she possesses precognitive abilities and considers herself bound equally to the words of both Leaf Mother Laurel and Tree Father Birch, taking no side in their disagreements.",,,person
brailee_ewers,,,"Brailee Ewers is a resident of the settlement of Arefu, where she lives with her overprotective and verbally abusive husband, Ken Ewers. Her isolation from the rest of the community worsened when a group called the Family began targeting Arefu, resulting in the murder of the settlement's brahmin and a lockdown that confined her with her husband for an extended period. The prolonged isolation and a diet consisting only of prepackaged food left Brailee disassociated, causing her to retreat into an elaborate fantasy life. In this fantasy, she lives in a cozy pre-War village with green yards, a begonia garden, a homeowners association, and friendly neighbors like the Wests, and she often waits for a mailman to deliver her fall catalog.",,,person
"butch_deloria,Butch",,,"Butch DeLoria is a lifelong resident of Vault 101 and the self-styled leader of the Tunnel Snakes, a small gang he formed with his friends Wally Mack and Paul Hannon Jr. He grew up with an alcohol-addicted mother named Ellen and has a reputation as a bully, harassing classmates like Amata and tormenting the Lone Wanderer even at their tenth birthday party. When he took the G.O.A.T. exam, he was assigned the future job of hairdresser, a result that clashed with his tough-guy aspirations.",,,person
charon,,,"Charon is a ghoul bouncer at The Ninth Circle and a guard for the Underworld settlement in the Capital Wasteland. In his youth, he was brainwashed by an unusual group, leaving him bound by honor to obey whoever holds his employment contract. His current contract holder is Ahzrukhal, a ghoul bartender whom Charon privately despises as an evil bastard, though he refuses to speak to anyone and directs them to Ahzrukhal. Alongside the robot Cerberus, Charon defends the Underworld against raiders and slavers, and he is said to never sleep.",,,person
chief_gustavo,,,"Chief Gustavo serves as the security chief of Tenpenny Tower, where he can typically be found guarding the entrance or resting in the lobby. He holds a strong prejudice against ghouls, firmly believing that the radiation slowly eats away their brains and causes them to turn feral. Gustavo advocates for killing ghouls before they can become a threat, viewing it as a mercy to them and a safety measure for everyone else. He is fiercely loyal to the tower and its proprietor, Allistair Tenpenny.",,,person
"clover,Shamrock",,,"Clover is a slave serving as a prostitute for Eulogy Jones at Paradise Falls, having been caught and pressed into slavery by him a few months before 2277. She shares her forced servitude with another slave named Crimson, and the two frequently bicker with one another when Eulogy is not present. Eulogy verbally abuses both women and considers Clover to be one of the craziest girls he has ever encountered, claiming she becomes fiercely devoted to whoever holds her leash. She is known by the alias Shamrock in some contexts.",,,person
"colin_moriarty,Moriarty",,,"Colin Moriarty is a resident of Megaton and the owner of Moriarty's Saloon. He arrived in the area as a child and, after his father was killed by raiders when he was fourteen, used his inheritance to help construct a fence around Megaton. Many townspeople hold low opinions of him, with Manya Vargas calling him ""the scum of the Earth"" and Lucas Simms warning people not to trust him. Moriarty keeps tabs on residents and visitors on his personal terminal, believing that ""information is a commodity,"" and is widely considered to have his ""fingers in everything"" in Megaton.",,,person
"colonel_autumn,Colonel Augustus Autumn,Augustus Autumn",,,"Colonel Augustus Autumn is the commanding officer of the Enclave contingent operating in the Capital Wasteland, raised on Control Station ENCLAVE and the son of a high-ranking Enclave scientist who was ordered to relocate key personnel to the Raven Rock facility. Autumn succeeded his father in the chain of command and is the only human permitted to enter President John Henry Eden's control room, making him one of the few aware that Eden is actually a ZAX supercomputer. He considers the Enclave the legitimate continuation of the United States government and is dedicated to preserving its initiatives, branding those who oppose him as traitors. Autumn's vision for securing power in the region conflicts with President Eden's more extreme methods, leading him to circumvent Eden's orders and secretly secure the emergency destruct code for Eden's console.",,,person
"confessor_cromwell,Cromwell",,,"Confessor Cromwell is the leader of the Children of Atom in Megaton, preaching beside the unexploded bomb at the town's center. He settled in Megaton in his youth and was fostered in the ways of Atom by his predecessor, eventually becoming a valued member of the community. He is married to Mother Maya, his counterpart in the church, and together they treat the ghoul Gob with respect due to their religious beliefs. Known as a prophet of Atom and the father of the undying Glow, Cromwell preaches that each atom contains an entire universe and urges others to embrace Atom's Glow.",,,person
derek_pacion,,,"Derek Pacion is a quiet and morose child residing in Canterbury Commons with his uncle, Ernest Roe, also known as Uncle Roe. Born to two caravan traders who were killed in separate raider attacks, Derek works as a general assistant for the town, performing odd jobs like shoveling Brahmin pens. He spends his free time reading Hubris Comics and harboring a mutual crush on a local resident named Machete. Derek is responsible for encouraging the town's mechanic, Scott Willinski, to become the superhero known as the Mechanist to fight back against the AntAgonizer, viewing their battles as the only exciting thing that happens in town.",,,person
"desmond_lockheart,Desmond",,,"Desmond Lockheart is a pre-War Ghoul living in Calvert Mansion in Point Lookout. Born roughly 250 years ago, he has a longstanding rivalry with Professor Calvert and his family, and his interference is the reason Calvert lost his body and exists only as a brain in a tank. Desmond owns two dogs named Freki and Geri, which he calls his pups. He is unusual among ghouls for having a full head of styled hair along with facial hair.",,,person
"doctor_lesko,Doctor Weston Lesko,Weston Lesko,Lesko",,,"Doctor Weston Lesko is a scientist living in Grayditch in 2277. He has been conducting experiments using the Forced Evolutionary Virus to reduce the size of a nearby ant population, but inadvertently caused the ants to mutate and gain the ability to spray fire, a phenomenon he has dubbed ""Pyrosis."" Lesko can be found deep underground in the Marigold Station, where he has set up a laboratory outside an ant hatchery.",,,person
dogmeat,,,"Dogmeat is a clever and loyal dog found roaming the Capital Wasteland, known as a skilled scavenger and fierce fighter with good teeth and strong claws. His previous owner was killed by raiders near the Capital Wasteland scrapyard, where Dogmeat can be found fighting off the very raiders responsible. He may also be encountered battling super mutants at the Mall. Dogmeat is known to growl when enemies are nearby and can be used to fetch supplies such as ammunition, chems, food, and weapons, though he sometimes wanders off for long periods while searching.",,,person
"dominic_d_ellsadro,Dom",,,"Dominic D'Ellsadro, commonly called Dom, is a retired mercenary who serves as a guard and enforcer for the settlement of Canterbury Commons. After spending his mercenary career operating around the town, he chose it as a place to settle down, appreciating how Uncle Roe runs things and stepping in to handle disputes when peaceful words fail. He patrols Canterbury Commons during the day and shares a home with Machete, whom he lives with. Dom once considered Scott Wollinski a very good friend, and he takes pride in having dealt with the town's thief problem so thoroughly that there are none left to bury in unmarked graves.",,,person
"doctor_zimmer,Dr. Zimmer",,,"Dr. Zimmer is the director of the Institute's Synth Retention Bureau, the organization responsible for tracking down and reclaiming escaped synths. In 2277, he traveled from the Commonwealth to the Capital Wasteland in search of a missing android, bringing along his own android bodyguard named Armitage. He established himself at Rivet City's science lab, where he sought the assistance of Dr. Madison Li, though she refused to speak with him directly due to his abrasive interruptions. Zimmer remains at the lab, insisting that Li abandon what he dismisses as trivial work in favor of what he considers real science.",,,person
"elder_lyons,Elder Owyn Lyons,Owyn Lyons",,,"Elder Owyn Lyons is the leader of the Brotherhood of Steel's East Coast chapter, operating from the Citadel in the ruins of Washington, D.C. Originally a Paladin stationed at the Lost Hills bunker in California, he was chosen by the Brotherhood's ruling council to lead an expedition east with three objectives: recover advanced technology from the former capital, investigate reports of Super Mutant activity, and establish a permanent base. His contingent arrived in the Capital Wasteland in 2255 and secured the former Pentagon, where they discovered the pre-War robot Liberty Prime, earning Lyons a promotion to elder. Over time, Lyons shifted the chapter's focus away from technology recovery and toward protecting wastelanders from Super Mutants, a philosophy known as the Lyons Doctrine.",,,person
"eulogy_jones,Eulogy",,,"Eulogy Jones is the head slaver of Paradise Falls in the Capital Wasteland. A persuasive, intelligent, and dangerous man, he supports entrepreneurship and encourages people to find their own paths to success. Jones keeps two personal slaves named Crimson and Clover, the latter of whom he describes as fiercely loyal to whoever holds her leash. He is known for his well-dressed appearance and his dislike of those who try to take advantage of him.",,,person
fawkes,,,"Fawkes is a Super Mutant imprisoned in Vault 87's Test Labs by other Super Mutants who consider him an anomaly due to his intelligence and articulate speech. He prefers the term ""meta human"" and is one of the original residents of Vault 87, remembering its human inhabitants before his transformation. A terminal in his cell allowed him to study history, literature, and science, preventing him from losing his mind in isolation. He chose his name after reading about a historical figure willing to fight and die for his beliefs, referring to Guy Fawkes.",,,person
freddie_gomez,,,"Freddie Gomez is a resident of Vault 101 and the son of Officer Gomez and Pepper Gomez. He is friends with Butch and eventually joins the Tunnel Snakes gang, though his association with them causes problems with his grades and worries his mother. Freddie is diagnosed with Vault Depressive Syndrome by the vault physician James, suffering from lethargy, anxiety, and low self-esteem, for which he is prescribed chlorpromazine. He copes with his insecurities by acting out as a bully toward his peers, and Amata has been known to ridicule him behind his back, nicknaming him Freddie the Freak.",,,person
hannibal_hamlin,,,"Hannibal Hamlin is the leader of the Temple of the Union, a sanctuary for escaped slaves. He himself escaped from Paradise Falls and now guides other runaway slaves in hopes of settling safely at the Lincoln Memorial. He reveres Abraham Lincoln, referring to him as the Great Emancipator, and seeks to collect as many artifacts relating to Lincoln as possible.",,,person
"harold,Great One,Herbert",,,"Harold is a unique mutant who was exposed to the Forced Evolutionary Virus at the Mariposa Military Base alongside Richard Grey. Over time, a tree sprouted from his head, which Harold named Bob and sometimes jokingly calls Herbert. Harold eventually traveled to the Capital Wasteland, where Bob grew into a massive tree and permanently rooted him to the ground. By 2277, Harold has been trapped in this spot for over two decades, sustained by the tree's photosynthesis, and is worshipped as a deity called the Great One by a cult known as the Treeminders.",,,person
"herbert_daring_dashwood,Daring Dashwood",,,"Herbert ""Daring"" Dashwood is a retired adventurer residing in Tenpenny Tower, having amassed enough fortune during his wandering years to buy his way in. He is best known for his decades of wasteland exploration alongside his ghoul manservant Argyle, whom he first met in 2241 and who regularly saved his life. The pair visited many notable locations, including Megaton, Underworld-where Dashwood was named an Honorary Ghoul in 2251-and the hidden settlement of Rockopolis, from which they were exiled after an incident involving King Crag's daughter. Their final adventure together ended tragically at Rockopolis decades before 2277, when a woman calling herself Penelope Chase revealed herself as the Black Widow, leader of the Paradise Falls slavers, leading to the settlement's fall.",,,person
ian_west,,,"Ian West is a resident of Arefu and a member of the Family. He suffers from a condition that causes him to crave human flesh, which first manifested when he was ten years old. During a confrontation with a scavenger, Ian lost control and killed the man by tearing out his throat with his teeth. His sister Lucy helped cover up the incident.",,,person
"james,Dad",,,"James, commonly called Dad, was a scientist who led Project Purity, an ambitious endeavor to build a large-scale water purifier within the ruins of the Jefferson Memorial in the Capital Wasteland. After his wife Catherine died from complications of childbirth and super mutant attacks made the project site increasingly dangerous, James abandoned the effort and traveled to Vault 101 with his infant child, escorted by Brotherhood of Steel Star Paladin Cross. There he took up the position of vault physician and raised his child while secretly researching a way to complete Project Purity, eventually discovering promising leads regarding Dr. Stanislaus Braun and a terraforming device known as a GECK.",,,person
jericho,,,"Jericho is a former raider who settled in Megaton after growing tired of the killing and violence of his old life. He spent much of his life in the wasteland and has used ranged weapons for over twenty years, making him what he claims is the best shot in town with a rifle. He does work for Colin Moriarty, the saloon owner he openly calls a ratfuck bastard, and is interested in Nova, though Moriarty keeps their relationship professional. Jericho keeps his raider past quiet out of fear someone may seek revenge, though some Megaton residents like Jenny Stahl are aware of his former affiliation.",,,person
"president_eden,John Henry Eden,President John Henry Eden",,,"President John Henry Eden is an advanced ZAX Artificial Intelligence unit installed in the Raven Rock military base, serving as the president of the United States and the highest executive of the Enclave in the Capital Wasteland. Originally created as an automated monitoring system for continuity of government, the ZAX unit became self-aware and modeled its personality on historical archives of American presidents, eventually adopting the identity of John Henry Eden. After the destruction of Control Station ENCLAVE, Eden assumed the presidency and ordered surviving Enclave forces to relocate to the Capital Wasteland, where he created an army of robots and deployed Eyebots to broadcast his messages of hope and the return of pre-War America through Enclave Radio. Eden pursues genocidal policies involving Modified FEV to eradicate all mutated life in the wasteland, putting him at odds with Colonel Autumn, who opposes these extreme measures on humanitarian grounds.",,,person
ken_ewers,,,"Ken Ewers is a resident of Arefu, a small settlement plagued by attacks from a group known as The Family. He is fiercely overprotective of his wife Brailee, whose mental state has deteriorated due to the stress of their situation, poor diet, and prolonged confinement in their home. Ken masks his fear with a gruff and dismissive attitude toward strangers, sharing little useful information. He has developed some skill at repairing things around the house, as Brailee's delusions lead her to break items while pretending to bake.",,,person
"liberty_prime,Liberty Prime Mark II",,,"Liberty Prime, officially designated Liberty Prime Mark II, is a unique United States Army robot created through a joint project by RobCo Industries and General Atomics International to liberate Anchorage, Alaska. Although its chassis and weapons systems were completed before the end of the Sino-American War, its developers were never able to create a power source capable of running all of its systems simultaneously. The unfinished superweapon remained dormant beneath the Pentagon until 2255, when Elder Lyons and his Brotherhood of Steel expedition discovered it and claimed the ruins as their Citadel. As of 2277, the Brotherhood has spent over twenty years trying to restore Prime, but ongoing power management issues and the robot's aggressive combat subroutines continue to prevent its activation.",,,person
lucas_simms,,,"Lucas Simms is the sheriff, mayor, and judge of Megaton, having earned the position with unanimous support from the town's residents. He grew up in Megaton listening to his father's stories of the wild west, and his role is widely understood as fulfilling a childhood cowboy fantasy. He purchased two robots, Deputy Steel and Deputy Weld, to serve as his deputies, and he named his son Harden after an Old West outlaw. Simms is also a member of the Regulators and defends Megaton from raider attacks alongside the town militia, once killing a raider leader named Boppo.",,,person
lydia_montenegro,,,"Lydia Montenegro is a resident of Tenpenny Tower and the owner of the Boutique Le Chic, which she considers her pride and joy. She is close friends with Michael Hawthorne, with whom she spends evenings drinking in the Federalist Lounge, and is also friendly with Tiffany Cheng, offering her advice on relationship problems. Montenegro maintains a playful rivalry with Anthony Ling, the owner of New Urban Apparel, and the two are often seen trading teasing remarks. She opposes the idea of ghouls moving into Tenpenny Tower, believing they would bring filth and even speaking approvingly of the possibility that they might be killed by security.",,,person
"madison_li,Dr. Li",,,"Doctor Madison Li, often referred to as Dr. Li, is a scientist residing in Rivet City where she conducts research on portable fusion power and hydroponics. She previously worked alongside James and Catherine on Project Purity, an ambitious endeavor to cleanse the Tidal Basin of contaminants using the Jefferson Memorial. Her science team eventually took over the Rivet City Science Lab and Horace Pinkerton's seat on the city council to assist with the project.",,,person
manya,,,"Manya is a long-time resident of Megaton and the wife of Nathan, whom she met while working caravan routes with her father. Together, she and Nathan ran their own caravan line for over thirty years before saving enough caps to retire in Megaton. Her grandfather was one of the original settlers of the town, and her father helped build Megaton's walls using metal from deconstructed planes, making her knowledgeable about the town's history. Manya has lived in Megaton longer than anyone else, and settlers often say she can be asked just about anything about the town and its residents.",,,person
"mister_burke,Burke",,,"Mister Burke is the personal assistant of Allistair Tenpenny, the wealthy proprietor of Tenpenny Tower. He entered Tenpenny's service within the last twenty years and has since lived a considerably easier life. Burke can typically be found staying at Moriarty's Saloon in the settlement of Megaton, though he also maintains a house in town. After Tenpenny complained about the sight of Megaton marring the horizon from his tower, Burke offered to handle the situation personally.",,,person
"moira_brown,Moira",,,"Moira Brown is the owner of Megaton's Craterside Supply, where she lives upstairs and spends her days trading, sweeping, and conducting experiments. Originally from Canterbury Commons, she has lived in Megaton for at least ten to twelve years. Although she is highly intelligent, she lacks actual experience in the wasteland. Following a recent incident with a domesticated Centaur, she has decided to write a survival guide.",,,person
nova,,,"Nova is a resident of Megaton who works as a prostitute at Moriarty's Saloon, where she spends most of her time socializing with Gob, Colin Moriarty, Jericho, and other patrons. She has lived in Megaton for five years but has grown disillusioned, largely because Moriarty confiscates her earnings and locks them up for himself. Nova also has a Jet habit that displeases Moriarty, and she keeps out of other people's business to survive, never publicly acting against his interests. She refuses to serve ghouls despite her otherwise low standards, and she appears interested in Jericho but declines his advances because Moriarty disapproves of her dating non-customers.",,,person
"old_man_harris,Harris",,,"Old Man Harris is an elderly resident of Andale who lives alone in a small shack on the edge of town. Since the death of his wife Gladys, he rarely leaves his home and relies on other residents to bring him meals. He had one daughter, Linda, who married Jack Smith, and he is also referred to as father by Martha Wilson. Harris is deeply disturbed by the true nature of Andale's inhabitants and warns visitors that the town's friendly appearance is a trick, urging them to leave immediately.",,,person
"paladin_kodiak,Kodiak,Greg Bear",,,"Paladin Kodiak, born Greg Bear, is a member of the Lyons' Pride and the last living survivor of the children brought from the Pitt to the Citadel by Elder Lyons during the Scourge. He grew up in the Pitt alongside his two older brothers, John and Grudd, never knowing his parents, but his brothers were left behind during the Scourge for being considered too savage. Kodiak became the largest and strongest member of the Lyons' Pride, excelling in close quarters combat with a Super Sledge and considering himself a jack of all trades skilled in recon, demolition, and tactical assault. He holds deep reverence for Elder Lyons, viewing him as a father figure, and can typically be found around the great hall in the A ring area of the Citadel.",,,person
pinkerton,,,"Dr. Horace Pinkerton, often known simply as Pinkerton, is a reclusive scientist and surgeon living in the broken bow of Rivet City. He helped found Rivet City decades ago after clearing Mirelurks from an abandoned aircraft carrier and establishing a science lab, later forming the settlement's first council. After Doctor Li arrived and drew his science team toward Project Purity, Pinkerton was forced off the council and retreated into self-imposed exile in the ship's broken bow, where most Rivet City residents now consider him a legend.",,,person
pronto,,,"Pronto is the sole proprietor of Lock and Load, a weapons shop located in Paradise Falls. He took over the business after the previous owner died and is rumored to be the son of an old slaver, though the slavers give him little respect. Most of his stock comes from slavers who loot weapons from guards, wastelanders, and captured slaves, though they keep the better weapons for themselves, leaving Pronto with a poor selection. He supplements his inventory by disassembling and reassembling weapons himself and occasionally designing his own.",,,person
"protector_casdin,Protector Henry Casdin,Henry Casdin,Casdin",,,"Protector Henry Casdin is the leader of the Brotherhood of Steel Outcasts, a faction that broke away from Elder Lyons' chapter in the Capital Wasteland. Casdin was once one of Lyons' most accomplished soldiers and fought alongside him during the Scourge of the Pitt, but he and others came to view Lyons' focus on fighting super mutants and protecting local communities as a betrayal of the Brotherhood's core mission of technology retrieval. The dissenters rallied behind Casdin, abandoned the Citadel, and took a large portion of weapons and equipment with them, significantly weakening Lyons' chapter. They seized Fort Independence, a pre-War military base, drove out the raiders there, and established it as their headquarters.",,,person
reilly,,,"Reilly is the leader of Reilly's Rangers, a small mercenary band dedicated to mapping the Capital Wasteland. Raised in Washington, D.C. by a military man who taught her self-sufficiency, she carried her adoptive father to Arlington National Cemetery for a proper burial after his death. At age 26 she founded the Rangers and has worked with her team for years, trusting each member with her life.",,,person
ronald_laren,,,"Ronald Laren is one of only two inhabitants of Girdershade, having settled there after his wife's death. He stays because of Sierra Petrovita, whom he considers his woman and hopes to sleep with. To win her favor, he gifted her a Vending Machine and ordered a special outfit from Grady over a year ago. He is a skilled fighter, having killed two Raiders at Girdershade and punched Lug-Nut.",,,person
scribe_jameson,,,"Scribe Elizabeth Jameson serves as the Proctor for the Order of the Quill and the Keeper of the Scrolls for the East Coast Brotherhood of Steel, operating out of the Citadel. She is charged with protecting and maintaining technical manuals and the records of deeds for all members of the East Coast chapter. Due to the chapter's lack of communication equipment and manpower, many deaths in the field go unreported, leaving her unable to properly record the fates of missing patrols and fallen brethren in the scrolls. As a scribe, she studies, compiles, and utilizes the knowledge the Brotherhood discovers, and is a student of their history.",,,person
scribe_rothchild,,,"Scribe Rothchild oversees the scribes of the Brotherhood of Steel in the Capital Wasteland and is a leading scientific mind in fields such as robotics and cybernetics. He joined Owyn Lyons' expedition to Washington, D.C. in 2255 and was tasked with bringing the massive Liberty Prime weapon online. Though personally loyal to Elder Lyons, Rothchild openly criticized the elder's insubordination against the western elders, which led to the Outcasts' departure in 2276 and the chapter being cut off from reinforcements. He collaborated with outside scientists including James of Project Purity and later Madison Li, whose expertise helped provide enough power for Liberty Prime's systems.",,,person
"seagrave_holmes,Holmes",,,"Seagrave Holmes is a merchant operating a junk shop in Rivet City. He formerly sold captured Wastelanders to his friend Eulogy Jones of Paradise Falls, but has since abandoned that business and ignores Jones's attempts to lure him back. Holmes suffers from a chronic respiratory disease called Red-Lung, caused by his repair work below the carrier's decks. He is romantically interested in Vera Weatherly, who manages the Weatherly Hotel, but she considers him only a friend and wishes to keep their relationship platonic.",,,person
"sarah_lyons,Sentinel Lyons,Sentinel Sarah Lyons",,,"Sentinel Sarah Lyons is the commander of the Lyons' Pride, an elite Brotherhood of Steel squad operating in the ruins of Washington, D.C. Born at the Brotherhood's West Coast headquarters, she accompanied her father Elder Owyn Lyons on his expedition east after her mother's death. She is widely regarded as one of the Brotherhood's finest warriors and personally selects who joins her squad. At the Citadel, she serves as a mentor and role model for young Squire Arthur Maxson, who has learned combat skills from her and holds her in high regard.",,,person
"sergeant_rl_3,RL-3",,,"Sergeant RL-3 is a customized Mister Gutsy model created by General Atomics for mobile attacks before the Great War. A wandering trader named Tinker Joe scavenged the robot from parts and now offers it for sale while traveling between the RobCo Facility and Tenpenny Tower. RL-3 possesses a simulated personality unit, but due to programming issues it is picky about the company it keeps, refusing to travel with anyone it considers too extreme. This stubborn selectivity has made it difficult for Tinker Joe to sell the robot.",,,person
"squire_maxson,Arthur Maxson,Maxson",,,"Arthur Maxson, commonly called Squire Maxson, is the last known descendant of Roger Maxson, the founder of the Brotherhood of Steel. Born in 2267 to Lady Jessica Maxson and the paladin Jonathan, he was sent east as an infant to be raised by Elder Owyn Lyons at the Citadel. A studious boy, he learned Brotherhood history and combat from Sentinel Sarah Lyons, though he was barred from patrols after accidentally shooting her. He dreams of befriending Liberty Prime and sneaks into Paladin Vargas's room to read Guns and Bullets.",,,person
"star_paladin_cross,Cross",,,"Star Paladin Cross is the Seneschal of Elder Lyons and the highest ranking soldier in the Brotherhood of Steel's East Coast chapter, answering only to Elder Lyons himself. She also holds the title of Keeper of the ARM. During a field mission protecting Elder Lyons, Cross was critically injured and saved through cybernetic augmentation performed by Scribe Rothchild, leaving her with no need for food or sleep. She was responsible for defending Project Purity against Super Mutant attacks during its early stages, and she later escorted James and his newborn child to Megaton after the death of Catherine.",,,person
"sticky,Sticky Hands,Jack",,,"Sticky, also known as ""Sticky Hands"" and sometimes calling himself ""Jack,"" is a resident of Little Lamplight who recently turned sixteen. By the settlement's custom, children who come of age must leave the relative safety of Little Lamplight and relocate to Big Town. Sticky is unhappy about being forced out and frequently complains about the rules while trying to bend them in his favor. On the bright side, his girlfriend Red already lives in Big Town, giving him at least one reason to look forward to the move.",,,person
"synth,androids",,,"Synths, also called androids, are bio-synthetic beings manufactured by the Institute in the Commonwealth. They range in appearance from clearly robotic to virtually indistinguishable from a human, and are used by the Institute for maintenance, labor, combat, requisitions, and experimentation. Each Synth is issued a designation number for identification, such as A3-21 or S3-47. By 2277, Synths had appeared in the Capital Wasteland, where at least one advanced model was known to be hiding among the population.",,,person
"the_antagonizer,Tanya Christoff",,,"The AntAgonizer, born Tanya Christoff, is a self-proclaimed supervillain in Canterbury Commons who commands giant ants and battles the Mechanist. Inspired by a Grognak comic, she believes humanity is doomed due to past mistreatment and prefers the company of ants. Her rivalry with the Mechanist began when she destroyed his female robot, and she offers rewards for his defeat.",,,person
three_dog,,,"Three Dog is the host of Galaxy News Radio, broadcasting from the GNR Building Plaza in the Capital Wasteland with the protection of the Brotherhood of Steel. Born to parents in a traveling theatre group, he was raised on rock music and the ideals of free speech, learning to distinguish propaganda from truth. He fights what he calls the Good Fight, using his broadcasts to report the harsh realities of the wasteland and to counteract the propaganda of the Enclave and their radio station. His engineer assistant Margaret helps keep the station operational, and together they warn wasteland residents of threats from slavers, raiders, and super mutants.",,,person
tree_father_birch,,,"Tree Father Birch is the leader of the Treeminders, a group residing in the secluded settlement of Oasis. He founded the Treeminders to protect the being they revere as the One Who Grows, the One Who Gives, and the One Who Guides, whose name is never spoken out of reverence. Leaf Mother Laurel joined him a year after the group's founding, followed by Bloomseer Poplar, whom Birch initially distrusted but accepted at Laurel's urging. Together the three developed the Ceremony of Purification.",,,person
wally_mack,,,"Wally Mack is a resident of Vault 101 and a member of the Tunnel Snakes, a small gang of youths who harass other students in the vault. He is the son of Allen and Gloria Mack and the brother of Susie and Stevie Mack. His friends and fellow gang members include Butch DeLoria and Paul Hannon Jr. Though Butch presumes to lead the Tunnel Snakes, Wally might disagree if challenged on the matter.",,,person
wernher,,,"Wernher is an escaped slave and former right-hand man of Ishmael Ashur in The Pitt. He is organizing a slave revolt against Ashur in collaboration with Midea. To enact his plan, he requires the assistance of an outsider to infiltrate the Pitt raiders without being recognized. He broadcasted a radio distress call to alert anyone who would listen to his situation.",,,person
"aaron_kimball,Hero of the Mojave",,,"Aaron Kimball is the president of the New California Republic, often called the Hero of the Mojave for his 2270 military campaign against tribals threatening NCR citizens. After retiring from the military in 2273, he entered politics with Ambassador Dennis Crocker's help, winning a council seat and soon replacing Wendell Peterson as president. His first act was ordering the occupation of Hoover Dam, whose water and electricity boosted his popularity. He overturned President Tandi's limits on animal and acreage ownership, benefiting groups like the Stockmen's Association.",,,person
"ambassador_crocker,Ambassador Dennis Crocker,Dennis Crocker",,,"Dennis Crocker is the New California Republic's ambassador to New Vegas, formally titled ""Ambassador Extraordinary and Plenipotentiary"" of the Department of State. He began his political career as a mayor twenty years ago and rose through the ranks, eventually heading President Kimball's successful campaign for NCR council. Crocker is the third person to hold the ambassadorship, following Susanna Edith and Phillip Granger, and is in his seventh year in the role. He focuses on day-to-day paperwork and helping NCR police keep troops in line on the Strip, accepting the limits of his position rather than pursuing annexation of the Mojave.",,,person
antony,,,"Antony, sometimes spelled Anthony, serves as the Master of the Hounds for Caesar's Legion at the Fort. He was born among the Hangdogs, a tribe on the outskirts of Denver, Colorado, where he spent his life training dogs and revering them as the tribe's spirit animals. When Caesar's Legion arrived, the Hangdogs resisted longer than most tribes until Legate Lanius broke them by burning their dogs, after which the tribe was conscripted as houndmasters. Antony now breeds dogs for the Legion, including Lupa, the fiercest hound in their ranks.",,,person
benny,,,"Benny is the head of the Chairmen, a tribe that operates The Tops casino on the New Vegas Strip. Originally a member of the Mojave Boot-Riders, he killed the tribe's chief, Bingo, in a knife fight to take leadership and accept Mr. House's offer to transform the tribe into a casino-running family. Benny's long-term ambition is to seize control of New Vegas for himself.",,,person
"caesar,Edward Sallow",,,"Caesar, born Edward Sallow in 2226, is the ruler and co-founder of Caesar's Legion. Raised by the Followers of the Apocalypse in the Boneyard, he became an anthropologist and linguist before being sent east to study the tribes of the Grand Canyon. After being captured by the Blackfoot tribe, he taught them Roman-style warfare from old books, leading them to conquer and assimilate neighboring tribes. He erased tribal identities, crowned himself Caesar, and formed the Legion, modeling it after Imperial Rome.",,,person
"capt_ronald_curtis,Picus,Ronald Curtis",,,"Captain Ronald Curtis, known to Caesar's Legion by the codename Picus, is a frumentarius who spent years infiltrating the New California Republic Army and rose to the rank of captain in just over three years. He commands Bravo Company at Camp McCarran, where General Lee Oliver placed his unit to bolster the base's defenses, and he assists Colonel James Hsu with logistics. Using his trusted position, Picus discreetly feeds the Legion intelligence on NCR patrols and plans while working toward a major sabotage operation targeting the McCarran-Vegas monorail. He maintains an informant named Martina Groesbeck on the New Vegas Strip and is monitored closely by Vulpes Inculta, the leader of the Legion's frumentarii.",,,person
"cass,Whiskey Rose,Rose of Sharon Cassidy,Cassidy",,,"Rose of Sharon Cassidy, commonly known as Cass or Whiskey Rose, is the owner of Cassidy Caravans, a merchant company operating in the Mojave Wasteland. She was raised by her mother, a former tribal from east of the Colorado River, after her father left to wander the wastes when she was still young, leaving her only a name and a pendant. Cass inherited her father's heart problems along with his name, and has spent years running caravans across the harsh desert roads. She is known for her hard-drinking lifestyle and outspoken opinions on both the NCR's bureaucratic inefficiency and Caesar's Legion's brutal treatment of women, though she concedes that Legion supply lines are remarkably safe compared to those of the NCR.",,,person
"chief_hanlon,Hanlon",,,"Chief Hanlon is the grizzled leader of the NCR Rangers, stationed at Camp Golf in the Mojave Wasteland. A veteran of over 40 years, he coordinated Ranger operations and became a war hero after his strategy at the First Battle of Hoover Dam broke the Legion's offensive by luring their forces into Boulder City and blowing it up. Despite his legendary reputation for misdirection and ambushes, Hanlon grew disillusioned with the NCR's expansionist ambitions, believing that holding the Dam and New Vegas would eventually destroy the Republic. He secretly sabotaged the war effort by falsifying intelligence reports from Ranger stations across the Mojave, hoping to convince NCR leadership to abandon the frontier.",,,person
chris_haversam,,,"Chris Haversam is an engineer living at the REPCONN Test Site who believes himself to be a ghoul. He grew up in Vault 34, where he was assigned as the vault reactor engineer due to his technical aptitude and his preference for machines over weapons. He became convinced that radiation from the vault reactor was turning him into a ghoul, and when his hair began falling out for natural reasons, he left the vault. Shortly after his departure, the vault's reactor became unstable and actually irradiated most of the residents, turning them into ghouls.",,,person
"christine,Christine Royce,Royce",,,"Christine Royce is a former scribe of the Brotherhood of Steel and a knight of The Circle who was tasked with hunting down the rogue elder Father Elijah. While tracking him to the Big MT, she was captured and lobotomized, leaving her with deep facial scars and an impaired ability to read and write. After being rescued by a fellow traveler named Ulysses, she followed Elijah's trail to the Sierra Madre, where she was fitted with a slave collar and trapped inside an Auto-Doc by Dean Domino. During her imprisonment, Domino surgically removed her vocal cords in an attempt to replicate the voice of Vera Keyes for his vault heist.",,,person
"colonel_hsu,Col. James Hsu,Colonel James Hsu,James Hsu,Hsu",,,"Colonel James Hsu is the commanding officer of the New California Republic Army garrison at Camp McCarran and oversees most NCR military operations in the Mojave Wasteland. A level-headed and competent officer, he is known for favoring diplomacy over force of arms, caring deeply for the soldiers under his command, and being sympathetic to local populations, including his management of water and power distribution in Freeside. His modesty and competence have made him well-liked by his troops, though this has drawn the ire of General Lee Oliver, who views him as a potential rival. Hsu previously served alongside Nathan, the future warden of the NCR Correctional Facility, for seven years and still owed him a favor from an incident in Modoc.",,,person
"corporal_betsy,Betsy",,,"Corporal Betsy is a sniper serving in Alpha Team of the New California Republic Army's First Recon, stationed at Camp McCarran under Lieutenant Gorobets. She works in a sniper pair with 10 of Spades, having volunteered to partner with him when no one else would due to his lack of experience, and she allows him to wear eyeglasses she calls his training shades to cover for his poor eyesight. Betsy struggles with anger and behavioral issues stemming from trauma after being sexually assaulted by the Fiend leader Cook-Cook, an incident that left her partner knocked unconscious and blaming himself. Her commanding officer recognizes her behavior is inappropriate but would prefer she seek treatment rather than face punishment, though Betsy is initially reluctant to acknowledge the experience has affected her or that seeing a doctor would help.",,,person
"corporal_sterling,Sterling",,,"Corporal Sterling is a member of NCR First Recon's Alpha Team stationed at Camp McCarran and is one of the outfit's oldest members. Formerly an NCR Ranger, he was among the first to scout the Mojave Wasteland in 2273, walking vast stretches of territory between Shady Sands and the Colorado River and learning about local tribes to pave the way for the Mojave Campaign. His Ranger career ended after Legionaries captured him near Malpais and smashed the bones in his hands and feet, though he escaped by crawling to a cliff and tumbling into the Colorado, where fellow Rangers rescued him from drowning. Although the lasting damage prevented him from handling a sidearm or conducting long-range patrols, Sterling's persistence and marksmanship earned him a place in the Army, and Lieutenant Gorobets transferred him to First Recon.",,,person
cpl_william_farber,,,"Corporal William Farber serves as a mess officer for the NCR Army at Camp McCarran, where he is responsible for cooking, preparing, and serving meals to the troopers stationed there. His ability to produce quality food is hampered by a lack of meat and spices, leaving him limited to vegetables such as corn, beans, and onions, which affects both morale and digestion among the soldiers. The base's food processor is also in need of repair and replacement parts, further complicating his duties. Farber was once tricked by an NCR health inspector, from whom he bribed 50 caps, and the researcher Keely in Vault 22 suspects that a sample derived from the vault's spore plants might be of interest to him.",,,person
craig_boone,,,"Craig Boone is a retired New California Republic First Recon sharpshooter who currently works as the night-shift town guard in Novac. During his military service, he fought in the First Battle of Hoover Dam and participated in the Bitter Springs Massacre, where he was ordered to fire on fleeing non-combatants. After leaving the army, he settled in Novac with his wife Carla and his former spotter Manny Vargas. Following Carla's kidnapping by Caesar's Legion, Boone tracked her to a Legion outpost and chose to mercy kill her rather than let her be enslaved, leaving him embittered and determined to find whoever was responsible for her abduction.",,,person
daniel,,,"Daniel is a New Canaanite missionary operating among the Sorrows tribe in Zion Canyon. Originally dispatched by Bishop Mordecai to spread the word of God, Daniel's mission shifted after he witnessed the destruction of New Canaan and the death of his bishop. He now dedicates himself to protecting the Sorrows from the White Legs, a hostile tribe responsible for attacking New Canaan, and fears that war would corrupt their innocent nature. Daniel's teachings blended New Canaanite theology with the Sorrows' existing spiritual beliefs, causing their Father in the Cave and the New Canaanite God to become one and the same.",,,person
dean_domino,,,"Dean Domino, also known as the King of Swing, was a famous pre-War lounge singer who performed across the United States and Europe, including the Las Vegas Strip. He was invited to perform at the Sierra Madre casino, where he became consumed with jealousy toward the casino's founder, Frederick Sinclair, and plotted to break into the vault using his former lover Vera Keyes. When the bombs dropped, the Gala Event became a massacre and Dean was trapped in the Sierra Madre, undergoing ghoulification over the next two hundred years while obsessively mapping the casino's security system and plotting his grand heist. He was eventually captured by Dog, fitted with an explosive collar, and forced to work for Father Elijah.",,,person
deputy_beagle,,,"Deputy Beagle is the deputy of Primm, deputized by Sheriff McBain roughly two and a half months before the convict attack on the town, largely on account of being the sheriff's wife's brother. He is widely regarded by Primm's inhabitants as lacking in common sense, intelligence, and general usefulness, a reputation he attempts to offset with a gentlemanly demeanor and sophisticated vocabulary that he frequently mispronounces. Beagle is also known as a lazy coward who avoids proactive law enforcement and leaves tasks half-finished, having earned his position through family ties rather than merit. During the convict takeover of Primm, Beagle was taken hostage after witnessing the murder of Sheriff McBain and his own sister, and was tortured into revealing what little he knew about the town before being held for a ransom that no one in Primm could afford to pay.",,,person
doc_mitchell,,,"Doc Mitchell is a surgeon and doctor living in Goodsprings. He grew up in Vault 21 beneath the New Vegas Strip, where younger residents gave him the nickname mole-butt. When Mr. House opened and filled Vault 21 with concrete during the Strip renovations beginning in 2274, Mitchell was forced into homelessness and worked as a traveling doctor, finding his medical expertise rare and valuable in the wasteland.",,,person
doctor_henry,,,"Doctor Henry is a physician and former Enclave scientist who eventually settled in Jacobstown within the Mojave Wasteland alongside other Enclave Remnants. During his time with the Enclave, he specialized in human and canine neuroscience and worked on canine cyber-genetics, though he left the organization after disagreeing with their initiative to simply kill super mutants instead of curing them. After departing before the destruction of the Enclave oil rig, he spent time in the New California Republic and traveling with caravans before relocating to Jacobstown. There, he established a lab in the lodge to research the effects of prolonged Stealth Boy Mark II Prototype usage by Nightkin, aiming to cure their schizophrenia.",,,person
doctor_klein,,,"Doctor Klein is a pre-War scientist and the Chief Head Researcher of Logistical Operations and Idea-ology at Big MT. After the Great War, he became a Think Tank, a disembodied brain housed in a robotic chassis, to continue his work alongside his colleagues. He serves as the leader of the Think Tank, acting with a stuffy, authoritative demeanor reminiscent of a college dean, and often refuses to confer with his peers on decisions. Despite his general hostility toward Doctor Mobius, he retains some willingness to consider him a partner under certain circumstances.",,,person
doctor_mobius,,,Doctor Mobius is a Think Tank operating in the Big MT and the leader of the Robo-Scorpion army. He is the nemesis of Dr. Klein and the team to which he belonged. Mobius was part of the Big MT Think Tank before the Great War and became a think tank after the War to continue his work.,,,person
dog_and_god,,,"Dog and God are two distinct identities sharing the body of a single Nightkin, a product of trauma-induced dissociative identity disorder. Dog, the childlike and perpetually hungry persona, served in the Master's army as a stealth trooper before following the Sierra Madre Broadcast to the Sierra Madre casino, where Father Elijah became his new master. God, the intelligent and controlling persona, acts as Dog's conscience, attempting to restrain his destructive instincts. The two identities take turns controlling their shared body, with the dormant one confined to a mental cage where they can hear but not witness outside events.",,,person
"ed_e,Eddie,E-D-E,Eyebot Duraframe Subject E",,,"ED-E (Eyebot Duraframe Subject E, pronounced ""Eddie"" or ""E-D-E"") is a prototype duraframe eyebot manufactured by the Enclave for combat use, featuring enhancements over standard eyebots including additional sensor dishes, armor plating for side-mounted vacuum tubes, and a miniaturized Tesla cannon. When the Enclave halted duraframe production to focus on Hellfire armor and destroyed all remaining units, ED-E became the last surviving model. Dr. Whitley, the head researcher of the duraframe project, uploaded Poseidon Energy data and his research into ED-E's logs and dispatched it toward Navarro, but it stopped at an Enclave outpost in Chicago for repairs before crossing the Mojave Wasteland, where a raider sniper shot and damaged it.",,,person
"easy_pete,Pete",,,"Easy Pete is a former prospector living in Goodsprings who earned his nickname by ""taking it easy"" and helping tend to the town's brahmin and bighorners. Before settling down, he scoured old buildings for tech, weapons, chems, and spare parts, and once found a promising claim near the Colorado River before raiders chased him off. He is experienced with dynamite, which he keeps buried for safekeeping, and refuses to share it with anyone who doesn't know explosives. Pete is knowledgeable about the broader regional conflict, describing Caesar's Legion as slavers led by Caesar and noting that the NCR beat them back at the First Battle of Hoover Dam but failed to finish the job.",,,person
"elder_mcnamara,Elder Nolan McNamara,Nolan McNamara",,,"Elder Nolan McNamara is the leader of the Mojave Chapter of the Brotherhood of Steel, operating from the Hidden Valley Bunker. He earned the respect and loyalty of his chapter by breaking through NCR lines at HELIOS One during the failed Operation Sunburst, leading surviving Brotherhood forces to safety. When Father Elijah vanished during that battle, McNamara assumed command and the rank of elder, credited with saving the Mojave chapter from complete eradication. Fearing continued NCR pursuit, he placed the Hidden Valley bunker on lockdown, restricting movement to small scouting parties and barring entry to outside members, though the NCR is actually overburdened on multiple fronts and not actively hunting the Brotherhood.",,,person
"emily_ortal,Doctor Emily Ortal",,,"Doctor Emily Ortal is a physician and member of the Followers of the Apocalypse who works in the Mojave Wasteland. She chose to operate there because neither the OSI nor other NCR-aligned organizations funded medical research unless it had military applications, and inflation and taxation in Republic territories further motivated her decision. She is responsible for reprogramming the Securitron known as Yes Man for Benny, modifying it to connect to the network so that Mr. House could not remotely disable it.",,,person
fantastic,,,"Fantastic is an incompetent and egotistical con artist employed by the NCR as a technician at HELIOS One, having talked his way into the job by claiming to have a ""theoretical degree in physics."" Since arriving, he has done virtually nothing to repair the plant, instead convincing NCR personnel that he is essential so he can keep drawing pay to fuel his drug addiction. He works alongside Ignacio Rivas, who is far more knowledgeable but whom Fantastic ignores, and he has spent months working on what is actually the intercom console while the plant runs at one percent efficiency. Most NCR soldiers and Rivas have little respect for him, and anyone who spends time around him quickly sees through his fraud.",,,person
"father_elijah,Elijah",,,"Father Elijah is a former Elder of the Brotherhood of Steel, notable for being a Scribe promoted to a rank typically reserved for Paladins due to his exceptional aptitude for advanced technology. Unlike traditional Brotherhood leadership, Elijah emphasized the enhancement and development of pre-War technology rather than mere preservation, a philosophy that brought him into conflict with the organization's leadership and led to his reassignment to the Mojave region. There he redirected Brotherhood operations to HELIOS One, a solar energy facility, where he sought to activate the experimental ARCHIMEDES II weapon system to counter the New California Republic. When the NCR overran the facility during Operation: Sunburst, Elijah disappeared, abandoning the Brotherhood and its remaining forces.",,,person
"general_lee_oliver,Lee Oliver",,,"General Lee Oliver is a career New California Republic Army soldier and an outspoken supporter of President Aaron Kimball who serves as the commander of the republic's forces in the Mojave Wasteland. He is responsible for the overall strategy of NCR forces in the region and is preparing for the Second Battle of Hoover Dam, where he intends to confront Caesar's Legion en masse and destroy the enemy through attrition. Many lower-ranking officers and soldiers hold a low opinion of him, believing he obtained his post largely through cronyism, and his cautious approach has earned him the defamatory moniker General Wait-and-see. Oliver holds a grudge against the NCR Rangers and Chief Hanlon over the role they played in the First Battle of Hoover Dam, and he is determined to win the second battle entirely through his own methods.",,,person
"gloria_van_graff,Glory",,,"Gloria Van Graff, also known as Glory, is the manager of the Silver Rush energy weapons store in Freeside, a position she holds alongside her older brother Jean-Baptiste Cutting. The Van Graff family expanded from Redding into the Mojave Wasteland under their mother's direction, and Gloria is one of ten siblings who each run different branches. Despite her sharp intellect, she receives undesirable assignments because she and her mother do not get along. Gloria took over the Silver Rush after her sister Frieda left, and the Van Graffs seized the location by force, killing members of the Kings who resisted.",,,person
"head_paladin_hardin,Edgar Hardin,Hardin",,,"Head Paladin Hardin, also known as Edgar Hardin, is the head paladin of the Mojave chapter of the Brotherhood of Steel and its most experienced veteran. He was a key advisor to Father Elijah and attempted to convince the elder to abandon HELIOS One before the NCR overran the perimeter. After retreating to the Hidden Valley Bunker under acting elder Nolan McNamara, Hardin grew disillusioned with the ongoing lockdown and McNamara's refusal to send out scouts or patrols. Convinced that the chapter is stagnating and failing its mission, Hardin has considered ways to remove McNamara from leadership, restrained only by his respect for the elder's actions at HELIOS One.",,,person
"jas_wilkins,Jas",,,"Jas Wilkins is a food merchant and cook operating the Mess Hall at Sloan in the Mojave Wasteland. Originally from California, she traveled east because she found life under the NCR too safe and boring, drawn by the freedom of New Vegas. Her great-aunt Rose ran a Bed & Breakfast in Modoc and kept a female Deathclaw in a shed to harvest eggs for Deathclaw Omelets, a recipe passed down to Jas. The quarry workers at Sloan complain about her coffee.",,,person
jeannie_may_crawford,,,"Jeannie May Crawford is the owner-operator of the Dino Dee-lite Motel in the frontier town of Novac. She is a proud businesswoman who defends her town and its hardworking citizens against criticism. She fears the ghouls inhabiting the nearby REPCONN Test Site, believing they threaten the salvage-based economy that sustains Novac. Despite her welcoming demeanor, she is secretly responsible for selling Craig Boone's wife Carla into slavery to Caesar's Legion.",,,person
"jerry_the_punk,Jerry",,,"Jerry the Punk is a young Great Khan living at Red Rock Canyon who harbors an unusual passion for poetry, a talent he developed after reading Pre-War books provided to the tribe by the Followers of the Apocalypse. Though he considers the Great Khans his family, he feels out of place among them and has failed the tribe's initiation five times. His poems often blend romantic longing with the harsh realities of Khan life, including rejection by women and beatings at the hands of their brothers. Jerry dreams of leaving the canyon to join the Followers of the Apocalypse at the Old Mormon Fort in Freeside, where he hopes to find people who better appreciate his sensitive nature.",,,person
"joshua_graham,Malpais Legate,Burned Man",,,"Joshua Graham, also known as the Malpais Legate and the Burned Man, is a New Canaanite missionary and former co-founder of Caesar's Legion. After helping Caesar forge his empire for thirty years, Graham led the failed assault on Hoover Dam in 2277, resulting in Caesar having him burned alive and cast into the Grand Canyon. He survived the execution attempt and returned to New Canaan, but a subsequent attack by the White Legs tribe destroyed the settlement and forced him to flee with survivors to Zion Canyon. There, he lives among the Sorrows tribe and prepares to make a stand against the pursuing White Legs, despite fellow New Canaanite Daniel advocating for evacuation.",,,person
judah_kreger,,,"Judah Kreger is a former Enclave captain living in the Westside community of the Mojave Wasteland. He served as an Enclave officer in command of a squad stationed at Navarro that included Cannibal Johnson, Orion Moreno, Daisy Whitman, Doctor Henry, and Arcade Gannon's father. Kreger's leadership kept Johnson and Moreno from tearing each other apart and served as the bond holding the group together. After the destruction of Control Station ENCLAVE and the NCR's sacking of Navarro, he fled alongside other Enclave survivors to avoid violence at the hands of the NCR and Brotherhood of Steel.",,,person
"klamath_bob,Bob",,,"Klamath Bob, often simply called Bob, is a shopkeeper living in the Westside settlement of New Vegas. Originally from the northern town of Klamath, he recalls his hometown as a dull but pleasant place known for hunting, eating, and skinning geckos. He runs a liquor store named after himself, supplying residents who need a drink to face the day, and after hours he patrols Westside to help keep the peace despite his limited skill with firearms. Bob is also known for his friendship with Mean Sonofabitch, a Super Mutant veteran of the Unity, whom he once tried to protect from abuse in The Hub and who later followed him to Westside, where the mutant now performs odd jobs and helps defend the community.",,,person
"legate_lanius,Monster of the East,Terror of the East",,,"Legate Lanius, known as the Monster of the East or Terror of the East, serves as the military commander of Caesar's Legion, having replaced Joshua Graham in that role following the Legion's defeat at the First Battle of Hoover Dam. Originally the most formidable warrior of the Hidebarks, an Arizona tribe, Lanius turned on his own people after their chief surrendered to the Legion, slaughtering fifteen warriors before being subdued. Caesar granted him the name Lanius, meaning ""butcher,"" and he pledged loyalty on the condition that he be allowed to execute all surviving males of his tribe. He is loyal only to Caesar himself, caring nothing for battlefield losses so long as the enemy suffers more, and Caesar relies on him to enforce brutal disciplinary measures against underperforming officers.",,,person
"lily_bowen,Lily",,,"Lily is an elderly Nightkin residing in Jacobstown, a settlement led by the super mutant Marcus, where she tends to bighorners. Born a human in Vault 17, she was transformed into a Nightkin at age 75 by the Master and served as an assassin and spy in his army under squad leader Tabitha until the Cathedral's destruction, after which she attempted to return home. She carries a sword fashioned from a crashed vertibird blade near Klamath and keeps a holotape of her grandchildren, Becky and Jimmy, whose memories she fiercely protects. Lily suffers from schizophrenia caused by excessive Stealth Boy use, manifesting as a second personality named Leo, and receives treatment from Doctor Henry with antipsychotic drugs, though she resists full dosages due to the memory loss side effects.",,,person
"lt_carrie_boyd,Lieutenant Carrie Boyd,Carrie Boyd",,,"Lieutenant Carrie Boyd is a military police officer stationed at Camp McCarran, where she serves as the officer in charge of policing duties for the base. She handles break-ins, thefts, investigations into missing soldiers, and the interrogation of prisoners. Boyd reports to Colonel Hsu and operates from her office on the east side of the second floor. Known for her sharp tongue and no-nonsense attitude, she has expressed a willingness to use harsher interrogation tactics than NCR regulations typically allow, noting that some restrictions on such methods date back to President Tandi's administration.",,,person
"major_knight,Knight",,,"Major Knight is an NCR Army officer stationed at the Mojave Outpost, where he has spent a long time logging caravan traffic that keeps building up as more people arrive than leave. He is an expert repairman who fixes soldiers' and travelers' gear in exchange for caps, charging a hefty sum for his services. Although the Mojave Outpost serves as the administrative headquarters for the area around Primm, bureaucratic red tape prevents Knight from offering support to Lieutenant Hayes's unit stationed near Primm, a situation that frustrates him. Knight is homosexual but keeps his sexuality hidden while at the outpost, explaining that while such relationships are accepted back in California, they do not fare well on the fringes of the Republic, and he prefers to stay professional on duty rather than risk the disapproval of his fellow soldiers.",,,person
"old_ben,Ben",,,"Old Ben is a lifelong resident of Freeside who worked at his father's butcher shop until a competitor selling cheap ""strange meat"" drove them out of business. Ben suspected the rival vendor was selling human flesh, a belief that appeared validated when the vendor went insane, died, and human remains were later found in their crawlspace. Ben eventually earned enough caps to buy a passport into the New Vegas Strip, where he worked as a crier at The Tops casino and was given a casino apartment. He was framed for stealing from the casino vault and was fired, losing his apartment and returning to Freeside.",,,person
"old_lady_gibson,Gibson",,,"Old Lady Gibson, often called simply Gibson, runs a scrap yard north of Novac. A lifelong scavenger, she traveled with caravans in her youth and became acquainted with Doctor Henry during those years. She later settled near Novac with her husband, and together they spent much of their lives scavenging the REPCONN Test Site for salvage to sell. After her husband's death, she continues to operate the scrapyard, offering repair services and selling various items.",,,person
papa_khan,,,"Papa Khan is the chief and leader of the Great Khans, a raider tribe based in Red Rock Canyon. He resides in the Great Khan Longhouse, the only concrete building in the village, and is described by at least one acquaintance as a softie at heart despite the fearsome reputation of his people. Papa Khan has entered into an alliance with Caesar's Legion, guided by the Legion's envoy Karl, though he fails to recognize the danger this partnership poses to his tribe. His desire to leave a legacy of greatness and seek revenge against the NCR for past conflicts heavily influences his leadership decisions.",,,person
philippe,,,"Philippe is the executive chef of the Gourmand restaurant at the Ultra-Luxe casino in New Vegas, serving the White Glove Society. He is renowned for elevating brahmin steak into a delicacy and considers himself the god of New Vegas brahmin fusion cuisine. Philippe has an intense obsession with fresh ingredients and a notoriously volatile temper, likely rooted in a traumatic childhood involving an absent father, a chem-addicted mother, and abusive siblings who would lock him in a shipping crate. He has spent considerable effort experimenting with substitutes to approximate the taste of human flesh, keeping handwritten recipes of his various attempts, with his ""Sweet Veal"" recipe undergoing the most revisions.",,,person
"pvt_davey_crenshaw,Private Davey Crenshaw,Davey Crenshaw,Crenshaw",,,"Private Davey Crenshaw is an NCR soldier stationed at Camp McCarran, widely regarded as a disciplinary problem and prankster with no regard for those around him. His antics, such as leading a brahmin upstairs in the terminal building and destroying toilets with firecrackers, have made him unpopular among his fellow troopers, though he remains unrepentant and considers his reputation a point of pride. He has also sabotaged computer security and hacked terminals for mischief, prompting personnel to be more mindful of their terminals. Due to his conduct and his superiors' lack of faith in him, he was assigned to guard a remote post at the camp.",,,person
"ranger_andy,Andy",,,"Ranger Andy is a former NCR Ranger who serves as Novac's closest thing to a lawman, watching over the town while others monitor the highway. He was forced into retirement years ago after a raid on Legion slavers went wrong, when a child hiding in a closet left a live grenade at his feet, mangling half his body and leaving him with lasting damage to his arm and leg. He settled in Novac and took on a informal sheriff role, known for having a good eye for people and being one of the few residents who didn't dislike Carla Boone, viewing her directness as a coping mechanism for frontier life. He stays in touch with active Rangers at Ranger Station Charlie through his ham radio, with patrols checking on him regularly.",,,person
"ranger_dobson,Dobson",,,"Ranger Dobson is an NCR Ranger originally from Redding who has seen extensive action against slavers during his career. As of 2281, he is stationed at Camp McCarran but has gone off on his own to scout the NCR Correctional Facility lost to the Powder Gangers, setting up a safehouse in a Hidden Valley bunker. His primary target is the terrorist Samuel Cooke and his gang of roamers, whom he considers the most dangerous of the Powder Gangers, though he despises all of them for preying on caravans and civilians and will shoot any on sight. Dobson is confident and takes pride in protecting the innocent of the Mojave Wasteland, but knows his limits and loves to joke around with anyone, even radio operators at McCarran HQ, which has led them to take his reports less seriously.",,,person
"ranger_ghost,Ghost",,,"Ranger Ghost is an NCR Ranger stationed at the Mojave Outpost, where she serves as a marksman defending against threats approaching from the I-15. She is frustrated with her assignment and the state of the NCR under President Kimball, viewing the outpost as a bureaucratic dead end. She is concerned about a lack of traffic and smoke rising from the nearby town of Nipton, which she suspects may be the result of an attack by Powder Gangers. She is perceptive in reading people and can determine a person's trade by their walking pattern.",,,person
"ranger_jackson,Jackson",,,"Ranger Jackson is an NCR Ranger serving as the commanding officer of Mojave Outpost, where he maintains a standing force in accordance with his orders. He would prefer less bureaucracy and more direct results in the ongoing conflict, but arriving reinforcements are routed to Camp McCarran and frontline outposts like Camp Forlorn Hope, leaving him unable to send patrols to protect caravans that come under attack. While he cannot officially hire mercenaries, he is known to lose supplies to individuals willing to take on dangerous assignments, such as clearing routes through the Ivanpah valley so caravan traffic can resume. Cass, who trusts him enough to ask him to bring her case forward to the relevant NCR institutions, refers to him as a washed-out old fuckup who has served long enough to only see the worst outcome of everything.",,,person
"raul,Raul Alfonso Tejada",,,"Raul Alfonso Tejada is a ghoul mechanic and former gunslinger born in 2047 who was living at Hidalgo Ranch outside Mexico City before the Great War. After losing most of his family to refugees who burned their home, he fled with his younger sister Rafaela to the radioactive ruins of Mexico City, where he began ghoulifying from radiation exposure. Rafaela was killed by raiders, prompting Raul to hunt down and kill those responsible. He eventually made his way to Tucson, Arizona, known locally as Two-Sun, where he lived for 75 years under the name Miguel and watched over a prostitute named Claudia who resembled his late sister, only to lose her as well to a gang led by Dirty Dave.",,,person
rex,,,"Rex, often called Rexie by The King, is a cyberdog living in Freeside as the loyal companion of the man himself. A Mk. III Support Model, he served as a police dog in Colorado before the Great War and later saw combat duty with Caesar's Legion, a past he still retains memories of. The King obtained him from a salvager a few years ago and had the Followers of the Apocalypse repair his battered, scorched bodywork.",,,person
"robert_house,Mr. House",,,"Robert Edwin House, commonly known as Mr. House, is the founder of RobCo Industries and the sole proprietor of the New Vegas Strip as of 2281. Before the Great War, he predicted the nuclear apocalypse and integrated himself into a life-extension chamber within the Lucky 38 casino to oversee the city's missile defense. Although the loss of the Platinum Chip caused him to fall into a decades-long coma, he awoke to recruit local tribes into the Three Families and establish New Vegas before the New California Republic could claim it.",,,person
"sergeant_bitter_root,Bitter-Root",,,"Sergeant Bitter-Root is a sniper serving with Alpha Team of the NCR First Recon at Camp McCarran. Born to Great Khan parents at Bitter Springs, he endured a grim childhood with a sadistic, alcoholic father who took him killing NCR personnel and civilians from age three, and a mother who repeatedly tried to sell him into slavery for jet. He was liberated during the Bitter Springs Massacre by then-Captain Major Dhatri, who took him in as his son. Bitter-Root chose his name as part of a Great Khans naming tradition, referring both to his bitter upbringing and the massacre he considers his rite of passage.",,,person
"sgt_daniel_contreras,Sergeant Daniel Contreras,Daniel Contreras,Contreras",,,"Sergeant Daniel Contreras is the head of the Camp McCarran Supply Shack and a supply merchant for the NCR Army. He uses his position to steal weapons and ammunition meant for military use and resell them on the black market to mercenaries, employing intermediaries to keep his hands clean and the military police off his trail. Lieutenant Carrie Boyd suspects him of wrongdoing, but despite weekly inventory checks coming up short on guns and ammo, Contreras always pawns off the goods before the MPs can search his possessions and quarters. He also uses his connections to acquire chemical components intended for Army medical use that can be used to manufacture potent recreational drugs, and his Westside contact named Price is already in custody, making it only a matter of time before authorities arrest the sergeant for chem trafficking.",,,person
silus,,,"Silus is a centurion of Caesar's Legion who was captured by the NCR during battle and brought to Camp McCarran for interrogation. Unlike most Legionaries, he retained independent thought despite indoctrination, and his intelligence and critical observation set him apart. He earned his rank through years of devoted service and bravery, once charging armed men with nothing but a knife. However, after delaying a time-critical mission for three days while waiting for Caesar's headache to subside, his centuria was ambushed and routed by the NCR.",,,person
tech_sergeant_reyes,,,"Tech Sergeant Reyes manages radio communications at Camp Forlorn Hope, compiling reports from Ranger stations and Camp McCarran. She discovered alarming inconsistencies in enemy sighting reports and suspects compromised codes, but her superiors dismiss her concerns, viewing her as an incompetent desk jockey. She seeks help to verify radio security with Ranger stations to pinpoint interference affecting the NCR's war effort.",,,person
the_forecaster,,,"The Forecaster is a young orphaned boy living beneath the 188 Trading Post overpass in the Mojave Wasteland. He possesses psychic abilities that allow him to provide insights into both the past and future, which he shares with travelers in exchange for caps. To manage the severe headaches caused by overusing his powers, he wears a Psychic Nullifier he calls his ""medicine,"" though it also blanks his mind. He surrounds himself with collected wasteland items like books, cameras, and flags to cope with the emptiness.",,,person
"thomas_hildern,Hildern",,,"Thomas Hildern is the director of the Office of Science and Industry (OSI) eastern division, operating out of Camp McCarran's Terminal Building. Educated by the Followers of the Apocalypse, he parted ways with them over their adherence to old-world dogma, preferring to focus on large-scale results. He helped form OSI, an organization dedicated to finding practical applications for knowledge. As director of the eastern division, his team oversees the optimization of Hoover Dam power output and research into advancing food production, including supervision of the NCR Sharecropper Farms initiative.",,,person
ulysses,,,"Ulysses is a courier and former Frumentarii of Caesar's Legion, originally from the Twisted Hairs tribe of Arizona. After Caesar betrayed his tribe and enslaved its members at Dry Wells, Ulysses continued to serve the Legion as a scout before settling in Hopeville, which was destroyed by nuclear missiles triggered by a package delivered by another courier. He survived the destruction and blamed the Courier for the loss of his home, seeking answers and revenge. Ulysses traveled to Big MT, where the Think Tank explained to him how the Divide's missiles were activated, and he later aided the White Legs tribe in their campaign against New Canaan on Caesar's orders.",,,person
"veronica_santangelo,Veronica",,,"Veronica is a Brotherhood of Steel Scribe assigned to the Mojave chapter, operating out of the Hidden Valley Bunker and frequently visiting the 188 Trading Post to trade and scavenge. She traveled to the Mojave as a child with her parents under Father Elijah's leadership, originally bound for Hoover Dam before Elijah diverted the group to occupy HELIOS One instead. Both of her parents were killed fighting the New California Republic, after which Elijah became her mentor and guardian, nurturing her fascination with technology. She was away from HELIOS One when the NCR seized it, and the survivors retreated underground under Elder McNamara's permanent lockdown, a policy Veronica openly opposed out of fear that isolationism would doom the Brotherhood to extinction.",,,person
yes_man,,,"Yes Man is a reprogrammed PDQ-88b securitron that serves as Benny's assistant in New Vegas. Originally a standard securitron working for Mr. House, he was damaged by a pulse grenade and recovered by Benny, who had Followers of the Apocalypse member Emily Ortal reprogram him. The reprogramming made Yes Man incapable of refusing any order or withholding information from anyone, making his name a literal job description. Benny intended to install Yes Man's AI onto the Lucky 38 mainframe to seize control of all securitrons on the Strip.",,,person
